heure,timestamp,lat,lon,alt_m,quality,nb_sats,hdop,speed_kmh,heading_deg
14:19:11.895,18.275447,43.4045375,6.0134853,194.9,1,14,,25.128,234.2
14:19:11.994,18.364777,43.4045375,6.0134853,194.9,1,14,,25.128,234.2
14:19:12.093,18.463635,43.4045328,6.0134764,195.1,1,14,,25.2,233.9
14:19:12.193,18.563914,43.4045328,6.0134764,195.1,1,13,,25.2,233.9
14:19:12.295,18.665635,43.4045253,6.0134625,195.0,1,13,,25.345,233.1
14:19:12.394,18.764878,43.4045253,6.0134625,195.0,1,13,,25.345,233.1
14:19:12.493,18.863694,43.4045175,6.0134486,194.9,1,13,,25.559,232.5
14:19:12.592,18.96266,43.4045175,6.0134486,194.9,1,13,,25.559,232.5
14:19:12.695,19.065715,43.4045097,6.0134345,194.8,1,13,,26.172,233.0
14:19:12.794,19.164633,43.4045097,6.0134345,194.8,1,13,,26.172,233.0
14:19:12.893,19.263683,43.4045019,6.0134197,194.7,1,13,,27.073,233.6
14:19:12.993,19.363773,43.4045019,6.0134197,194.7,1,13,,27.073,233.6
14:19:13.094,19.464642,43.4044953,6.0134008,194.7,1,13,,26.497,241.2
14:19:13.193,19.563958,43.4044953,6.0134008,194.7,1,13,,26.497,241.2
14:19:13.293,19.663642,43.4044889,6.0133847,194.6,1,13,,26.893,240.9
14:19:13.393,19.76398,43.4044889,6.0133847,194.6,1,13,,26.893,240.9
14:19:13.494,19.864726,43.4044822,6.0133683,194.5,1,13,,27.432,241.1
14:19:13.593,19.963752,43.4044822,6.0133683,194.5,1,13,,27.432,241.1
14:19:13.692,20.062679,43.4044758,6.0133517,194.5,1,13,,27.9,241.8
14:19:13.792,20.163266,43.4044758,6.0133517,194.5,1,12,,27.9,241.8
14:19:13.894,20.264642,43.4044692,6.0133345,194.4,1,12,,28.512,242.5
14:19:13.993,20.363716,43.4044692,6.0133345,194.4,1,12,,28.512,242.5
14:19:14.092,20.462681,43.4044106,6.013343,190.7,1,12,,29.701,245.9
14:19:14.201,20.571665,43.4044106,6.013343,190.7,1,12,,29.701,245.9
14:19:14.294,20.664636,43.4044047,6.0133239,190.6,1,12,,30.239,248.2
14:19:14.393,20.763909,43.4044047,6.0133239,190.6,1,12,,30.239,248.2
14:19:14.492,20.862646,43.4043997,6.0133042,190.5,1,12,,30.419,250.6
14:19:14.592,20.962767,43.4043997,6.0133042,190.5,1,12,,30.419,250.6
14:19:14.693,21.063707,43.4043953,6.0132842,190.5,1,12,,30.491,254.9
14:19:14.803,21.17376,43.4043953,6.0132842,190.5,1,13,,30.491,254.9
14:19:14.892,21.262719,43.4043919,6.0132639,190.4,1,13,,30.204,258.1
14:19:15.012,21.382682,43.4043919,6.0132639,190.4,1,13,,30.204,258.1
14:19:15.111,21.481682,43.4044058,6.0131233,192.1,1,14,,28.115,263.2
14:19:15.318,21.688993,43.4044058,6.0131047,192.0,1,0,,26.748,271.8
14:19:15.427,21.797664,43.4044058,6.0131047,192.0,1,0,,26.748,271.8
14:19:15.530,21.900781,43.4044058,6.0131047,192.0,1,0,,26.748,271.8
14:19:15.629,21.999888,43.4044058,6.0131047,192.0,1,0,,26.748,271.8
14:19:15.717,22.087682,43.4044058,6.0131047,192.0,1,0,,26.748,271.8
14:19:15.826,22.196896,43.4044058,6.0131047,192.0,1,0,,26.748,271.8
14:19:15.928,22.298754,43.4044058,6.0131047,192.0,1,0,,26.748,271.8
14:19:16.008,22.378873,43.4044058,6.0131047,192.0,1,0,,26.748,271.8
14:19:16.109,22.480248,43.4044058,6.0131047,192.0,1,0,,26.748,271.8
14:19:16.209,22.579671,43.4044058,6.0131047,192.0,1,0,,26.748,271.8
14:19:16.308,22.67893,43.4044058,6.0131047,192.0,1,0,,26.748,271.8
14:19:16.408,22.778795,43.4044058,6.0131047,192.0,1,0,,26.748,271.8
14:19:16.509,22.880407,43.4044058,6.0131047,192.0,1,0,,26.748,271.8
14:19:16.609,22.97971,43.4044058,6.0131047,192.0,1,0,,26.748,271.8
14:19:16.708,23.078669,43.4044058,6.0131047,192.0,1,0,,26.748,271.8
14:19:16.808,23.178672,43.4044058,6.0131047,192.0,1,0,,26.748,271.8
14:19:16.909,23.279703,43.4044058,6.0131047,192.0,1,0,,26.748,271.8
14:19:17.008,23.378823,43.4044058,6.0131047,192.0,1,0,,26.748,271.8
14:19:17.107,23.477758,43.4044058,6.0131047,192.0,1,0,,26.748,271.8
14:19:17.216,23.586673,43.4044058,6.0131047,192.0,1,0,,26.748,271.8
14:21:15.407,141.777767,43.404335,6.0106208,235.7,1,0,,34.453,125.3
14:21:15.508,141.879594,43.404335,6.0106208,235.7,1,0,,34.453,125.3
14:21:15.609,141.979964,43.4043267,6.010642,235.7,1,0,,35.46,116.0
14:21:15.708,142.078803,43.4043267,6.010642,235.7,1,0,,35.46,116.0
14:21:15.807,142.177782,43.4043197,6.0106645,235.7,1,0,,36.144,111.4
14:21:15.908,142.278913,43.4043197,6.0106645,235.7,1,0,,36.144,111.4
14:21:16.009,142.379737,43.4043136,6.010687,235.7,1,0,,36.036,108.3
14:21:16.108,142.478704,43.4043136,6.010687,235.7,1,0,,36.036,108.3
14:21:16.207,142.577772,43.4043094,6.0107108,235.7,1,0,,35.857,101.0
14:21:16.566,142.937015,43.404308,6.0107353,235.7,1,22,1.72,36.253,91.2
14:21:16.636,143.006757,43.4043089,6.0107611,235.7,1,21,1.72,38.196,86.0
14:21:16.732,143.102792,43.4043089,6.0107611,235.7,1,20,2.28,38.196,86.0
14:21:16.832,143.202719,43.4043103,6.0107875,235.7,1,20,2.28,38.34,85.9
14:21:16.940,143.310699,43.4043103,6.0107875,235.7,1,21,,38.34,85.9
14:21:17.033,143.40373,43.404312,6.0108133,235.7,1,21,,38.916,84.8
14:21:17.143,143.513797,43.404312,6.0108133,235.7,1,21,,38.916,84.8
14:21:17.233,143.603768,43.4043142,6.0108403,235.6,1,20,,40.103,82.6
14:21:17.341,143.711771,43.4043142,6.0108403,235.6,1,19,,40.103,82.6
14:21:17.434,143.804698,43.404317,6.0108681,235.6,1,20,,40.861,82.2
14:21:17.532,143.903067,43.404317,6.0108681,235.6,1,20,,40.861,82.2
14:21:17.632,144.002915,43.4043197,6.0108961,235.6,1,20,,41.579,81.5
14:21:17.742,144.112787,43.4043197,6.0108961,235.6,1,20,2.28,41.579,81.5
14:21:17.835,144.20578,43.4043228,6.0109247,235.6,1,21,2.28,42.227,82.2
14:21:17.932,144.302919,43.4043228,6.0109247,235.6,1,21,,42.227,82.2
14:21:18.033,144.404412,43.4043258,6.0109533,235.6,1,21,,42.227,83.3
14:21:18.132,144.503136,43.4043258,6.0109533,235.6,1,21,,42.227,83.3
14:21:18.242,144.61259,43.4043286,6.0109828,235.6,1,21,,43.307,83.2
14:21:18.333,144.704055,43.4043286,6.0109828,235.6,1,23,,43.307,83.2
14:21:18.432,144.802853,43.4043314,6.0110122,235.6,1,23,,43.883,81.5
14:21:18.541,144.911958,43.4043314,6.0110122,235.6,1,22,,43.883,81.5
14:21:18.634,145.004921,43.404335,6.0110425,235.5,1,23,,44.748,80.5
14:21:18.742,145.112887,43.404335,6.0110425,235.5,1,23,,44.748,80.5
14:21:18.831,145.201864,43.4043386,6.0110728,235.5,1,21,,44.748,80.6
14:21:18.941,145.311941,43.4043386,6.0110728,235.5,1,21,,44.748,80.6
14:21:19.034,145.40481,43.4043425,6.0111031,235.6,1,21,,45.793,80.5
14:21:19.143,145.513899,43.4043425,6.0111031,235.6,1,20,,45.793,80.5
14:21:19.230,145.600887,43.4043464,6.0111342,235.5,1,20,,46.476,80.2
14:21:19.340,145.711104,43.4043464,6.0111342,235.5,1,20,,46.476,80.2
14:21:19.432,145.802853,43.4043508,6.0111658,235.5,1,20,,47.232,78.9
14:21:19.532,145.902818,43.4043508,6.0111658,235.5,1,20,,47.232,78.9
14:21:19.630,146.000708,43.4043555,6.0111978,235.5,1,20,,47.232,78.2
14:21:19.741,146.111648,43.4043555,6.0111978,235.5,1,20,,47.232,78.2
14:21:19.833,146.203575,43.4043605,6.0112297,235.5,1,20,,48.132,77.6
14:21:19.932,146.302555,43.4043605,6.0112297,235.5,1,20,,48.132,77.6
14:21:20.031,146.401548,43.4043661,6.0112617,235.5,1,20,,49.5,76.7
14:21:20.140,146.51055,43.4043661,6.0112617,235.5,1,20,,49.5,76.7
14:21:20.233,146.603536,43.4043722,6.0112942,235.5,1,20,,48.745,74.9
14:21:20.332,146.702548,43.4043722,6.0112942,235.5,1,20,,48.745,74.9
14:21:20.430,146.800854,43.4043789,6.0113269,235.4,1,20,,50.004,73.2
14:21:20.539,146.909831,43.4043789,6.0113269,235.4,1,21,,50.004,73.2
14:21:20.633,147.003656,43.404387,6.0113592,235.4,1,21,,49.535,70.8
14:21:20.732,147.102632,43.404387,6.0113592,235.4,1,20,,49.535,70.8
14:21:20.830,147.200724,43.4043958,6.0113911,235.4,1,20,,50.184,67.6
14:21:20.940,147.310582,43.4043958,6.0113911,235.4,1,20,,50.184,67.6
14:21:21.035,147.405554,43.4044058,6.0114231,235.4,1,20,,51.373,66.2
14:21:21.143,147.513537,43.4044058,6.0114231,235.4,1,20,,51.373,66.2
14:21:21.231,147.601594,43.4044164,6.011455,235.4,1,20,,51.336,65.4
14:21:21.340,147.710569,43.4044164,6.011455,235.4,1,20,,51.336,65.4
14:21:21.432,147.802808,43.4044278,6.0114867,235.4,1,20,,51.373,63.1
14:21:21.532,147.902836,43.4044278,6.0114867,235.4,1,21,,51.373,63.1
14:21:21.631,148.001661,43.4044405,6.0115178,235.4,1,21,,52.236,59.2
14:21:21.728,148.09875,43.4044405,6.0115178,235.4,1,21,,52.236,59.2
14:21:21.833,148.203733,43.4044545,6.0115478,235.4,1,21,,51.984,56.6
14:21:21.932,148.302581,43.4044545,6.0115478,235.4,1,21,,51.984,56.6
14:21:22.031,148.40157,43.4044695,6.0115761,235.4,1,21,,52.38,52.2
14:21:22.140,148.510621,43.4044695,6.0115761,235.4,1,21,,52.38,52.2
14:21:22.233,148.603572,43.4044867,6.0116033,235.5,1,21,,52.667,47.7
14:21:22.332,148.702554,43.4044867,6.0116033,235.5,1,21,,52.667,47.7
14:21:22.431,148.801603,43.404505,6.0116292,235.5,1,21,,52.632,44.2
14:21:22.540,148.910832,43.404505,6.0116292,235.5,1,21,,52.632,44.2
14:21:22.633,149.003651,43.4045247,6.011653,235.5,1,21,,52.704,40.3
14:21:22.732,149.102658,43.4045247,6.011653,235.5,1,21,,52.704,40.3
14:21:22.831,149.201626,43.4045456,6.011675,235.6,1,20,,52.849,36.2
14:21:22.928,149.298638,43.4045456,6.011675,235.6,1,20,,52.849,36.2
14:21:23.033,149.40356,43.4045681,6.0116936,235.7,1,20,,53.352,32.0
14:21:23.142,149.512694,43.4045681,6.0116936,235.7,1,20,,53.352,32.0
14:21:23.231,149.601953,43.4045914,6.0117117,235.8,1,20,,53.928,28.2
14:21:23.347,149.717689,43.4045914,6.0117117,235.8,1,20,1.44,53.928,28.2
14:21:23.440,149.81075,43.4046153,6.0117286,235.8,1,20,1.41,54.252,26.4
14:21:23.543,149.913719,43.4046153,6.0117286,235.8,1,21,1.0,54.252,26.4
14:21:23.639,150.009717,43.40464,6.0117453,235.8,1,21,1.0,55.367,25.7
14:21:23.747,150.118082,43.40464,6.0117453,235.8,1,21,1.35,55.367,25.7
14:21:23.842,150.212845,43.404665,6.0117614,235.7,1,21,1.18,55.188,25.3
14:21:23.940,150.310749,43.404665,6.0117614,235.7,1,21,1.18,55.188,25.3
14:21:24.038,150.408773,43.4046903,6.0117772,235.7,1,22,1.34,56.232,24.8
14:21:24.138,150.50869,43.4046903,6.0117772,235.7,1,22,1.34,56.232,24.8
14:21:24.233,150.603675,43.4047155,6.0117945,235.7,1,22,,56.377,26.9
14:21:24.342,150.712675,43.4047155,6.0117945,235.7,1,22,,56.377,26.9
14:21:24.431,150.801676,43.4047408,6.011812,235.7,1,23,,57.277,26.7
14:21:24.540,150.910967,43.4047408,6.011812,235.7,1,23,,57.277,26.7
14:21:24.634,151.004865,43.4047667,6.0118303,235.7,1,20,,58.212,27.4
14:21:24.730,151.100967,43.4047667,6.0118303,235.7,1,19,,58.212,27.4
14:21:24.829,151.199758,43.4047925,6.0118492,235.7,1,19,,58.536,28.4
14:21:24.929,151.299719,43.4047925,6.0118492,235.7,1,17,,58.536,28.4
14:21:25.031,151.401694,43.4048181,6.0118689,235.7,1,16,,59.833,29.2
14:21:25.146,151.516675,43.4048181,6.0118689,235.7,1,16,,59.833,29.2
14:21:25.229,151.599711,43.4048439,6.0118897,235.8,1,16,,60.481,30.8
14:21:25.329,151.699692,43.4048439,6.0118897,235.8,1,16,,60.481,30.8
14:21:25.454,151.824793,43.4048703,6.0119114,235.8,1,18,4.94,61.668,31.4
14:21:25.537,151.908087,43.4048703,6.0119114,235.8,1,19,2.34,61.668,31.4
14:21:25.631,152.001777,43.4048967,6.0119339,235.8,1,19,,62.496,32.1
14:21:25.732,152.102821,43.4048967,6.0119339,235.8,1,20,,62.496,32.1
14:21:25.832,152.202765,43.4049228,6.0119572,235.8,1,19,,62.209,33.1
14:21:25.932,152.302707,43.4049228,6.0119572,235.8,1,19,,62.209,33.1
14:21:26.038,152.408773,43.4049481,6.0119811,235.8,1,20,2.38,62.172,34.4
14:21:26.140,152.510831,43.4049481,6.0119811,235.8,1,18,,62.172,34.4
14:21:26.234,152.60465,43.4049736,6.0120058,235.9,1,18,,62.172,36.0
14:21:26.331,152.701674,43.4049736,6.0120058,235.9,1,17,,62.172,36.0
14:21:26.430,152.800916,43.4049981,6.0120314,235.9,1,17,,61.957,37.4
14:21:26.530,152.900967,43.4049981,6.0120314,235.9,1,17,,61.957,37.4
14:21:26.634,153.004696,43.4050222,6.0120572,235.9,1,17,,60.551,38.3
14:21:26.731,153.102009,43.4050222,6.0120572,235.9,1,17,,60.551,38.3
14:21:26.830,153.200923,43.4050455,6.0120833,235.9,1,15,,60.264,39.1
14:21:26.929,153.299983,43.4050455,6.0120833,235.9,1,13,,60.264,39.1
14:21:27.034,153.404644,43.4050683,6.0121089,235.9,1,15,,59.471,39.9
14:21:27.130,153.500767,43.4050683,6.0121089,235.9,1,16,,59.471,39.9
14:21:27.229,153.599749,43.4050908,6.0121353,236.0,1,16,,58.968,40.9
14:21:27.329,153.699966,43.4050908,6.0121353,236.0,1,16,,58.968,40.9
14:21:27.427,153.798151,43.4051128,6.0121617,236.0,1,13,,58.177,41.0
14:21:27.528,153.899068,43.4051128,6.0121617,236.0,1,13,,58.177,41.0
14:21:27.629,154.000075,43.4051344,6.0121878,236.0,1,15,,57.671,41.4
14:21:27.727,154.097753,43.4051344,6.0121878,236.0,1,14,,57.671,41.4
14:21:27.819,154.189856,43.4051561,6.0122139,236.0,1,13,,57.205,41.6
14:21:27.928,154.298862,43.4051561,6.0122139,236.0,1,13,,57.205,41.6
14:21:28.028,154.398693,43.4051764,6.0122389,236.1,1,13,,53.712,41.5
14:21:28.127,154.497765,43.4051764,6.0122389,236.1,1,13,,53.712,41.5
14:21:28.219,154.58997,43.4051967,6.0122636,236.1,1,13,,54.215,41.5
14:21:28.328,154.698794,43.4051967,6.0122636,236.1,1,12,,54.215,41.5
14:21:28.427,154.797776,43.405217,6.0122886,236.2,1,12,,54.756,41.7
14:21:28.528,154.899026,43.405217,6.0122886,236.2,1,13,,54.756,41.7
14:21:28.620,154.990737,43.4052375,6.0123139,236.2,1,13,,55.367,42.0
14:21:28.729,155.099751,43.4052375,6.0123139,236.2,1,14,,55.367,42.0
14:21:28.828,155.198903,43.4052553,6.0123264,236.3,1,14,,33.912,16.2
14:21:28.928,155.298757,43.4052553,6.0123264,236.3,1,14,,33.912,16.2
14:21:29.020,155.39072,43.4052703,6.012328,236.5,1,14,,32.58,5.4
14:21:29.129,155.499687,43.4052703,6.012328,236.5,1,13,,32.58,5.4
14:21:29.227,155.59778,43.4052861,6.0123292,236.6,1,13,,31.428,1.3
14:21:29.318,155.688764,43.4052861,6.0123292,236.6,1,13,,31.428,1.3
14:21:29.420,155.790664,43.405302,6.0123295,236.6,1,13,,31.68,1.2
14:21:29.530,155.901003,43.405302,6.0123295,236.6,1,12,,31.68,1.2
14:21:29.627,155.997815,43.4053155,6.0123297,236.7,1,12,,25.848,0.2
14:21:29.721,156.091659,43.4053155,6.0123297,236.7,1,12,,25.848,0.2
14:21:29.819,156.189878,43.4053278,6.0123295,236.7,1,11,,23.076,357.4
14:21:29.928,156.298764,43.4053278,6.0123295,236.7,1,11,,23.076,357.4
14:21:30.028,156.398753,43.4053389,6.0123261,237.0,1,11,,25.596,355.0
14:21:30.118,156.489401,43.4053389,6.0123261,237.0,1,12,,25.596,355.0
14:21:30.220,156.590692,43.4053528,6.0123242,237.0,1,12,,29.16,354.0
14:21:30.329,156.699686,43.4053528,6.0123242,237.0,1,11,,29.16,354.0
14:21:30.427,156.79779,43.405367,6.0123233,237.1,1,11,,28.26,359.2
14:21:30.528,156.898941,43.405367,6.0123233,237.1,1,12,,28.26,359.2
14:21:30.620,156.9908,43.4053805,6.0123242,237.1,1,12,,27.073,4.4
14:21:30.729,157.099719,43.4053805,6.0123242,237.1,1,12,,27.073,4.4
14:21:30.819,157.189907,43.4053936,6.0123267,237.2,1,11,,25.811,9.7
14:21:30.918,157.289088,43.4053936,6.0123267,237.2,1,10,,25.811,9.7
14:21:31.020,157.390709,43.405405,6.012327,237.4,1,11,,25.993,9.7
14:21:31.129,157.499729,43.405405,6.012327,237.4,1,12,,25.993,9.7
14:21:31.228,157.598927,43.4054167,6.012332,237.4,1,12,,24.408,19.6
14:21:31.318,157.689016,43.4054167,6.012332,237.4,1,11,,24.408,19.6
14:21:31.421,157.791709,43.4054278,6.0123394,237.4,1,11,,24.876,30.7
14:21:31.528,157.899081,43.4054278,6.0123394,237.4,1,11,,24.876,30.7
14:21:31.628,157.998767,43.4054372,6.0123497,237.4,1,11,,23.759,41.0
14:21:31.720,158.090769,43.4054372,6.0123497,237.4,1,10,,23.759,41.0
14:21:31.819,158.18976,43.4054453,6.0123619,237.4,1,10,,23.976,51.6
14:21:31.929,158.299867,43.4054453,6.0123619,237.4,1,11,,23.976,51.6
14:21:32.028,158.398749,43.4054522,6.0123745,237.5,1,11,,25.345,51.3
14:21:32.118,158.488997,43.4054522,6.0123745,237.5,1,12,,25.345,51.3
14:21:32.219,158.589747,43.4054617,6.0123897,237.5,1,12,,30.852,48.9
14:21:32.328,158.698748,43.4054617,6.0123897,237.5,1,11,,30.852,48.9
14:21:32.427,158.797927,43.4054728,6.012405,237.5,1,11,,31.895,42.9
14:21:32.520,158.891082,43.4054728,6.012405,237.5,1,11,,31.895,42.9
14:21:38.030,164.400854,43.4049747,6.0126036,214.1,1,15,,46.907,21.5
14:21:38.129,164.499882,43.4049747,6.0126036,214.1,1,15,,46.907,21.5
14:21:38.221,164.59195,43.4050467,6.0126105,210.7,1,13,,46.944,22.5
14:21:38.330,164.700687,43.4050467,6.0126105,210.7,1,13,,46.944,22.5
14:21:38.428,164.799017,43.4050689,6.0126233,210.7,1,13,,48.959,22.4
14:21:38.530,164.901005,43.4050689,6.0126233,210.7,1,13,3.43,48.959,22.4
14:21:38.627,164.997687,43.4050922,6.0126372,210.7,1,15,2.97,52.091,23.5
14:21:38.731,165.101722,43.4050922,6.0126372,210.7,1,16,,52.091,23.5
14:21:38.830,165.20068,43.4051153,6.0126533,210.7,1,16,,51.263,28.9
14:21:38.936,165.307073,43.4051153,6.0126533,210.7,1,16,2.46,51.263,28.9
14:21:39.035,165.405658,43.4051344,6.0126731,210.7,1,15,,46.98,40.9
14:21:39.131,165.501709,43.4051344,6.0126731,210.7,1,15,,46.98,40.9
14:21:39.230,165.600673,43.4051236,6.012683,213.3,1,15,,47.628,45.0
14:21:39.329,165.69966,43.4051236,6.012683,213.3,1,15,,47.628,45.0
14:21:39.434,165.80468,43.40514,6.0127078,213.4,1,15,,49.428,49.2
14:21:39.531,165.901991,43.40514,6.0127078,213.4,1,15,,49.428,49.2
14:21:39.630,166.000683,43.4051556,6.0127353,213.4,1,16,,51.191,53.4
14:21:39.725,166.095692,43.4051556,6.0127353,213.4,1,16,,51.191,53.4
14:21:39.834,166.204684,43.4051697,6.012765,213.5,1,16,,52.452,58.3
14:21:39.932,166.302659,43.4051697,6.012765,213.5,1,15,,52.452,58.3
14:21:40.037,166.407884,43.4051822,6.012797,213.5,1,16,1.41,53.208,62.9
14:21:40.138,166.508745,43.4051822,6.012797,213.5,1,17,1.44,53.208,62.9
14:21:40.240,166.610681,43.4051658,6.012825,218.0,1,17,1.77,52.2,69.6
14:21:40.338,166.708745,43.4051658,6.012825,218.0,1,17,1.68,52.2,69.6
14:21:40.438,166.809021,43.4051731,6.0128592,218.0,1,18,1.78,52.236,75.2
14:21:40.538,166.909082,43.4051731,6.0128592,218.0,1,18,1.78,52.236,75.2
14:21:40.640,167.010834,43.4051786,6.0128947,218.0,1,18,1.78,52.956,79.3
14:21:40.739,167.109687,43.4051786,6.0128947,218.0,1,18,1.78,52.956,79.3
14:21:40.837,167.207753,43.4051814,6.0129311,218.0,1,18,1.85,53.639,86.1
14:21:40.933,167.303671,43.405087,6.0129914,234.743,1,9,1.36,53.075,100.41
14:21:41.041,167.412232,43.4050851,6.0130089,234.79,1,11,1.16,52.326,100.58
14:21:41.137,167.507527,43.4050832,6.0130263,234.871,1,11,1.16,51.267,100.08
14:21:41.238,167.608732,43.4050808,6.0130434,234.99,1,11,1.16,50.391,100.22
14:21:41.337,167.707751,43.4050772,6.0130605,235.076,1,12,1.06,49.184,100.41
14:21:41.440,167.810748,43.4050737,6.0130776,235.191,1,12,1.07,48.098,100.71
14:21:41.537,167.908011,43.4050679,6.0130956,234.986,1,13,0.98,48.067,100.95
14:21:41.637,168.007831,43.4050618,6.0131128,234.81,1,12,1.06,47.406,101.17
14:21:41.737,168.107704,43.4050568,6.013129,234.692,1,11,1.12,46.832,101.22
14:21:41.840,168.21075,43.4050516,6.0131448,234.615,1,11,1.12,46.444,101.29
14:21:41.938,168.308687,43.4050464,6.0131606,234.559,1,11,1.12,47.52,101.42
14:21:42.036,168.406918,43.4050408,6.0131764,234.501,1,11,1.13,46.956,101.51
14:21:42.137,168.507734,43.4050348,6.0131906,234.533,1,11,1.1,46.398,101.55
14:21:42.240,168.610684,43.4050276,6.0132031,234.502,1,11,1.07,45.272,101.61
14:21:42.338,168.708749,43.4050202,6.0132125,234.358,1,12,0.97,44.792,101.65
14:21:42.439,168.809788,43.405012,6.0132222,234.227,1,13,0.81,43.211,101.69
14:21:42.538,168.90897,43.405006,6.0132315,233.983,1,13,0.87,42.255,101.71
14:21:42.641,169.011702,43.4050002,6.0132403,233.747,1,11,0.96,41.077,101.72
14:21:42.737,169.108049,43.4049931,6.0132476,233.838,1,13,0.93,39.649,101.76
14:21:42.839,169.209694,43.4049878,6.0132549,233.748,1,13,0.93,38.37,101.78
14:21:42.940,169.31067,43.4049824,6.013262,233.672,1,13,0.93,36.831,101.82
14:21:43.043,169.413781,43.4049751,6.0132677,233.795,1,12,0.88,35.855,101.88
14:21:43.137,169.507886,43.4049696,6.0132746,233.688,1,12,0.93,36.41,101.95
14:21:43.237,169.607949,43.4049639,6.0132821,233.57,1,12,0.93,37.118,102.04
14:21:43.338,169.708703,43.4049559,6.0132889,233.674,1,13,0.88,38.327,102.21
14:21:43.441,169.811734,43.4049478,6.013296,233.768,1,13,0.88,38.798,102.36
14:21:43.537,169.908212,43.4049396,6.0133036,233.853,1,13,0.83,41.824,102.6
14:21:43.638,170.008702,43.4049313,6.0133124,234.016,1,13,0.85,43.187,102.85
14:21:43.738,170.108684,43.4049232,6.0133208,234.162,1,13,0.89,43.974,103.07
14:21:43.840,170.210733,43.404915,6.0133299,234.311,1,13,0.89,44.665,103.3
14:21:43.939,170.309663,43.4049067,6.0133395,234.469,1,13,0.89,45.224,103.55
14:21:44.038,170.408866,43.4048984,6.013349,234.613,1,13,0.89,45.326,103.81
14:21:44.131,170.501786,43.40489,6.0133583,234.746,1,13,0.89,45.385,104.09
14:21:44.240,170.610818,43.4048813,6.0133685,234.882,1,13,0.89,45.433,104.42
14:21:44.337,170.707592,43.4048711,6.0133808,234.717,1,13,0.88,46.324,104.77
14:21:44.438,170.809046,43.404861,6.013393,234.577,1,13,0.88,46.185,105.12
14:21:44.539,170.910115,43.4048511,6.0134045,234.446,1,13,0.88,46.193,105.49
14:21:44.642,171.012723,43.4048411,6.0134159,234.342,1,13,0.88,45.409,105.9
14:21:44.737,171.107759,43.4048312,6.0134266,234.236,1,13,0.88,44.85,106.35
14:21:44.839,171.209679,43.4048211,6.0134371,234.153,1,13,0.88,43.765,106.84
14:21:44.939,171.309753,43.4048097,6.01345,233.991,1,13,0.88,45.198,107.73
14:21:45.042,171.412776,43.4047977,6.01346,233.755,1,13,0.88,45.663,109.01
14:21:45.141,171.511715,43.4047874,6.0134662,233.858,1,13,0.85,43.678,109.82
14:21:45.239,171.609856,43.4047771,6.0134714,233.932,1,13,0.85,41.822,110.66
14:21:45.339,171.709762,43.4047667,6.0134754,233.988,1,13,0.85,39.727,111.57
14:21:45.457,171.827723,43.4047564,6.0134784,234.035,1,13,0.85,37.646,112.49
14:21:45.537,171.908158,43.4047462,6.0134804,234.071,1,13,0.85,35.47,113.44
14:21:45.641,172.011776,43.4047344,6.0134795,233.603,1,14,0.81,32.892,114.58
14:21:45.740,172.110701,43.4047235,6.0134811,233.04,1,14,0.82,32.14,115.67
14:21:45.840,172.210697,43.4047144,6.013483,232.837,1,13,0.89,30.699,118.9
14:21:45.938,172.308746,43.4047058,6.0134827,232.671,1,13,0.89,28.497,117.32
14:21:46.038,172.409004,43.4046978,6.0134818,232.502,1,13,0.89,26.132,114.37
14:21:46.138,172.508737,43.4046903,6.0134804,232.336,1,13,0.89,24.024,111.59
14:21:46.240,172.610784,43.4046862,6.0134799,231.916,1,13,0.89,21.905,109.48
14:21:46.339,172.709779,43.4046829,6.0134816,231.454,1,13,0.91,20.137,108.02
14:21:46.438,172.808731,43.4046796,6.0134817,230.972,1,13,0.91,17.261,107.57
14:21:46.538,172.909047,43.4046758,6.0134785,230.508,1,13,0.89,13.677,109.11
14:21:46.642,173.012715,43.4046711,6.0134715,230.097,1,13,0.89,9.569,113.04
14:21:46.737,173.108119,43.4046668,6.0134643,230.086,1,12,0.93,5.725,117.76
14:21:46.839,173.209696,43.4046628,6.0134563,230.053,1,12,0.93,2.061,121.32
14:21:46.940,173.310681,43.4046595,6.0134478,230.053,1,12,0.93,0.826,125.3
14:21:47.041,173.41174,43.4046563,6.0134379,229.517,1,13,0.87,3.998,130.13
14:21:47.137,173.507776,43.4046546,6.013435,228.904,1,13,0.87,6.41,312.48
14:21:47.238,173.608789,43.4046542,6.0134304,228.33,1,13,0.94,9.029,317.95
14:21:47.343,173.71366,43.4046547,6.0134249,227.774,1,13,0.97,10.801,321.68
14:21:47.441,173.811699,43.4046551,6.0134182,227.205,1,13,0.95,13.186,324.7
14:21:47.539,173.909979,43.404656,6.0134098,226.322,1,14,0.92,13.703,321.7
14:21:47.642,174.012723,43.4046546,6.0133982,225.152,1,16,0.74,14.627,317.81
14:21:47.751,174.121717,43.4046516,6.0133846,224.063,1,16,0.74,14.762,295.85
14:21:47.844,174.214663,43.4046487,6.0133703,223.081,1,15,0.81,16.874,283.12
14:21:47.942,174.312679,43.4046467,6.0133579,222.212,1,15,0.81,16.868,293.61
14:21:48.041,174.411671,43.4046478,6.0133454,221.694,1,14,0.79,18.063,303.96
14:21:48.149,174.520033,43.4046499,6.0133335,221.223,1,14,0.81,19.494,313.35
14:21:48.243,174.613897,43.4046526,6.0133225,220.732,1,14,0.84,21.07,320.81
14:21:48.344,174.714659,43.4046565,6.0133095,220.245,1,14,0.8,23.937,321.66
14:21:48.441,174.811675,43.4046623,6.0132951,219.953,1,14,0.82,28.336,319.86
14:21:48.549,174.92007,43.4046688,6.01328,219.89,1,13,0.86,31.96,309.83
14:21:48.642,175.012704,43.4046741,6.0132695,219.732,1,13,0.87,31.758,320.47
14:21:48.736,175.1067,43.4046818,6.0132591,219.693,1,13,0.95,35.595,336.22
14:21:48.835,175.205737,43.4046887,6.0132519,219.651,1,14,0.93,34.469,333.0
14:21:48.935,175.305745,43.404696,6.0132453,219.308,1,14,0.93,34.105,334.39
14:21:49.042,175.412682,43.4047034,6.0132391,218.956,1,14,0.93,33.988,336.08
14:21:49.150,175.520909,43.4047108,6.0132331,218.617,1,14,0.93,33.721,337.23
14:21:49.239,175.609725,43.4047174,6.0132264,218.09,1,14,0.91,33.718,338.34
14:21:49.351,175.721766,43.4047234,6.013218,217.693,1,15,0.85,34.369,339.97
14:21:49.443,175.813754,43.4047293,6.0132101,217.255,1,14,0.93,34.238,341.35
14:21:49.544,175.914726,43.4047356,6.0132028,216.865,1,14,0.92,34.536,341.82
14:21:49.641,176.011858,43.4047418,6.0131952,216.461,1,14,0.92,34.351,341.33
14:21:49.750,176.120776,43.4047482,6.0131877,216.032,1,14,0.92,33.703,340.69
14:21:49.844,176.214676,43.4047545,6.0131802,215.568,1,14,0.92,35.253,340.24
14:21:49.944,176.314637,43.4047611,6.0131728,215.221,1,14,0.92,35.457,340.04
14:21:50.041,176.411743,43.4047678,6.0131654,214.875,1,14,0.92,35.242,339.89
14:21:50.141,176.511914,43.4047746,6.0131586,214.62,1,13,0.89,35.612,339.69
14:21:50.244,176.614707,43.4047812,6.0131516,214.403,1,14,0.82,36.349,339.64
14:21:50.343,176.713687,43.4047879,6.0131447,214.178,1,14,0.82,35.831,339.63
14:21:50.440,176.810986,43.4047948,6.013138,213.897,1,13,0.89,34.756,339.61
14:21:50.551,176.921982,43.4048006,6.0131308,213.709,1,14,0.82,32.914,339.6
14:21:50.644,177.014758,43.4048067,6.0131243,213.68,1,13,0.84,31.808,339.57
14:21:50.738,177.108504,43.4048133,6.0131191,213.808,1,13,0.93,31.049,342.67
14:21:50.839,177.209763,43.4048199,6.0131146,213.947,1,13,0.93,29.904,343.65
14:21:50.940,177.310705,43.4048261,6.0131102,214.081,1,13,0.93,28.799,344.84
14:21:51.042,177.412773,43.4048325,6.0131064,214.093,1,12,1.0,27.636,347.88
14:21:51.151,177.521805,43.4048388,6.0131032,214.114,1,12,1.0,26.869,350.49
14:21:51.239,177.609711,43.4048448,6.0131004,214.138,1,12,1.0,26.076,352.31
14:21:51.338,177.708677,43.4048505,6.0130977,214.165,1,12,1.02,25.261,359.57
14:21:51.442,177.812892,43.4048561,6.0130959,214.198,1,12,1.02,24.915,359.5
14:21:51.537,177.908622,43.4048605,6.0130928,214.201,1,12,0.95,23.582,0.78
14:21:51.634,178.004817,43.4048648,6.0130901,214.205,1,12,1.01,21.713,4.79
14:21:51.735,178.105701,43.4048688,6.0130882,214.217,1,12,1.01,20.207,10.03
14:21:51.838,178.208715,43.4048725,6.0130871,214.233,1,12,1.01,19.031,15.23
14:21:51.935,178.305709,43.4048759,6.0130866,214.261,1,12,1.01,18.151,19.88
14:21:52.035,178.405663,43.4048786,6.0130861,214.286,1,12,1.01,17.114,22.69
14:21:52.138,178.508933,43.4048787,6.0130824,214.071,1,12,0.99,15.442,27.83
14:21:52.242,178.612756,43.4048785,6.0130794,213.86,1,12,0.99,13.962,33.86
14:21:52.341,178.711749,43.4048767,6.0130751,213.653,1,12,0.91,12.586,40.59
14:21:52.440,178.810738,43.4048775,6.0130753,213.683,1,12,0.91,12.412,49.06
14:21:52.541,178.912041,43.4048779,6.013076,213.714,1,12,0.91,12.647,55.52
14:21:52.644,179.014728,43.4048762,6.0130742,213.771,1,12,0.91,11.471,58.78
14:21:52.741,179.111756,43.4048736,6.0130714,213.837,1,12,0.91,10.543,62.04
14:21:52.842,179.212692,43.4048705,6.0130688,214.065,1,13,0.9,10.367,69.0
14:21:52.943,179.313659,43.404868,6.0130675,214.281,1,13,0.87,11.049,75.84
14:21:53.044,179.414652,43.4048658,6.0130671,214.326,1,13,0.89,11.473,81.96
14:21:53.153,179.523759,43.4048625,6.0130655,214.374,1,13,0.9,11.745,87.52
14:21:53.242,179.612783,43.4048587,6.0130635,214.428,1,13,0.89,11.851,93.13
14:21:53.340,179.710737,43.4048543,6.0130614,214.478,1,13,0.9,12.264,98.35
14:21:53.444,179.814939,43.4048492,6.0130585,214.538,1,13,0.9,12.169,103.59
14:21:53.544,179.914691,43.4048442,6.0130561,214.599,1,13,0.93,12.436,108.66
14:21:53.641,180.011762,43.404838,6.0130525,214.67,1,13,0.91,11.99,114.82
14:21:53.741,180.111758,43.4048314,6.0130482,214.731,1,13,0.91,11.94,121.01
14:21:53.843,180.213661,43.4048239,6.0130433,214.786,1,12,1.0,11.264,128.77
14:21:53.941,180.311649,43.4048172,6.0130395,214.828,1,12,1.0,11.692,133.46
14:21:54.040,180.410787,43.404809,6.0130338,214.878,1,12,1.0,11.119,142.56
14:21:54.149,180.519917,43.4048013,6.0130285,214.913,1,12,1.0,11.505,148.96
14:21:54.243,180.61374,43.404792,6.0130207,214.955,1,12,1.0,11.188,161.47
14:21:54.341,180.711698,43.404782,6.0130108,215.002,1,12,0.99,11.095,173.36
14:21:54.439,180.80998,43.4047715,6.012999,215.051,1,11,1.1,11.105,187.89
14:21:54.550,180.921034,43.4047608,6.0129842,215.132,1,12,0.97,11.142,205.17
14:21:54.644,181.014927,43.4047524,6.012973,215.187,1,12,0.97,12.186,214.1
14:21:54.744,181.114724,43.4047452,6.0129633,215.23,1,12,0.97,12.649,216.24
14:21:54.841,181.211728,43.4047377,6.0129525,215.286,1,12,0.97,13.446,227.37
14:21:54.941,181.311674,43.4047306,6.0129414,215.331,1,12,0.97,14.49,231.39
14:21:55.044,181.41466,43.4047235,6.0129297,215.387,1,12,0.97,15.705,238.95
14:21:55.153,181.523689,43.4047167,6.0129175,215.435,1,12,0.97,16.894,243.76
14:21:55.240,181.610719,43.4047101,6.0129046,215.486,1,12,0.99,18.311,250.16
14:21:55.349,181.7197,43.4047036,6.012891,215.531,1,12,1.01,19.805,254.6
14:21:55.458,181.828701,43.4046976,6.0128772,215.592,1,12,1.01,21.102,259.42
14:21:55.544,181.914768,43.404692,6.012863,215.62,1,12,1.0,21.861,259.4
14:21:55.640,182.010819,43.4046883,6.0128514,215.675,1,12,1.01,22.587,263.15
14:21:55.742,182.112742,43.4046827,6.0128361,215.702,1,13,0.95,23.406,262.67
14:21:55.845,182.215657,43.4046773,6.0128211,215.74,1,13,0.95,24.358,266.14
14:21:55.944,182.314668,43.4046713,6.0128044,215.76,1,12,0.98,25.559,265.78
14:21:56.042,182.412642,43.4046629,6.0127838,215.598,1,12,0.98,27.16,268.31
14:21:56.142,182.512647,43.4046485,6.0127546,215.462,1,12,0.98,31.888,257.03
14:21:56.244,182.614919,43.4046396,6.0127333,215.377,1,12,0.98,33.321,262.89
14:21:56.343,182.713691,43.4046279,6.0127072,215.257,1,12,0.98,35.677,258.77
14:21:56.442,182.812929,43.4046181,6.0126836,215.168,1,12,0.98,37.996,257.58
14:21:56.541,182.912036,43.4046006,6.0126495,215.055,1,12,0.98,45.578,251.95
14:21:56.644,183.014791,43.4045944,6.0126285,215.083,1,15,0.85,44.739,254.7
14:21:56.742,183.112627,43.4045868,6.0126069,215.176,1,14,0.88,47.645,255.11
14:21:56.840,183.210646,43.4045799,6.0125856,215.19,1,13,0.96,45.683,255.89
14:21:56.940,183.310745,43.404573,6.0125645,215.249,1,13,0.97,47.809,256.43
14:21:57.042,183.412646,43.4045675,6.0125442,215.182,1,13,0.99,46.359,257.14
14:21:57.150,183.520751,43.4045621,6.0125241,215.141,1,13,0.99,47.876,257.65
14:21:57.239,183.609772,43.404557,6.0125039,215.071,1,13,0.99,46.848,258.33
14:21:57.339,183.709724,43.4045519,6.0124838,215.052,1,13,0.99,47.828,258.83
14:21:57.443,183.813672,43.4045472,6.0124631,215.013,1,13,0.89,47.635,259.49
14:21:57.541,183.912066,43.4045414,6.0124397,214.831,1,14,0.86,48.537,260.02
14:21:57.641,184.011733,43.4045359,6.0124164,214.662,1,14,0.86,48.384,260.6
14:21:57.739,184.109758,43.4045317,6.0123959,214.649,1,13,0.92,48.937,261.16
14:21:57.842,184.212732,43.4045267,6.0123744,214.723,1,13,0.95,49.267,261.72
14:21:57.938,184.308439,43.404522,6.0123531,214.75,1,13,0.95,49.422,262.24
14:21:58.035,184.40564,43.404519,6.012334,214.869,1,13,0.98,50.234,262.55
14:21:58.134,184.504762,43.404516,6.0123148,214.971,1,13,0.98,49.902,262.89
14:21:58.237,184.608037,43.4045129,6.0122957,215.12,1,13,0.98,49.852,263.08
14:21:58.335,184.705783,43.4045104,6.0122776,215.242,1,13,0.99,49.485,263.22
14:21:58.434,184.804845,43.4045087,6.0122604,215.302,1,13,1.02,50.417,263.18
14:21:58.534,184.904961,43.4045071,6.012243,215.327,1,13,1.02,50.061,263.22
14:21:58.637,185.007895,43.4045056,6.0122257,215.324,1,13,1.02,50.621,263.24
14:21:58.734,185.104755,43.4045042,6.0122083,215.302,1,13,1.02,50.367,263.31
14:21:58.835,185.205731,43.4045022,6.01219,215.281,1,13,0.99,50.543,263.59
14:21:58.934,185.304765,43.4045007,6.0121724,215.301,1,13,1.02,51.621,263.72
14:21:59.037,185.407662,43.4044988,6.0121535,215.305,1,13,1.01,51.017,263.84
14:21:59.136,185.506638,43.4044961,6.0121329,215.183,1,14,0.96,51.797,263.92
14:21:59.239,185.60978,43.4044926,6.0121113,215.152,1,14,0.93,51.571,264.05
14:21:59.339,185.710008,43.4044893,6.0120896,215.14,1,14,0.9,52.265,264.26
14:21:59.442,185.81264,43.4044862,6.0120679,215.115,1,14,0.9,51.587,264.44
14:21:59.538,185.909136,43.404483,6.0120464,215.109,1,14,0.9,52.526,264.34
14:21:59.640,186.010764,43.4044774,6.0120213,215.24,1,15,0.86,51.532,264.24
14:21:59.739,186.109687,43.4044736,6.0119994,215.173,1,15,0.94,52.763,263.92
14:21:59.842,186.212656,43.4044707,6.011978,215.037,1,15,0.96,51.895,263.76
14:21:59.940,186.310637,43.4044678,6.011957,214.908,1,15,0.96,53.001,263.64
14:22:00.035,186.405645,43.4044655,6.0119363,214.804,1,14,0.97,53.056,263.53
14:22:00.144,186.514669,43.4044632,6.0119157,214.728,1,14,0.97,53.639,263.56
14:22:00.237,186.607915,43.4044609,6.0118949,214.678,1,14,0.97,53.439,263.62
14:22:00.336,186.706691,43.4044585,6.0118741,214.608,1,14,0.97,54.21,263.56
14:22:00.439,186.809644,43.4044561,6.0118531,214.494,1,14,0.96,54.115,263.55
14:22:00.539,186.909977,43.4044537,6.0118321,214.399,1,14,0.91,54.275,263.6
14:22:00.641,187.011775,43.404451,6.0118111,214.429,1,14,0.9,54.304,263.84
14:22:00.736,187.106767,43.4044489,6.0117908,214.371,1,14,0.94,55.48,263.81
14:22:00.834,187.204668,43.4044471,6.0117706,214.279,1,14,0.99,54.732,263.93
14:22:00.934,187.30474,43.4044451,6.0117506,214.216,1,14,0.99,55.284,263.88
14:22:01.034,187.404648,43.4044435,6.0117317,214.219,1,0,,55.493,263.84
14:22:01.134,187.504721,43.404442,6.0117128,214.202,1,0,,56.286,263.84
14:22:01.236,187.60665,43.404439,6.0116914,214.28,1,15,0.86,56.117,263.84
14:22:01.333,187.703723,43.4044375,6.0116723,214.263,1,0,,56.99,263.84
14:22:01.435,187.805704,43.4044359,6.0116528,214.246,1,0,,57.706,263.84
14:22:01.538,187.908981,43.4044329,6.0116311,214.32,1,14,0.9,57.356,263.82
14:22:01.634,188.004787,43.4044293,6.0116091,214.471,1,9,1.43,56.627,263.81
14:22:01.732,188.102799,43.4044259,6.0115875,214.619,1,6,1.74,56.647,263.81
14:22:01.834,188.204676,43.4044243,6.0115682,214.602,1,0,,57.629,263.81
14:22:01.933,188.303689,43.4044228,6.0115485,214.586,1,0,,58.003,263.81
14:22:02.036,188.406689,43.4044199,6.011527,214.662,1,13,0.92,57.821,263.8
14:22:02.132,188.502891,43.4044184,6.0115073,214.645,1,0,,58.068,263.8
14:22:02.224,188.59467,43.4044168,6.0114876,214.628,1,0,,58.094,263.8
14:22:02.336,188.706798,43.404414,6.0114661,214.701,1,13,0.92,58.008,263.81
14:22:02.434,188.804946,43.4044121,6.0114457,214.711,1,10,1.41,58.694,263.8
14:22:02.534,188.904976,43.4044101,6.011425,214.722,1,10,1.41,58.862,263.8
14:22:02.625,188.995833,43.4044085,6.011405,214.705,1,0,,59.462,263.8
14:22:02.733,189.103691,43.4044069,6.0113847,214.688,1,0,,59.731,263.8
14:22:02.835,189.205759,43.4044041,6.0113627,214.759,1,13,0.92,59.612,263.81
14:22:02.932,189.302655,43.4044025,6.0113424,214.742,1,0,,60.373,263.81
14:22:03.034,189.404639,43.4044009,6.0113218,214.725,1,0,,60.666,263.81
14:22:03.139,189.510052,43.4043981,6.0112998,214.799,1,12,0.92,60.484,263.78
14:22:03.237,189.607984,43.4043951,6.0112766,214.933,1,10,1.25,59.577,264.03
14:22:03.337,189.707863,43.4043914,6.011254,215.01,1,11,1.09,59.949,263.87
14:22:03.441,189.812004,43.4043872,6.0112316,215.105,1,12,1.05,59.74,263.59
14:22:03.536,189.906969,43.4043843,6.0112105,215.089,1,12,1.14,59.966,263.3
14:22:03.639,190.009744,43.4043799,6.0111874,215.2,1,13,0.97,59.923,263.05
14:22:03.740,190.110659,43.4043743,6.011162,215.542,1,13,0.89,60.616,262.96
14:22:03.843,190.213685,43.4043685,6.0111363,215.873,1,14,0.88,60.859,262.93
14:22:03.941,190.31167,43.4043637,6.0111126,216.173,1,14,0.9,59.268,263.08
14:22:04.039,190.409656,43.4043592,6.0110894,216.387,1,14,0.91,60.759,263.22
14:22:04.139,190.509649,43.4043548,6.0110657,216.528,1,14,0.91,60.833,263.29
14:22:04.242,190.61263,43.4043499,6.0110418,216.751,1,14,0.91,61.179,263.21
14:22:04.339,190.709623,43.4043439,6.0110166,217.001,1,15,0.76,61.385,263.02
14:22:04.440,190.810778,43.4043379,6.0109912,217.209,1,15,0.78,62.281,262.86
14:22:04.541,190.91202,43.4043326,6.0109663,217.288,1,14,0.89,61.259,262.67
14:22:04.643,191.0137,43.404327,6.0109417,217.455,1,14,0.89,62.364,262.39
14:22:04.753,191.123692,43.4043215,6.0109167,217.594,1,14,0.85,61.107,262.25
14:22:04.841,191.211684,43.4043162,6.0108925,217.819,1,13,0.86,61.853,262.2
14:22:04.942,191.312669,43.4043111,6.010868,218.073,1,13,0.83,61.972,262.17
14:22:05.044,191.414691,43.4043062,6.0108437,218.297,1,13,0.84,61.57,262.18
14:22:05.162,191.532692,43.4043013,6.0108194,218.519,1,13,0.83,62.399,262.16
14:22:05.242,191.612635,43.4042966,6.010795,218.705,1,13,0.83,63.072,262.21
14:22:05.362,191.732818,43.4042921,6.0107703,218.852,1,13,0.83,63.018,262.39
14:22:05.461,191.831776,43.4042877,6.0107458,218.99,1,13,0.83,63.277,262.59
14:22:05.539,191.910233,43.4042835,6.0107213,219.059,1,13,0.85,64.657,262.42
14:22:05.641,192.011713,43.4042795,6.0106967,219.125,1,14,0.84,61.392,262.96
14:22:05.742,192.112782,43.4042746,6.0106714,219.361,1,14,0.82,64.355,263.05
14:22:05.843,192.213756,43.4042699,6.0106456,219.522,1,14,0.85,61.768,263.21
14:22:05.938,192.309313,43.4042654,6.0106207,219.709,1,14,0.85,64.394,263.32
14:22:06.041,192.411659,43.4042611,6.0105952,219.821,1,14,0.85,62.474,263.54
14:22:06.151,192.521816,43.4042569,6.0105702,219.986,1,14,0.85,64.527,263.81
14:22:06.243,192.613722,43.4042528,6.0105448,220.119,1,14,0.85,62.548,264.1
14:22:06.345,192.71566,43.4042487,6.01052,220.3,1,14,0.83,64.605,264.45
14:22:06.443,192.813823,43.4042448,6.0104947,220.468,1,14,0.83,63.012,264.87
14:22:06.542,192.912971,43.4042411,6.01047,220.638,1,14,0.83,64.603,265.18
14:22:06.644,193.014766,43.4042376,6.010445,220.813,1,14,0.83,63.033,265.55
14:22:06.745,193.115689,43.4042341,6.0104204,221.048,1,15,0.7,65.287,265.85
14:22:06.844,193.214692,43.4042299,6.0103942,221.418,1,16,0.69,63.07,266.24
14:22:06.944,193.314694,43.4042264,6.0103689,221.653,1,15,0.79,64.837,266.64
14:22:07.046,193.41668,43.4042233,6.0103433,221.927,1,15,0.79,64.324,267.49
14:22:07.145,193.515671,43.4042209,6.0103187,222.128,1,15,0.8,65.127,268.49
14:22:07.242,193.61293,43.4042189,6.010294,222.297,1,15,0.83,63.714,269.43
14:22:07.343,193.713765,43.4042175,6.0102699,222.401,1,15,0.83,63.311,270.32
14:22:07.443,193.813724,43.4042162,6.0102462,222.512,1,15,0.83,62.116,270.79
14:22:07.543,193.913969,43.4042151,6.0102229,222.635,1,15,0.82,60.277,271.41
14:22:07.643,194.013683,43.4042142,6.0102003,222.749,1,15,0.82,59.336,271.85
14:22:07.742,194.112664,43.4042132,6.0101782,222.901,1,15,0.82,58.623,272.06
14:22:07.844,194.214732,43.4042122,6.0101564,223.065,1,15,0.82,58.797,272.15
14:22:07.946,194.316652,43.4042109,6.0101339,223.319,1,16,0.72,58.621,272.15
14:22:08.043,194.413656,43.4042097,6.0101118,223.579,1,16,0.73,57.245,272.21
14:22:08.152,194.52265,43.4042088,6.0100903,223.789,1,16,0.73,56.06,272.19
14:22:08.244,194.614872,43.4042083,6.01007,223.931,1,15,0.75,54.771,272.19
14:22:08.339,194.710072,43.4042081,6.0100506,224.033,1,15,0.77,54.064,272.19
14:22:08.442,194.812963,43.4042079,6.0100315,224.151,1,15,0.73,52.686,272.2
14:22:08.550,194.920976,43.4042078,6.0100131,224.247,1,15,0.77,50.993,272.21
14:22:08.642,195.012917,43.4042078,6.0099953,224.321,1,15,0.77,49.402,272.22
14:22:08.737,195.107845,43.4042081,6.0099782,224.368,1,13,0.92,47.83,272.23
14:22:08.836,195.20666,43.4042083,6.0099618,224.416,1,12,0.95,46.083,272.24
14:22:08.935,195.305733,43.4042087,6.009946,224.46,1,12,0.95,43.952,272.26
14:22:09.039,195.409671,43.4042088,6.0099305,224.546,1,13,0.91,41.844,272.28
14:22:09.149,195.519636,43.404209,6.0099153,224.625,1,13,0.91,41.864,272.28
14:22:09.241,195.611709,43.4042093,6.0099,224.694,1,13,0.9,41.901,272.3
14:22:09.341,195.711852,43.4042097,6.0098848,224.753,1,13,0.9,41.955,272.31
14:22:09.443,195.813973,43.4042102,6.0098696,224.803,1,13,0.88,42.033,272.33
14:22:09.543,195.913941,43.4042114,6.009846,224.83,1,14,0.81,46.322,272.58
14:22:09.644,196.014831,43.4042122,6.0098327,224.892,1,14,0.77,44.402,272.51
14:22:09.743,196.113663,43.4042147,6.0098131,224.916,1,13,0.83,48.948,273.07
14:22:09.837,196.207627,43.4042148,6.0097979,224.922,1,0,,46.487,272.84
14:22:09.936,196.306642,43.4042161,6.0097806,224.914,1,0,,45.898,273.01
14:22:10.040,196.41064,43.4042179,6.0097642,224.962,1,16,0.67,46.504,273.35
14:22:10.137,196.507692,43.4042199,6.0097477,224.998,1,13,1.12,44.355,273.47
14:22:10.241,196.611653,43.4042218,6.0097296,225.119,1,13,1.12,41.937,273.39
14:22:10.339,196.709631,43.4042239,6.0097125,225.211,1,13,1.12,43.666,275.68
14:22:10.436,196.806711,43.4042244,6.0096986,225.183,1,0,,42.466,273.7
14:22:10.545,196.91601,43.4042249,6.0096844,225.132,1,0,,42.003,271.49
14:22:10.645,197.015674,43.4042264,6.0096713,225.097,1,16,0.67,41.19,272.48
14:22:10.736,197.106666,43.4042268,6.0096574,225.001,1,0,,40.685,272.48
14:22:10.835,197.205644,43.4042271,6.0096437,224.883,1,0,,40.2,272.18
14:22:10.941,197.311721,43.4042282,6.0096327,224.843,1,15,0.79,38.116,269.84
14:22:11.038,197.408854,43.40423,6.0096203,224.644,1,0,,37.57,270.97
14:22:11.148,197.518691,43.4042303,6.0096077,224.488,1,0,,36.857,270.97
14:22:11.241,197.611734,43.4042331,6.0096014,224.408,1,14,0.86,33.516,271.38
14:22:11.336,197.706699,43.4042334,6.0095925,224.238,1,13,1.02,31.74,271.38
14:22:11.439,197.809765,43.4042334,6.0095853,224.072,1,13,1.02,29.536,272.68
14:22:11.538,197.909018,43.4042331,6.0095803,223.901,1,13,0.94,26.695,272.69
14:22:11.637,198.007853,43.404233,6.0095776,223.76,1,13,0.94,23.496,267.48
14:22:11.746,198.116675,43.4042348,6.0095775,223.544,1,13,0.94,19.733,267.49
14:22:11.839,198.209984,43.4042342,6.0095713,223.351,1,12,0.97,18.261,267.49
14:22:11.938,198.308651,43.4042334,6.0095657,223.153,1,12,0.97,16.864,258.62
14:22:12.037,198.407652,43.4042324,6.0095602,222.969,1,12,0.97,15.864,258.62
14:22:12.145,198.515659,43.4042312,6.0095535,222.834,1,12,0.97,15.764,258.62
14:22:12.239,198.609716,43.40423,6.0095476,222.678,1,12,0.97,15.499,258.62
14:22:12.339,198.709647,43.4042289,6.0095427,222.513,1,12,0.97,15.001,248.7
14:22:12.436,198.806796,43.404228,6.0095388,222.346,1,12,0.97,14.264,248.7
14:22:12.536,198.907,43.4042271,6.0095348,222.189,1,12,0.97,13.801,248.7
14:22:12.639,199.009774,43.4042263,6.0095316,222.028,1,12,0.97,13.238,248.7
14:22:12.738,199.108659,43.4042254,6.0095321,221.836,1,12,0.97,11.525,244.75
14:22:12.836,199.206711,43.4042244,6.0095314,221.661,1,12,0.97,10.571,244.75
14:22:12.937,199.307626,43.4042236,6.0095303,221.506,1,12,0.97,9.945,244.75
14:22:13.041,199.411749,43.4042229,6.0095299,221.362,1,12,0.97,9.338,244.75
14:22:13.149,199.52005,43.4042236,6.0095303,221.272,1,12,0.95,8.78,244.75
14:22:13.237,199.607972,43.4042715,6.0096141,222.284,1,12,0.97,13.449,244.75
14:22:13.337,199.707855,43.4042746,6.00962,222.193,1,12,0.97,14.892,64.75
14:22:13.440,199.810673,43.4042777,6.0096258,222.142,1,11,1.19,15.746,72.33
14:22:13.538,199.908949,43.4042811,6.0096361,221.981,1,11,1.11,16.729,72.33
14:22:13.637,200.007756,43.4042847,6.0096467,221.844,1,11,1.11,17.655,72.34
14:22:13.738,200.108662,43.4042887,6.0096567,221.727,1,11,1.11,18.25,75.19
14:22:13.839,200.209707,43.4042925,6.0096673,221.618,1,11,1.14,18.802,80.93
14:22:13.937,200.307709,43.4042887,6.0097205,222.758,1,11,1.14,22.422,38.62
14:22:14.037,200.407655,43.4042906,6.0097349,222.73,1,11,1.11,23.263,38.62
14:22:14.137,200.507679,43.4042926,6.0097473,222.628,1,11,1.11,23.885,38.62
14:22:14.240,200.610638,43.4042948,6.0097587,222.484,1,11,1.11,24.348,75.72
14:22:14.338,200.708635,43.4042972,6.0097697,222.263,1,11,1.11,25.302,75.72
14:22:14.436,200.806987,43.4042995,6.0097814,222.098,1,11,1.11,25.8,75.72
14:22:14.541,200.912088,43.4043031,6.0097996,221.956,1,11,1.08,27.317,90.83
14:22:14.640,201.010757,43.404307,6.0098189,221.781,1,11,1.11,29.339,90.46
14:22:14.738,201.108661,43.4043109,6.009849,221.975,1,11,1.11,36.255,80.77
14:22:14.838,201.208628,43.4043195,6.0098896,220.968,1,11,1.15,44.863,83.2
14:22:14.938,201.30865,43.4043279,6.0099267,221.581,1,11,1.15,51.513,77.57
14:22:15.040,201.410676,43.4043316,6.0099473,221.888,1,11,1.15,50.53,77.19
14:22:15.166,201.536642,43.4043366,6.0099694,222.3,1,11,1.15,51.549,70.87
14:22:15.239,201.609635,43.4043423,6.009992,222.554,1,11,1.15,52.106,70.91
14:22:15.348,201.718631,43.4043481,6.0100149,222.745,1,11,1.15,52.365,71.19
14:22:15.447,201.817825,43.404354,6.0100367,222.896,1,11,1.15,52.843,71.54
14:22:15.539,201.910021,43.4043597,6.0100589,223.04,1,11,1.15,53.032,71.93
14:22:15.638,202.008689,43.4043654,6.0100808,223.134,1,11,1.15,53.317,72.35
14:22:15.738,202.108712,43.4043712,6.0101025,223.145,1,10,1.15,53.597,72.41
14:22:15.841,202.211655,43.4043768,6.0101242,223.232,1,10,1.15,53.708,72.59
14:22:15.939,202.309704,43.4043825,6.0101459,223.269,1,10,1.15,53.895,72.82
14:22:16.038,202.408707,43.4043881,6.0101676,223.353,1,10,1.15,54.141,73.0
14:22:16.138,202.508625,43.4043937,6.0101893,223.404,1,10,1.15,54.482,73.03
14:22:16.240,202.610644,43.4043993,6.010211,223.508,1,10,1.15,54.662,72.97
14:22:16.339,202.709691,43.4044049,6.0102327,223.544,1,10,1.15,54.919,73.3
14:22:16.438,202.808778,43.4044105,6.0102544,223.577,1,10,1.15,55.267,73.28
14:22:16.542,202.91302,43.4044165,6.0102752,223.767,1,12,1.04,55.529,73.06
14:22:16.644,203.014788,43.4044226,6.010296,223.926,1,12,1.04,55.806,72.74
14:22:16.743,203.113751,43.4044285,6.010317,224.04,1,12,1.04,56.101,73.38
14:22:16.842,203.212989,43.4044343,6.0103381,224.195,1,12,1.04,56.371,73.68
14:22:16.942,203.31278,43.40444,6.0103593,224.292,1,12,1.04,56.606,74.32
14:22:17.045,203.415861,43.4044457,6.0103807,224.346,1,12,1.04,56.795,74.84
14:22:17.143,203.513709,43.4044512,6.010402,224.386,1,12,1.04,56.799,75.17
14:22:17.242,203.612659,43.4044569,6.0104233,224.342,1,12,1.04,56.853,75.05
14:22:17.342,203.712626,43.4044624,6.0104447,224.37,1,12,1.04,57.058,75.21
14:22:17.444,203.814978,43.4044678,6.010467,224.37,1,11,1.15,57.54,75.27
14:22:17.542,203.912963,43.4044731,6.0104891,224.349,1,11,1.15,57.831,75.18
14:22:17.641,204.011723,43.4044784,6.0105113,224.339,1,11,1.15,57.992,75.11
14:22:17.741,204.111759,43.4044836,6.0105331,224.315,1,11,1.15,57.518,75.29
14:22:17.845,204.215705,43.4044886,6.0105544,224.218,1,12,1.04,56.04,75.59
14:22:17.940,204.310747,43.4044934,6.0105752,224.036,1,12,1.04,54.232,76.29
14:22:18.042,204.412639,43.4044981,6.0105957,223.905,1,12,1.04,53.023,76.88
14:22:18.151,204.521703,43.4045025,6.010616,223.815,1,12,1.04,52.113,77.13
14:22:18.244,204.614716,43.4045069,6.010636,223.746,1,12,1.04,51.499,77.39
14:22:18.340,204.710942,43.4045111,6.0106559,223.705,1,12,1.04,51.065,77.72
14:22:18.442,204.812768,43.4045152,6.0106753,223.651,1,12,1.04,50.2,78.0
14:22:18.541,204.912099,43.4045192,6.0106945,223.622,1,12,1.04,49.302,78.3
14:22:18.644,205.014774,43.4045229,6.0107134,223.625,1,12,1.04,48.478,78.9
14:22:18.740,205.110753,43.4045263,6.0107323,223.717,1,12,1.04,48.043,79.98
14:22:18.841,205.21171,43.4045292,6.0107511,223.878,1,12,1.04,47.511,81.44
14:22:18.941,205.311713,43.4045319,6.0107696,223.979,1,12,1.04,46.607,82.4
14:22:19.044,205.414706,43.4045341,6.0107878,224.136,1,12,1.04,45.852,83.48
14:22:19.142,205.512649,43.4045361,6.0108053,224.153,1,12,1.04,44.526,87.11
14:22:19.241,205.611646,43.4045371,6.0108226,224.165,1,12,1.04,43.476,91.03
14:22:19.341,205.711642,43.4045376,6.0108396,224.211,1,12,1.04,42.546,93.07
14:22:19.444,205.814812,43.4045365,6.0108565,224.371,1,12,1.04,42.233,94.65
14:22:19.542,205.912965,43.4045341,6.0108731,224.441,1,11,1.15,42.515,103.66
14:22:19.642,206.012701,43.404531,6.0108888,224.469,1,11,1.15,42.459,108.03
14:22:19.741,206.111678,43.4045278,6.0109038,224.496,1,11,1.15,41.985,115.22
14:22:19.842,206.212725,43.4045258,6.0109234,224.381,1,11,1.15,41.429,118.41
14:22:19.940,206.310713,43.404523,6.0109419,224.252,1,12,1.04,41.005,126.6
14:22:20.042,206.412636,43.4045196,6.0109587,224.179,1,12,1.02,40.7,130.18
14:22:20.151,206.521672,43.4045152,6.0109745,224.038,1,12,1.04,40.396,137.44
14:22:20.244,206.614641,43.4045102,6.0109891,223.89,1,12,1.04,40.29,141.2
14:22:20.342,206.712641,43.4045043,6.0110021,223.561,1,12,1.04,41.166,147.94
14:22:20.440,206.810928,43.4044977,6.0110136,223.341,1,12,1.04,41.689,150.57
14:22:20.542,206.913027,43.4044907,6.0110238,223.079,1,12,1.04,41.8,159.14
14:22:20.644,207.014729,43.4044831,6.0110326,222.944,1,12,1.04,42.177,162.46
14:22:20.742,207.112667,43.4044752,6.0110399,222.825,1,12,1.04,42.126,169.47
14:22:20.841,207.211699,43.4044675,6.0110454,222.685,1,12,1.04,41.507,172.92
14:22:20.942,207.312657,43.4044596,6.0110494,222.594,1,12,1.04,41.383,179.97
14:22:21.044,207.414662,43.4044523,6.0110519,222.478,1,12,1.04,40.311,182.39
14:22:21.142,207.512703,43.4044452,6.0110533,222.417,1,12,1.04,39.325,191.77
14:22:21.239,207.609719,43.4044383,6.0110533,222.346,1,12,1.07,38.529,195.18
14:22:21.348,207.718711,43.404432,6.0110521,222.297,1,12,1.07,37.762,201.78
14:22:21.441,207.81171,43.4044263,6.0110494,222.231,1,11,1.14,36.977,205.75
14:22:21.540,207.911024,43.404421,6.0110458,222.157,1,11,1.14,36.316,215.12
14:22:21.639,208.009782,43.4044162,6.0110418,222.219,1,11,1.14,35.236,217.96
14:22:21.740,208.110677,43.4044109,6.0110374,222.218,1,11,1.14,35.049,223.06
14:22:21.841,208.211651,43.404406,6.0110323,222.175,1,11,1.14,35.273,224.35
14:22:21.939,208.309715,43.4044011,6.0110264,222.103,1,11,1.14,36.06,227.18
14:22:22.043,208.413629,43.4043965,6.0110196,221.965,1,12,1.07,36.873,228.79
14:22:22.143,208.513777,43.4043926,6.0110119,221.88,1,12,1.05,37.277,232.27
14:22:22.245,208.615698,43.4043891,6.0110037,221.81,1,12,1.05,37.512,235.24
14:22:22.341,208.711632,43.4043856,6.0109953,221.68,1,12,1.07,37.618,238.48
14:22:22.442,208.812746,43.4043824,6.0109864,221.599,1,12,1.07,37.953,241.12
14:22:22.542,208.912945,43.4043799,6.0109779,221.743,1,13,0.99,38.272,244.78
14:22:22.644,209.014855,43.4043778,6.010969,221.887,1,13,0.99,38.351,247.28
14:22:22.741,209.111727,43.4043761,6.0109597,222.027,1,13,0.99,38.394,250.62
14:22:22.841,209.211717,43.4043747,6.01095,222.151,1,13,0.99,38.603,252.7
14:22:22.942,209.312717,43.4043736,6.0109401,222.258,1,13,0.99,38.722,255.3
14:22:23.042,209.412628,43.4043726,6.0109293,222.329,1,13,1.01,38.998,256.94
14:22:23.141,209.511726,43.4043724,6.0109181,222.462,1,13,0.98,39.155,259.64
14:22:23.243,209.613741,43.4043733,6.0109086,222.652,1,14,0.97,39.462,260.63
14:22:23.343,209.713895,43.4043749,6.0109003,222.786,1,14,0.95,39.768,262.66
14:22:23.438,209.808604,43.4043767,6.0108915,222.905,1,14,0.95,40.14,264.3
14:22:23.547,209.917778,43.4043802,6.0108839,222.934,1,14,0.9,40.368,266.27
14:22:23.644,210.014691,43.4043836,6.0108759,222.969,1,14,0.9,40.572,267.46
14:22:23.743,210.113657,43.404387,6.0108673,223.017,1,14,0.9,40.988,268.93
14:22:23.847,210.217645,43.4043903,6.0108584,223.059,1,14,0.9,41.24,269.38
14:22:23.947,210.317732,43.4043936,6.0108491,223.13,1,14,0.9,41.542,269.97
14:22:24.045,210.415707,43.4043968,6.0108393,223.244,1,14,0.87,41.613,269.4
14:22:24.153,210.523711,43.4043996,6.0108282,223.404,1,14,0.89,41.842,269.17
14:22:24.247,210.617661,43.4044022,6.0108168,223.533,1,14,0.89,42.176,268.74
14:22:24.341,210.711491,43.4044047,6.010805,223.655,1,13,1.01,42.642,268.46
14:22:24.443,210.813712,43.404407,6.0107931,223.793,1,13,1.01,43.098,268.07
14:22:24.543,210.914021,43.4044092,6.0107808,223.931,1,13,1.01,43.496,267.87
14:22:24.635,211.005918,43.4044113,6.0107684,224.049,1,13,1.01,43.796,267.66
14:22:24.741,211.111845,43.4044129,6.0107561,224.115,1,13,1.03,44.118,267.19
14:22:24.843,211.213656,43.4044144,6.0107435,224.173,1,13,1.03,44.402,267.05
14:22:24.937,211.307625,43.404416,6.0107315,224.215,1,13,0.99,44.565,266.71
14:22:25.046,211.416691,43.4044173,6.0107192,224.26,1,13,0.99,44.726,266.05
14:22:25.157,211.527576,43.4044183,6.0107067,224.309,1,13,0.99,45.055,265.08
14:22:25.244,211.614621,43.404419,6.010694,224.351,1,13,0.99,45.341,263.74
14:22:25.353,211.723637,43.4044194,6.0106812,224.394,1,13,0.99,45.485,262.24
14:22:25.452,211.8227,43.4044193,6.0106684,224.44,1,13,0.99,45.567,260.57
14:22:25.546,211.916933,43.404419,6.0106552,224.537,1,13,0.93,45.543,258.28
14:22:25.645,212.015759,43.404418,6.0106422,224.617,1,13,0.93,45.53,255.08
14:22:25.745,212.115697,43.4044164,6.0106293,224.69,1,13,0.93,45.631,251.61
14:22:25.846,212.216742,43.4044136,6.0106161,224.793,1,12,1.13,45.848,248.63
14:22:25.948,212.318605,43.4044103,6.0106033,225.024,1,13,1.18,46.117,244.6
14:22:26.043,212.413676,43.404406,6.0105903,225.157,1,12,1.23,46.185,241.37
14:22:26.152,212.522876,43.4044013,6.0105779,225.269,1,12,1.23,45.946,237.81
14:22:26.247,212.617633,43.4043963,6.0105662,225.378,1,12,1.23,45.248,234.9
14:22:26.344,212.714712,43.4043906,6.010555,225.485,1,12,1.23,44.676,231.31
14:22:26.443,212.813913,43.4043845,6.0105445,225.587,1,12,1.23,44.159,228.21
14:22:26.543,212.913925,43.4043778,6.010535,225.644,1,12,1.25,43.498,224.53
14:22:26.638,213.008755,43.4043714,6.0105271,225.736,1,14,0.82,41.211,219.33
14:22:26.745,213.115605,43.4043647,6.01052,225.727,1,13,0.87,40.722,217.11
14:22:26.844,213.214619,43.4043582,6.0105135,225.797,1,14,0.86,39.324,216.17
14:22:26.944,213.314621,43.4043516,6.0105075,225.865,1,14,0.86,38.231,215.05
14:22:27.035,213.405672,43.4043452,6.0105015,225.947,1,14,0.87,37.277,214.83
14:22:27.141,213.51235,43.4043392,6.0104963,226.01,1,14,0.86,35.192,214.62
14:22:27.244,213.614706,43.4043336,6.0104914,226.073,1,14,0.86,33.008,214.54
14:22:27.344,213.714717,43.4043285,6.0104868,226.156,1,14,0.83,31.321,214.48
14:22:27.432,213.802704,43.4043227,6.0104815,226.196,1,11,1.31,31.327,212.39
14:22:27.543,213.91401,43.404317,6.0104772,226.291,1,12,1.22,30.308,210.41
14:22:27.642,214.012795,43.4043113,6.0104735,226.401,1,12,1.32,28.495,206.94
14:22:27.741,214.111672,43.4043059,6.0104713,226.512,1,12,1.31,25.734,201.74
14:22:27.846,214.216706,43.4043004,6.0104682,226.556,1,12,1.19,23.913,198.18
14:22:27.941,214.312052,43.404295,6.0104675,226.594,1,12,1.2,22.785,193.53
14:22:28.042,214.412641,43.4042899,6.0104678,226.65,1,12,1.2,21.341,187.01
14:22:28.143,214.513651,43.4042856,6.0104692,226.703,1,12,1.2,18.744,183.99
14:22:28.246,214.616644,43.4042823,6.010472,226.811,1,13,1.16,16.161,177.78
14:22:28.345,214.715879,43.4042794,6.0104757,226.904,1,13,1.16,14.209,172.78
14:22:28.444,214.814639,43.404277,6.0104812,226.978,1,13,1.09,13.062,169.69
14:22:28.544,214.914936,43.404275,6.0104881,227.032,1,15,0.87,12.936,162.65
14:22:28.646,215.01686,43.4042703,6.0105057,227.076,1,15,0.87,18.877,162.33
14:22:28.745,215.115639,43.4042701,6.0105118,227.13,1,15,0.87,18.587,162.31
14:22:28.843,215.213703,43.4042701,6.0105196,227.162,1,15,0.87,19.411,162.27
14:22:28.943,215.313619,43.4042702,6.0105272,227.18,1,14,0.92,21.029,92.55
14:22:29.047,215.417647,43.40426,6.0105548,226.976,1,14,0.92,31.44,94.37
14:22:29.142,215.513342,43.4042566,6.0105696,227.248,1,14,0.92,35.271,94.77
14:22:29.244,215.614705,43.4042532,6.010586,227.5,1,14,0.92,35.67,95.54
14:22:29.344,215.714689,43.4042516,6.0106013,227.477,1,14,0.92,35.72,95.25
14:22:29.447,215.817694,43.4042509,6.0106155,227.43,1,14,0.92,35.881,93.3
14:22:29.547,215.917923,43.4042508,6.0106293,227.371,1,14,0.92,36.034,90.56
14:22:29.645,216.015925,43.4042513,6.0106428,227.302,1,14,0.92,36.338,87.62
14:22:29.747,216.117655,43.4042524,6.0106565,227.219,1,14,0.9,36.488,85.02
14:22:29.848,216.218622,43.4042537,6.0106698,227.157,1,13,0.93,37.107,82.96
14:22:29.948,216.318556,43.4042549,6.0106833,227.177,1,13,0.93,37.579,81.47
14:22:30.047,216.417617,43.4042561,6.0106969,227.207,1,13,0.93,37.994,81.4
14:22:30.154,216.524665,43.4042574,6.0107103,227.231,1,13,0.95,38.507,81.19
14:22:30.247,216.617696,43.4042587,6.0107237,227.267,1,13,0.95,38.786,81.28
14:22:30.346,216.716619,43.4042601,6.0107372,227.283,1,13,0.95,39.19,81.22
14:22:30.445,216.815659,43.4042616,6.0107508,227.322,1,13,0.95,39.472,81.24
14:22:30.544,216.91506,43.4042631,6.0107646,227.342,1,13,0.95,39.801,81.32
14:22:30.633,217.004464,43.4042644,6.0107785,227.406,1,12,1.04,40.194,81.73
14:22:30.743,217.113633,43.4042656,6.0107925,227.419,1,12,1.01,40.477,82.75
14:22:30.844,217.214655,43.404267,6.0108064,227.434,1,11,1.13,40.605,82.86
14:22:30.946,217.316618,43.4042683,6.010821,227.428,1,12,0.99,40.844,83.13
14:22:31.039,217.409621,43.4042697,6.0108357,227.404,1,12,1.05,41.35,83.19
14:22:31.142,217.512446,43.4042711,6.0108505,227.366,1,11,1.18,41.814,83.18
14:22:31.245,217.61563,43.4042724,6.0108655,227.341,1,11,1.18,42.279,83.56
14:22:31.345,217.715622,43.4042735,6.0108806,227.337,1,11,1.18,42.424,84.4
14:22:31.433,217.803609,43.4042746,6.0108957,227.323,1,11,1.19,42.598,84.55
14:22:31.542,217.913035,43.4042759,6.010911,227.314,1,11,1.19,43.002,84.18
14:22:31.644,218.014836,43.4042772,6.0109265,227.295,1,11,1.19,43.718,83.8
14:22:31.738,218.108713,43.4042787,6.010942,227.258,1,12,1.05,44.104,83.71
14:22:31.833,218.204406,43.40428,6.0109575,227.228,1,12,1.05,44.218,83.62
14:22:31.946,218.316646,43.4042814,6.0109732,227.207,1,12,1.05,44.548,83.62
14:22:32.045,218.415615,43.4042826,6.010989,227.191,1,12,1.05,44.813,84.01
14:22:32.145,218.515608,43.404284,6.0110049,227.159,1,12,1.05,45.055,83.84
14:22:32.233,218.604217,43.4042854,6.0110209,227.149,1,12,1.05,45.361,83.67
14:22:32.342,218.713051,43.4042868,6.011037,227.147,1,12,1.05,45.687,83.66
14:22:32.445,218.81589,43.4042882,6.0110532,227.143,1,12,1.05,45.974,83.48
14:22:32.545,218.915968,43.4042897,6.0110693,227.143,1,12,1.05,45.952,82.76
14:22:32.635,219.005835,43.4042917,6.0110854,227.106,1,12,1.08,46.135,81.39
14:22:32.742,219.11279,43.404294,6.0111014,227.063,1,12,1.08,46.456,79.9
14:22:32.845,219.21568,43.4042965,6.0111176,227.011,1,13,0.98,46.937,78.84
14:22:32.945,219.315668,43.4042991,6.0111338,226.985,1,13,0.98,47.357,77.89
14:22:33.046,219.416737,43.4043019,6.0111501,226.972,1,13,0.98,47.758,77.2
14:22:33.146,219.516614,43.4043048,6.0111665,226.981,1,13,0.98,48.021,76.58
14:22:33.245,219.61567,43.4043077,6.0111829,227.043,1,13,0.98,48.035,75.9
14:22:33.343,219.713905,43.4043108,6.0111993,227.069,1,12,1.09,48.124,74.98
14:22:33.446,219.816654,43.4043142,6.0112157,227.095,1,12,1.09,48.298,74.01
14:22:33.546,219.916925,43.404318,6.0112321,227.109,1,13,1.01,48.83,72.36
14:22:33.645,220.015947,43.4043221,6.0112486,227.13,1,13,1.01,49.2,70.88
14:22:33.745,220.116085,43.4043264,6.011265,227.156,1,13,1.01,49.415,69.93
14:22:33.840,220.210579,43.4043309,6.0112813,227.14,1,12,1.19,49.728,69.35
14:22:33.943,220.313664,43.4043355,6.0112977,227.119,1,12,1.19,50.043,68.42
14:22:34.045,220.41564,43.4043405,6.011314,227.099,1,12,1.19,50.317,67.47
14:22:34.145,220.51584,43.4043457,6.01133,227.081,1,12,1.19,50.108,66.16
14:22:34.247,220.617796,43.4043511,6.0113459,227.066,1,12,1.19,49.956,64.86
14:22:34.342,220.713232,43.4043568,6.0113617,227.084,1,11,1.22,50.232,63.32
14:22:34.444,220.814659,43.4043628,6.0113774,227.098,1,11,1.22,50.556,62.04
14:22:34.544,220.914936,43.4043689,6.011393,227.11,1,11,1.22,50.808,60.91
14:22:34.648,221.018756,43.4043755,6.0114084,227.14,1,12,1.07,50.987,59.61
14:22:34.743,221.114025,43.4043823,6.0114234,227.14,1,12,1.07,50.795,57.69
14:22:34.845,221.215634,43.4043895,6.0114381,227.141,1,12,1.07,50.769,55.98
14:22:34.944,221.314621,43.4043971,6.0114527,227.126,1,11,1.22,50.971,54.18
14:22:35.034,221.404715,43.4044049,6.0114671,227.124,1,11,1.22,51.382,52.68
14:22:35.171,221.541725,43.404413,6.0114814,227.131,1,11,1.22,51.71,51.01
14:22:35.244,221.614693,43.4044213,6.0114953,227.137,1,11,1.22,51.697,49.9
14:22:35.354,221.724623,43.4044299,6.0115089,227.145,1,11,1.22,51.63,48.29
14:22:35.453,221.823599,43.4044388,6.0115221,227.164,1,11,1.22,51.58,46.41
14:22:35.543,221.914028,43.4044484,6.0115347,227.22,1,12,1.07,51.713,43.58
14:22:35.645,222.015767,43.4044581,6.0115469,227.245,1,12,1.07,51.723,41.67
14:22:35.745,222.115874,43.4044683,6.0115588,227.305,1,12,1.05,52.241,39.46
14:22:35.847,222.217652,43.4044788,6.0115704,227.381,1,12,1.05,52.647,37.86
14:22:35.943,222.313578,43.4044893,6.0115816,227.439,1,12,1.07,52.654,36.33
14:22:36.045,222.415609,43.4045,6.0115924,227.472,1,12,1.07,52.486,35.02
14:22:36.141,222.511609,43.4045109,6.0116025,227.492,1,12,1.1,52.486,33.24
14:22:36.244,222.614964,43.4045221,6.0116122,227.512,1,12,1.1,52.578,31.74
14:22:36.343,222.713648,43.4045334,6.0116216,227.536,1,12,1.1,52.654,30.15
14:22:36.441,222.81177,43.404545,6.0116305,227.556,1,12,1.1,52.801,28.85
14:22:36.542,222.912913,43.4045567,6.0116391,227.569,1,12,1.07,52.91,27.27
14:22:36.645,223.016111,43.4045686,6.0116474,227.61,1,12,1.07,53.241,26.18
14:22:36.743,223.113888,43.4045807,6.0116556,227.65,1,12,1.07,53.556,25.23
14:22:36.842,223.212779,43.404593,6.0116635,227.673,1,12,1.07,53.943,24.63
14:22:36.941,223.311632,43.4046054,6.0116715,227.677,1,12,1.16,54.334,24.31
14:22:37.045,223.415621,43.404618,6.0116795,227.679,1,12,1.16,54.758,24.31
14:22:37.143,223.513657,43.4046306,6.0116874,227.668,1,12,1.16,54.94,24.31
14:22:37.242,223.612931,43.4046433,6.0116955,227.657,1,12,1.16,55.341,24.35
14:22:37.342,223.712748,43.4046558,6.0117036,227.66,1,12,1.16,55.214,24.85
14:22:37.445,223.815639,43.4046685,6.0117119,227.651,1,12,1.16,55.564,25.22
14:22:37.543,223.913924,43.4046812,6.0117204,227.648,1,12,1.16,55.801,25.68
14:22:37.642,224.012664,43.4046939,6.011729,227.658,1,11,1.25,55.979,26.23
14:22:37.740,224.110753,43.4047066,6.0117379,227.625,1,11,1.17,56.266,27.0
14:22:37.844,224.214769,43.4047191,6.0117472,227.608,1,11,1.17,56.621,28.3
14:22:37.943,224.313706,43.4047317,6.0117568,227.617,1,10,1.26,57.056,29.71
14:22:38.041,224.411682,43.4047443,6.0117667,227.625,1,10,1.26,57.362,31.25
14:22:38.151,224.521749,43.4047567,6.0117772,227.635,1,10,1.26,57.547,32.79
14:22:38.245,224.615622,43.4047689,6.0117883,227.644,1,10,1.26,57.614,34.39
14:22:38.343,224.713804,43.4047809,6.0117998,227.652,1,10,1.26,57.549,36.13
14:22:38.442,224.812849,43.4047926,6.0118118,227.659,1,10,1.26,57.225,38.21
14:22:38.542,224.912966,43.4048034,6.0118247,227.671,1,11,1.11,56.517,40.4
14:22:38.644,225.014849,43.4048135,6.0118379,227.695,1,11,1.11,55.103,42.66
14:22:38.743,225.113572,43.404823,6.0118515,227.728,1,11,1.05,54.032,45.15
14:22:38.844,225.214751,43.4048321,6.0118654,227.75,1,11,1.05,53.017,47.56
14:22:38.941,225.311695,43.4048405,6.0118796,227.77,1,11,1.07,52.343,50.63
14:22:39.034,225.404621,43.4048482,6.0118942,227.794,1,11,1.07,51.539,53.53
14:22:39.143,225.513611,43.404855,6.011909,227.813,1,11,1.07,50.352,57.3
14:22:39.242,225.61276,43.4048615,6.0119241,227.856,1,11,1.09,49.156,59.36
14:22:39.342,225.712619,43.4048671,6.0119394,227.899,1,11,1.09,47.959,65.49
14:22:39.434,225.804682,43.4048717,6.0119549,227.94,1,11,1.09,46.956,69.09
14:22:39.543,225.913941,43.4048753,6.0119705,227.98,1,11,1.09,45.956,74.43
14:22:39.642,226.012676,43.4048779,6.0119861,228.019,1,11,1.09,45.315,78.07
14:22:39.739,226.109822,43.4048795,6.0120015,228.029,1,0,,44.707,84.26
14:22:39.832,226.202756,43.4048802,6.0120167,228.039,1,0,,44.085,87.9
14:22:39.950,226.320565,43.4048801,6.0120321,228.058,1,15,0.81,44.009,91.01
14:22:40.041,226.411605,43.4048792,6.0120473,228.071,1,10,1.17,42.415,93.18
14:22:40.143,226.513613,43.4048775,6.0120616,228.084,1,10,1.17,41.283,103.42
14:22:40.234,226.604611,43.4048747,6.0120753,228.096,1,10,1.17,40.501,107.91
14:22:40.341,226.711627,43.4048709,6.0120876,228.073,1,10,1.15,39.174,113.8
14:22:40.442,226.812609,43.4048664,6.012099,228.05,1,10,1.15,37.946,117.59
14:22:40.543,226.913936,43.4048612,6.0121096,228.018,1,11,1.15,37.155,126.61
14:22:40.633,227.003681,43.4048553,6.0121192,227.999,1,11,1.15,36.575,129.6
14:22:40.743,227.113838,43.4048491,6.0121278,227.963,1,11,1.15,35.936,138.72
14:22:40.832,227.202893,43.404842,6.0121352,227.939,1,11,1.15,35.61,142.82
14:22:40.938,227.308625,43.4048346,6.0121416,227.954,1,12,1.04,35.305,151.67
14:22:41.036,227.40682,43.4048268,6.0121468,227.989,1,12,1.04,35.149,154.44
14:22:41.145,227.515621,43.4048188,6.0121509,227.984,1,12,1.04,35.025,164.67
14:22:41.236,227.6067,43.4048106,6.012154,227.974,1,12,1.04,34.888,167.54
14:22:41.345,227.715674,43.4048024,6.0121561,227.924,1,12,1.04,34.525,173.54
14:22:41.436,227.806604,43.404794,6.0121573,227.884,1,12,1.04,34.679,176.52
14:22:41.545,227.915976,43.4047857,6.012158,227.872,1,12,1.04,34.603,180.92
14:22:41.636,228.006655,43.4047772,6.0121581,227.892,1,12,1.04,34.573,183.09
14:22:41.738,228.108785,43.4047689,6.0121577,227.911,1,12,1.04,34.419,186.14
14:22:41.836,228.20664,43.4047605,6.0121566,227.928,1,12,1.04,34.334,188.42
14:22:41.936,228.306755,43.4047522,6.0121548,227.92,1,12,1.04,34.699,192.05
14:22:42.036,228.406697,43.4047437,6.0121522,227.914,1,12,1.04,35.264,195.13
14:22:42.142,228.512897,43.4047355,6.0121487,227.9,1,11,1.15,35.56,198.73
14:22:42.233,228.60369,43.4047274,6.0121444,227.892,1,11,1.15,35.788,202.43
14:22:42.334,228.704664,43.4047195,6.0121392,227.873,1,11,1.15,36.023,206.58
14:22:42.433,228.803694,43.4047119,6.0121334,227.859,1,11,1.15,36.107,209.82
14:22:42.539,228.909913,43.4047046,6.0121268,227.835,1,11,1.13,36.505,214.67
14:22:42.635,229.00621,43.4046977,6.0121195,227.83,1,11,1.13,36.803,217.96
14:22:42.737,229.107654,43.4046911,6.0121118,227.818,1,11,1.13,36.516,221.78
14:22:42.837,229.20771,43.4046849,6.0121035,227.803,1,11,1.13,36.207,224.73
14:22:42.940,229.310865,43.404679,6.0120953,227.831,1,12,1.03,35.745,227.55
14:22:43.041,229.411551,43.404673,6.012087,227.828,1,12,1.03,35.403,227.5
14:22:43.147,229.517716,43.4046673,6.0120789,227.881,1,12,1.03,34.669,227.43
14:22:43.238,229.608654,43.4046614,6.012071,227.918,1,12,1.03,34.01,224.39
14:22:43.340,229.710866,43.4046551,6.0120635,227.898,1,12,1.03,33.656,225.1
14:22:43.439,229.809623,43.4046483,6.0120568,227.891,1,12,1.03,33.412,220.46
14:22:43.550,229.920672,43.4046415,6.0120509,227.876,1,12,0.97,32.951,219.68
14:22:43.638,230.008634,43.4046339,6.0120461,227.821,1,12,0.97,32.725,217.04
14:22:43.741,230.11163,43.404626,6.0120423,227.798,1,12,0.97,32.936,207.1
14:22:43.840,230.210719,43.4046189,6.012039,227.975,1,13,0.86,32.356,203.8
14:22:43.939,230.309668,43.4046114,6.0120365,228.075,1,13,0.86,32.364,195.22
14:22:44.039,230.40961,43.4046031,6.0120351,228.147,1,13,0.86,33.803,191.59
14:22:44.149,230.519592,43.4045943,6.0120344,228.182,1,13,0.86,36.06,184.71
14:22:44.242,230.612666,43.4045853,6.012034,228.045,1,13,0.86,37.518,182.24
14:22:44.339,230.709668,43.4045762,6.0120346,227.872,1,13,0.86,38.109,177.54
14:22:44.438,230.808823,43.4045671,6.0120364,227.808,1,12,0.97,38.448,176.44
14:22:44.541,230.912065,43.4045578,6.0120387,227.731,1,11,1.06,39.129,169.86
14:22:44.641,231.011672,43.4045485,6.0120419,227.596,1,11,1.06,40.072,167.81
14:22:44.738,231.108713,43.4045391,6.0120462,227.497,1,11,1.06,41.04,162.73
14:22:44.839,231.20982,43.4045302,6.0120514,227.368,1,12,0.95,41.492,160.01
14:22:44.942,231.312717,43.4045216,6.0120573,227.284,1,12,0.95,41.439,155.52
14:22:45.040,231.410613,43.4045135,6.0120643,227.235,1,12,0.95,41.407,153.23
14:22:45.166,231.53662,43.4045057,6.0120721,227.186,1,12,1.05,41.605,147.9
14:22:45.238,231.608592,43.4044974,6.0120806,227.16,1,12,1.05,42.385,145.78
14:22:45.357,231.727621,43.4044899,6.0120904,227.138,1,13,0.9,43.102,140.73
14:22:45.442,231.812557,43.4044826,6.0121008,227.163,1,13,0.91,43.785,138.88
14:22:45.537,231.908143,43.4044758,6.0121108,227.149,1,12,1.07,43.265,136.36
14:22:45.638,232.008717,43.40447,6.0121208,227.116,1,12,1.07,42.046,134.77
14:22:45.740,232.110633,43.404463,6.0121314,227.061,1,12,1.07,42.235,132.46
14:22:45.842,232.212607,43.404458,6.0121427,227.041,1,13,0.9,41.537,131.2
14:22:45.938,232.308715,43.4044536,6.0121538,226.977,1,12,1.05,40.457,128.27
14:22:46.039,232.409627,43.4044494,6.0121651,226.919,1,12,0.95,39.614,127.44
14:22:46.142,232.512777,43.4044466,6.0121762,226.87,1,11,1.01,38.007,123.99
14:22:46.242,232.612575,43.4044436,6.0121871,226.826,1,11,1.01,36.484,123.85
14:22:46.338,232.708671,43.4044436,6.012198,226.789,1,11,1.01,34.232,118.88
14:22:46.438,232.808622,43.4044438,6.0122089,226.753,1,11,1.01,32.792,116.68
14:22:46.542,232.912911,43.4044432,6.0122197,226.713,1,11,1.01,31.778,112.2
14:22:46.640,233.010743,43.4044444,6.0122303,226.652,1,12,0.94,30.727,111.18
14:22:46.739,233.109702,43.4044472,6.0122409,226.59,1,12,0.94,29.799,104.85
14:22:46.840,233.210812,43.4044514,6.0122514,226.551,1,12,0.9,29.108,103.84
14:22:46.942,233.312673,43.4044579,6.0122617,226.518,1,12,0.94,28.765,94.53
14:22:47.041,233.411646,43.4044799,6.0122725,226.477,1,12,0.94,30.395,91.15
14:22:47.149,233.519718,43.404511,6.0122847,226.399,1,12,0.94,37.922,77.1
14:22:47.239,233.609599,43.4045154,6.0122954,226.562,1,11,1.02,37.097,76.58
14:22:47.343,233.713632,43.4045233,6.0123057,226.61,1,11,1.02,37.11,51.44
14:22:47.442,233.81254,43.4045327,6.0123157,226.759,1,11,1.06,35.805,51.0
14:22:47.551,233.92164,43.4045375,6.0123254,226.799,1,11,1.06,36.103,48.83
14:22:47.639,234.009646,43.4045435,6.0123348,226.819,1,11,1.06,36.368,47.36
14:22:47.742,234.112883,43.40455,6.012344,226.85,1,11,1.03,36.573,45.17
14:22:47.840,234.210815,43.4045568,6.0123531,226.861,1,11,1.03,37.099,43.88
14:22:47.949,234.319889,43.4045641,6.0123621,226.867,1,11,1.03,37.218,42.62
14:22:48.039,234.409715,43.4045715,6.0123709,226.839,1,12,0.95,37.71,41.89
14:22:48.149,234.51961,43.4045791,6.0123796,226.798,1,12,0.95,38.231,40.93
14:22:48.243,234.613611,43.4045871,6.0123884,226.797,1,12,0.91,38.612,40.14
14:22:48.350,234.720832,43.4045951,6.0123968,226.785,1,12,0.91,38.692,39.03
14:22:48.441,234.811635,43.4046034,6.0124052,226.794,1,12,0.91,38.881,38.14
14:22:48.543,234.913991,43.4046118,6.0124133,226.803,1,13,0.88,38.851,36.22
14:22:48.641,235.011774,43.4046202,6.0124213,226.912,1,13,0.88,38.688,34.8
14:22:48.751,235.121708,43.4046289,6.0124289,226.93,1,13,0.88,38.877,33.06
14:22:48.840,235.210946,43.4046376,6.0124363,227.001,1,13,0.88,38.896,31.75
14:22:48.943,235.313818,43.4046466,6.0124436,227.157,1,13,0.88,39.233,29.87
14:22:49.042,235.412695,43.4046558,6.0124506,227.262,1,13,0.88,39.729,28.9
14:22:49.151,235.521667,43.4046651,6.0124574,227.321,1,13,0.88,40.287,27.86
14:22:49.241,235.611605,43.4046746,6.0124639,227.354,1,13,0.9,40.82,26.66
14:22:49.343,235.713649,43.4046843,6.0124702,227.414,1,13,0.9,41.25,25.3
14:22:49.442,235.812619,43.404694,6.0124762,227.469,1,12,1.02,41.507,24.22
14:22:49.545,235.916378,43.4047038,6.0124821,227.526,1,12,1.06,41.689,23.31
14:22:49.636,236.006658,43.4047137,6.0124876,227.535,1,9,1.28,41.935,21.92
14:22:49.737,236.107641,43.4047237,6.0124929,227.547,1,9,2.07,42.344,19.99
14:22:49.832,236.202693,43.4047337,6.0124978,227.564,1,0,,42.737,18.99
14:22:49.932,236.302906,43.4047439,6.0125025,227.583,1,0,,43.076,18.89
14:22:50.039,236.409805,43.4047543,6.012507,227.605,1,13,1.06,43.391,18.94
14:22:50.141,236.51188,43.4047648,6.012512,227.621,1,10,1.64,42.898,18.95
14:22:50.236,236.606658,43.4047756,6.0125166,227.67,1,10,1.0,44.352,17.73
14:22:50.337,236.707637,43.4047866,6.0125216,227.71,1,10,1.01,43.816,17.73
14:22:50.431,236.801949,43.4047972,6.0125264,227.744,1,7,1.9,43.585,17.73
14:22:50.541,236.912453,43.4048084,6.0125303,227.745,1,11,1.03,44.392,16.68
14:22:50.633,237.003726,43.4048193,6.0125349,227.776,1,8,1.72,44.12,16.68
14:22:50.732,237.102628,43.4048301,6.0125395,227.809,1,8,1.72,43.57,16.68
14:22:50.831,237.201655,43.4048407,6.012544,227.836,1,7,1.83,43.863,16.69
14:22:50.932,237.302878,43.4048513,6.0125485,227.864,1,7,1.83,44.531,16.69
14:22:51.031,237.401952,43.404862,6.0125529,227.865,1,0,,44.817,16.69
14:22:51.131,237.501649,43.4048727,6.0125573,227.867,1,0,,45.205,16.69
14:22:51.234,237.604668,43.4048838,6.0125615,227.88,1,13,0.82,45.63,16.51
14:22:51.338,237.708692,43.4048951,6.0125662,227.896,1,12,1.17,46.326,16.61
14:22:51.432,237.802732,43.4049063,6.0125707,227.899,1,8,1.62,45.518,16.6
14:22:51.537,237.908014,43.4049182,6.0125742,227.913,1,12,0.9,46.385,16.02
14:22:51.630,238.000704,43.4049293,6.0125785,227.915,1,0,,46.719,16.02
14:22:51.732,238.102675,43.4049405,6.012583,227.917,1,0,,47.12,16.02
14:22:51.841,238.211692,43.4049521,6.0125874,227.933,1,14,0.99,47.698,15.96
14:22:51.937,238.307869,43.4049642,6.0125934,227.977,1,11,1.32,51.228,16.51
14:22:52.037,238.407663,43.4049778,6.0125969,228.009,1,12,1.16,50.889,15.73
14:22:52.139,238.50971,43.4049902,6.0126019,228.046,1,11,1.49,51.312,15.74
14:22:52.233,238.603598,43.4050025,6.0126069,228.078,1,9,1.63,51.83,15.75
14:22:52.331,238.701741,43.4050149,6.0126118,228.087,1,8,1.99,52.063,15.75
14:22:52.432,238.802603,43.4050273,6.0126168,228.092,1,9,1.68,52.397,15.76
14:22:52.535,238.905959,43.4050397,6.0126218,228.097,1,9,1.68,52.649,15.77
14:22:52.633,239.003885,43.4050522,6.0126268,228.1,1,9,1.68,52.799,15.78
14:22:52.732,239.102988,43.4050646,6.0126319,228.1,1,8,2.39,54.171,15.8
14:22:52.831,239.201798,43.4050774,6.0126371,228.098,1,8,2.39,55.145,15.81
14:22:52.934,239.304782,43.4050903,6.0126424,228.096,1,8,2.39,56.277,15.84
14:22:53.033,239.403665,43.4051034,6.0126479,228.093,1,8,2.39,57.218,15.87
14:22:53.132,239.502645,43.4051168,6.0126537,228.094,1,9,1.82,58.121,15.91
14:22:53.236,239.606709,43.4051305,6.0126596,228.09,1,9,1.69,58.273,15.96
14:22:53.339,239.709816,43.4051446,6.0126654,228.088,1,9,1.69,59.933,15.97
14:22:53.433,239.803605,43.4051585,6.0126717,228.085,1,8,1.9,60.822,16.05
14:22:53.539,239.909961,43.4051703,6.0126814,228.103,1,13,1.17,60.712,16.88
14:22:53.638,240.008676,43.4051823,6.0126905,228.133,1,12,1.21,58.681,17.38
14:22:53.740,240.110714,43.4051943,6.012699,228.137,1,12,1.54,56.866,17.77
14:22:53.838,240.208588,43.4052068,6.0127064,228.145,1,11,1.81,56.586,17.91
14:22:53.937,240.307742,43.4052195,6.0127135,228.149,1,11,1.79,53.493,17.98
14:22:54.037,240.407744,43.405231,6.0127209,228.154,1,10,2.98,51.739,18.15
14:22:54.140,240.510717,43.4052419,6.0127285,228.154,1,11,1.79,49.684,18.45
14:22:54.238,240.608622,43.4052517,6.0127365,228.147,1,10,2.46,49.424,18.77
14:22:54.337,240.707595,43.4052617,6.0127441,228.149,1,10,2.5,48.428,19.0
14:22:54.437,240.80763,43.4052711,6.012752,228.145,1,10,2.46,47.1,19.24
14:22:54.540,240.91101,43.4052801,6.0127599,228.142,1,11,1.55,46.915,19.52
14:22:54.639,241.009728,43.4052888,6.0127679,228.127,1,10,1.56,46.719,19.8
14:22:54.736,241.106681,43.4052976,6.0127754,228.123,1,9,1.66,46.53,20.06
14:22:54.835,241.205601,43.405308,6.0127814,228.119,1,8,1.67,46.493,20.12
14:22:54.940,241.310789,43.4053184,6.0127879,228.131,1,10,1.53,42.97,20.21
14:22:55.037,241.407761,43.4053281,6.0127941,228.143,1,8,2.62,42.916,20.31
14:22:55.136,241.506615,43.4053376,6.0128004,228.155,1,8,2.62,42.859,20.42
14:22:55.232,241.602612,43.405347,6.0128067,228.166,1,7,3.38,42.8,20.54
14:22:55.348,241.718605,43.4053563,6.0128131,228.173,1,6,10.1,42.739,20.66
14:22:55.448,241.818599,43.4053652,6.0128194,228.195,1,9,1.48,42.618,20.78
14:22:55.537,241.907997,43.4053738,6.0128257,228.221,1,9,1.38,42.466,20.91
14:22:55.636,242.006795,43.4053821,6.0128319,228.25,1,9,1.38,42.268,21.04
14:22:55.739,242.109622,43.4053901,6.012838,228.283,1,9,1.38,42.011,21.17
14:22:55.838,242.20861,43.4053977,6.012844,228.305,1,9,1.32,41.648,21.3
14:22:55.938,242.308737,43.4054049,6.0128498,228.33,1,9,1.22,41.188,21.43
14:22:56.038,242.408944,43.4054115,6.0128554,228.358,1,9,1.22,40.618,21.57
14:22:56.140,242.511006,43.4054181,6.0128613,228.375,1,9,1.26,40.107,21.72
14:22:56.238,242.608698,43.4054241,6.012867,228.394,1,9,1.26,39.475,21.87
14:22:56.337,242.707623,43.4054294,6.0128724,228.414,1,9,1.26,38.72,22.03
14:22:56.437,242.80792,43.405434,6.0128774,228.435,1,8,1.4,37.807,22.19
14:22:56.540,242.911022,43.4054377,6.0128822,228.457,1,9,1.26,36.742,22.34
14:22:56.637,243.007779,43.4054404,6.0128864,228.481,1,9,1.26,35.494,22.5
14:22:56.736,243.106701,43.4054421,6.0128902,228.506,1,9,1.26,34.082,22.66
14:22:56.839,243.209605,43.405441,6.0128939,228.624,1,10,1.15,32.221,22.9
14:22:56.940,243.310592,43.4054387,6.012897,228.74,1,10,1.15,30.206,23.15
14:22:57.039,243.409695,43.4054351,6.0128996,228.859,1,10,1.15,28.06,23.41
14:22:57.139,243.509643,43.4054303,6.0129017,228.976,1,10,1.15,25.798,23.67
14:22:57.237,243.607611,43.4054236,6.0129009,229.027,1,9,1.22,23.007,23.81
14:22:57.340,243.710605,43.4054156,6.0128995,229.077,1,9,1.22,20.139,23.96
14:22:57.438,243.808623,43.4054064,6.0128975,229.124,1,9,1.22,17.205,24.13
14:22:57.538,243.908994,43.4053961,6.0128951,229.169,1,9,1.22,14.259,24.3
14:22:57.637,244.007899,43.4053848,6.0128921,229.211,1,9,1.22,11.297,24.49
14:22:57.740,244.110579,43.4053725,6.0128887,229.25,1,9,1.22,8.356,24.7
14:22:57.837,244.208271,43.4053595,6.0128849,229.287,1,9,1.16,5.462,24.92
14:22:57.937,244.307587,43.4053458,6.0128807,229.321,1,9,1.3,2.613,25.15
14:22:58.038,244.408703,43.4053211,6.012873,229.451,1,9,1.34,3.923,25.63
14:22:58.141,244.511737,43.4053293,6.0128799,229.602,1,10,1.18,8.897,205.7
14:22:58.237,244.608412,43.4053176,6.0128785,229.699,1,10,1.18,7.651,204.28
14:22:58.338,244.708826,43.4053087,6.0128776,229.819,1,10,1.19,7.265,202.7
14:22:58.439,244.809637,43.4052993,6.0128795,229.908,1,11,1.22,8.245,207.01
14:22:58.544,244.915005,43.4052901,6.0128809,229.994,1,11,1.03,10.175,217.74
14:22:58.638,245.008679,43.4052819,6.01288,230.084,1,11,1.14,12.249,207.98
14:22:58.739,245.109686,43.4052713,6.0128794,230.166,1,11,1.14,12.936,211.06
14:22:58.840,245.210594,43.4052609,6.0128781,230.244,1,11,1.14,13.162,221.46
14:22:58.941,245.311656,43.4052526,6.012877,230.299,1,11,1.17,13.736,222.03
14:22:59.043,245.413805,43.4052442,6.0128781,230.317,1,13,1.01,14.399,222.48
14:22:59.141,245.511638,43.4052358,6.0128788,230.332,1,13,1.01,14.796,222.48
14:22:59.239,245.6096,43.4052276,6.0128771,230.365,1,12,1.16,15.286,222.51
14:22:59.345,245.715647,43.405214,6.0128744,230.43,1,13,0.85,18.166,205.95
14:22:59.443,245.813606,43.4052041,6.0128727,230.484,1,13,0.85,17.098,213.48
14:22:59.540,245.910933,43.4051935,6.0128694,230.542,1,12,1.03,17.488,214.27
14:22:59.639,246.009761,43.4051841,6.0128662,230.579,1,12,1.07,17.744,214.85
14:22:59.742,246.112688,43.4051738,6.0128648,230.615,1,12,1.07,18.146,197.47
14:22:59.840,246.210741,43.4051637,6.0128622,230.643,1,10,1.33,18.405,197.99
14:22:59.939,246.309593,43.405156,6.012862,230.665,1,11,1.13,15.242,206.18
14:23:00.039,246.409682,43.4051467,6.012858,230.693,1,10,1.18,15.16,207.06
14:23:00.140,246.510725,43.4051374,6.0128536,230.722,1,10,1.18,15.425,208.31
14:23:00.244,246.614617,43.4051247,6.0128463,230.71,1,12,1.03,15.94,211.05
14:23:00.341,246.711662,43.4051121,6.0128382,230.698,1,13,0.93,16.574,214.32
14:23:00.439,246.809575,43.4051025,6.0128316,230.735,1,12,0.98,16.34,215.82
14:23:00.542,246.913005,43.4050893,6.0128152,230.77,1,11,1.06,20.161,221.01
14:23:00.638,247.008815,43.40508,6.0128035,230.815,1,12,1.04,21.122,228.86
14:23:00.740,247.110608,43.4050739,6.0127897,230.86,1,12,1.04,20.444,243.4
14:23:00.832,247.202591,43.4050678,6.012784,230.879,1,5,,20.468,243.55
14:23:00.934,247.304658,43.4050619,6.0127782,230.897,1,5,,22.246,243.67
14:23:01.033,247.403915,43.4050559,6.0127717,230.915,1,5,,22.663,243.79
14:23:01.149,247.51969,43.4050418,6.0127752,230.945,1,12,1.04,23.107,221.96
14:23:01.232,247.602601,43.4050343,6.0127699,230.959,1,5,,23.111,222.07
14:23:01.345,247.715662,43.4050244,6.012768,230.969,1,14,0.88,22.454,218.97
14:23:01.432,247.802684,43.405017,6.0127632,230.984,1,5,,22.45,219.0
14:23:01.532,247.902639,43.4050098,6.0127584,230.999,1,5,,22.452,219.02
14:23:01.632,248.00285,43.4050026,6.0127536,231.015,1,5,,22.465,219.02
14:23:01.735,248.105621,43.4049969,6.0127484,231.006,1,4,,22.487,219.02
14:23:01.833,248.203598,43.4049912,6.0127432,231.0,1,4,,22.487,219.03
14:23:01.932,248.302572,43.4049856,6.012738,230.995,1,4,,22.504,219.05
14:23:02.033,248.403942,43.4049788,6.0127325,231.035,1,5,,22.568,219.0
14:23:02.141,248.51193,43.4049722,6.0127271,231.074,1,5,,22.67,218.97
14:23:02.232,248.602672,43.4049678,6.0127222,231.076,1,0,,22.678,218.97
14:23:02.342,248.712591,43.4049543,6.0127193,231.038,1,12,0.95,22.687,218.41
14:23:02.439,248.809849,43.4049414,6.0127165,230.996,1,12,0.95,23.033,217.78
14:23:02.542,248.912927,43.404929,6.0127135,230.958,1,12,0.95,23.656,217.13
14:23:02.639,249.00965,43.4049188,6.0127175,230.917,1,12,0.94,15.955,211.55
14:23:02.739,249.109612,43.4049131,6.0127181,230.874,1,12,0.95,10.423,208.25
14:23:02.838,249.208695,43.4049022,6.0127192,230.844,1,12,0.96,12.19,205.62
14:23:02.941,249.311606,43.4048953,6.0127169,230.815,1,12,1.04,13.199,207.45
14:23:03.039,249.40973,43.4048931,6.0127129,230.78,1,12,1.04,12.09,213.18
14:23:03.146,249.516898,43.4048976,6.0127049,230.72,1,12,1.05,8.46,231.11
14:23:03.235,249.605804,43.4048939,6.0127034,230.75,1,11,1.18,9.258,227.01
14:23:03.342,249.712786,43.404893,6.0126991,230.767,1,12,1.02,9.171,232.23
14:23:03.440,249.810627,43.4048911,6.0126955,230.787,1,12,1.02,9.623,233.65
14:23:03.539,249.909998,43.4048823,6.0126969,230.773,1,13,0.96,10.847,231.53
14:23:03.641,250.011836,43.4048736,6.0126974,230.757,1,13,0.91,12.281,228.24
14:23:03.743,250.113612,43.4048639,6.0126985,230.749,1,13,0.88,13.344,224.24
14:23:03.838,250.209235,43.4048509,6.0127,230.696,1,13,0.9,15.986,219.18
14:23:03.941,250.311653,43.4048393,6.0126999,230.642,1,13,0.91,18.237,218.39
14:23:04.041,250.41158,43.4048281,6.0126981,230.607,1,13,0.92,20.339,217.08
14:23:04.144,250.514651,43.4048169,6.0126962,230.578,1,13,0.92,21.961,215.33
14:23:04.240,250.610718,43.4048074,6.0126943,230.612,1,11,1.12,23.809,214.64
14:23:04.339,250.709598,43.4047986,6.0126911,230.653,1,9,1.27,25.585,214.64
14:23:04.440,250.810633,43.4047893,6.0126877,230.698,1,10,1.14,27.258,214.02
14:23:04.540,250.911002,43.4047793,6.012685,230.748,1,10,1.14,28.589,212.35
14:23:04.640,251.010825,43.4047832,6.0126558,230.76,1,11,1.09,29.523,235.36
14:23:04.740,251.110615,43.4047768,6.0126441,230.787,1,11,1.04,33.088,235.46
14:23:04.840,251.210704,43.4047671,6.0126373,230.813,1,11,1.04,34.625,231.02
14:23:04.943,251.313686,43.4047579,6.0126299,230.849,1,11,1.04,34.749,229.11
14:23:05.045,251.415621,43.4047487,6.0126217,230.89,1,11,0.99,34.955,227.91
14:23:05.151,251.521881,43.4047396,6.0126136,230.901,1,11,0.99,33.851,227.12
14:23:05.240,251.610712,43.4047307,6.0126059,230.921,1,11,1.02,34.769,226.27
14:23:05.345,251.715597,43.4047214,6.0125982,230.942,1,12,0.95,34.668,225.35
14:23:05.453,251.823678,43.404712,6.0125909,230.952,1,12,0.95,34.188,224.36
14:23:05.541,251.911964,43.4047026,6.0125839,230.967,1,12,0.95,34.562,223.25
14:23:05.643,252.013668,43.4046939,6.0125759,230.967,1,13,0.95,34.429,221.82
14:23:05.735,252.105598,43.4046875,6.012568,230.97,1,0,,34.106,221.82
14:23:05.833,252.203604,43.4046812,6.0125602,230.974,1,0,,33.217,221.82
14:23:05.937,252.307604,43.4046737,6.0125526,230.952,1,15,0.8,33.997,221.52
14:23:06.033,252.403575,43.4046673,6.0125449,230.956,1,0,,32.647,221.52
14:23:06.138,252.508748,43.4046606,6.012537,230.924,1,5,,35.755,221.42
14:23:06.236,252.606661,43.4046533,6.0125285,230.892,1,5,,36.497,221.42
14:23:06.335,252.705602,43.4046458,6.0125198,230.867,1,5,,37.322,221.31
14:23:06.428,252.798802,43.4046387,6.0125113,230.884,1,0,,37.796,221.14
14:23:06.537,252.908324,43.4046316,6.0125027,230.901,1,0,,38.275,221.36
14:23:06.646,253.01663,43.4046218,6.0124965,230.874,1,14,0.86,38.825,217.78
14:23:06.734,253.104613,43.4046139,6.0124888,230.881,1,0,,39.585,212.17
14:23:06.828,253.198604,43.4046053,6.0124816,230.87,1,0,,40.346,212.53
14:23:06.943,253.313664,43.4045945,6.0124735,230.882,1,13,1.05,42.744,211.17
14:23:07.035,253.405559,43.4045852,6.0124661,230.882,1,0,,44.409,214.91
14:23:07.134,253.504687,43.4045755,6.0124582,230.897,1,0,,46.119,212.2
14:23:07.233,253.603702,43.4045661,6.0124495,230.878,1,13,1.05,46.207,213.11
14:23:07.337,253.707604,43.4045563,6.0124409,230.895,1,0,,47.628,215.23
14:23:07.436,253.80659,43.4045456,6.0124311,230.891,1,5,,45.193,215.24
14:23:07.537,253.90764,43.4045354,6.0124211,230.906,1,6,2.2,44.844,217.32
14:23:07.637,254.007902,43.4045257,6.0124104,230.917,1,6,2.2,44.689,221.51
14:23:07.740,254.110578,43.4045167,6.0123989,230.912,1,6,2.2,44.863,229.71
14:23:07.838,254.208604,43.4045084,6.0123866,230.9,1,6,2.2,44.928,232.44
14:23:07.937,254.307575,43.4045005,6.0123738,230.886,1,6,2.2,45.061,235.77
14:23:08.036,254.406576,43.4044939,6.0123608,230.908,1,5,,45.385,237.64
14:23:08.145,254.515837,43.4044869,6.0123472,230.905,1,6,2.2,45.702,239.83
14:23:08.238,254.608639,43.4044803,6.0123333,230.9,1,6,2.2,45.989,241.29
14:23:08.337,254.707845,43.404474,6.012319,230.894,1,6,2.2,46.296,243.93
14:23:08.436,254.806787,43.4044681,6.0123044,230.891,1,6,2.2,46.567,244.78
14:23:08.540,254.910923,43.4044625,6.0122896,230.889,1,7,2.16,46.819,247.0
14:23:08.639,255.009907,43.4044571,6.0122746,230.894,1,8,1.51,47.245,248.31
14:23:08.737,255.10755,43.404452,6.0122593,230.907,1,8,1.51,47.333,249.88
14:23:08.832,255.202679,43.404447,6.0122439,230.92,1,8,1.51,47.376,250.19
14:23:08.940,255.310648,43.4044423,6.0122284,230.932,1,8,1.51,47.4,251.65
14:23:09.038,255.408568,43.4044381,6.012213,230.963,1,7,1.76,47.385,251.7
14:23:09.137,255.5077,43.4044342,6.0121977,230.994,1,7,1.76,47.598,252.49
14:23:09.237,255.607642,43.4044302,6.0121822,231.023,1,7,1.76,48.059,253.12
14:23:09.341,255.711609,43.4044252,6.0121673,231.024,1,8,1.48,48.567,254.57
14:23:09.438,255.808582,43.4044207,6.0121522,230.999,1,8,1.65,48.859,255.59
14:23:09.538,255.908663,43.4044172,6.0121363,231.043,1,8,1.81,49.143,256.38
14:23:09.638,256.008884,43.4044138,6.0121201,231.089,1,8,1.81,49.308,257.42
14:23:09.740,256.110727,43.4044106,6.0121039,231.136,1,8,1.81,49.456,258.22
14:23:09.838,256.208665,43.4044075,6.0120876,231.184,1,8,1.81,49.569,258.41
14:23:09.938,256.308659,43.4044046,6.0120712,231.232,1,8,1.81,49.826,258.65
14:23:10.039,256.409587,43.4044017,6.0120547,231.275,1,8,1.81,50.191,258.97
14:23:10.140,256.510723,43.4043991,6.0120378,231.322,1,8,1.98,50.428,259.71
14:23:10.238,256.608627,43.4043953,6.0120221,231.19,1,12,1.19,49.372,259.99
14:23:10.337,256.707671,43.4043903,6.0120073,231.316,1,13,1.03,51.358,260.26
14:23:10.441,256.811653,43.4043855,6.0119917,231.359,1,13,1.01,50.88,260.65
14:23:10.542,256.91297,43.404381,6.0119761,231.396,1,13,1.01,52.093,260.94
14:23:10.638,257.008771,43.4043768,6.0119599,231.42,1,13,1.03,52.238,261.28
14:23:10.737,257.107885,43.4043729,6.0119436,231.443,1,13,1.03,52.441,261.62
14:23:10.837,257.207674,43.4043692,6.0119271,231.465,1,13,1.03,52.526,261.86
14:23:10.944,257.314596,43.4043654,6.0119106,231.478,1,13,0.98,52.76,262.02
14:23:11.042,257.412775,43.4043617,6.0118941,231.489,1,13,0.98,52.325,262.16
14:23:11.141,257.511876,43.4043581,6.0118775,231.502,1,13,0.98,53.43,262.32
14:23:11.241,257.6117,43.4043547,6.0118605,231.515,1,13,0.98,53.18,262.57
14:23:11.345,257.715689,43.4043511,6.0118434,231.529,1,13,0.93,53.567,262.63
14:23:11.444,257.814595,43.4043478,6.011826,231.543,1,14,0.85,53.325,263.06
14:23:11.543,257.913652,43.4043444,6.0118086,231.551,1,14,0.85,53.895,263.23
14:23:11.643,258.013857,43.4043411,6.011791,231.559,1,14,0.85,53.625,263.37
14:23:11.747,258.117565,43.4043378,6.0117731,231.578,1,14,0.81,54.41,263.44
14:23:11.846,258.216595,43.4043346,6.011755,231.608,1,14,0.81,54.664,263.63
14:23:11.944,258.314592,43.4043314,6.0117367,231.633,1,14,0.81,54.954,263.71
14:23:12.043,258.413665,43.4043285,6.0117186,231.649,1,14,0.84,54.917,263.76
14:23:12.146,258.516609,43.4043256,6.0117004,231.663,1,14,0.84,55.064,263.72
14:23:12.244,258.614653,43.4043227,6.0116821,231.675,1,14,0.84,55.338,263.69
14:23:12.344,258.714616,43.4043199,6.0116637,231.683,1,14,0.84,55.856,263.7
14:23:12.443,258.813598,43.4043171,6.0116451,231.694,1,14,0.84,55.443,263.78
14:23:12.546,258.91672,43.4043144,6.0116266,231.706,1,14,0.84,56.403,263.74
14:23:12.644,259.014858,43.4043117,6.0116079,231.721,1,14,0.84,55.638,263.83
14:23:12.743,259.113601,43.4043094,6.011589,231.747,1,14,0.87,56.619,263.88
14:23:12.843,259.213575,43.4043072,6.0115699,231.771,1,14,0.87,56.145,263.93
14:23:12.946,259.316595,43.404305,6.0115509,231.796,1,14,0.87,56.93,263.84
14:23:13.047,259.417592,43.4043026,6.0115316,231.809,1,16,0.75,56.232,263.78
14:23:13.156,259.526673,43.4043002,6.0115124,231.82,1,16,0.74,57.223,263.65
14:23:13.241,259.611636,43.4042979,6.0114931,231.826,1,15,0.79,56.477,263.63
14:23:13.345,259.715872,43.4042958,6.0114739,231.819,1,15,0.81,56.556,263.69
14:23:13.440,259.811124,43.4042936,6.0114548,231.811,1,14,0.83,56.93,263.74
14:23:13.543,259.913738,43.4042913,6.0114357,231.789,1,14,0.79,57.706,263.94
14:23:13.642,260.01287,43.404289,6.0114164,231.766,1,14,0.79,56.643,263.97
14:23:13.747,260.117604,43.4042866,6.0113974,231.73,1,14,0.79,57.227,263.87
14:23:13.842,260.212625,43.4042843,6.0113781,231.698,1,14,0.79,57.469,263.9
14:23:13.938,260.308575,43.4042819,6.0113589,231.677,1,13,0.96,58.601,263.57
14:23:14.038,260.408578,43.4042795,6.0113394,231.669,1,13,0.96,58.488,263.43
14:23:14.146,260.516685,43.4042771,6.0113198,231.66,1,13,0.96,58.766,263.33
14:23:14.239,260.609686,43.4042747,6.0113001,231.651,1,13,0.96,58.845,263.33
14:23:14.338,260.708613,43.4042723,6.0112803,231.641,1,13,0.96,59.338,263.37
14:23:14.442,260.812842,43.40427,6.0112604,231.632,1,13,0.95,59.494,263.46
14:23:14.544,260.91472,43.4042676,6.0112404,231.624,1,13,0.95,59.773,263.43
14:23:14.639,261.009921,43.4042652,6.0112203,231.619,1,13,0.96,60.347,263.31
14:23:14.738,261.108667,43.4042627,6.0112001,231.617,1,13,0.96,59.581,263.18
14:23:14.843,261.213937,43.4042601,6.0111799,231.605,1,14,0.91,61.277,262.86
14:23:14.948,261.318701,43.4042575,6.0111593,231.592,1,14,0.84,60.384,262.82
14:23:15.047,261.417619,43.4042549,6.0111389,231.584,1,14,0.87,61.544,262.7
14:23:15.165,261.535601,43.4042524,6.0111181,231.573,1,14,0.87,60.883,262.74
14:23:15.243,261.613741,43.4042498,6.0110975,231.569,1,15,0.85,62.107,262.65
14:23:15.346,261.716624,43.4042475,6.0110764,231.578,1,15,0.87,61.238,262.7
14:23:15.449,261.819662,43.4042455,6.0110557,231.573,1,6,23.43,62.105,262.7
14:23:15.536,261.906668,43.4042435,6.0110346,231.568,1,6,23.43,61.986,262.7
14:23:15.637,262.008088,43.4042414,6.0110135,231.563,1,6,23.43,61.809,262.7
14:23:15.739,262.109551,43.4042394,6.0109926,231.558,1,6,24.6,61.596,262.7
14:23:15.838,262.20856,43.4042374,6.0109717,231.552,1,6,24.6,61.631,262.69
14:23:15.939,262.309565,43.4042354,6.0109507,231.547,1,6,24.6,61.716,262.78
14:23:16.039,262.409559,43.4042334,6.0109298,231.542,1,6,24.59,61.883,263.03
14:23:16.140,262.510629,43.4042313,6.0109088,231.527,1,6,24.09,61.996,263.26
14:23:16.239,262.609672,43.4042293,6.0108879,231.511,1,6,24.09,62.144,263.25
14:23:16.339,262.70984,43.4042273,6.0108668,231.493,1,6,24.08,62.388,263.4
14:23:16.439,262.809588,43.4042253,6.0108457,231.469,1,6,24.08,62.27,263.04
14:23:16.548,262.918644,43.4042234,6.0108248,231.382,1,16,0.76,61.173,261.74
14:23:16.648,263.018595,43.4042206,6.0108038,231.375,1,16,0.76,62.381,262.3
14:23:16.744,263.114543,43.4042181,6.0107825,231.358,1,16,0.78,62.581,262.43
14:23:16.844,263.214654,43.4042158,6.0107609,231.339,1,17,0.74,62.877,262.75
14:23:16.947,263.317569,43.4042136,6.0107393,231.332,1,17,0.76,62.842,262.94
14:23:17.045,263.415635,43.4042115,6.0107178,231.34,1,17,0.76,63.312,263.12
14:23:17.144,263.514635,43.4042094,6.010696,231.345,1,17,0.76,62.72,263.23
14:23:17.243,263.613913,43.4042072,6.0106745,231.347,1,17,0.76,63.472,263.21
14:23:17.343,263.71386,43.4042051,6.0106528,231.352,1,16,0.87,63.475,263.06
14:23:17.440,263.810762,43.4042028,6.0106311,231.351,1,16,0.87,63.396,262.93
14:23:17.538,263.908749,43.4042006,6.0106094,231.345,1,16,0.87,63.622,262.86
14:23:17.639,264.009927,43.4041984,6.0105876,231.34,1,16,0.87,63.522,262.88
14:23:17.747,264.11756,43.404196,6.010566,231.341,1,16,0.84,63.512,262.85
14:23:17.842,264.212774,43.4041936,6.0105443,231.35,1,16,0.84,64.414,262.73
14:23:17.947,264.317564,43.4041909,6.0105223,231.322,1,16,0.74,63.077,262.78
14:23:18.046,264.416616,43.4041881,6.0105008,231.316,1,16,0.76,64.979,262.55
14:23:18.154,264.524707,43.4041855,6.0104788,231.311,1,16,0.76,64.805,262.72
14:23:18.248,264.618629,43.4041831,6.0104567,231.306,1,15,0.8,65.861,262.82
14:23:18.345,264.71571,43.4041807,6.0104343,231.307,1,15,0.8,65.835,262.97
14:23:18.446,264.816715,43.4041784,6.0104118,231.314,1,15,0.79,66.052,263.18
14:23:18.548,264.918712,43.4041762,6.0103893,231.309,1,15,0.79,65.95,263.58
14:23:18.645,265.015896,43.4041742,6.0103668,231.315,1,15,0.83,65.248,264.01
14:23:18.747,265.117619,43.404172,6.0103445,231.321,1,15,0.72,65.959,264.55
14:23:18.840,265.21065,43.40417,6.010322,231.334,1,14,0.79,65.574,265.1
14:23:18.948,265.318625,43.4041682,6.0102996,231.349,1,14,0.79,66.285,265.68
14:23:19.047,265.417629,43.4041666,6.010277,231.367,1,15,0.78,65.565,266.46
14:23:19.146,265.516569,43.4041653,6.0102545,231.385,1,15,0.78,66.665,267.31
14:23:19.241,265.611558,43.4041642,6.0102316,231.388,1,15,0.78,66.541,267.99
14:23:19.348,265.718663,43.4041635,6.0102088,231.383,1,15,0.8,67.0,268.66
14:23:19.442,265.812862,43.404163,6.0101859,231.372,1,15,0.87,67.841,269.21
14:23:19.539,265.909733,43.4041628,6.0101626,231.351,1,15,0.88,67.405,269.73
14:23:19.639,266.00993,43.4041626,6.0101396,231.338,1,15,0.88,67.096,269.97
14:23:19.742,266.112556,43.4041625,6.0101167,231.327,1,14,0.93,66.957,270.14
14:23:19.840,266.210641,43.4041623,6.0100938,231.328,1,13,0.94,66.581,270.15
14:23:19.939,266.309573,43.4041621,6.010071,231.323,1,13,0.94,66.833,270.15
14:23:20.039,266.40964,43.4041621,6.0100483,231.316,1,13,0.96,65.922,270.23
14:23:20.142,266.512683,43.404162,6.0100258,231.313,1,13,0.96,65.196,270.21
14:23:20.240,266.610635,43.4041621,6.0100035,231.308,1,14,0.92,65.137,270.31
14:23:20.339,266.709729,43.4041625,6.0099813,231.3,1,14,0.92,64.607,270.58
14:23:20.443,266.813904,43.4041631,6.0099592,231.298,1,15,0.87,64.916,270.98
14:23:20.543,266.913621,43.4041632,6.0099371,231.29,1,15,0.88,64.514,270.86
14:23:20.640,267.010837,43.4041631,6.0099151,231.286,1,15,0.83,64.364,270.7
14:23:20.745,267.115629,43.4041633,6.009893,231.293,1,15,0.77,64.451,270.71
14:23:20.844,267.214611,43.4041636,6.0098709,231.296,1,15,0.79,64.383,270.71
14:23:20.946,267.316595,43.404164,6.0098469,231.283,1,15,0.79,66.979,270.78
14:23:21.040,267.410632,43.4041645,6.0098224,231.265,1,14,0.84,68.148,270.81
14:23:21.139,267.509559,43.4041651,6.0097975,231.241,1,13,0.99,68.461,270.82
14:23:21.238,267.608595,43.4041659,6.0097727,231.212,1,13,0.93,69.161,270.85
14:23:21.346,267.716786,43.4041667,6.009748,231.172,1,13,0.96,69.4,270.87
14:23:21.444,267.814676,43.4041676,6.0097236,231.12,1,13,0.96,69.613,270.9
14:23:21.545,267.915727,43.4041689,6.0097004,231.076,1,13,0.92,68.702,270.92
14:23:21.647,268.017916,43.4041705,6.0096785,231.042,1,15,0.8,66.859,270.94
14:23:21.747,268.117628,43.4041722,6.0096586,231.005,1,14,0.89,64.259,270.95
14:23:21.843,268.213541,43.4041741,6.0096389,230.962,1,14,0.89,62.748,271.01
14:23:21.945,268.315634,43.4041762,6.0096195,230.912,1,14,0.89,62.218,271.1
14:23:22.045,268.415545,43.4041785,6.0096007,230.874,1,13,0.92,60.818,271.2
14:23:22.146,268.516667,43.4041808,6.0095826,230.868,1,13,0.91,58.945,271.3
14:23:22.242,268.612959,43.4041833,6.0095585,230.923,1,13,0.97,61.44,271.65
14:23:22.344,268.714724,43.4041853,6.0095412,230.954,1,13,1.05,59.451,271.7
14:23:22.436,268.806682,43.4041877,6.0095239,230.991,1,13,1.05,58.295,271.86
14:23:22.547,268.917629,43.4041903,6.0095076,231.032,1,13,1.05,56.816,272.05
14:23:22.634,269.0048,43.4041932,6.0094925,231.079,1,13,1.05,55.119,272.27
14:23:22.742,269.112636,43.4041964,6.0094778,231.125,1,13,1.05,54.703,272.54
14:23:22.835,269.205648,43.4041992,6.0094617,231.188,1,13,1.07,54.391,272.75
14:23:22.945,269.315566,43.4042013,6.0094449,231.207,1,13,1.07,54.141,272.89
14:23:23.039,269.409627,43.4042035,6.0094286,231.228,1,13,1.02,53.821,273.06
14:23:23.139,269.509538,43.4042053,6.0094113,231.252,1,13,1.02,53.649,273.15
14:23:23.233,269.603566,43.4042062,6.0093928,231.23,1,13,1.02,53.664,273.16
14:23:23.331,269.701859,43.4042071,6.0093744,231.208,1,13,1.02,53.671,273.17
14:23:23.434,269.804704,43.4042086,6.0093568,231.144,1,12,1.07,53.504,273.24
14:23:23.544,269.914645,43.4042101,6.0093396,231.079,1,12,1.07,53.291,273.3
14:23:23.637,270.007854,43.4042116,6.0093227,231.012,1,12,1.07,53.015,273.38
14:23:23.735,270.105718,43.4042131,6.0093063,230.944,1,12,1.07,52.673,273.46
14:23:23.830,270.20057,43.4042147,6.0092904,230.875,1,12,1.09,52.249,273.54
14:23:23.948,270.318565,43.4042174,6.0092749,230.82,1,13,0.99,51.637,273.99
14:23:24.037,270.407619,43.4042194,6.0092603,230.757,1,12,1.07,51.01,274.16
14:23:24.149,270.519605,43.4042207,6.0092482,230.702,1,12,0.97,49.974,274.24
14:23:24.237,270.607557,43.4042217,6.0092367,230.72,1,13,0.98,48.985,274.26
14:23:24.344,270.714781,43.4042228,6.009225,230.731,1,13,1.05,48.143,274.26
14:23:24.438,270.80869,43.4042233,6.0092121,230.717,1,12,1.06,47.587,274.17
14:23:24.548,270.918631,43.4042237,6.0091999,230.706,1,12,1.06,46.922,274.09
14:23:24.636,271.006924,43.404224,6.0091887,230.697,1,13,0.98,46.131,274.02
14:23:24.745,271.115709,43.4042242,6.0091787,230.688,1,13,0.98,45.198,273.94
14:23:24.833,271.203557,43.4042243,6.0091701,230.681,1,11,1.25,44.091,273.87
14:23:24.942,271.31264,43.4042242,6.0091631,230.675,1,11,1.25,42.831,273.79
14:23:25.030,271.400551,43.404224,6.0091577,230.671,1,11,1.29,41.388,273.71
14:23:25.168,271.538553,43.4042294,6.0091743,230.701,1,12,0.98,36.716,275.13
14:23:25.237,271.607626,43.4042293,6.0091735,230.697,1,10,1.12,34.955,275.07
14:23:25.354,271.724761,43.4042288,6.0091739,230.696,1,10,1.12,33.147,274.96
14:23:25.455,271.825619,43.4042278,6.0091754,230.699,1,8,1.5,31.275,274.81
14:23:25.543,271.913668,43.4042269,6.0091789,230.702,1,8,1.5,29.25,274.67
14:23:25.638,272.008848,43.4042256,6.0091842,230.708,1,9,1.14,27.089,274.51
14:23:25.734,272.104664,43.4042242,6.0091912,230.715,1,9,1.14,24.828,274.36
14:23:25.835,272.205656,43.4042228,6.0092,230.724,1,9,1.22,22.489,274.2
14:23:25.943,272.313628,43.4042215,6.0092106,230.73,1,9,1.22,20.107,274.06
14:23:26.038,272.408544,43.4042194,6.0092361,230.738,1,10,1.16,16.188,273.91
14:23:26.147,272.517607,43.4042172,6.009262,230.748,1,10,1.16,12.405,273.77
14:23:26.235,272.605565,43.4042153,6.0092882,230.753,1,10,1.16,8.845,273.66
14:23:26.334,272.704618,43.4042135,6.0093146,230.757,1,10,1.16,5.473,273.57
14:23:26.437,272.807962,43.4042119,6.009341,230.757,1,10,1.16,2.296,273.52
14:23:26.536,272.906685,43.40421,6.0093674,230.769,1,10,1.16,0.824,273.36
14:23:26.635,273.005922,43.4042077,6.0094235,230.779,1,11,1.14,9.414,273.23
14:23:26.735,273.105649,43.4042065,6.0094078,230.783,1,11,1.14,14.957,93.11
14:23:26.838,273.208586,43.4042054,6.0094173,230.791,1,11,1.14,16.811,94.62
14:23:26.936,273.306629,43.4042039,6.0094276,230.803,1,11,1.14,19.692,98.16
14:23:27.036,273.406561,43.4042019,6.0094417,230.814,1,11,1.14,20.428,93.15
14:23:27.137,273.507628,43.4042007,6.0094565,230.824,1,11,1.06,21.42,90.65
14:23:27.237,273.607555,43.4042001,6.0094711,230.843,1,11,1.14,22.47,88.38
14:23:27.336,273.70655,43.4041998,6.0094862,230.857,1,11,1.14,23.65,88.49
14:23:27.435,273.805666,43.4041996,6.0095016,230.87,1,11,1.14,24.808,88.59
14:23:27.538,273.90876,43.4041996,6.0095184,230.873,1,12,0.99,26.389,89.93
14:23:27.639,274.01003,43.4041998,6.0095357,230.879,1,12,1.06,28.045,90.19
14:23:27.738,274.108841,43.4042013,6.0095541,230.913,1,11,1.14,30.28,82.63
14:23:27.836,274.206589,43.4042059,6.0095753,230.912,1,11,1.18,36.031,80.94
14:23:27.936,274.306579,43.4042119,6.0095991,230.971,1,11,1.18,42.207,74.81
14:23:28.039,274.409566,43.404212,6.0096169,230.987,1,12,1.09,39.492,77.29
14:23:28.135,274.505549,43.4042136,6.0096357,230.988,1,12,1.09,40.711,77.42
14:23:28.236,274.606625,43.4042153,6.0096545,230.989,1,12,1.09,39.379,77.53
14:23:28.338,274.708834,43.404217,6.0096729,230.99,1,13,0.92,40.661,77.42
14:23:28.439,274.809943,43.4042186,6.0096913,230.997,1,12,1.07,39.849,77.64
14:23:28.535,274.905745,43.4042204,6.0097092,231.001,1,11,1.18,38.722,77.53
14:23:28.637,275.00793,43.404222,6.0097266,231.019,1,11,1.14,37.89,77.46
14:23:28.751,275.121614,43.4042239,6.0097436,231.045,1,15,0.82,38.331,77.02
14:23:28.844,275.214612,43.4042258,6.0097606,231.055,1,15,0.82,37.77,76.77
14:23:28.942,275.312558,43.4042277,6.0097773,231.017,1,13,0.95,38.999,76.77
14:23:29.039,275.409557,43.4042299,6.0097941,230.998,1,12,1.04,37.947,76.36
14:23:29.146,275.516554,43.4042322,6.0098103,230.994,1,11,1.08,36.297,75.59
14:23:29.240,275.610547,43.4042347,6.0098258,231.004,1,11,1.08,37.186,74.44
14:23:29.335,275.705926,43.4042375,6.0098413,231.014,1,11,1.08,36.79,73.21
14:23:29.436,275.806936,43.4042403,6.0098566,231.017,1,11,1.08,36.408,72.32
14:23:29.537,275.907865,43.4042432,6.0098716,231.024,1,11,1.08,36.094,71.33
14:23:29.639,276.009859,43.4042464,6.0098864,231.035,1,11,1.16,36.212,70.28
14:23:29.738,276.108775,43.4042497,6.0099012,231.021,1,11,1.16,37.568,69.49
14:23:29.838,276.208569,43.4042534,6.0099162,231.032,1,11,1.11,37.423,68.21
14:23:29.938,276.308558,43.4042572,6.009931,231.014,1,12,1.05,39.096,67.51
14:23:30.044,276.414581,43.4042614,6.009946,231.062,1,14,0.88,38.873,66.27
14:23:30.151,276.521698,43.4042657,6.0099608,231.073,1,14,0.85,40.279,65.22
14:23:30.240,276.610622,43.40427,6.0099758,231.076,1,14,0.85,39.714,64.64
14:23:30.340,276.710622,43.4042743,6.0099906,231.059,1,14,0.85,41.255,64.28
14:23:30.443,276.813774,43.4042787,6.0100057,231.06,1,14,0.88,39.935,64.14
14:23:30.542,276.912736,43.4042831,6.0100203,231.047,1,14,0.88,41.285,63.97
14:23:30.641,277.012198,43.4042874,6.0100352,231.041,1,15,0.79,40.401,64.08
14:23:30.749,277.119754,43.4042916,6.0100501,231.053,1,13,0.92,42.455,64.66
14:23:30.833,277.203654,43.4042961,6.0100632,231.053,1,0,,41.376,64.66
14:23:30.932,277.302567,43.4043005,6.0100761,231.054,1,0,,41.559,64.66
14:23:31.035,277.405576,43.4043071,6.0100938,231.074,1,15,0.76,41.559,64.76
14:23:31.139,277.50955,43.4043115,6.0101067,231.075,1,0,,42.342,64.76
14:23:31.235,277.605592,43.404316,6.0101198,231.075,1,0,,42.698,65.73
14:23:31.341,277.71155,43.4043234,6.0101398,231.044,1,16,0.68,42.629,66.52
14:23:31.432,277.802714,43.4043277,6.0101532,231.047,1,0,,42.509,68.18
14:23:31.542,277.91264,43.4043312,6.0101669,231.037,1,0,,42.642,72.45
14:23:31.643,278.013839,43.4043376,6.0101906,231.049,1,16,0.67,42.872,74.65
14:23:31.734,278.104547,43.4043397,6.010205,231.048,1,0,,42.968,76.81
14:23:31.833,278.20366,43.4043419,6.0102205,231.055,1,13,0.99,42.22,77.85
14:23:31.950,278.320662,43.404344,6.0102355,231.026,1,14,0.82,40.488,78.62
14:23:32.044,278.414554,43.4043459,6.0102502,231.003,1,14,0.82,40.922,79.3
14:23:32.151,278.521621,43.4043475,6.010265,230.988,1,14,0.84,39.903,80.27
14:23:32.239,278.609688,43.404349,6.0102794,230.989,1,13,0.88,40.351,80.83
14:23:32.340,278.710552,43.4043504,6.010294,230.984,1,12,0.96,39.833,81.49
14:23:32.442,278.812825,43.4043515,6.0103084,230.993,1,12,0.96,39.699,82.17
14:23:32.542,278.912638,43.4043524,6.0103228,231.007,1,12,0.96,39.911,83.16
14:23:32.634,279.004864,43.4043532,6.0103372,231.042,1,12,1.0,39.333,83.96
14:23:32.743,279.113672,43.4043539,6.0103515,231.054,1,12,1.0,39.609,84.69
14:23:32.835,279.205714,43.4043544,6.0103659,231.07,1,12,1.0,39.481,85.48
14:23:32.936,279.306821,43.4043547,6.0103803,231.084,1,12,1.0,39.357,86.31
14:23:33.039,279.409708,43.404355,6.0103947,231.1,1,13,0.97,39.666,86.95
14:23:33.143,279.513607,43.4043553,6.0104091,231.12,1,13,1.0,40.368,87.4
14:23:33.235,279.605633,43.4043554,6.0104237,231.147,1,13,1.0,39.879,87.88
14:23:33.334,279.704749,43.4043556,6.0104379,231.164,1,12,1.09,39.457,88.08
14:23:33.438,279.808708,43.4043556,6.0104533,231.194,1,12,1.08,38.681,88.37
14:23:33.550,279.920667,43.4043553,6.0104685,231.219,1,14,0.88,38.594,88.9
14:23:33.645,280.015901,43.4043552,6.0104836,231.239,1,15,0.8,37.946,89.2
14:23:33.745,280.115537,43.4043562,6.0105015,231.207,1,14,0.82,38.559,89.47
14:23:33.831,280.201626,43.4043563,6.0105147,231.211,1,0,,38.896,89.47
14:23:33.941,280.311547,43.4043575,6.0105328,231.173,1,10,1.4,38.961,89.46
14:23:34.044,280.414551,43.4043584,6.0105514,231.146,1,14,0.88,38.653,89.66
14:23:34.144,280.5146,43.4043594,6.0105696,231.111,1,14,0.82,39.251,89.74
14:23:34.241,280.611537,43.4043606,6.0105873,231.073,1,14,0.82,39.22,89.72
14:23:34.352,280.722589,43.4043622,6.0106062,231.017,1,15,0.73,37.949,89.69
14:23:34.444,280.814785,43.4043637,6.0106246,230.961,1,15,0.74,37.223,89.68
14:23:34.543,280.913647,43.4043654,6.0106431,230.897,1,15,0.74,35.562,89.66
14:23:34.641,281.011966,43.4043669,6.0106612,230.831,1,15,0.74,34.579,89.67
14:23:34.741,281.111566,43.4043695,6.0106841,230.783,1,15,0.77,35.114,89.92
14:23:34.843,281.213559,43.4043727,6.0107035,230.782,1,14,0.83,32.619,89.63
14:23:34.940,281.310628,43.4043756,6.0107218,230.767,1,14,0.83,29.769,89.48
14:23:35.040,281.410588,43.4043784,6.0107392,230.741,1,14,0.83,28.241,89.41
14:23:35.148,281.518543,43.4043804,6.0107532,230.746,1,13,0.92,26.337,89.34
14:23:35.233,281.603535,43.4043805,6.0107622,230.748,1,0,,25.465,89.34
14:23:35.343,281.713602,43.4043806,6.010771,230.75,1,0,,24.678,89.34
14:23:35.446,281.816526,43.4043861,6.0107906,230.731,1,16,0.69,22.659,89.31
14:23:35.531,281.901637,43.4043862,6.0107984,230.733,1,0,,21.642,89.31
14:23:35.635,282.005923,43.4043863,6.0108058,230.734,1,0,,20.57,89.15
14:23:35.736,282.107285,43.4043915,6.0108234,230.727,1,16,0.69,18.339,89.07
14:23:35.832,282.202782,43.4043915,6.0108296,230.729,1,0,,17.7,88.27
14:23:35.932,282.30257,43.4043916,6.0108357,230.754,1,0,,17.346,87.38
14:23:36.041,282.411551,43.404395,6.0108505,230.816,1,15,0.73,15.89,87.29
14:23:36.133,282.503546,43.4043945,6.0108558,230.894,1,0,,15.49,87.29
14:23:36.234,282.604624,43.4043974,6.0108682,231.008,1,12,1.03,7.175,83.31
14:23:36.333,282.703525,43.4044002,6.0108741,231.058,1,12,1.03,1.73,82.24
14:23:36.436,282.806715,43.4044022,6.0108771,231.116,1,12,1.03,1.719,83.04
14:23:36.534,282.90475,43.4044037,6.0108782,231.167,1,12,1.03,4.928,84.62
14:23:36.633,283.003891,43.4044052,6.0108781,231.212,1,12,1.03,7.528,86.4
14:23:36.733,283.10355,43.4044067,6.010877,231.241,1,12,1.03,10.243,88.16
14:23:36.836,283.206567,43.4044083,6.0108753,231.269,1,12,1.03,12.329,89.74
14:23:36.937,283.307777,43.404414,6.0108847,231.238,1,14,0.87,12.097,271.44
14:23:37.039,283.409633,43.4044182,6.010889,231.303,1,14,0.81,13.216,277.05
14:23:37.149,283.519535,43.4044223,6.0108919,231.381,1,13,0.88,15.448,283.56
14:23:37.240,283.610596,43.4044263,6.010892,231.44,1,13,0.9,16.444,287.12
14:23:37.337,283.707535,43.4044295,6.0108891,231.457,1,12,1.0,16.683,289.17
14:23:37.438,283.808547,43.4044328,6.0108859,231.473,1,12,1.0,17.027,291.81
14:23:37.538,283.908729,43.4044362,6.0108826,231.491,1,12,1.0,17.285,293.52
14:23:37.642,284.012866,43.4044423,6.0108852,231.526,1,15,0.82,17.885,296.94
14:23:37.737,284.107752,43.4044477,6.0108854,231.529,1,14,0.88,17.511,300.18
14:23:37.839,284.209634,43.4044522,6.0108844,231.519,1,14,0.9,17.876,301.7
14:23:37.939,284.309538,43.4044567,6.0108831,231.516,1,14,0.9,18.107,302.58
14:23:38.033,284.403626,43.4044591,6.0108779,231.518,1,0,,18.17,302.58
14:23:38.134,284.504542,43.4044616,6.0108726,231.52,1,0,,18.066,302.58
14:23:38.237,284.607567,43.404458,6.0108527,231.509,1,16,0.73,22.678,269.78
14:23:38.333,284.703625,43.4044593,6.0108469,231.541,1,7,2.44,31.097,270.53
14:23:38.437,284.807929,43.4044594,6.0108362,231.545,1,0,,35.536,268.38
14:23:38.535,284.905761,43.4044594,6.010824,231.549,1,0,,37.77,268.12
14:23:38.643,285.01385,43.4044607,6.0108136,231.568,1,16,0.72,38.507,268.66
14:23:38.733,285.103588,43.4044604,6.0108004,231.564,1,0,,39.735,267.53
14:23:38.838,285.208589,43.4044599,6.0107866,231.559,1,0,,40.357,266.77
14:23:38.943,285.31362,43.4044608,6.0107753,231.574,1,16,0.72,40.983,266.6
14:23:39.035,285.405557,43.4044601,6.0107612,231.569,1,0,,41.414,265.56
14:23:39.143,285.513623,43.4044594,6.0107469,231.555,1,0,,41.763,265.36
14:23:39.245,285.615637,43.4044601,6.0107352,231.555,1,16,0.72,42.076,265.34
14:23:39.335,285.705614,43.4044592,6.0107208,231.531,1,0,,41.89,262.97
14:23:39.440,285.810537,43.4044606,6.0107119,231.544,1,15,0.89,40.251,260.24
14:23:39.539,285.909806,43.4044611,6.0107031,231.641,1,15,0.89,41.651,259.81
14:23:39.642,286.012928,43.4044614,6.0106933,231.671,1,15,0.89,42.505,259.58
14:23:39.738,286.108623,43.4044614,6.010683,231.705,1,15,0.89,42.835,259.38
14:23:39.839,286.209587,43.4044611,6.0106723,231.74,1,15,0.89,42.794,258.81
14:23:39.939,286.309758,43.4044605,6.0106613,231.776,1,14,0.96,42.981,258.14
14:23:40.044,286.414631,43.4044608,6.0106512,231.787,1,15,0.81,41.739,257.55
14:23:40.138,286.508918,43.4044604,6.0106406,231.817,1,14,0.91,40.485,256.86
14:23:40.240,286.610569,43.4044599,6.0106301,231.843,1,14,0.87,40.279,256.17
14:23:40.340,286.710625,43.4044587,6.0106195,231.863,1,15,0.86,39.02,255.24
14:23:40.442,286.812555,43.4044572,6.0106085,231.876,1,15,0.86,39.268,254.38
14:23:40.541,286.911833,43.4044556,6.0105973,231.884,1,15,0.86,41.231,253.85
14:23:40.641,287.011979,43.404454,6.0105854,231.902,1,15,0.81,40.931,253.75
14:23:40.743,287.113598,43.4044528,6.0105749,231.944,1,16,0.7,41.27,253.39
14:23:40.845,287.215578,43.404451,6.0105638,231.978,1,17,0.69,40.937,252.96
14:23:40.945,287.315544,43.404449,6.0105528,232.008,1,17,0.69,41.113,252.63
14:23:41.040,287.410821,43.4044465,6.0105409,232.002,1,16,0.82,41.277,252.43
14:23:41.149,287.519565,43.4044436,6.0105287,232.004,1,16,0.84,40.394,252.25
14:23:41.243,287.613545,43.4044408,6.010517,232.006,1,16,0.84,38.631,252.09
14:23:41.336,287.706528,43.4044378,6.0105052,232.002,1,14,0.91,36.397,252.02
14:23:41.435,287.805543,43.404435,6.0104944,232.005,1,14,0.91,33.732,251.99
14:23:41.535,287.905728,43.4044324,6.0104844,232.012,1,14,0.91,31.308,251.96
14:23:41.638,288.008884,43.40443,6.0104756,232.018,1,14,0.9,28.33,251.95
14:23:41.736,288.106628,43.4044277,6.0104679,232.025,1,14,0.9,25.296,251.92
14:23:41.839,288.209654,43.4044261,6.0104619,232.016,1,14,0.86,21.641,251.88
14:23:41.941,288.311617,43.4044248,6.0104574,232.01,1,14,0.84,18.818,251.81
14:23:42.043,288.413605,43.4044237,6.0104539,231.999,1,14,0.84,15.664,251.74
14:23:42.153,288.523714,43.4044229,6.0104523,232.006,1,15,0.78,11.936,251.63
14:23:42.242,288.612638,43.4044222,6.0104515,232.014,1,15,0.76,8.43,251.49
14:23:42.344,288.714612,43.4044216,6.0104521,232.037,1,17,0.69,5.975,251.36
14:23:42.445,288.815657,43.4044213,6.0104532,232.073,1,17,0.72,2.835,251.24
14:23:42.547,288.917901,43.404421,6.0104554,232.095,1,17,0.68,1.276,251.13
14:23:42.645,289.015867,43.4044211,6.0104582,232.118,1,17,0.69,0.9,251.02
14:23:42.744,289.114722,43.4044216,6.010461,232.137,1,17,0.72,3.115,250.93
14:23:42.844,289.214569,43.4044218,6.0104636,232.163,1,16,0.81,5.302,70.83
14:23:42.945,289.315481,43.4044221,6.0104671,232.179,1,15,0.84,6.469,71.07
14:23:43.041,289.411605,43.4044227,6.0104711,232.206,1,15,0.88,7.097,70.96
14:23:43.150,289.520621,43.404423,6.0104753,232.224,1,14,0.9,8.436,71.65
14:23:43.244,289.614539,43.4044232,6.0104797,232.239,1,14,0.91,8.823,73.16
14:23:43.338,289.70902,43.4044233,6.0104836,232.227,1,13,0.95,9.332,72.31
14:23:43.435,289.805694,43.4044239,6.0104878,232.227,1,12,1.05,10.134,69.57
14:23:43.534,289.904742,43.4044253,6.010493,232.196,1,11,1.14,11.471,66.82
14:23:43.638,290.008928,43.404427,6.0104973,232.159,1,13,1.01,10.618,64.18
14:23:43.740,290.110646,43.4044277,6.010504,232.095,1,12,0.93,12.408,62.96
14:23:43.835,290.205564,43.4044291,6.0105107,232.027,1,11,1.04,13.471,60.85
14:23:43.936,290.30654,43.4044297,6.010517,231.97,1,13,0.93,15.435,58.83
14:23:44.038,290.40854,43.4044313,6.0105229,231.907,1,13,1.08,16.822,57.19
14:23:44.136,290.506542,43.4044277,6.0105372,231.844,1,13,1.08,20.152,80.23
14:23:44.235,290.605532,43.4044296,6.0105429,231.794,1,12,1.07,19.824,71.4
14:23:44.335,290.705639,43.4044309,6.0105511,231.753,1,13,1.09,20.337,68.52
14:23:44.438,290.808804,43.4044325,6.0105593,231.705,1,13,1.05,21.118,64.47
14:23:44.537,290.90764,43.4044341,6.0105686,231.657,1,13,1.05,22.518,65.9
14:23:44.636,291.006859,43.4044358,6.0105783,231.609,1,13,1.09,23.741,66.75
14:23:44.736,291.106653,43.4044369,6.0105898,231.567,1,13,0.95,25.074,68.31
14:23:44.838,291.20866,43.4044359,6.0106057,231.534,1,12,0.92,28.11,80.27
14:23:44.940,291.310615,43.404434,6.010625,231.484,1,12,0.89,32.793,86.94
14:23:45.040,291.410529,43.4044324,6.0106422,231.403,1,13,0.88,34.119,86.38
14:23:45.172,291.54262,43.404432,6.010659,231.338,1,14,0.85,36.025,84.75
14:23:45.244,291.614612,43.4044331,6.0106763,231.288,1,13,0.86,38.975,82.79
14:23:45.354,291.724524,43.4044335,6.0106933,231.261,1,12,0.93,37.868,83.02
14:23:45.441,291.811526,43.4044338,6.0107096,231.252,1,12,0.87,39.777,83.15
14:23:45.540,291.910576,43.404434,6.0107262,231.249,1,12,0.87,38.814,83.34
14:23:45.637,292.007588,43.4044352,6.0107394,231.244,1,0,,39.103,83.34
14:23:45.733,292.103592,43.4044363,6.0107528,231.238,1,0,,39.229,83.34
14:23:45.837,292.207582,43.4044371,6.0107671,231.228,1,14,0.76,39.544,83.36
14:23:45.932,292.302649,43.4044383,6.0107806,231.222,1,0,,39.757,83.36
14:23:46.035,292.405575,43.4044394,6.0107941,231.216,1,0,,40.179,83.34
14:23:46.139,292.510135,43.4044403,6.0108089,231.21,1,14,0.76,40.542,83.58
14:23:46.233,292.603683,43.4044414,6.0108227,231.202,1,0,,40.579,83.52
14:23:46.335,292.705568,43.4044425,6.0108365,231.197,1,0,,40.274,83.52
14:23:46.443,292.813643,43.404443,6.0108515,231.18,1,13,0.79,40.696,84.14
14:23:46.536,292.906575,43.404444,6.0108654,231.166,1,0,,41.916,83.82
14:23:46.636,293.00686,43.4044451,6.0108797,231.158,1,0,,42.789,84.14
14:23:46.742,293.11272,43.4044458,6.0108954,231.149,1,13,0.79,43.361,84.15
14:23:46.838,293.208565,43.4044469,6.0109102,231.139,1,0,,43.259,84.76
14:23:46.936,293.306527,43.404448,6.010925,231.126,1,0,,43.113,84.91
14:23:47.041,293.411644,43.4044487,6.0109407,231.128,1,13,0.79,43.92,84.2
14:23:47.140,293.510539,43.4044503,6.0109567,231.014,1,11,1.12,42.676,80.64
14:23:47.243,293.613547,43.4044512,6.0109735,231.0,1,11,1.06,43.809,81.1
14:23:47.339,293.710376,43.4044518,6.0109911,230.992,1,11,0.95,44.018,81.14
14:23:47.441,293.811545,43.4044525,6.0110086,230.974,1,11,0.95,44.809,80.93
14:23:47.540,293.910635,43.4044533,6.0110255,230.969,1,11,0.98,44.794,80.65
14:23:47.643,294.013898,43.4044542,6.0110424,230.966,1,11,0.98,45.15,80.2
14:23:47.740,294.111101,43.4044554,6.0110595,230.957,1,12,0.95,45.33,79.58
14:23:47.842,294.212648,43.4044567,6.0110767,230.955,1,12,0.92,45.267,78.93
14:23:47.941,294.311599,43.4044582,6.0110935,230.957,1,11,0.95,45.459,78.01
14:23:48.044,294.414594,43.4044598,6.0111103,230.941,1,11,0.95,45.281,77.23
14:23:48.142,294.512525,43.4044619,6.0111265,230.906,1,11,1.06,45.863,76.69
14:23:48.242,294.612594,43.4044642,6.0111428,230.897,1,12,0.97,46.928,75.72
14:23:48.343,294.713561,43.404467,6.01116,230.89,1,14,0.82,46.591,74.47
14:23:48.445,294.815621,43.4044699,6.0111771,230.88,1,13,0.9,47.193,73.5
14:23:48.544,294.914586,43.404473,6.011194,230.867,1,11,1.05,46.833,72.5
14:23:48.641,295.011894,43.4044762,6.0112106,230.826,1,11,1.05,46.878,71.8
14:23:48.742,295.112643,43.4044796,6.0112271,230.782,1,11,1.05,46.574,70.89
14:23:48.845,295.215566,43.4044832,6.0112434,230.737,1,11,1.05,46.978,70.08
14:23:48.942,295.312532,43.4044865,6.0112603,230.696,1,11,0.93,46.861,69.47
14:23:49.043,295.413519,43.4044899,6.0112773,230.644,1,12,0.92,46.889,68.74
14:23:49.143,295.513658,43.4044935,6.0112942,230.593,1,12,0.92,47.27,67.93
14:23:49.246,295.616547,43.4044975,6.0113116,230.558,1,14,0.8,46.983,67.3
14:23:49.344,295.714538,43.4045014,6.0113281,230.492,1,13,0.93,47.324,66.88
14:23:49.442,295.812525,43.4045059,6.0113443,230.436,1,13,0.94,46.507,66.3
14:23:49.541,295.911559,43.4045105,6.0113601,230.424,1,13,0.94,45.622,65.27
14:23:49.645,296.015888,43.4045151,6.0113756,230.38,1,13,0.93,45.824,64.69
14:23:49.741,296.111577,43.4045198,6.0113911,230.339,1,13,0.93,44.554,64.2
14:23:49.842,296.212576,43.4045246,6.011406,230.288,1,13,0.93,44.254,63.53
14:23:49.942,296.312769,43.4045294,6.0114209,230.23,1,13,0.93,44.422,63.03
14:23:50.039,296.409801,43.4045344,6.0114345,230.218,1,0,,45.089,63.03
14:23:50.146,296.516546,43.4045396,6.0114483,230.205,1,0,,45.428,63.03
14:23:50.240,296.610577,43.4045452,6.0114627,230.21,1,16,0.67,46.204,62.45
14:23:50.336,296.706544,43.4045505,6.0114767,230.197,1,0,,45.239,62.45
14:23:50.441,296.811863,43.4045557,6.0114905,230.185,1,0,,44.7,62.19
14:23:50.547,296.917515,43.4045611,6.0115047,230.199,1,16,0.67,45.107,60.39
14:23:50.637,297.007907,43.4045665,6.0115182,230.18,1,0,,46.206,61.65
14:23:50.736,297.106784,43.4045729,6.0115316,230.152,1,0,,46.891,61.82
14:23:50.848,297.21872,43.4045815,6.0115437,230.111,1,16,0.67,47.815,50.12
14:23:50.940,297.310566,43.4045891,6.0115566,230.05,1,12,1.14,48.041,46.59
14:23:51.037,297.407944,43.4045977,6.0115682,229.976,1,0,,48.146,42.65
14:23:51.148,297.518779,43.404607,6.011579,229.898,1,0,,49.86,39.49
14:23:51.248,297.618611,43.4046178,6.0115884,229.863,1,16,0.67,51.032,33.11
14:23:51.338,297.708635,43.4046291,6.0115969,229.801,1,0,,51.017,29.32
14:23:51.439,297.809703,43.4046406,6.011605,229.744,1,0,,51.663,27.13
14:23:51.546,297.916591,43.4046522,6.0116132,229.722,1,16,0.67,52.536,26.91
14:23:51.640,298.010835,43.4046643,6.0116206,229.678,1,0,,52.832,25.7
14:23:51.739,298.109758,43.4046765,6.0116279,229.639,1,0,,53.012,25.64
14:23:51.846,298.216704,43.4046886,6.0116359,229.64,1,16,0.67,53.538,23.57
14:23:51.938,298.308651,43.4047009,6.0116433,229.617,1,0,,53.208,25.18
14:23:52.042,298.41252,43.4047131,6.0116508,229.601,1,0,,52.951,25.58
14:23:52.148,298.518524,43.4047251,6.011659,229.598,1,16,0.67,53.158,24.66
14:23:52.239,298.609527,43.4047371,6.0116667,229.575,1,0,,53.293,26.21
14:23:52.339,298.709559,43.4047491,6.0116748,229.559,1,0,,53.352,26.58
14:23:52.449,298.819522,43.404761,6.0116835,229.574,1,16,0.67,53.614,26.4
14:23:52.540,298.910595,43.404773,6.0116918,229.562,1,0,,54.012,27.99
14:23:52.639,299.00983,43.4047849,6.0117005,229.557,1,0,,54.46,28.53
14:23:52.746,299.1168,43.404797,6.01171,229.579,1,17,0.67,54.864,28.42
14:23:52.832,299.202594,43.404809,6.0117192,229.573,1,0,,54.219,29.65
14:23:52.940,299.310614,43.4048208,6.0117284,229.566,1,0,,53.847,30.3
14:23:53.048,299.418528,43.4048324,6.0117383,229.59,1,17,0.65,53.952,30.02
14:23:53.139,299.509522,43.404844,6.0117478,229.586,1,0,,53.119,32.01
14:23:53.242,299.61259,43.4048552,6.0117575,229.585,1,0,,52.591,33.16
14:23:53.349,299.719724,43.4048662,6.0117679,229.607,1,17,0.67,52.447,33.08
14:23:53.439,299.809547,43.404877,6.011778,229.603,1,0,,51.65,35.53
14:23:53.540,299.910574,43.4048874,6.0117883,229.589,1,0,,50.861,36.6
14:23:53.649,300.019934,43.4048975,6.0117994,229.581,1,17,0.69,50.48,36.63
14:23:53.739,300.109724,43.404907,6.0118101,229.522,1,0,,49.602,39.67
14:23:53.840,300.210635,43.4049163,6.0118212,229.508,1,0,,49.156,41.15
14:23:53.946,300.316547,43.4049254,6.0118329,229.518,1,17,0.69,48.824,41.27
14:23:54.041,300.411548,43.4049343,6.0118443,229.499,1,0,,47.683,44.36
14:23:54.140,300.510506,43.4049427,6.0118559,229.479,1,0,,46.587,47.85
14:23:54.245,300.615631,43.4049501,6.0118684,229.473,1,16,0.72,45.98,48.6
14:23:54.338,300.708525,43.4049573,6.0118805,229.454,1,0,,44.529,54.79
14:23:54.442,300.812566,43.4049635,6.0118931,229.436,1,0,,43.328,58.77
14:23:54.548,300.918578,43.4049684,6.0119067,229.43,1,16,0.72,42.918,61.0
14:23:54.639,301.00983,43.4049729,6.01192,229.414,1,0,,41.696,65.34
14:23:54.739,301.109872,43.4049759,6.0119337,229.399,1,0,,40.566,73.96
14:23:54.848,301.218782,43.4049777,6.0119479,229.406,1,15,0.81,40.594,74.22
14:23:54.939,301.309657,43.4049788,6.0119618,229.393,1,0,,39.705,88.57
14:23:55.039,301.409773,43.4049787,6.0119754,229.378,1,0,,38.903,93.44
14:23:55.156,301.526546,43.4049775,6.0119893,229.428,1,15,0.81,39.155,95.6
14:23:55.241,301.611637,43.4049756,6.0120026,229.415,1,0,,38.507,99.76
14:23:55.341,301.711512,43.4049728,6.0120152,229.404,1,0,,38.177,110.71
14:23:55.456,301.826559,43.404969,6.0120282,229.48,1,15,0.81,38.698,110.35
14:23:55.540,301.910573,43.4049646,6.0120401,229.47,1,0,,38.144,121.63
14:23:55.631,302.001845,43.4049593,6.0120511,229.459,1,0,,38.012,124.98
14:23:55.746,302.116685,43.4049532,6.012062,229.508,1,15,0.81,38.629,128.3
14:23:55.839,302.209621,43.4049466,6.0120718,229.496,1,0,,37.933,130.64
14:23:55.939,302.309609,43.4049393,6.0120803,229.486,1,0,,36.927,142.3
14:23:56.033,302.404153,43.4049316,6.0120876,229.476,1,13,0.9,37.455,143.41
14:23:56.138,302.508589,43.4049233,6.0120939,229.463,1,0,,36.714,156.12
14:23:56.239,302.609605,43.4049147,6.0120987,229.448,1,0,,36.496,159.85
14:23:56.345,302.715507,43.4049057,6.0121021,229.443,1,13,0.9,37.357,164.52
14:23:56.430,302.800795,43.4048964,6.0121042,229.43,1,0,,37.086,169.65
14:23:56.549,302.919513,43.4048867,6.0121053,229.032,1,12,0.95,36.847,183.0
14:23:56.644,303.014833,43.404877,6.0121056,229.027,1,11,1.06,35.344,184.24
14:23:56.743,303.113787,43.4048678,6.0121055,228.986,1,11,1.04,35.668,185.85
14:23:56.833,303.204191,43.4048586,6.0121049,228.953,1,11,1.04,35.605,187.58
14:23:56.942,303.31343,43.4048493,6.0121038,228.921,1,11,1.04,36.823,189.07
14:23:57.044,303.414612,43.4048397,6.0121027,228.892,1,11,1.04,38.312,189.92
14:23:57.145,303.515528,43.4048299,6.0121012,228.873,1,12,0.93,39.114,190.8
14:23:57.229,303.599596,43.4048203,6.0120987,228.858,1,0,,40.042,190.8
14:23:57.338,303.708588,43.4048105,6.0120962,228.843,1,0,,40.763,190.8
14:23:57.432,303.802594,43.4048007,6.0120935,228.83,1,13,0.85,40.157,191.17
14:23:57.531,303.90157,43.4047909,6.0120908,228.815,1,0,,41.639,191.17
14:23:57.631,304.001851,43.4047807,6.0120881,228.799,1,0,,43.876,191.74
14:23:57.736,304.106626,43.4047701,6.0120851,228.786,1,13,0.85,43.365,193.42
14:23:57.830,304.200733,43.4047595,6.0120819,228.772,1,0,,43.398,194.24
14:23:57.933,304.303588,43.404749,6.0120781,228.762,1,0,,42.411,195.82
14:23:58.040,304.410481,43.404741,6.0120719,228.778,1,14,0.81,40.118,199.21
14:23:58.140,304.510582,43.404732,6.0120661,228.782,1,0,,37.131,202.65
14:23:58.240,304.610591,43.4047244,6.0120588,228.781,1,0,,35.947,214.16
14:23:58.346,304.716547,43.4047173,6.0120517,228.77,1,15,0.77,35.471,214.36
14:23:58.432,304.802734,43.4047106,6.0120437,228.755,1,0,,33.732,217.12
14:23:58.542,304.912687,43.4047044,6.0120365,228.744,1,11,1.4,32.784,215.34
14:23:58.639,305.009904,43.4046985,6.012029,228.732,1,0,,31.812,223.68
14:23:58.733,305.103639,43.4046929,6.0120214,228.726,1,0,,30.565,221.36
14:23:58.839,305.209763,43.4046845,6.0120167,228.643,1,15,0.77,30.527,222.43
14:23:58.941,305.311683,43.4046788,6.0120101,228.626,1,0,,28.562,219.7
14:23:59.039,305.409617,43.4046734,6.012004,228.617,1,0,,26.43,218.15
14:23:59.147,305.517547,43.4046633,6.0120035,228.544,1,15,0.77,26.908,212.45
14:23:59.242,305.612526,43.4046574,6.0119995,228.527,1,0,,25.628,209.56
14:23:59.339,305.709586,43.4046515,6.0119968,228.516,1,0,,24.985,204.41
14:23:59.446,305.816579,43.4046411,6.0119997,228.439,1,15,0.77,27.161,197.0
14:23:59.535,305.905573,43.404634,6.0120004,228.409,1,10,1.49,28.915,195.18
14:23:59.632,306.002902,43.4046202,6.0120093,228.331,1,11,1.34,34.373,171.63
14:23:59.741,306.111658,43.4046119,6.0120136,228.239,1,11,1.34,35.107,167.63
14:23:59.842,306.212686,43.4046036,6.0120188,228.23,1,11,1.55,35.397,155.41
14:23:59.935,306.305577,43.4045955,6.0120249,228.212,1,11,1.55,35.925,152.43
14:24:00.033,306.403534,43.4045886,6.0120322,228.14,1,12,1.33,35.753,146.77
14:24:00.142,306.512516,43.4045816,6.0120407,228.113,1,12,1.33,36.279,144.57
14:24:00.242,306.612517,43.4045751,6.0120502,228.082,1,12,1.33,36.392,134.85
14:24:00.341,306.711594,43.4045693,6.0120602,228.05,1,12,1.33,36.025,133.17
14:24:00.434,306.804515,43.4045637,6.0120708,228.019,1,11,1.55,35.197,125.54
14:24:00.545,306.915577,43.4045601,6.0120813,228.03,1,12,1.09,33.775,123.44
14:24:00.646,307.016834,43.4045574,6.012092,228.048,1,12,1.07,32.795,113.18
14:24:00.739,307.109598,43.4045547,6.0121029,228.03,1,12,1.07,32.516,110.57
14:24:00.835,307.205733,43.4045526,6.012114,228.014,1,11,1.23,32.269,103.91
14:24:00.944,307.314669,43.4045511,6.0121252,227.986,1,12,1.07,32.054,101.12
14:24:01.046,307.416553,43.4045502,6.0121366,227.939,1,12,1.07,32.049,95.3
14:24:01.143,307.513586,43.40455,6.0121478,227.846,1,12,1.1,32.169,92.9
14:24:01.235,307.605532,43.4045503,6.0121592,227.824,1,12,1.1,32.382,87.04
14:24:01.344,307.714518,43.4045511,6.0121705,227.729,1,12,1.1,32.649,84.65
14:24:01.443,307.813517,43.4045526,6.0121817,227.71,1,12,1.1,32.827,80.19
14:24:01.542,307.912616,43.4045547,6.0121931,227.739,1,14,0.93,33.197,77.36
14:24:01.640,308.010849,43.4045572,6.0122045,227.778,1,14,0.93,33.616,70.19
14:24:01.751,308.121488,43.40456,6.0122159,227.832,1,14,0.93,34.027,67.91
14:24:01.847,308.217745,43.4045633,6.0122272,227.921,1,14,0.93,34.171,64.48
14:24:01.943,308.313584,43.404567,6.0122382,227.968,1,14,0.9,34.355,62.15
14:24:02.042,308.412564,43.404571,6.0122491,228.055,1,14,0.9,34.436,58.69
14:24:02.139,308.509537,43.4045754,6.0122597,228.102,1,13,0.92,34.771,56.67
14:24:02.239,308.609561,43.4045801,6.0122702,228.179,1,13,0.92,35.125,54.08
14:24:02.342,308.712532,43.4045851,6.0122806,228.27,1,13,0.92,35.618,52.62
14:24:02.445,308.815852,43.4045901,6.0122907,228.302,1,11,1.17,35.736,51.22
14:24:02.550,308.92061,43.4045956,6.0123005,228.343,1,13,0.93,35.736,49.32
14:24:02.643,309.013907,43.4046012,6.0123102,228.4,1,12,1.05,36.044,47.33
14:24:02.738,309.108549,43.4046072,6.0123195,228.463,1,12,1.08,36.284,45.42
14:24:02.835,309.205555,43.4046134,6.0123285,228.53,1,12,1.08,36.621,43.3
14:24:02.944,309.314604,43.40462,6.0123375,228.613,1,12,1.08,37.073,41.77
14:24:03.042,309.412544,43.4046267,6.0123462,228.68,1,12,1.08,37.466,40.25
14:24:03.143,309.5136,43.4046336,6.0123548,228.744,1,12,1.08,37.618,39.18
14:24:03.235,309.605502,43.4046406,6.0123633,228.791,1,12,1.08,37.931,38.44
14:24:03.343,309.713552,43.4046478,6.0123717,228.81,1,12,1.08,38.112,38.24
14:24:03.443,309.813597,43.4046551,6.0123798,228.807,1,12,1.08,38.072,36.59
14:24:03.537,309.907551,43.4046625,6.0123877,228.81,1,12,1.08,38.012,35.49
14:24:03.636,310.006809,43.4046701,6.0123954,228.837,1,13,0.98,38.014,34.44
14:24:03.745,310.115557,43.4046778,6.0124028,228.824,1,13,0.98,38.223,33.23
14:24:03.844,310.214527,43.4046857,6.0124102,228.829,1,13,0.98,38.648,31.84
14:24:03.941,310.311607,43.4046938,6.0124173,228.776,1,14,0.83,38.833,30.92
14:24:04.037,310.407567,43.4047021,6.0124243,228.748,1,13,0.95,39.224,29.53
14:24:04.145,310.515517,43.4047105,6.0124311,228.725,1,13,0.95,39.675,28.36
14:24:04.243,310.613546,43.4047191,6.0124378,228.726,1,13,0.95,40.048,27.24
14:24:04.338,310.70851,43.4047279,6.0124444,228.739,1,13,0.95,40.451,26.48
14:24:04.436,310.806504,43.4047369,6.0124508,228.761,1,13,0.95,40.896,25.35
14:24:04.545,310.916038,43.404746,6.0124571,228.773,1,13,0.89,41.294,24.75
14:24:04.649,311.019921,43.4047552,6.0124633,228.804,1,13,0.89,41.692,23.81
14:24:04.742,311.112528,43.4047646,6.0124694,228.832,1,13,0.89,42.027,23.25
14:24:04.842,311.212469,43.4047741,6.0124754,228.869,1,13,0.89,42.344,22.39
14:24:04.950,311.320643,43.4047837,6.0124813,228.91,1,13,0.89,42.618,21.96
14:24:05.048,311.418676,43.4047934,6.012487,228.957,1,13,0.91,42.779,21.23
14:24:05.169,311.539555,43.4048031,6.0124926,228.985,1,13,0.91,42.905,20.78
14:24:05.242,311.61244,43.4048129,6.0124981,229.019,1,14,0.81,43.016,20.3
14:24:05.361,311.731516,43.4048229,6.0125035,229.033,1,14,0.81,43.353,20.0
14:24:05.449,311.819502,43.404833,6.0125089,229.043,1,13,0.91,43.692,19.77
14:24:05.549,311.919614,43.404843,6.0125146,229.098,1,14,0.85,44.05,19.91
14:24:05.642,312.012625,43.4048532,6.0125205,229.157,1,13,0.89,44.498,20.36
14:24:05.750,312.120536,43.4048634,6.0125265,229.199,1,13,0.89,44.874,20.86
14:24:05.840,312.210596,43.4048737,6.0125327,229.252,1,13,0.93,45.25,21.43
14:24:05.942,312.312728,43.404884,6.012539,229.314,1,13,0.98,45.493,22.09
14:24:06.042,312.41257,43.4048943,6.0125456,229.349,1,13,0.98,45.709,23.08
14:24:06.151,312.521543,43.4049046,6.0125523,229.387,1,13,0.98,45.874,23.55
14:24:06.239,312.609624,43.4049149,6.0125592,229.42,1,13,0.98,46.15,24.26
14:24:06.342,312.712527,43.4049253,6.0125664,229.464,1,13,0.98,46.548,25.01
14:24:06.442,312.81259,43.4049355,6.0125739,229.527,1,13,0.98,46.748,26.3
14:24:06.551,312.921565,43.4049458,6.012582,229.622,1,14,0.95,47.176,27.88
14:24:06.640,313.010866,43.4049559,6.0125906,229.717,1,14,0.95,47.517,29.57
14:24:06.743,313.113616,43.4049659,6.0125996,229.788,1,14,0.95,47.896,31.68
14:24:06.841,313.211561,43.4049758,6.0126093,229.866,1,14,0.95,48.35,33.76
14:24:06.952,313.322794,43.4049853,6.0126196,229.96,1,14,0.92,48.484,35.39
14:24:07.040,313.410578,43.4049947,6.0126301,230.015,1,13,1.04,48.58,37.65
14:24:07.147,313.517507,43.4050037,6.0126412,230.048,1,11,1.24,48.676,39.68
14:24:07.243,313.613456,43.4050123,6.0126528,230.079,1,12,1.14,48.782,43.92
14:24:07.349,313.719501,43.4050207,6.012665,230.104,1,12,1.14,49.108,46.16
14:24:07.439,313.809559,43.4050288,6.0126777,230.116,1,12,1.14,49.339,48.71
14:24:07.542,313.912556,43.4050365,6.012691,230.127,1,12,1.14,49.773,50.97
14:24:07.641,314.011961,43.4050437,6.0127049,230.096,1,14,0.86,49.937,53.79
14:24:07.746,314.116908,43.4050507,6.0127192,230.108,1,13,1.06,50.173,55.57
14:24:07.848,314.218526,43.4050572,6.012734,230.111,1,13,1.0,50.295,58.55
14:24:07.943,314.313848,43.4050634,6.0127493,230.118,1,14,0.88,50.548,60.46
14:24:08.043,314.413507,43.4050691,6.0127649,230.138,1,13,1.0,50.682,63.0
14:24:08.149,314.519717,43.4050743,6.0127809,230.149,1,13,1.0,50.845,65.37
14:24:08.239,314.609607,43.405079,6.0127974,230.162,1,13,1.0,51.162,68.08
14:24:08.348,314.718519,43.4050833,6.0128142,230.181,1,13,1.0,51.554,70.29
14:24:08.437,314.808367,43.405087,6.0128313,230.194,1,13,1.0,51.723,73.02
14:24:08.546,314.916885,43.4050901,6.0128486,230.225,1,13,0.98,51.63,75.29
14:24:08.639,315.009817,43.4050923,6.012866,230.257,1,12,1.15,51.176,79.46
14:24:08.741,315.111591,43.405094,6.0128832,230.279,1,11,1.24,50.536,82.06
14:24:08.843,315.213478,43.4050952,6.0129006,230.257,1,13,1.03,50.302,85.16
14:24:08.952,315.322507,43.4050954,6.0129181,230.266,1,13,1.03,50.165,87.76
14:24:09.040,315.410562,43.4050948,6.0129354,230.254,1,11,1.24,50.25,93.08
14:24:09.148,315.518545,43.4050931,6.0129526,230.244,1,11,1.24,50.321,96.92
14:24:09.237,315.607466,43.4050905,6.0129695,230.23,1,11,1.24,50.115,102.29
14:24:09.340,315.710586,43.405087,6.0129861,230.227,1,11,1.24,50.017,106.14
14:24:09.448,315.818485,43.4050829,6.0130023,230.221,1,11,1.24,50.071,110.45
14:24:09.542,315.912612,43.4050778,6.013018,230.2,1,11,1.08,50.063,113.91
14:24:09.641,316.01185,43.405072,6.0130332,230.182,1,11,1.08,49.984,118.94
14:24:09.740,316.110542,43.4050656,6.0130478,230.163,1,11,1.08,49.8,122.17
14:24:09.840,316.210595,43.4050585,6.0130619,230.146,1,11,1.08,49.839,126.36
14:24:09.943,316.3136,43.4050506,6.0130752,230.126,1,11,1.08,49.885,129.35
14:24:10.043,316.413576,43.4050421,6.0130879,230.11,1,11,1.14,50.121,133.96
14:24:10.140,316.510533,43.4050331,6.0130996,230.088,1,11,1.14,49.934,136.63
14:24:10.240,316.6106,43.4050234,6.0131104,230.06,1,11,1.14,49.945,142.17
14:24:10.342,316.71253,43.4050132,6.0131203,230.014,1,11,1.14,49.785,144.94
14:24:10.444,316.814472,43.4050027,6.013129,229.987,1,11,1.14,49.437,150.18
14:24:10.540,316.911042,43.4049919,6.0131367,229.987,1,12,1.03,48.963,153.29
14:24:10.640,317.010809,43.4049808,6.0131435,229.984,1,12,1.03,48.852,157.97
14:24:10.743,317.113615,43.4049693,6.0131493,229.984,1,12,1.03,48.724,160.79
14:24:10.840,317.210601,43.4049577,6.0131542,229.966,1,12,1.06,48.728,164.71
14:24:10.940,317.310493,43.4049457,6.0131583,229.948,1,12,1.06,49.011,167.1
14:24:11.040,317.410705,43.4049336,6.0131614,229.925,1,12,1.06,49.248,170.77
14:24:11.149,317.519766,43.4049213,6.0131639,229.892,1,12,1.06,49.724,172.66
14:24:11.241,317.611482,43.4049089,6.0131659,229.86,1,12,1.06,50.115,174.82
14:24:11.339,317.709601,43.4048963,6.0131677,229.863,1,12,1.06,50.432,174.56
14:24:11.439,317.809875,43.4048837,6.0131694,229.791,1,12,1.06,50.841,174.14
14:24:11.541,317.911885,43.4048715,6.0131713,229.732,1,13,1.0,49.956,175.37
14:24:11.641,318.011915,43.4048594,6.0131733,229.707,1,14,0.87,49.13,175.03
14:24:11.740,318.110568,43.4048471,6.0131766,229.7,1,14,0.87,49.108,171.74
14:24:11.841,318.211576,43.4048344,6.0131812,229.702,1,14,0.87,50.365,168.84
14:24:11.943,318.313518,43.4048218,6.0131852,229.654,1,14,0.93,51.187,166.68
14:24:12.044,318.41455,43.4048094,6.0131896,229.622,1,14,0.93,51.615,165.0
14:24:12.140,318.510642,43.4047969,6.0131944,229.572,1,14,0.93,51.889,164.06
14:24:12.240,318.610505,43.4047843,6.0131995,229.568,1,14,0.93,52.36,162.98
14:24:12.342,318.712529,43.4047719,6.0132049,229.502,1,14,0.97,52.408,162.01
14:24:12.438,318.808668,43.4047594,6.0132106,229.471,1,14,0.97,52.619,161.29
14:24:12.539,318.909629,43.404747,6.0132164,229.444,1,14,0.97,52.552,160.93
14:24:12.640,319.010822,43.4047347,6.0132223,229.437,1,14,0.97,52.154,160.43
14:24:12.743,319.113558,43.4047224,6.0132285,229.389,1,14,0.91,51.86,159.69
14:24:12.838,319.209224,43.4047104,6.0132342,229.277,1,14,0.91,51.239,159.98
14:24:12.941,319.31151,43.4046982,6.0132394,229.126,1,14,0.89,51.121,161.76
14:24:13.042,319.412614,43.4046857,6.0132443,229.088,1,14,0.89,51.228,163.48
14:24:13.143,319.513561,43.4046734,6.0132481,229.024,1,14,0.91,50.498,165.74
14:24:13.237,319.608118,43.4046611,6.0132509,228.928,1,13,1.03,49.847,168.88
14:24:13.340,319.710509,43.4046486,6.0132525,228.877,1,13,1.03,49.491,172.05
14:24:13.441,319.811596,43.4046364,6.0132535,228.844,1,13,1.03,49.061,177.88
14:24:13.543,319.913706,43.4046242,6.0132535,228.799,1,13,0.96,48.704,180.53
14:24:13.643,320.013903,43.4046121,6.0132529,228.791,1,15,0.8,48.313,184.45
14:24:13.742,320.112584,43.4046003,6.0132509,228.724,1,15,0.8,48.065,186.25
14:24:13.843,320.213522,43.4045885,6.013248,228.64,1,15,0.8,47.983,191.49
14:24:13.944,320.314495,43.4045771,6.0132439,228.565,1,15,0.8,47.993,193.07
14:24:14.045,320.415509,43.4045661,6.0132388,228.508,1,14,0.9,47.295,198.4
14:24:14.154,320.524499,43.4045557,6.0132326,228.47,1,13,0.99,46.215,200.6
14:24:14.242,320.612666,43.404546,6.0132254,228.44,1,13,0.99,45.168,207.95
14:24:14.345,320.715521,43.4045366,6.0132175,228.411,1,13,0.99,44.678,210.95
14:24:14.443,320.813833,43.4045277,6.0132087,228.434,1,13,0.99,44.374,216.97
14:24:14.543,320.913655,43.404519,6.0131993,228.463,1,13,0.99,44.394,219.24
14:24:14.643,321.013815,43.4045108,6.0131893,228.49,1,13,0.99,44.513,224.06
14:24:14.746,321.116692,43.4045031,6.0131787,228.497,1,13,0.99,44.402,226.73
14:24:14.845,321.215519,43.404496,6.0131674,228.481,1,13,0.99,44.163,230.64
14:24:14.944,321.314518,43.4044895,6.0131554,228.458,1,14,0.9,43.891,233.2
14:24:15.045,321.415631,43.4044837,6.0131432,228.457,1,15,0.82,43.629,238.58
14:24:15.149,321.519569,43.4044784,6.0131303,228.467,1,15,0.8,43.65,241.86
14:24:15.249,321.619627,43.4044736,6.0131172,228.499,1,17,0.69,43.785,245.67
14:24:15.369,321.739505,43.4044693,6.0131038,228.533,1,17,0.69,43.748,248.42
14:24:15.457,321.82758,43.4044656,6.01309,228.577,1,17,0.69,43.809,252.42
14:24:15.551,321.921694,43.4044627,6.0130761,228.628,1,17,0.7,43.439,255.53
14:24:15.648,322.018815,43.4044608,6.013062,228.629,1,15,0.84,42.724,260.46
14:24:15.745,322.115529,43.4044598,6.0130481,228.651,1,15,0.84,41.92,264.06
14:24:15.844,322.214511,43.4044596,6.0130342,228.685,1,14,0.9,41.598,271.06
14:24:15.947,322.317519,43.4044605,6.0130205,228.699,1,14,0.9,41.226,274.82
14:24:16.046,322.416722,43.4044622,6.013007,228.736,1,14,0.9,41.192,281.44
14:24:16.143,322.513505,43.4044645,6.012994,228.804,1,14,0.95,40.748,284.61
14:24:16.243,322.613539,43.4044676,6.0129814,228.855,1,14,0.95,40.248,290.7
14:24:16.345,322.715499,43.4044714,6.0129694,228.916,1,13,0.99,39.775,294.17
14:24:16.444,322.814493,43.4044762,6.012958,228.944,1,14,0.96,39.501,301.5
14:24:16.542,322.912603,43.4044816,6.0129477,228.998,1,14,0.96,38.861,303.99
14:24:16.644,323.014817,43.4044877,6.012938,229.012,1,14,0.9,38.479,312.31
14:24:16.745,323.115542,43.4044944,6.0129292,229.036,1,14,0.91,38.159,314.09
14:24:16.845,323.215568,43.4045015,6.0129216,229.106,1,13,0.93,37.933,323.6
14:24:16.943,323.313591,43.4045093,6.0129149,229.16,1,13,0.87,37.946,325.97
14:24:17.045,323.4155,43.4045175,6.0129092,229.238,1,13,0.87,38.212,334.52
14:24:17.147,323.517578,43.4045259,6.0129044,229.309,1,13,0.87,38.316,337.03
14:24:17.246,323.616611,43.4045346,6.0129005,229.388,1,13,0.87,38.157,342.19
14:24:17.344,323.714506,43.4045434,6.0128972,229.445,1,13,0.87,37.979,343.01
14:24:17.443,323.813567,43.4045525,6.0128943,229.472,1,13,0.92,38.192,346.3
14:24:17.547,323.917541,43.4045617,6.0128918,229.496,1,13,0.89,38.362,344.1
14:24:17.646,324.016809,43.404571,6.0128892,229.512,1,14,0.88,38.566,348.98
14:24:17.745,324.115517,43.4045804,6.0128872,229.542,1,14,0.88,38.988,348.62
14:24:17.845,324.215594,43.4045897,6.0128848,229.57,1,14,0.88,39.125,350.79
14:24:17.946,324.316584,43.4045994,6.0128829,229.608,1,14,0.86,39.735,348.63
14:24:18.046,324.416515,43.4046091,6.0128803,229.631,1,14,0.86,40.424,350.17
14:24:18.155,324.525685,43.4046187,6.0128772,229.644,1,14,0.86,40.864,348.42
14:24:18.244,324.61466,43.4046279,6.0128733,229.651,1,14,0.86,40.972,348.87
14:24:18.347,324.717532,43.4046375,6.0128698,229.641,1,13,0.89,41.294,346.82
14:24:18.446,324.816672,43.4046468,6.0128661,229.626,1,13,0.89,41.016,346.52
14:24:18.547,324.917551,43.4046551,6.012862,229.615,1,14,0.76,39.355,346.72
14:24:18.646,325.016815,43.4046628,6.0128572,229.615,1,14,0.76,38.018,345.49
14:24:18.748,325.118529,43.4046708,6.0128525,229.605,1,13,0.83,37.038,344.0
14:24:18.845,325.215513,43.4046785,6.0128479,229.607,1,12,0.88,36.044,343.0
14:24:18.943,325.313576,43.4046857,6.0128429,229.609,1,12,0.88,34.871,341.93
14:24:19.043,325.413504,43.4046926,6.0128379,229.631,1,12,0.9,33.651,341.28
14:24:19.147,325.517721,43.4046983,6.0128323,229.631,1,12,0.85,32.097,340.13
14:24:19.245,325.615575,43.404703,6.0128261,229.632,1,12,0.85,30.234,339.2
14:24:19.343,325.713514,43.4047069,6.0128195,229.619,1,12,0.91,28.202,337.61
14:24:19.442,325.812491,43.4047105,6.0128128,229.622,1,11,1.05,26.413,335.02
14:24:19.546,325.916558,43.4047128,6.0128054,229.628,1,11,1.05,24.328,333.02
14:24:19.643,326.013803,43.404714,6.0127976,229.583,1,11,1.2,22.085,330.98
14:24:19.746,326.116524,43.404708,6.0127831,229.579,1,14,0.81,18.816,327.88
14:24:19.844,326.214515,43.4047039,6.0127717,229.55,1,12,0.88,16.838,325.78
14:24:19.947,326.317589,43.4046983,6.0127599,229.528,1,12,0.88,15.725,324.68
14:24:20.045,326.415871,43.4046913,6.0127474,229.513,1,12,0.88,16.024,325.52
14:24:20.154,326.524562,43.4046679,6.0127173,229.608,1,12,0.88,25.665,281.15
14:24:20.244,326.614539,43.4046482,6.0126944,229.693,1,12,0.88,34.129,277.51
14:24:20.347,326.717513,43.4046448,6.0126871,229.82,1,12,0.88,32.541,227.57
14:24:20.447,326.817785,43.4046381,6.0126781,229.849,1,12,0.88,33.467,224.96
14:24:20.545,326.91561,43.404628,6.012666,229.844,1,12,0.88,33.749,222.18
14:24:20.644,327.014811,43.4046203,6.0126573,229.888,1,12,0.9,34.297,219.65
14:24:20.746,327.116516,43.404613,6.01265,229.869,1,11,1.18,34.945,216.49
14:24:20.846,327.217468,43.4046052,6.0126425,229.856,1,11,1.18,35.408,216.45
14:24:20.945,327.315493,43.4045974,6.0126351,229.806,1,11,1.11,35.664,214.63
14:24:21.046,327.416493,43.4045895,6.0126277,229.825,1,11,1.11,35.944,213.56
14:24:21.147,327.517797,43.4045815,6.0126208,229.823,1,11,1.11,36.005,211.87
14:24:21.246,327.617477,43.4045734,6.0126142,229.795,1,11,1.11,36.447,210.12
14:24:21.344,327.714533,43.404565,6.0126078,229.758,1,11,1.11,36.92,208.78
14:24:21.446,327.816638,43.4045565,6.0126016,229.724,1,12,0.95,37.14,207.4
14:24:21.549,327.919546,43.4045479,6.0125956,229.694,1,13,0.97,37.292,205.84
14:24:21.648,328.018778,43.4045393,6.0125896,229.667,1,13,0.97,37.514,205.76
14:24:21.746,328.116596,43.4045306,6.0125835,229.657,1,13,0.97,37.646,206.09
14:24:21.848,328.218509,43.4045218,6.012577,229.663,1,14,0.93,38.077,206.98
14:24:21.950,328.320597,43.404513,6.0125706,229.626,1,14,0.93,38.357,207.32
14:24:22.048,328.418532,43.4045043,6.0125641,229.605,1,13,1.09,38.742,208.38
14:24:22.146,328.516571,43.4044955,6.0125573,229.601,1,13,1.11,39.077,209.54
14:24:22.246,328.616566,43.4044868,6.01255,229.594,1,13,1.11,39.657,211.03
14:24:22.349,328.719561,43.4044781,6.0125423,229.563,1,13,1.11,40.375,212.99
14:24:22.448,328.818539,43.4044696,6.012534,229.554,1,13,1.11,40.925,215.37
14:24:22.547,328.91753,43.4044613,6.0125254,229.531,1,15,0.89,41.09,217.55
14:24:22.640,329.010867,43.4044533,6.0125162,229.538,1,15,0.89,41.133,219.8
14:24:22.749,329.119545,43.4044455,6.0125066,229.541,1,15,0.91,41.326,222.7
14:24:22.849,329.219513,43.4044379,6.0124966,229.529,1,15,0.9,41.551,224.65
14:24:22.947,329.317493,43.4044306,6.0124862,229.502,1,15,0.9,41.757,226.84
14:24:23.047,329.417488,43.4044235,6.0124754,229.475,1,15,0.9,42.007,228.89
14:24:23.156,329.526586,43.4044166,6.0124642,229.448,1,15,0.9,42.224,230.81
14:24:23.248,329.618536,43.4044099,6.0124528,229.415,1,15,0.9,42.444,232.42
14:24:23.347,329.717491,43.4044036,6.0124408,229.395,1,15,0.9,42.55,235.19
14:24:23.447,329.817604,43.4043976,6.0124283,229.417,1,15,0.9,43.007,237.27
14:24:23.550,329.920582,43.4043917,6.0124155,229.47,1,15,0.89,43.216,240.01
14:24:23.648,330.01879,43.4043862,6.0124024,229.51,1,15,0.91,43.487,241.68
14:24:23.746,330.116503,43.4043809,6.012389,229.536,1,15,0.91,43.829,243.71
14:24:23.846,330.216511,43.404376,6.0123755,229.542,1,15,0.91,43.935,244.65
14:24:23.949,330.319475,43.4043712,6.0123617,229.548,1,15,0.91,44.092,246.3
14:24:24.046,330.416588,43.4043667,6.0123477,229.562,1,14,0.95,44.272,247.1
14:24:24.156,330.527429,43.4043623,6.0123336,229.576,1,14,0.95,44.459,248.47
14:24:24.245,330.615542,43.4043582,6.0123193,229.583,1,14,0.95,44.635,249.31
14:24:24.348,330.718523,43.4043542,6.0123049,229.584,1,14,0.95,44.733,250.27
14:24:24.442,330.812736,43.4043505,6.0122904,229.586,1,14,0.97,44.961,251.09
14:24:24.546,330.916517,43.4043468,6.0122757,229.589,1,14,0.95,45.144,252.03
14:24:24.645,331.01591,43.4043433,6.0122608,229.601,1,14,0.95,45.335,252.97
14:24:24.748,331.118581,43.40434,6.0122458,229.619,1,14,0.96,45.659,253.68
14:24:24.848,331.218523,43.4043367,6.0122306,229.633,1,15,0.93,45.933,254.65
14:24:24.945,331.315474,43.4043336,6.0122152,229.656,1,15,0.93,46.207,255.39
14:24:25.047,331.417478,43.4043306,6.0121997,229.669,1,15,0.93,46.494,256.02
14:24:25.149,331.51948,43.4043278,6.0121841,229.676,1,15,0.93,46.674,257.04
14:24:25.248,331.618662,43.4043251,6.0121683,229.688,1,15,0.9,46.939,257.86
14:24:25.357,331.727568,43.4043225,6.0121524,229.692,1,15,0.9,47.128,258.5
14:24:25.457,331.82749,43.40432,6.0121364,229.696,1,15,0.9,47.395,258.9
14:24:25.553,331.923643,43.4043175,6.0121202,229.697,1,16,0.79,47.504,259.27
14:24:25.651,332.021785,43.4043151,6.0121039,229.698,1,16,0.83,47.787,259.9
14:24:25.749,332.119593,43.4043129,6.0120876,229.699,1,16,0.85,47.985,260.19
14:24:25.849,332.219499,43.4043108,6.0120712,229.712,1,16,0.85,48.295,260.82
14:24:25.951,332.321484,43.4043088,6.0120547,229.712,1,16,0.85,48.626,261.26
14:24:26.049,332.419543,43.4043069,6.0120381,229.728,1,14,1.01,48.959,261.98
14:24:26.160,332.530496,43.4043052,6.0120213,229.738,1,14,1.01,49.159,262.47
14:24:26.248,332.618713,43.4043035,6.0120045,229.752,1,14,1.01,49.393,262.93
14:24:26.351,332.721538,43.4043018,6.0119876,229.77,1,14,1.01,49.524,263.13
14:24:26.450,332.82082,43.4043001,6.0119707,229.784,1,14,1.01,49.808,263.14
14:24:26.549,332.919597,43.4042986,6.0119536,229.785,1,14,0.99,49.95,263.16
14:24:26.643,333.013797,43.4042969,6.0119365,229.793,1,14,0.99,50.082,263.23
14:24:26.752,333.122587,43.4042954,6.0119193,229.794,1,14,0.99,50.319,263.27
14:24:26.851,333.221468,43.4042939,6.011902,229.793,1,14,0.99,50.648,263.68
14:24:26.949,333.319474,43.4042924,6.0118845,229.8,1,14,0.99,50.982,263.92
14:24:27.043,333.413462,43.404291,6.011867,229.809,1,14,0.99,51.282,264.16
14:24:27.152,333.522615,43.4042895,6.0118495,229.807,1,14,0.99,51.382,264.01
14:24:27.251,333.621592,43.404288,6.0118319,229.808,1,14,0.99,51.541,263.86
14:24:27.349,333.719546,43.4042866,6.0118141,229.808,1,14,0.99,51.823,264.14
14:24:27.443,333.81349,43.4042852,6.0117963,229.822,1,14,0.99,52.195,264.29
14:24:27.553,333.923516,43.4042837,6.0117783,229.829,1,13,1.09,52.363,264.34
14:24:27.651,334.021855,43.4042823,6.0117602,229.835,1,13,1.09,52.563,264.43
14:24:27.748,334.118627,43.4042808,6.0117421,229.836,1,13,1.09,52.621,264.19
14:24:27.844,334.214503,43.4042793,6.011724,229.837,1,13,1.09,52.651,263.75
14:24:27.952,334.322564,43.4042776,6.0117058,229.817,1,13,1.09,52.81,263.16
14:24:28.051,334.421486,43.404276,6.0116875,229.794,1,13,1.09,53.247,262.89
14:24:28.150,334.520495,43.4042743,6.011669,229.777,1,13,1.09,53.814,263.0
14:24:28.244,334.614591,43.4042727,6.0116505,229.781,1,13,1.09,54.077,263.45
14:24:28.350,334.720621,43.404271,6.011632,229.794,1,13,1.11,54.056,263.61
14:24:28.451,334.821575,43.4042693,6.0116135,229.814,1,13,1.11,54.167,263.43
14:24:28.549,334.919549,43.4042676,6.0115948,229.815,1,13,1.11,54.399,263.2
14:24:28.648,335.018803,43.4042658,6.0115761,229.807,1,13,1.11,54.688,262.86
14:24:28.753,335.123519,43.4042639,6.0115573,229.795,1,14,1.07,54.986,262.72
14:24:28.851,335.22158,43.4042621,6.0115385,229.778,1,14,1.07,55.167,262.67
14:24:28.949,335.319737,43.4042603,6.0115195,229.753,1,14,1.07,55.462,262.55
14:24:29.044,335.414516,43.4042584,6.0115004,229.741,1,14,1.07,55.856,262.71
14:24:29.154,335.524514,43.4042565,6.0114814,229.717,1,14,1.06,55.934,262.51
14:24:29.252,335.622563,43.4042546,6.0114621,229.713,1,14,1.06,56.39,263.02
14:24:29.351,335.721587,43.4042527,6.0114429,229.69,1,14,1.06,56.308,262.66
14:24:29.444,335.814476,43.4042508,6.0114235,229.69,1,13,1.09,56.592,262.89
14:24:29.553,335.923553,43.404249,6.0114041,229.664,1,13,1.09,56.664,262.61
14:24:29.653,336.023881,43.4042469,6.0113846,229.668,1,13,1.09,57.129,262.65
14:24:29.750,336.120558,43.404245,6.0113651,229.657,1,13,1.09,57.29,262.57
14:24:29.843,336.213943,43.404243,6.0113454,229.653,1,13,1.09,57.516,262.58
14:24:29.953,336.323733,43.4042409,6.0113258,229.655,1,13,1.09,57.547,262.39
14:24:30.053,336.423836,43.4042387,6.0113061,229.649,1,14,1.06,57.829,261.98
14:24:30.163,336.53372,43.4042365,6.0112863,229.632,1,14,1.06,58.049,261.76
14:24:30.250,336.620654,43.4042343,6.0112664,229.617,1,14,1.06,58.321,261.61
14:24:30.354,336.72462,43.404232,6.0112464,229.607,1,14,1.06,58.742,261.8
14:24:30.453,336.823663,43.4042299,6.0112262,229.594,1,14,1.06,59.055,262.04
14:24:30.551,336.921528,43.4042278,6.0112061,229.574,1,14,1.06,59.042,262.1
14:24:30.645,337.015922,43.4042256,6.0111859,229.563,1,14,1.06,59.323,262.43
14:24:30.754,337.124573,43.4042236,6.0111656,229.546,1,14,1.06,59.423,262.56
14:24:30.853,337.223524,43.4042216,6.0111453,229.527,1,13,1.09,59.462,262.77
14:24:30.951,337.321479,43.4042196,6.0111249,229.539,1,13,1.09,59.768,263.06
14:24:31.044,337.414545,43.4042176,6.0111045,229.544,1,12,1.12,60.023,262.93
14:24:31.153,337.523539,43.4042156,6.011084,229.542,1,12,1.12,60.133,262.64
14:24:31.252,337.622615,43.4042135,6.0110635,229.55,1,12,1.12,60.292,262.49
14:24:31.349,337.719518,43.4042114,6.0110429,229.545,1,12,1.12,60.507,262.3
14:24:31.444,337.814497,43.4042092,6.0110222,229.553,1,12,1.12,60.76,262.19
14:24:31.553,337.923654,43.404207,6.0110015,229.562,1,12,1.12,61.009,262.29
14:24:31.651,338.021848,43.4042049,6.0109807,229.56,1,12,1.12,61.168,262.16
14:24:31.750,338.120502,43.4042027,6.0109599,229.558,1,12,1.12,61.288,262.15
14:24:31.845,338.215512,43.4042006,6.010939,229.568,1,13,1.09,61.527,262.36
14:24:31.953,338.323477,43.4041984,6.010918,229.57,1,13,1.09,61.757,262.4
14:24:32.054,338.424471,43.4041963,6.010897,229.579,1,13,1.09,61.899,262.63
14:24:32.151,338.521477,43.4041943,6.0108759,229.584,1,13,1.09,62.044,262.75
14:24:32.251,338.621546,43.4041921,6.0108548,229.602,1,13,1.09,62.185,262.75
14:24:32.354,338.724551,43.4041901,6.0108336,229.6,1,13,1.09,62.151,262.68
14:24:32.451,338.821735,43.4041879,6.0108124,229.612,1,12,1.12,62.346,262.58
14:24:32.550,338.92055,43.4041857,6.0107911,229.637,1,12,1.12,62.664,262.38
14:24:32.644,339.014777,43.4041834,6.0107697,229.66,1,12,1.12,62.866,262.31
14:24:32.752,339.122557,43.4041814,6.0107484,229.663,1,12,1.12,62.862,262.49
14:24:32.852,339.222538,43.4041792,6.0107269,229.674,1,12,1.12,63.112,262.59
14:24:32.950,339.320479,43.4041772,6.0107054,229.675,1,12,1.12,63.238,262.85
14:24:33.045,339.415462,43.4041752,6.0106839,229.69,1,13,1.08,63.298,262.99
14:24:33.154,339.524471,43.404173,6.0106623,229.708,1,13,1.08,63.451,263.01
14:24:33.242,339.612472,43.404171,6.0106406,229.722,1,13,1.08,63.553,263.05
14:24:33.352,339.722605,43.4041688,6.0106189,229.73,1,13,1.08,63.672,262.85
14:24:33.445,339.815566,43.4041667,6.0105972,229.741,1,13,1.08,63.831,262.69
14:24:33.553,339.923855,43.4041645,6.0105754,229.747,1,13,1.08,63.937,262.55
14:24:33.643,340.013868,43.4041623,6.0105536,229.758,1,14,1.06,64.048,262.46
14:24:33.753,340.123586,43.4041601,6.0105318,229.776,1,14,1.06,64.138,262.65
14:24:33.845,340.215564,43.404158,6.0105099,229.785,1,14,1.06,64.253,262.8
14:24:33.957,340.327865,43.4041559,6.010488,229.79,1,14,1.06,64.411,262.91
14:24:34.044,340.414552,43.4041538,6.010466,229.805,1,14,1.06,64.546,263.09
14:24:34.152,340.522549,43.4041518,6.0104439,229.815,1,14,1.06,64.79,263.35
14:24:34.246,340.616582,43.4041499,6.0104219,229.831,1,13,1.08,64.922,263.59
14:24:34.355,340.725568,43.4041481,6.0103998,229.839,1,13,1.08,64.805,263.86
14:24:34.454,340.824557,43.4041463,6.0103776,229.861,1,13,1.08,64.974,264.18
14:24:34.552,340.922528,43.4041446,6.0103554,229.887,1,13,1.08,65.124,264.66
14:24:34.646,341.016792,43.4041432,6.0103331,229.907,1,13,1.08,65.239,265.33
14:24:34.755,341.125698,43.4041418,6.0103108,229.944,1,13,1.08,65.39,266.06
14:24:34.842,341.212489,43.4041407,6.0102885,229.989,1,12,1.12,65.335,266.88
14:24:34.950,341.320552,43.4041399,6.0102661,230.014,1,12,1.13,65.464,267.79
14:24:35.045,341.415469,43.4041394,6.0102436,230.059,1,13,1.1,65.616,268.87
14:24:35.161,341.531506,43.4041393,6.0102211,230.101,1,13,1.1,65.82,270.27
14:24:35.242,341.612464,43.4041397,6.0101986,230.13,1,13,1.1,65.902,272.04
14:24:35.352,341.722848,43.4041406,6.0101762,230.155,1,13,1.1,65.633,273.87
14:24:35.460,341.830673,43.404142,6.0101539,230.195,1,13,1.1,65.466,275.78
14:24:35.554,341.924633,43.4041439,6.0101316,230.233,1,13,1.1,65.396,277.68
14:24:35.642,342.012797,43.4041464,6.0101095,230.27,1,13,1.1,65.479,279.88
14:24:35.750,342.12066,43.4041496,6.0100875,230.315,1,13,1.12,65.489,282.58
14:24:35.845,342.2155,43.4041536,6.0100659,230.34,1,13,1.12,65.472,285.13
14:24:35.954,342.324487,43.4041584,6.0100445,230.375,1,14,1.07,65.47,288.12
14:24:36.041,342.411458,43.4041638,6.0100235,230.408,1,13,1.13,65.27,290.82
14:24:36.160,342.530565,43.4041699,6.010003,230.447,1,13,1.13,65.061,293.58
14:24:36.244,342.61445,43.4041767,6.0099829,230.477,1,13,1.13,64.89,296.1
14:24:36.354,342.724601,43.4041842,6.0099633,230.516,1,14,1.07,64.87,298.66
14:24:36.442,342.812552,43.4041921,6.009944,230.557,1,14,1.08,64.861,301.04
14:24:36.551,342.921537,43.4042005,6.0099253,230.599,1,14,1.08,64.803,303.09
14:24:36.645,343.01577,43.4042096,6.0099069,230.626,1,14,1.07,64.898,305.36
14:24:36.754,343.124655,43.4042192,6.0098892,230.653,1,14,1.07,64.789,307.49
14:24:36.842,343.21256,43.4042293,6.009872,230.678,1,14,1.07,64.75,310.03
14:24:36.952,343.322544,43.40424,6.0098556,230.727,1,14,1.07,64.764,313.07
14:24:37.045,343.415518,43.4042514,6.00984,230.754,1,14,1.07,64.731,316.08
14:24:37.152,343.52252,43.4042633,6.0098252,230.795,1,14,1.15,64.566,318.93
14:24:37.242,343.612445,43.4042758,6.0098114,230.839,1,13,1.19,64.629,322.2
14:24:37.351,343.721588,43.4042888,6.0097987,230.874,1,13,1.19,64.359,325.65
14:24:37.444,343.814551,43.4043023,6.0097872,230.901,1,13,1.19,64.176,329.3
14:24:37.555,343.92554,43.4043163,6.0097768,230.946,1,14,1.03,64.105,332.95
14:24:37.642,344.01285,43.4043307,6.0097678,230.976,1,14,1.03,64.009,336.81
14:24:37.751,344.121535,43.4043455,6.00976,231.007,1,14,1.03,64.018,340.92
14:24:37.844,344.214552,43.4043604,6.0097539,231.05,1,13,1.14,63.633,344.96
14:24:37.944,344.314453,43.4043757,6.0097494,231.072,1,13,1.1,63.622,349.35
14:24:38.042,344.412519,43.404391,6.0097467,231.118,1,13,1.1,63.296,353.74
14:24:38.162,344.532476,43.4044059,6.0097457,231.185,1,13,1.1,62.505,358.22
14:24:38.244,344.614497,43.4044205,6.0097462,231.248,1,12,1.17,61.488,2.66
14:24:38.343,344.713555,43.4044345,6.009749,231.301,1,12,1.17,60.047,7.2
14:24:38.442,344.812732,43.404448,6.0097535,231.391,1,12,1.17,58.736,13.07
14:24:38.554,344.924661,43.4044605,6.009759,231.523,1,15,0.82,56.786,17.15
14:24:38.647,345.01784,43.4044731,6.0097657,231.655,1,14,0.88,56.282,21.88
14:24:38.756,345.126513,43.4044856,6.0097734,231.755,1,14,0.88,56.193,26.43
14:24:38.844,345.214491,43.4044973,6.0097825,231.85,1,14,0.94,55.384,30.77
14:24:38.952,345.322468,43.4045085,6.0097926,231.938,1,13,1.04,54.936,35.59
14:24:39.046,345.416466,43.4045188,6.0098038,232.027,1,13,1.04,54.277,38.94
14:24:39.157,345.527451,43.4045278,6.0098164,232.15,1,14,0.91,53.567,44.42
14:24:39.243,345.613548,43.4045363,6.0098297,232.296,1,13,1.03,53.191,45.96
14:24:39.351,345.72154,43.4045439,6.0098438,232.459,1,13,1.03,52.834,52.21
14:24:39.446,345.816546,43.404551,6.0098584,232.576,1,12,1.04,52.082,54.37
14:24:39.556,345.926549,43.4045573,6.0098736,232.692,1,13,0.91,51.756,59.78
14:24:39.644,346.014776,43.4045629,6.0098893,232.767,1,14,0.85,51.376,61.41
14:24:39.753,346.123596,43.4045678,6.0099054,232.892,1,14,0.86,51.515,67.6
14:24:39.846,346.216491,43.404572,6.009922,232.979,1,14,0.86,51.658,68.87
14:24:39.945,346.315524,43.4045754,6.0099389,233.087,1,14,0.86,51.762,75.2
14:24:40.044,346.414465,43.404578,6.0099562,233.227,1,14,0.82,51.832,77.44
14:24:40.153,346.523522,43.4045803,6.0099733,233.335,1,14,0.82,51.262,80.39
14:24:40.248,346.618558,43.4045823,6.0099904,233.418,1,15,0.76,50.982,80.48
14:24:40.347,346.717463,43.4045844,6.0100077,233.487,1,14,0.82,51.239,81.64
14:24:40.445,346.815582,43.4045865,6.010025,233.602,1,14,0.82,51.287,81.3
14:24:40.547,346.917579,43.4045887,6.010042,233.682,1,14,0.81,50.776,80.25
14:24:40.648,347.018838,43.4045912,6.0100588,233.722,1,14,0.81,50.436,77.63
14:24:40.746,347.116621,43.4045943,6.0100755,233.82,1,14,0.81,50.337,76.99
14:24:40.844,347.214469,43.404598,6.0100923,233.89,1,13,0.85,51.126,74.44
14:24:40.953,347.32354,43.4046015,6.0101091,233.93,1,13,0.85,51.271,73.03
14:24:41.047,347.417735,43.4046053,6.0101259,233.971,1,14,0.83,51.675,72.56
14:24:41.147,347.517454,43.4046092,6.0101426,234.038,1,13,0.91,51.526,71.39
14:24:41.245,347.61543,43.4046134,6.0101593,234.071,1,13,0.91,51.83,71.19
14:24:41.353,347.723521,43.4046178,6.0101761,234.092,1,13,0.91,52.186,70.1
14:24:41.446,347.816612,43.4046225,6.0101929,234.112,1,13,0.91,52.765,69.05
14:24:41.546,347.916642,43.4046273,6.0102097,234.119,1,13,0.84,53.319,68.57
14:24:41.643,348.013845,43.4046322,6.0102268,234.139,1,12,0.91,53.904,68.59
14:24:41.743,348.113598,43.4046371,6.0102439,234.163,1,12,0.91,54.034,68.58
14:24:41.846,348.216512,43.4046419,6.0102611,234.172,1,12,0.91,54.169,68.69
14:24:41.945,348.315441,43.4046468,6.0102784,234.223,1,12,0.91,54.34,68.91
14:24:42.043,348.413521,43.4046516,6.0102959,234.24,1,12,0.91,54.703,69.32
14:24:42.152,348.52251,43.4046564,6.0103135,234.272,1,12,0.91,54.99,69.7
14:24:42.246,348.61652,43.4046611,6.0103311,234.284,1,12,0.91,55.223,70.12
14:24:42.346,348.716465,43.4046658,6.0103488,234.285,1,13,0.9,55.447,70.25
14:24:42.444,348.814639,43.4046705,6.0103666,234.292,1,13,0.94,55.54,70.49
14:24:42.543,348.913627,43.4046754,6.0103845,234.345,1,13,0.94,55.699,69.93
14:24:42.645,349.015754,43.40468,6.0104025,234.355,1,13,0.94,55.96,70.3
14:24:42.743,349.113555,43.4046847,6.0104206,234.367,1,13,0.94,56.399,71.18
14:24:42.842,349.212467,43.4046892,6.0104389,234.393,1,13,0.94,56.49,71.23
14:24:42.950,349.320487,43.4046936,6.0104572,234.379,1,13,0.94,56.786,71.97
14:24:43.045,349.415449,43.404698,6.0104757,234.381,1,13,0.94,56.905,72.31
14:24:43.154,349.524486,43.4047024,6.0104942,234.398,1,13,0.94,57.055,72.35
14:24:43.243,349.61344,43.4047068,6.0105128,234.375,1,14,0.87,57.292,72.31
14:24:43.353,349.723452,43.4047111,6.0105315,234.367,1,14,0.87,57.469,72.27
14:24:43.446,349.816585,43.4047156,6.0105502,234.364,1,14,0.87,57.853,72.21
14:24:43.543,349.913554,43.4047199,6.0105691,234.376,1,14,0.87,57.973,72.74
14:24:43.644,350.01481,43.404724,6.0105881,234.387,1,14,0.86,58.034,72.72
14:24:43.744,350.114574,43.4047281,6.0106072,234.415,1,14,0.86,58.182,73.35
14:24:43.846,350.216485,43.4047323,6.0106264,234.393,1,14,0.86,58.716,73.78
14:24:43.946,350.316448,43.4047364,6.0106457,234.388,1,14,0.86,58.999,73.77
14:24:44.043,350.413536,43.4047403,6.0106651,234.418,1,14,0.86,59.036,74.41
14:24:44.154,350.524475,43.4047443,6.0106846,234.427,1,14,0.86,59.308,74.45
14:24:44.246,350.616461,43.404748,6.0107043,234.437,1,14,0.87,59.412,75.48
14:24:44.346,350.716534,43.4047517,6.010724,234.425,1,14,0.87,59.681,75.63
14:24:44.444,350.814804,43.4047553,6.0107438,234.449,1,14,0.87,59.755,75.95
14:24:44.553,350.923646,43.4047589,6.0107637,234.458,1,14,0.87,59.871,76.3
14:24:44.647,351.017754,43.4047623,6.0107836,234.48,1,14,0.87,59.957,76.48
14:24:44.746,351.116629,43.4047657,6.0108036,234.49,1,14,0.89,60.123,76.9
14:24:44.844,351.214585,43.4047691,6.0108236,234.478,1,14,0.89,60.201,77.18
14:24:44.944,351.314464,43.4047725,6.0108435,234.483,1,14,0.89,59.766,77.0
14:24:45.047,351.417477,43.4047757,6.0108631,234.471,1,14,0.89,58.882,77.45
14:24:45.156,351.526464,43.4047788,6.0108823,234.465,1,14,0.89,57.651,77.32
14:24:45.245,351.615517,43.4047818,6.0109012,234.455,1,15,0.76,56.366,77.54
14:24:45.346,351.716448,43.4047848,6.0109198,234.448,1,15,0.76,55.373,77.92
14:24:45.463,351.833716,43.4047875,6.0109383,234.446,1,14,0.87,54.619,78.24
14:24:45.547,351.917583,43.4047901,6.0109563,234.436,1,14,0.87,53.621,78.54
14:24:45.645,352.015852,43.4047927,6.0109742,234.405,1,14,0.87,52.797,79.0
14:24:45.745,352.11553,43.4047952,6.0109917,234.39,1,14,0.87,51.784,79.18
14:24:45.848,352.218492,43.4047975,6.0110089,234.371,1,14,0.87,50.91,79.38
14:24:45.947,352.317453,43.4047998,6.0110259,234.335,1,14,0.87,50.178,79.93
14:24:46.044,352.414474,43.4048018,6.0110427,234.333,1,13,0.94,49.474,80.48
14:24:46.143,352.513459,43.4048036,6.0110594,234.338,1,13,0.94,48.806,81.34
14:24:46.247,352.6176,43.404805,6.0110759,234.345,1,13,0.94,48.109,83.11
14:24:46.344,352.714466,43.4048059,6.0110922,234.36,1,13,0.94,47.546,85.42
14:24:46.443,352.813503,43.4048062,6.0111083,234.411,1,13,0.94,46.628,88.15
14:24:46.554,352.924612,43.4048059,6.0111242,234.482,1,13,0.9,45.878,91.4
14:24:46.649,353.020006,43.4048047,6.0111399,234.573,1,15,0.75,45.239,94.85
14:24:46.749,353.119531,43.4048029,6.0111553,234.615,1,15,0.75,45.144,98.45
14:24:46.847,353.217498,43.4048007,6.0111703,234.603,1,15,0.75,44.776,102.9
14:24:46.947,353.317536,43.404798,6.0111848,234.596,1,15,0.73,44.259,106.04
14:24:47.051,353.421451,43.4047943,6.0111988,234.535,1,15,0.73,43.894,110.74
14:24:47.158,353.528454,43.4047898,6.0112121,234.535,1,15,0.75,42.996,114.19
14:24:47.246,353.616455,43.4047847,6.0112245,234.534,1,15,0.75,41.903,120.54
14:24:47.345,353.715444,43.4047789,6.011236,234.547,1,15,0.76,40.961,122.9
14:24:47.448,353.818453,43.4047725,6.0112465,234.573,1,15,0.76,40.016,130.63
14:24:47.545,353.915567,43.4047656,6.011256,234.566,1,15,0.76,39.362,133.35
14:24:47.645,354.015927,43.4047579,6.0112643,234.611,1,15,0.76,38.899,143.31
14:24:47.746,354.116535,43.4047499,6.0112715,234.612,1,15,0.76,38.492,146.58
14:24:47.848,354.218507,43.4047416,6.0112775,234.604,1,15,0.78,37.981,153.37
14:24:47.946,354.316461,43.4047331,6.0112823,234.572,1,15,0.78,37.438,156.59
14:24:48.046,354.416443,43.4047244,6.0112857,234.533,1,15,0.78,36.779,164.15
14:24:48.154,354.524507,43.4047154,6.0112879,234.491,1,15,0.77,36.988,166.49
14:24:48.248,354.618473,43.4047064,6.0112886,234.441,1,15,0.77,36.966,177.28
14:24:48.347,354.717523,43.4046975,6.011288,234.398,1,15,0.77,36.605,180.91
14:24:48.446,354.816741,43.4046888,6.0112862,234.358,1,15,0.77,36.066,189.59
14:24:48.548,354.918561,43.4046802,6.0112832,234.357,1,16,0.73,35.671,193.68
14:24:48.651,355.021848,43.404672,6.011279,234.342,1,16,0.71,35.514,201.11
14:24:48.750,355.120584,43.4046641,6.0112739,234.334,1,16,0.71,35.329,204.99
14:24:48.849,355.219552,43.4046566,6.0112678,234.31,1,16,0.71,35.142,212.39
14:24:48.948,355.318465,43.4046495,6.011261,234.281,1,16,0.71,34.84,214.76
14:24:49.052,355.42249,43.4046425,6.0112536,234.283,1,15,0.79,35.182,219.05
14:24:49.160,355.530445,43.4046357,6.0112458,234.274,1,14,0.85,35.455,221.23
14:24:49.249,355.619449,43.4046292,6.0112375,234.262,1,14,0.83,35.727,224.25
14:24:49.350,355.720456,43.404623,6.0112286,234.229,1,15,0.78,35.999,226.58
14:24:49.453,355.823449,43.404617,6.0112193,234.201,1,15,0.78,36.283,229.63
14:24:49.553,355.923616,43.4046114,6.0112096,234.165,1,16,0.76,36.245,232.05
14:24:49.651,356.021772,43.4046061,6.0111995,234.141,1,16,0.76,36.508,235.17
14:24:49.751,356.121525,43.404601,6.011189,234.113,1,16,0.76,36.894,236.79
14:24:49.853,356.223477,43.4045962,6.0111782,234.091,1,15,0.81,37.214,239.29
14:24:49.952,356.322469,43.4045916,6.0111669,234.059,1,15,0.81,37.583,240.99
14:24:50.050,356.420453,43.4045873,6.0111553,234.046,1,15,0.82,38.007,243.89
14:24:50.159,356.529433,43.4045833,6.0111435,234.019,1,15,0.82,38.264,245.71
14:24:50.252,356.622596,43.4045796,6.0111313,234.004,1,15,0.82,38.557,247.98
14:24:50.351,356.721491,43.4045761,6.0111188,233.982,1,15,0.82,38.961,249.49
14:24:50.448,356.818799,43.404573,6.0111062,233.959,1,15,0.85,39.129,251.98
14:24:50.543,356.913635,43.4045702,6.0110933,233.938,1,15,0.85,39.399,254.24
14:24:50.651,357.021769,43.4045678,6.0110802,233.913,1,15,0.83,39.449,256.26
14:24:50.750,357.120513,43.4045657,6.0110669,233.892,1,15,0.83,39.787,257.44
14:24:50.851,357.221486,43.4045639,6.0110534,233.873,1,16,0.77,40.109,260.87
14:24:50.950,357.320462,43.4045626,6.0110398,233.842,1,16,0.79,40.268,262.91
14:24:51.053,357.42346,43.4045615,6.011026,233.817,1,16,0.79,40.629,264.95
14:24:51.158,357.528498,43.4045607,6.0110121,233.798,1,15,0.86,40.933,266.35
14:24:51.245,357.615458,43.4045602,6.0109981,233.775,1,13,0.94,41.007,267.66
14:24:51.341,357.711743,43.4045598,6.0109841,233.752,1,12,1.09,41.124,268.67
14:24:51.442,357.812534,43.4045597,6.0109699,233.726,1,0,,41.459,270.38
14:24:51.540,357.910766,43.4045599,6.0109557,233.7,1,0,,41.901,271.73
14:24:51.648,358.018761,43.4045603,6.0109413,233.676,1,17,0.64,42.259,272.24
14:24:51.740,358.11072,43.4045603,6.0109264,233.638,1,11,1.19,43.159,271.88
14:24:51.842,358.213397,43.4045605,6.0109116,233.603,1,11,1.19,43.546,271.69
14:24:51.941,358.311738,43.4045606,6.0108966,233.555,1,11,1.19,43.861,270.7
14:24:52.041,358.411503,43.4045606,6.0108816,233.509,1,12,1.14,44.0,270.14
14:24:52.140,358.510493,43.4045604,6.0108665,233.46,1,11,1.28,44.131,269.15
14:24:52.243,358.613472,43.4045602,6.0108513,233.416,1,11,1.27,44.428,268.48
14:24:52.341,358.711532,43.4045597,6.010836,233.392,1,12,1.27,44.637,267.82
14:24:52.440,358.810537,43.4045591,6.0108207,233.382,1,12,1.27,44.924,267.09
14:24:52.543,358.91358,43.4045584,6.0108054,233.356,1,14,1.21,45.024,266.09
14:24:52.648,359.018761,43.4045572,6.01079,233.345,1,14,1.17,45.381,264.55
14:24:52.748,359.1186,43.4045557,6.0107745,233.343,1,14,1.15,45.783,263.27
14:24:52.846,359.21651,43.404554,6.0107589,233.326,1,14,1.15,46.028,261.56
14:24:52.947,359.317461,43.404552,6.0107435,233.295,1,14,1.15,45.943,259.61
14:24:53.051,359.421442,43.4045495,6.0107281,233.272,1,14,1.15,46.12,257.4
14:24:53.148,359.519419,43.4045467,6.0107129,233.231,1,14,1.15,45.804,254.95
14:24:53.247,359.617498,43.4045434,6.0106982,233.181,1,14,1.15,45.072,252.17
14:24:53.347,359.717496,43.4045397,6.0106839,233.121,1,14,1.15,44.248,249.58
14:24:53.448,359.818638,43.4045357,6.0106699,233.082,1,14,1.23,43.911,247.42
14:24:53.542,359.912554,43.4045313,6.0106562,233.015,1,13,1.41,43.665,246.16
14:24:53.640,360.01075,43.4045261,6.0106432,233.014,1,12,1.46,43.128,241.43
14:24:53.740,360.110568,43.4045207,6.0106304,232.994,1,12,1.46,42.777,239.91
14:24:53.849,360.219456,43.4045146,6.0106184,233.001,1,14,1.15,42.374,235.81
14:24:53.945,360.315524,43.4045084,6.0106071,232.994,1,13,1.23,41.346,235.63
14:24:54.044,360.415421,43.404502,6.0105965,233.011,1,13,1.27,40.09,231.17
14:24:54.153,360.523458,43.4044948,6.0105874,232.983,1,12,1.28,39.238,230.17
14:24:54.246,360.616546,43.4044863,6.0105796,232.967,1,12,1.28,39.475,218.22
14:24:54.342,360.712651,43.4044771,6.0105732,232.971,1,12,1.31,40.046,214.03
14:24:54.444,360.814477,43.4044686,6.0105669,232.915,1,12,1.31,39.711,207.21
14:24:54.547,360.917626,43.4044603,6.010561,232.86,1,13,1.21,38.868,203.95
14:24:54.649,361.019749,43.4044516,6.0105564,232.824,1,13,1.21,37.792,199.41
14:24:54.750,361.120493,43.4044428,6.0105528,232.805,1,13,1.16,36.894,195.6
14:24:54.846,361.216555,43.4044338,6.0105506,232.818,1,13,1.16,36.071,189.79
14:24:54.947,361.317449,43.4044248,6.0105497,232.841,1,13,1.16,35.632,187.02
14:24:55.050,361.420468,43.4044159,6.0105502,232.827,1,13,1.16,35.434,176.24
14:24:55.175,361.545439,43.4044071,6.0105519,232.856,1,13,1.16,35.073,172.89
14:24:55.247,361.61842,43.4043988,6.0105548,232.811,1,13,1.16,35.118,164.41
14:24:55.357,361.727444,43.4043907,6.0105588,232.782,1,13,1.16,34.91,160.66
14:24:55.456,361.827433,43.4043832,6.0105638,232.728,1,14,1.13,34.451,152.22
14:24:55.549,361.919664,43.404376,6.0105699,232.693,1,14,1.13,34.506,148.62
14:24:55.648,362.018744,43.4043692,6.0105771,232.665,1,14,1.15,34.651,140.67
14:24:55.747,362.117523,43.4043629,6.0105851,232.645,1,14,1.16,34.792,137.37
14:24:55.840,362.210482,43.4043572,6.0105939,232.602,1,14,1.16,34.936,130.35
14:24:55.947,362.317455,43.4043519,6.0106033,232.577,1,14,1.16,35.358,127.98
14:24:56.047,362.417438,43.4043472,6.0106133,232.533,1,14,1.16,35.444,121.93
14:24:56.148,362.518463,43.4043425,6.0106237,232.596,1,14,1.16,35.397,119.93
14:24:56.239,362.609479,43.4043384,6.0106341,232.648,1,14,1.16,34.738,115.26
14:24:56.348,362.718451,43.4043349,6.0106448,232.632,1,14,1.16,34.488,113.31
14:24:56.446,362.816622,43.4043317,6.0106556,232.618,1,13,1.17,34.162,110.28
14:24:56.550,362.920683,43.4043291,6.0106666,232.614,1,14,1.06,33.779,107.32
14:24:56.644,363.014739,43.4043268,6.0106778,232.635,1,14,1.06,33.893,103.65
14:24:56.751,363.121539,43.4043248,6.0106895,232.715,1,14,1.06,34.434,101.28
14:24:56.850,363.220498,43.4043235,6.0107011,232.728,1,14,1.06,34.562,97.35
14:24:56.950,363.320451,43.4043228,6.0107129,232.686,1,14,1.06,34.694,94.89
14:24:57.043,363.413439,43.4043226,6.0107248,232.648,1,14,1.06,34.942,91.11
14:24:57.152,363.522439,43.4043226,6.0107369,232.636,1,13,1.09,35.288,88.55
14:24:57.249,363.619455,43.4043231,6.0107491,232.626,1,13,1.09,35.938,85.52
14:24:57.349,363.719428,43.4043235,6.0107615,232.654,1,13,1.09,36.299,84.93
14:24:57.451,363.821484,43.404324,6.0107738,232.664,1,12,1.12,36.451,84.65
14:24:57.551,363.921577,43.4043246,6.0107862,232.67,1,14,0.85,36.438,85.06
14:24:57.649,364.0197,43.4043255,6.0107987,232.662,1,14,0.85,36.568,84.02
14:24:57.749,364.119521,43.4043264,6.0108113,232.648,1,14,0.85,36.973,83.87
14:24:57.842,364.212589,43.4043274,6.0108239,232.634,1,14,0.85,37.177,83.64
14:24:57.951,364.321551,43.4043283,6.0108368,232.642,1,15,0.8,37.79,83.93
14:24:58.050,364.420442,43.4043292,6.0108498,232.651,1,15,0.8,37.99,83.83
14:24:58.143,364.513504,43.4043302,6.0108628,232.645,1,15,0.8,38.223,83.99
14:24:58.242,364.612636,43.4043312,6.0108759,232.651,1,15,0.8,38.709,83.5
14:24:58.352,364.722481,43.4043323,6.0108892,232.641,1,15,0.8,38.975,83.36
14:24:58.451,364.821661,43.4043335,6.0109025,232.616,1,15,0.8,39.261,83.11
14:24:58.552,364.922492,43.4043347,6.010916,232.594,1,14,0.79,39.607,82.96
14:24:58.644,365.014745,43.4043358,6.0109296,232.584,1,14,0.79,39.988,83.23
14:24:58.743,365.11353,43.4043367,6.0109433,232.592,1,14,0.79,40.444,84.06
14:24:58.852,365.22245,43.4043376,6.0109572,232.604,1,14,0.79,40.777,84.33
14:24:58.952,365.322444,43.4043384,6.0109712,232.612,1,14,0.79,41.164,84.9
14:24:59.044,365.415433,43.4043392,6.0109853,232.619,1,14,0.79,41.294,85.27
14:24:59.153,365.524421,43.4043402,6.0109994,232.595,1,14,0.79,41.414,85.03
14:24:59.251,365.621482,43.4043412,6.0110136,232.561,1,14,0.79,41.853,84.75
14:24:59.350,365.721423,43.4043423,6.011028,232.529,1,14,0.79,42.302,84.35
14:24:59.442,365.812493,43.4043434,6.0110425,232.504,1,14,0.82,42.824,84.04
14:24:59.551,365.921467,43.4043445,6.0110571,232.478,1,14,0.82,43.063,84.06
14:24:59.649,366.01974,43.4043457,6.0110719,232.467,1,13,0.9,43.391,83.45
14:24:59.746,366.116651,43.4043469,6.0110867,232.457,1,13,0.98,43.637,83.39
14:24:59.836,366.206503,43.4043479,6.0111016,232.488,1,14,0.96,43.837,83.48
14:24:59.944,366.314506,43.404349,6.0111165,232.561,1,12,1.06,44.057,82.6
14:25:00.042,366.413429,43.4043505,6.0111317,232.597,1,11,1.22,44.529,81.89
14:25:00.141,366.512415,43.4043521,6.0111468,232.594,1,9,2.31,45.081,82.05
14:25:00.235,366.60642,43.4043541,6.0111619,232.482,1,12,1.18,45.605,82.11
14:25:00.340,366.710516,43.4043556,6.0111774,232.466,1,9,1.43,46.378,82.11
14:25:00.434,366.804543,43.4043576,6.011193,232.422,1,11,1.13,46.932,81.14
14:25:00.538,366.908506,43.4043594,6.011209,232.405,1,11,1.22,47.363,81.28
14:25:00.632,367.002748,43.4043612,6.0112251,232.387,1,11,1.24,47.58,81.26
14:25:00.744,367.114769,43.4043631,6.0112411,232.37,1,13,0.86,48.089,81.02
14:25:00.845,367.215496,43.4043651,6.0112575,232.353,1,13,0.86,49.472,80.89
14:25:00.946,367.316529,43.4043672,6.0112741,232.336,1,14,0.81,49.093,80.66
14:25:01.035,367.406426,43.4043695,6.0112905,232.318,1,14,0.81,49.226,80.2
14:25:01.144,367.514616,43.4043718,6.0113068,232.301,1,13,0.93,47.578,79.93
14:25:01.241,367.611499,43.4043744,6.0113226,232.281,1,14,0.91,48.437,79.36
14:25:01.342,367.713414,43.4043772,6.0113385,232.261,1,14,0.91,47.972,78.65
14:25:01.435,367.805966,43.4043801,6.0113542,232.243,1,14,0.89,47.698,78.12
14:25:01.544,367.915332,43.4043833,6.0113696,232.225,1,15,0.85,47.983,77.28
14:25:01.645,368.015763,43.4043865,6.0113852,232.209,1,15,0.85,47.785,76.68
14:25:01.748,368.118621,43.40439,6.0114005,232.193,1,15,0.84,47.491,75.97
14:25:01.832,368.202459,43.4043929,6.0114163,232.177,1,6,15.33,47.767,75.97
14:25:01.940,368.310448,43.4043958,6.0114322,232.16,1,7,1.71,48.917,75.97
14:25:02.041,368.411553,43.4043988,6.0114484,232.142,1,7,1.71,49.172,75.97
14:25:02.150,368.520523,43.4044018,6.0114647,232.125,1,7,1.71,49.68,75.96
14:25:02.234,368.604454,43.4044049,6.0114812,232.107,1,7,1.71,49.767,75.72
14:25:02.343,368.714443,43.4044081,6.0114976,232.09,1,7,1.71,49.865,74.96
14:25:02.443,368.813705,43.4044115,6.011514,232.069,1,7,1.71,49.843,73.68
14:25:02.543,368.913486,43.4044155,6.0115302,232.052,1,7,1.71,49.621,72.61
14:25:02.635,369.005784,43.4044201,6.011546,232.032,1,7,1.71,49.432,67.1
14:25:02.743,369.113609,43.4044255,6.0115612,232.019,1,7,1.71,49.384,65.82
14:25:02.843,369.213496,43.4044317,6.0115759,232.006,1,7,1.71,49.947,59.46
14:25:02.937,369.307494,43.4044393,6.0115895,232.01,1,7,1.71,50.884,57.47
14:25:03.035,369.40546,43.4044478,6.0116028,232.031,1,6,2.95,51.228,49.47
14:25:03.144,369.514452,43.4044566,6.0116156,232.062,1,6,2.95,51.53,48.64
14:25:03.244,369.614458,43.4044658,6.0116282,232.101,1,6,2.95,51.756,46.11
14:25:03.342,369.713436,43.4044752,6.0116405,232.148,1,6,2.95,51.508,46.54
14:25:03.435,369.805618,43.4044848,6.0116524,232.197,1,6,2.95,50.811,41.85
14:25:03.545,369.915496,43.4044945,6.0116636,232.247,1,11,1.2,49.934,39.58
14:25:03.645,370.01577,43.4045045,6.0116739,232.279,1,11,1.2,49.458,35.46
14:25:03.739,370.109618,43.4045148,6.0116833,232.298,1,11,1.2,50.106,33.21
14:25:03.837,370.207581,43.4045257,6.011692,232.314,1,11,1.2,50.889,29.77
14:25:03.946,370.316459,43.404537,6.0117002,232.336,1,11,1.2,51.262,28.14
14:25:04.045,370.415526,43.4045486,6.011708,232.363,1,11,1.2,51.626,26.65
14:25:04.145,370.515446,43.4045604,6.0117155,232.397,1,11,1.2,52.206,26.67
14:25:04.236,370.606541,43.404572,6.011723,232.346,1,12,1.05,52.056,25.42
14:25:04.346,370.717436,43.4045838,6.0117303,232.326,1,12,1.05,51.989,25.06
14:25:04.446,370.816493,43.4045957,6.0117382,232.366,1,12,1.05,52.654,25.52
14:25:04.550,370.92047,43.4046075,6.0117466,232.396,1,14,0.91,53.197,27.65
14:25:04.642,371.013484,43.404619,6.0117554,232.458,1,14,0.91,53.321,28.06
14:25:04.751,371.122425,43.4046306,6.0117641,232.475,1,14,0.91,52.849,29.36
14:25:04.849,371.21978,43.4046422,6.0117726,232.458,1,14,0.91,52.741,29.38
14:25:04.949,371.319484,43.4046539,6.0117812,232.393,1,14,0.91,52.819,29.39
14:25:05.043,371.413451,43.4046658,6.01179,232.339,1,15,0.79,53.543,29.64
14:25:05.153,371.523696,43.4046777,6.0117988,232.295,1,15,0.79,53.81,29.55
14:25:05.251,371.621517,43.4046895,6.0118078,232.326,1,15,0.75,54.115,29.51
14:25:05.360,371.730444,43.4047014,6.0118169,232.387,1,15,0.75,54.275,29.4
14:25:05.453,371.823497,43.4047133,6.0118259,232.399,1,15,0.75,54.408,29.29
14:25:05.555,371.925472,43.4047252,6.0118349,232.413,1,16,0.73,54.317,29.45
14:25:05.651,372.021838,43.4047371,6.011844,232.415,1,15,0.9,54.03,29.75
14:25:05.750,372.120836,43.4047486,6.0118531,232.436,1,15,0.9,53.193,30.17
14:25:05.845,372.215488,43.4047597,6.0118622,232.458,1,15,0.9,52.112,30.98
14:25:05.942,372.312601,43.4047708,6.0118715,232.473,1,15,0.9,51.402,31.93
14:25:06.042,372.412538,43.4047816,6.011881,232.487,1,15,0.9,50.897,33.05
14:25:06.151,372.521514,43.4047922,6.0118906,232.479,1,15,0.9,50.463,34.21
14:25:06.243,372.613546,43.4048027,6.0119004,232.47,1,15,0.9,50.237,35.45
14:25:06.353,372.723507,43.4048128,6.0119104,232.458,1,15,0.9,49.698,36.74
14:25:06.451,372.821614,43.4048227,6.0119208,232.45,1,15,0.9,49.469,38.43
14:25:06.546,372.916479,43.4048322,6.0119317,232.463,1,15,0.88,49.234,40.44
14:25:06.645,373.015886,43.4048413,6.0119429,232.492,1,15,0.88,48.822,42.72
14:25:06.743,373.113636,43.40485,6.0119545,232.514,1,15,0.88,48.372,45.28
14:25:06.842,373.212766,43.4048581,6.0119666,232.538,1,14,0.9,47.933,48.42
14:25:06.945,373.315471,43.4048655,6.0119792,232.551,1,14,0.9,47.311,51.01
14:25:07.045,373.415515,43.4048725,6.0119919,232.565,1,14,0.9,46.609,54.31
14:25:07.152,373.522476,43.4048788,6.012005,232.589,1,14,0.92,45.557,57.19
14:25:07.242,373.612438,43.4048842,6.0120182,232.606,1,14,0.92,44.474,61.33
14:25:07.343,373.714429,43.4048889,6.0120318,232.595,1,14,0.92,43.716,64.53
14:25:07.442,373.812505,43.4048929,6.0120454,232.615,1,14,0.92,42.898,69.42
14:25:07.553,373.923531,43.404896,6.0120591,232.65,1,14,0.9,41.981,72.71
14:25:07.642,374.012819,43.4048984,6.0120729,232.686,1,14,0.9,41.372,78.12
14:25:07.745,374.115544,43.4048999,6.0120868,232.726,1,14,0.9,41.009,81.28
14:25:07.844,374.214574,43.4049004,6.0121005,232.733,1,14,0.9,40.379,86.88
14:25:07.953,374.323512,43.4048998,6.012114,232.766,1,14,0.89,39.796,89.01
14:25:08.044,374.414503,43.4048984,6.0121272,232.79,1,15,0.78,39.316,99.6
14:25:08.146,374.51646,43.4048961,6.0121397,232.788,1,15,0.78,38.344,101.99
14:25:08.244,374.614507,43.4048931,6.0121515,232.75,1,14,0.89,37.449,112.04
14:25:08.352,374.722464,43.4048891,6.0121625,232.731,1,14,0.89,36.784,114.03
14:25:08.444,374.814783,43.4048843,6.012173,232.72,1,14,0.89,36.731,124.76
14:25:08.546,374.916492,43.4048788,6.0121825,232.711,1,14,0.89,36.494,128.53
14:25:08.646,375.016747,43.4048725,6.0121911,232.695,1,15,0.78,36.616,137.3
14:25:08.756,375.126644,43.4048657,6.0121989,232.665,1,15,0.78,36.549,141.38
14:25:08.845,375.215505,43.4048587,6.0122055,232.61,1,15,0.78,36.116,147.8
14:25:08.947,375.318441,43.4048511,6.0122114,232.613,1,15,0.78,35.668,151.97
14:25:09.046,375.417432,43.4048434,6.0122164,232.621,1,15,0.78,35.269,156.97
14:25:09.155,375.525492,43.4048353,6.0122203,232.645,1,15,0.78,34.945,160.75
14:25:09.243,375.614421,43.404827,6.0122234,232.642,1,15,0.78,35.157,166.7
14:25:09.347,375.717494,43.4048185,6.0122255,232.606,1,15,0.78,35.64,170.24
14:25:09.445,375.816426,43.4048097,6.0122266,232.554,1,14,0.89,36.277,175.61
14:25:09.545,375.915467,43.404801,6.0122267,232.501,1,14,0.82,36.42,179.36
14:25:09.655,376.025674,43.4047923,6.0122256,232.444,1,14,0.82,36.357,185.16
14:25:09.748,376.118554,43.4047837,6.0122235,232.411,1,14,0.82,36.071,189.03
14:25:09.849,376.219521,43.4047753,6.0122206,232.385,1,14,0.79,35.957,194.89
14:25:09.946,376.316534,43.404767,6.012217,232.358,1,14,0.79,35.814,197.84
14:25:10.046,376.417435,43.4047588,6.012213,232.356,1,14,0.79,35.342,201.0
14:25:10.149,376.520422,43.4047507,6.0122084,232.358,1,14,0.79,35.279,202.89
14:25:10.248,376.618624,43.4047428,6.0122034,232.367,1,14,0.79,35.331,205.46
14:25:10.345,376.716444,43.4047349,6.0121978,232.362,1,13,0.85,35.551,207.6
14:25:10.446,376.816489,43.4047273,6.0121918,232.355,1,13,0.85,35.782,209.97
14:25:10.548,376.918459,43.4047197,6.0121853,232.349,1,13,0.9,36.147,212.18
14:25:10.647,377.017733,43.4047123,6.0121782,232.341,1,13,0.9,36.384,214.89
14:25:10.744,377.114523,43.404705,6.0121708,232.332,1,13,0.92,36.634,216.71
14:25:10.845,377.215515,43.404698,6.0121632,232.335,1,13,0.92,36.501,218.64
14:25:10.947,377.317489,43.404691,6.0121555,232.331,1,13,0.92,36.164,218.74
14:25:11.046,377.416749,43.404684,6.012148,232.321,1,13,0.92,35.716,218.35
14:25:11.155,377.526434,43.4046768,6.0121408,232.326,1,14,0.86,35.507,216.33
14:25:11.243,377.614412,43.4046694,6.0121338,232.302,1,14,0.86,35.731,214.11
14:25:11.347,377.718418,43.4046618,6.0121272,232.312,1,14,0.86,35.831,211.28
14:25:11.446,377.817401,43.4046539,6.0121212,232.291,1,14,0.86,36.244,208.36
14:25:11.556,377.926456,43.4046458,6.0121155,232.28,1,15,0.83,36.842,205.54
14:25:11.646,378.016736,43.4046375,6.0121105,232.242,1,15,0.84,36.994,202.07
14:25:11.748,378.118479,43.4046291,6.0121064,232.195,1,15,0.84,36.529,198.78
14:25:11.846,378.216734,43.4046206,6.0121034,232.173,1,15,0.84,35.812,193.94
14:25:11.946,378.316674,43.4046121,6.0121012,232.133,1,15,0.84,35.186,189.77
14:25:12.046,378.41675,43.4046036,6.0121,232.104,1,15,0.84,34.875,183.65
14:25:12.154,378.524773,43.4045951,6.0120997,232.071,1,15,0.84,34.684,179.47
14:25:12.248,378.618717,43.4045866,6.0121002,232.056,1,15,0.84,34.582,175.3
14:25:12.346,378.716636,43.4045785,6.0121015,232.016,1,15,0.84,33.94,171.67
14:25:12.446,378.816486,43.4045703,6.0121035,232.0,1,15,0.84,33.705,167.52
14:25:12.550,378.920484,43.4045625,6.0121065,231.975,1,15,0.83,33.092,163.68
14:25:12.649,379.019729,43.404555,6.0121103,231.954,1,15,0.83,32.743,157.99
14:25:12.746,379.116475,43.404548,6.012115,231.913,1,15,0.83,32.373,153.51
14:25:12.846,379.21654,43.4045411,6.0121205,231.862,1,15,0.83,32.651,147.95
14:25:12.948,379.318555,43.4045347,6.012127,231.809,1,15,0.84,32.958,143.76
14:25:13.046,379.417428,43.4045289,6.0121342,231.768,1,15,0.84,32.79,136.58
14:25:13.156,379.526551,43.4045236,6.0121423,231.719,1,15,0.84,32.714,132.38
14:25:13.245,379.616425,43.4045188,6.012151,231.686,1,15,0.84,32.829,125.5
14:25:13.349,379.719447,43.4045145,6.0121602,231.646,1,15,0.84,32.877,121.94
14:25:13.448,379.818577,43.4045106,6.0121699,231.63,1,15,0.84,33.086,116.98
14:25:13.547,379.917491,43.4045074,6.0121801,231.622,1,16,0.83,33.029,113.93
14:25:13.647,380.017731,43.4045048,6.0121906,231.626,1,16,0.83,32.738,108.14
14:25:13.748,380.119448,43.4045031,6.0122012,231.615,1,16,0.83,32.414,104.17
14:25:13.849,380.219548,43.404502,6.012212,231.606,1,16,0.83,32.31,97.13
14:25:13.945,380.315523,43.4045017,6.0122228,231.61,1,16,0.83,32.147,93.51
14:25:14.046,380.417417,43.4045021,6.0122337,231.604,1,16,0.83,32.078,85.89
14:25:14.155,380.525484,43.4045032,6.0122445,231.601,1,16,0.83,32.153,82.76
14:25:14.249,380.619555,43.4045049,6.0122554,231.599,1,16,0.83,32.78,76.74
14:25:14.346,380.716501,43.4045069,6.0122663,231.602,1,15,0.87,33.169,74.84
14:25:14.446,380.816702,43.4045091,6.0122772,231.632,1,15,0.87,33.49,72.28
14:25:14.552,380.922548,43.4045116,6.0122881,231.687,1,15,0.79,33.492,71.73
14:25:14.651,381.021727,43.4045144,6.0122987,231.722,1,15,0.79,33.255,69.18
14:25:14.749,381.119566,43.4045178,6.0123091,231.731,1,15,0.79,33.082,66.27
14:25:14.849,381.219649,43.4045216,6.0123192,231.721,1,15,0.79,33.217,63.23
14:25:14.952,381.322503,43.4045258,6.0123291,231.705,1,15,0.79,33.455,60.07
14:25:15.050,381.42142,43.4045305,6.0123387,231.679,1,14,0.82,33.582,56.47
14:25:15.176,381.547412,43.4045356,6.0123479,231.654,1,14,0.82,33.743,53.7
14:25:15.248,381.619416,43.4045408,6.0123572,231.656,1,14,0.83,34.242,51.42
14:25:15.366,381.737402,43.4045463,6.0123663,231.66,1,14,0.83,34.545,50.07
14:25:15.458,381.829408,43.4045521,6.0123751,231.642,1,13,0.87,34.553,47.76
14:25:15.548,381.919443,43.4045581,6.0123836,231.619,1,13,0.87,34.677,46.03
14:25:15.648,382.018723,43.4045644,6.0123919,231.602,1,13,0.9,34.864,43.86
14:25:15.749,382.120455,43.4045709,6.0123999,231.595,1,13,0.9,35.121,42.05
14:25:15.849,382.220437,43.4045777,6.0124078,231.593,1,13,0.9,35.51,40.22
14:25:15.947,382.318468,43.4045847,6.0124156,231.59,1,13,0.9,35.949,39.07
14:25:16.048,382.418641,43.4045919,6.0124232,231.597,1,13,0.9,36.277,37.53
14:25:16.150,382.521418,43.4045993,6.0124307,231.598,1,13,0.9,36.755,36.28
14:25:16.250,382.620483,43.4046067,6.0124379,231.594,1,14,0.78,36.647,34.92
14:25:16.350,382.720449,43.4046144,6.0124449,231.614,1,15,0.74,36.914,33.59
14:25:16.449,382.820416,43.4046222,6.0124519,231.634,1,15,0.74,37.342,32.35
14:25:16.553,382.923502,43.4046301,6.0124587,231.67,1,15,0.74,37.672,31.2
14:25:16.651,383.021787,43.4046382,6.0124654,231.709,1,15,0.74,38.033,30.09
14:25:16.749,383.119608,43.4046465,6.0124718,231.752,1,15,0.74,38.16,29.09
14:25:16.849,383.219519,43.4046548,6.0124781,231.801,1,15,0.74,38.264,27.78
14:25:16.952,383.322582,43.4046633,6.012484,231.825,1,15,0.74,38.344,26.65
14:25:17.050,383.421456,43.404672,6.0124898,231.859,1,15,0.74,38.575,25.67
14:25:17.160,383.531429,43.4046807,6.0124955,231.892,1,15,0.74,38.823,24.77
14:25:17.250,383.620475,43.4046896,6.0125011,231.946,1,15,0.71,39.066,24.03
14:25:17.352,383.723421,43.4046986,6.0125066,231.962,1,15,0.71,39.414,23.95
14:25:17.453,383.823475,43.4047077,6.012512,231.976,1,15,0.71,39.674,23.53
14:25:17.551,383.921462,43.404717,6.0125173,231.987,1,15,0.71,39.929,23.04
14:25:17.651,384.021963,43.4047263,6.0125224,231.995,1,15,0.71,40.222,22.26
14:25:17.754,384.124484,43.4047357,6.0125275,232.006,1,15,0.71,40.446,21.82
14:25:17.852,384.223441,43.4047452,6.0125325,232.046,1,15,0.71,40.603,20.89
14:25:17.951,384.321742,43.4047548,6.0125374,232.073,1,15,0.71,40.959,20.35
14:25:18.051,384.421665,43.4047645,6.0125422,232.112,1,15,0.71,41.264,19.82
14:25:18.159,384.529605,43.4047743,6.012547,232.149,1,15,0.71,41.648,19.49
14:25:18.252,384.622666,43.4047842,6.0125518,232.175,1,14,0.79,41.839,19.36
14:25:18.350,384.720616,43.4047941,6.0125565,232.208,1,14,0.79,42.059,19.12
14:25:18.451,384.821856,43.4048041,6.0125613,232.229,1,14,0.79,42.429,19.22
14:25:18.553,384.923761,43.4048142,6.0125661,232.261,1,14,0.79,42.703,19.47
14:25:18.652,385.023031,43.4048244,6.0125711,232.283,1,14,0.79,43.033,19.88
14:25:18.750,385.120838,43.4048345,6.0125762,232.312,1,14,0.82,43.285,20.46
14:25:18.850,385.220945,43.4048446,6.0125816,232.346,1,14,0.82,43.502,21.07
14:25:18.952,385.323061,43.4048547,6.0125872,232.368,1,14,0.82,43.792,22.31
14:25:19.053,385.424322,43.4048649,6.0125931,232.388,1,15,0.74,44.057,23.37
14:25:19.163,385.534022,43.4048749,6.0125994,232.415,1,15,0.74,44.233,24.62
14:25:19.253,385.623588,43.4048849,6.012606,232.449,1,15,0.74,44.411,26.1
14:25:19.357,385.728294,43.4048948,6.012613,232.478,1,15,0.74,44.633,27.6
14:25:19.456,385.826951,43.4049046,6.0126203,232.513,1,15,0.74,44.807,29.07
14:25:19.554,385.925157,43.4049143,6.012628,232.558,1,16,0.69,44.944,30.51
14:25:19.658,386.028617,43.404924,6.0126361,232.588,1,16,0.69,45.102,31.99
14:25:19.760,386.13113,43.4049336,6.0126444,232.601,1,16,0.69,45.398,33.27
14:25:19.861,386.231702,43.4049431,6.0126532,232.633,1,16,0.69,45.726,34.85
14:25:19.959,386.32961,43.4049524,6.0126626,232.671,1,16,0.69,46.091,36.76
14:25:20.056,386.427082,43.4049614,6.0126724,232.696,1,13,0.82,46.396,39.17
14:25:20.166,386.536613,43.4049703,6.0126828,232.719,1,13,0.84,46.776,41.31
14:25:20.258,386.629239,43.4049789,6.0126937,232.746,1,13,0.86,46.963,43.33
14:25:20.358,386.728763,43.4049872,6.0127049,232.76,1,13,0.86,47.089,45.06
14:25:20.458,386.828618,43.4049954,6.0127167,232.787,1,13,0.86,47.439,47.33
14:25:20.560,386.931106,43.4050032,6.012729,232.809,1,13,0.86,47.782,49.38
14:25:20.661,387.032069,43.4050108,6.0127418,232.829,1,13,0.86,48.217,51.73
14:25:20.759,387.130303,43.405018,6.012755,232.851,1,13,0.86,48.539,53.83
14:25:20.860,387.23085,43.4050249,6.0127687,232.862,1,14,0.79,48.756,56.37
14:25:20.966,387.33659,43.4050314,6.012783,232.855,1,15,0.74,49.259,58.92
14:25:21.065,387.436127,43.4050374,6.0127976,232.841,1,15,0.74,49.506,61.73
14:25:21.174,387.544593,43.405043,6.0128128,232.822,1,15,0.74,49.871,63.78
14:25:21.259,387.629952,43.4050481,6.0128283,232.789,1,15,0.74,50.058,67.01
14:25:21.369,387.739854,43.4050528,6.0128441,232.758,1,15,0.74,50.198,69.23
14:25:21.467,387.838091,43.4050569,6.0128602,232.742,1,14,0.77,50.31,71.82
14:25:21.564,387.934623,43.4050606,6.0128768,232.745,1,13,0.85,50.697,74.13
14:25:21.664,388.035434,43.4050636,6.0128936,232.75,1,12,0.94,51.041,76.96
14:25:21.767,388.137769,43.405066,6.0129108,232.757,1,12,0.94,51.252,80.08
14:25:21.867,388.238216,43.4050675,6.0129281,232.763,1,12,0.94,51.41,83.65
14:25:21.967,388.337947,43.4050683,6.0129457,232.766,1,12,0.94,51.808,87.18
14:25:22.067,388.438273,43.4050681,6.0129632,232.769,1,11,1.02,51.686,91.38
14:25:22.169,388.539752,43.4050671,6.0129808,232.747,1,12,0.94,51.899,95.01
14:25:22.272,388.64322,43.4050654,6.0129981,232.744,1,14,0.77,51.786,99.13
14:25:22.369,388.739678,43.4050628,6.0130154,232.718,1,14,0.77,52.126,102.48
14:25:22.469,388.840182,43.4050593,6.0130326,232.707,1,14,0.77,52.321,106.92
14:25:22.575,388.945706,43.4050552,6.0130492,232.692,1,13,0.82,52.225,110.21
14:25:22.673,389.044441,43.4050502,6.0130655,232.678,1,13,0.85,52.232,114.52
14:25:22.771,389.141595,43.4050443,6.0130812,232.665,1,13,0.85,52.119,117.31
14:25:22.867,389.237964,43.4050378,6.0130964,232.643,1,13,0.85,52.123,122.24
14:25:22.977,389.347574,43.4050303,6.0131108,232.599,1,13,0.82,52.375,124.61
14:25:23.076,389.446971,43.4050222,6.0131245,232.569,1,13,0.85,52.428,130.91
14:25:23.182,389.553398,43.4050133,6.0131372,232.511,1,13,0.85,52.315,133.35
14:25:23.268,389.638777,43.4050037,6.013149,232.428,1,13,0.82,52.519,139.17
14:25:23.377,389.748213,43.4049939,6.0131597,232.371,1,13,0.82,51.823,142.07
14:25:23.478,389.848771,43.4049831,6.0131695,232.309,1,13,0.82,52.145,147.3
14:25:23.574,389.945005,43.4049721,6.013178,232.237,1,14,0.79,51.821,149.83
14:25:23.677,390.047714,43.4049605,6.0131854,232.153,1,14,0.79,51.876,155.6
14:25:23.779,390.149872,43.4049487,6.0131915,232.057,1,14,0.79,51.502,157.97
14:25:23.879,390.25032,43.4049367,6.0131966,231.982,1,14,0.81,51.23,164.15
14:25:23.977,390.347657,43.4049244,6.0132005,231.912,1,14,0.81,51.1,166.74
14:25:24.072,390.443185,43.4049119,6.0132034,231.862,1,14,0.81,51.2,171.91
14:25:24.180,390.551452,43.4048992,6.0132052,231.848,1,14,0.81,51.262,174.42
14:25:24.279,390.649866,43.4048866,6.0132062,231.867,1,14,0.81,51.349,178.11
14:25:24.377,390.748148,43.4048738,6.0132065,231.888,1,14,0.81,51.384,179.51
14:25:24.471,390.84157,43.404861,6.0132062,231.871,1,14,0.81,51.563,180.76
14:25:24.583,390.953957,43.4048483,6.0132053,231.865,1,15,0.73,51.565,179.37
14:25:24.668,391.038542,43.4048353,6.0132043,231.868,1,14,0.83,51.917,183.22
14:25:24.777,391.147694,43.4048221,6.013203,231.871,1,14,0.83,52.689,181.83
14:25:24.871,391.242081,43.4048088,6.013202,231.874,1,14,0.83,53.36,183.85
14:25:24.979,391.350389,43.4047956,6.0131998,231.833,1,14,0.83,53.662,183.74
14:25:25.069,391.439941,43.4047821,6.0131983,231.806,1,14,0.83,54.351,187.12
14:25:25.179,391.55011,43.4047685,6.0131962,231.78,1,14,0.83,54.988,187.36
14:25:25.271,391.64244,43.4047539,6.0131966,231.754,1,14,0.83,56.449,183.66
14:25:25.373,391.743707,43.4047385,6.0131977,231.732,1,14,0.85,58.695,182.28
14:25:25.493,391.864185,43.4047234,6.0131973,231.703,1,14,0.84,60.097,181.64
14:25:25.582,391.953396,43.4047085,6.0131978,231.672,1,14,0.81,60.972,180.76
14:25:25.674,392.044986,43.4046945,6.0132054,231.644,1,14,0.85,61.197,180.45
14:25:25.784,392.155047,43.4046822,6.0132149,231.592,1,14,0.85,60.253,173.3
14:25:25.872,392.243433,43.4046692,6.0132206,231.539,1,14,0.85,59.127,171.73
14:25:25.983,392.353711,43.4046566,6.0132272,231.484,1,14,0.85,57.245,170.32
14:25:26.077,392.448199,43.4046518,6.0132466,231.438,1,14,0.85,50.808,164.98
14:25:26.187,392.558418,43.4046382,6.0132495,231.355,1,14,0.83,50.311,166.08
14:25:26.275,392.645606,43.4046258,6.0132539,231.294,1,14,0.83,49.41,164.75
14:25:26.383,392.753953,43.404614,6.0132579,231.235,1,14,0.85,48.643,167.77
14:25:26.478,392.849401,43.4046027,6.0132614,231.171,1,14,0.8,48.363,171.99
14:25:26.589,392.959653,43.4045912,6.0132631,231.101,1,15,0.75,48.011,175.21
14:25:26.679,393.050068,43.4045794,6.0132632,231.159,1,15,0.75,47.665,181.75
14:25:26.787,393.158197,43.4045679,6.0132617,231.121,1,15,0.75,46.574,185.18
14:25:26.884,393.255389,43.4045568,6.013259,231.129,1,15,0.74,45.25,191.03
14:25:26.993,393.363854,43.4045461,6.0132554,231.134,1,15,0.74,44.485,194.38
14:25:27.083,393.454047,43.4045358,6.0132509,231.124,1,16,0.73,43.733,199.63
14:25:27.192,393.563382,43.4045259,6.0132455,231.116,1,16,0.72,43.159,202.91
14:25:27.286,393.656488,43.4045165,6.0132393,231.096,1,16,0.72,42.424,207.75
14:25:27.395,393.765858,43.4045075,6.0132324,231.083,1,16,0.72,42.116,210.87
14:25:27.482,393.85307,43.4044988,6.0132248,231.089,1,16,0.73,42.052,214.5
14:25:27.592,393.963362,43.4044904,6.0132165,231.081,1,16,0.73,41.909,217.26
14:25:27.687,394.057863,43.4044825,6.0132075,231.077,1,16,0.73,41.935,221.04
14:25:27.785,394.156372,43.4044749,6.013198,231.069,1,16,0.73,42.035,223.95
14:25:27.884,394.255049,43.4044678,6.0131878,231.049,1,16,0.77,41.952,227.39
14:25:27.993,394.364398,43.4044611,6.013177,231.054,1,16,0.75,42.124,230.35
14:25:28.087,394.457785,43.4044549,6.0131657,231.045,1,16,0.75,41.97,233.92
14:25:28.186,394.556952,43.4044492,6.0131541,231.048,1,16,0.73,41.777,237.12
14:25:28.286,394.657079,43.4044441,6.013142,231.026,1,16,0.73,41.627,240.61
14:25:28.395,394.766335,43.4044395,6.0131294,231.01,1,16,0.73,41.809,243.91
14:25:28.488,394.858875,43.4044356,6.0131165,231.004,1,16,0.73,41.822,247.9
14:25:28.589,394.959887,43.4044322,6.0131032,231.02,1,16,0.73,41.764,251.29
14:25:28.687,395.058334,43.4044295,6.0130898,231.017,1,16,0.73,41.509,255.6
14:25:28.796,395.167307,43.4044275,6.0130763,230.98,1,16,0.73,40.903,258.83
14:25:28.890,395.260596,43.4044263,6.0130627,230.964,1,16,0.73,40.479,263.84
14:25:28.988,395.358817,43.404426,6.0130491,230.946,1,16,0.73,40.359,267.67
14:25:29.088,395.459081,43.4044267,6.0130356,230.939,1,16,0.73,40.118,273.7
14:25:29.195,395.566282,43.4044284,6.0130223,230.905,1,16,0.73,39.799,278.01
14:25:29.291,395.662382,43.4044308,6.0130095,230.921,1,16,0.73,39.605,285.27
14:25:29.390,395.76061,43.404434,6.0129975,230.963,1,16,0.73,38.701,289.09
14:25:29.489,395.859977,43.404438,6.012986,231.023,1,16,0.73,38.142,297.24
14:25:29.597,395.968141,43.4044428,6.0129753,231.058,1,16,0.73,37.579,300.74
14:25:29.693,396.063638,43.4044483,6.0129654,231.086,1,16,0.73,37.046,308.73
14:25:29.793,396.163498,43.4044545,6.0129563,231.096,1,16,0.73,36.764,312.28
14:25:29.891,396.261702,43.4044611,6.0129481,231.136,1,16,0.73,36.59,319.48
14:25:29.997,396.367958,43.4044681,6.0129408,231.169,1,15,0.76,36.207,322.58
14:25:30.092,396.463304,43.4044755,6.0129341,231.185,1,15,0.76,35.775,327.78
14:25:30.202,396.573362,43.4044831,6.012928,231.214,1,16,0.74,35.527,329.69
14:25:30.290,396.66061,43.4044908,6.0129223,231.262,1,15,0.79,35.431,332.83
14:25:30.400,396.770757,43.4044988,6.0129172,231.303,1,15,0.79,35.238,335.09
14:25:30.495,396.865928,43.4045069,6.0129126,231.334,1,16,0.74,35.203,337.64
14:25:30.594,396.965091,43.4045151,6.0129085,231.354,1,16,0.74,34.984,340.13
14:25:30.692,397.062575,43.4045233,6.0129048,231.373,1,15,0.79,34.632,341.94
14:25:30.801,397.171557,43.4045315,6.0129012,231.406,1,15,0.79,34.266,342.41
14:25:30.895,397.265692,43.4045396,6.0128972,231.439,1,15,0.79,33.918,340.81
14:25:31.003,397.373894,43.4045476,6.0128931,231.467,1,15,0.76,33.921,337.82
14:25:31.091,397.462016,43.4045552,6.0128882,231.532,1,15,0.76,33.749,335.37
14:25:31.193,397.564274,43.4045628,6.0128829,231.562,1,15,0.76,33.769,331.38
14:25:31.294,397.664482,43.40457,6.0128771,231.586,1,15,0.8,33.58,327.22
14:25:31.403,397.773941,43.4045767,6.0128707,231.61,1,15,0.8,33.21,323.41
14:25:31.492,397.862895,43.4045829,6.0128637,231.64,1,15,0.8,32.636,318.59
14:25:31.601,397.972011,43.4045886,6.012856,231.676,1,15,0.8,32.39,314.7
14:25:31.695,398.066491,43.4045937,6.0128477,231.713,1,15,0.8,32.362,307.74
14:25:31.794,398.164537,43.404598,6.0128387,231.739,1,15,0.8,32.254,303.17
14:25:31.895,398.265475,43.4046018,6.0128292,231.763,1,15,0.76,32.219,296.22
14:25:32.002,398.372708,43.4046048,6.0128195,231.794,1,15,0.79,31.784,292.44
14:25:32.098,398.468946,43.4046072,6.0128093,231.835,1,15,0.79,31.88,285.46
14:25:32.207,398.578043,43.4046092,6.0127987,231.865,1,15,0.79,32.279,282.18
14:25:32.295,398.666095,43.4046107,6.0127881,231.884,1,15,0.79,32.214,277.76
14:25:32.405,398.775534,43.4046115,6.0127775,231.915,1,15,0.79,31.864,274.87
14:25:32.499,398.869507,43.4046119,6.0127669,231.941,1,15,0.79,31.465,270.26
14:25:32.597,398.96769,43.4046116,6.0127563,231.959,1,15,0.79,31.338,266.99
14:25:32.695,399.06615,43.4046108,6.0127457,231.982,1,15,0.79,31.414,261.81
14:25:32.806,399.177055,43.4046093,6.0127354,232.023,1,16,0.71,31.482,258.48
14:25:32.899,399.270069,43.4046075,6.0127252,232.06,1,15,0.76,31.34,253.82
14:25:32.997,399.368228,43.404605,6.0127152,232.084,1,15,0.76,31.46,250.6
14:25:33.096,399.466437,43.404602,6.0127056,232.091,1,15,0.76,31.24,245.46
14:25:33.206,399.576844,43.4045984,6.0126963,232.089,1,15,0.76,31.323,241.37
14:25:33.300,399.670947,43.4045943,6.0126873,232.081,1,15,0.76,31.536,236.03
14:25:33.399,399.769892,43.4045899,6.0126786,232.071,1,15,0.76,32.03,233.17
14:25:33.497,399.868298,43.4045851,6.01267,232.076,1,15,0.76,32.288,230.39
14:25:33.607,399.978221,43.40458,6.0126616,232.079,1,15,0.76,32.497,228.81
14:25:33.701,400.071638,43.4045747,6.0126535,232.093,1,15,0.76,32.591,226.58
14:25:33.800,400.170496,43.4045691,6.0126457,232.104,1,15,0.76,32.647,224.68
14:25:33.898,400.268585,43.4045631,6.0126381,232.122,1,15,0.76,32.923,222.04
14:25:34.006,400.376722,43.4045569,6.0126309,232.135,1,15,0.76,33.062,219.88
14:25:34.100,400.47084,43.4045505,6.0126239,232.133,1,15,0.78,33.645,217.31
14:25:34.199,400.570171,43.4045437,6.0126171,232.119,1,15,0.78,34.286,215.38
14:25:34.297,400.668195,43.4045368,6.0126104,232.112,1,15,0.78,34.375,214.03
14:25:34.407,400.778311,43.4045299,6.0126039,232.103,1,15,0.78,34.532,213.23
14:25:34.500,400.871435,43.4045227,6.0125976,232.098,1,15,0.78,34.623,212.26
14:25:34.611,400.981557,43.4045155,6.0125914,232.083,1,16,0.73,34.812,211.51
14:25:34.701,401.071948,43.4045081,6.0125853,232.064,1,16,0.73,35.131,210.37
14:25:34.809,401.179845,43.4045005,6.0125792,232.059,1,16,0.73,35.844,209.85
14:25:34.901,401.271984,43.4044928,6.0125731,232.065,1,16,0.77,36.54,209.82
14:25:35.001,401.372088,43.404485,6.0125668,232.058,1,16,0.77,36.744,209.97
14:25:35.100,401.471256,43.4044771,6.0125606,232.053,1,16,0.75,37.047,209.86
14:25:35.231,401.601551,43.4044692,6.0125543,232.033,1,16,0.75,37.486,209.94
14:25:35.305,401.675491,43.4044612,6.0125477,232.027,1,17,0.74,37.857,210.75
14:25:35.421,401.791596,43.4044533,6.0125409,232.024,1,17,0.74,38.218,211.48
14:25:35.513,401.883718,43.4044452,6.0125341,232.029,1,17,0.74,38.553,212.16
14:25:35.611,401.981914,43.4044372,6.0125269,232.034,1,17,0.74,38.868,212.86
14:25:35.704,402.075253,43.404429,6.0125195,232.043,1,17,0.76,39.572,213.92
14:25:35.803,402.174059,43.404421,6.0125117,232.029,1,17,0.76,40.124,215.35
14:25:35.900,402.271269,43.4044132,6.0125034,232.009,1,17,0.77,40.112,217.47
14:25:36.010,402.381376,43.4044055,6.0124948,231.994,1,17,0.77,40.329,219.38
14:25:36.106,402.476455,43.4043979,6.0124859,232.006,1,17,0.77,40.625,220.43
14:25:36.204,402.574849,43.4043903,6.0124768,231.998,1,17,0.77,40.951,221.62
14:25:36.301,402.671686,43.404383,6.0124669,231.994,1,17,0.8,41.376,223.66
14:25:36.411,402.782053,43.404376,6.0124568,232.006,1,16,0.79,41.453,226.68
14:25:36.504,402.87501,43.4043691,6.0124462,232.018,1,16,0.79,41.698,228.92
14:25:36.603,402.97401,43.4043625,6.0124353,232.03,1,16,0.79,41.833,230.75
14:25:36.701,403.072485,43.4043561,6.012424,232.029,1,16,0.79,42.035,232.64
14:25:36.810,403.181249,43.40435,6.0124124,232.041,1,16,0.79,42.309,234.53
14:25:36.906,403.277365,43.4043441,6.0124004,232.056,1,17,0.77,42.565,236.48
14:25:37.007,403.377466,43.4043384,6.0123882,232.066,1,18,0.67,42.687,237.82
14:25:37.104,403.47462,43.4043329,6.0123756,232.087,1,17,0.68,43.057,239.5
14:25:37.214,403.584994,43.4043274,6.0123628,232.136,1,17,0.67,43.485,240.76
14:25:37.306,403.677066,43.4043221,6.0123497,232.191,1,17,0.68,43.911,242.55
14:25:37.404,403.775027,43.4043171,6.0123364,232.223,1,16,0.8,44.066,243.46
14:25:37.502,403.873047,43.4043123,6.0123228,232.239,1,16,0.8,44.144,244.68
14:25:37.612,403.983155,43.4043078,6.0123091,232.257,1,16,0.8,44.359,245.93
14:25:37.706,404.076515,43.4043033,6.0122951,232.263,1,16,0.8,44.65,247.41
14:25:37.804,404.1753,43.4042991,6.012281,232.273,1,16,0.8,44.842,247.97
14:25:37.906,404.276507,43.404295,6.0122667,232.264,1,17,0.68,44.992,248.69
14:25:38.005,404.375535,43.4042911,6.0122523,232.263,1,17,0.69,45.131,249.57
14:25:38.106,404.47669,43.4042874,6.0122376,232.266,1,17,0.69,45.446,250.85
14:25:38.217,404.587992,43.4042836,6.0122226,232.327,1,17,0.69,46.326,251.57
14:25:38.306,404.676873,43.4042802,6.0122075,232.37,1,17,0.69,46.472,253.06
14:25:38.405,404.776201,43.4042771,6.0121923,232.381,1,17,0.69,46.335,254.54
14:25:38.508,404.879252,43.4042743,6.0121769,232.384,1,17,0.69,46.457,256.24
14:25:38.607,404.978131,43.4042717,6.0121613,232.386,1,17,0.69,46.674,257.39
14:25:38.705,405.076475,43.4042693,6.0121456,232.385,1,16,0.69,46.861,258.39
14:25:38.814,405.18536,43.4042672,6.0121298,232.376,1,16,0.69,47.152,259.22
14:25:38.908,405.278466,43.4042651,6.0121139,232.359,1,16,0.69,47.341,259.86
14:25:39.008,405.378568,43.4042632,6.0120978,232.329,1,16,0.69,47.472,260.25
14:25:39.106,405.476679,43.4042612,6.0120817,232.332,1,16,0.69,47.909,260.6
14:25:39.214,405.584896,43.4042594,6.0120654,232.335,1,16,0.69,48.209,261.1
14:25:39.309,405.679865,43.4042576,6.012049,232.352,1,16,0.69,48.58,261.75
14:25:39.408,405.778928,43.4042559,6.0120325,232.363,1,16,0.69,48.813,261.97
14:25:39.507,405.878033,43.4042542,6.0120159,232.381,1,17,0.68,49.037,262.33
14:25:39.607,405.978149,43.4042525,6.0119993,232.398,1,16,0.75,49.289,262.34
14:25:39.709,406.08049,43.404251,6.0119825,232.413,1,16,0.75,49.569,262.69
14:25:39.808,406.17933,43.4042494,6.0119656,232.428,1,16,0.75,49.834,262.79
14:25:39.907,406.278399,43.4042479,6.0119486,232.445,1,16,0.75,50.147,263.14
14:25:40.016,406.386469,43.4042464,6.0119315,232.445,1,16,0.75,50.263,262.87
14:25:40.111,406.481542,43.4042449,6.0119144,232.453,1,16,0.75,50.556,262.85
14:25:40.210,406.580698,43.4042434,6.0118972,232.451,1,16,0.75,50.647,262.82
14:25:40.307,406.677887,43.404242,6.0118798,232.464,1,16,0.76,51.06,263.55
14:25:40.417,406.787906,43.4042407,6.0118624,232.482,1,16,0.76,51.491,263.96
14:25:40.508,406.879013,43.4042393,6.0118449,232.491,1,16,0.76,51.549,263.77
14:25:40.611,406.982028,43.4042379,6.0118273,232.502,1,17,0.73,51.775,263.66
14:25:40.708,407.078624,43.4042364,6.0118097,232.505,1,17,0.73,51.995,263.51
14:25:40.809,407.180158,43.4042351,6.0117919,232.516,1,17,0.73,52.347,263.62
14:25:40.912,407.283281,43.4042337,6.011774,232.535,1,17,0.73,52.73,263.88
14:25:41.012,407.38253,43.4042324,6.011756,232.54,1,17,0.73,52.971,264.02
14:25:41.108,407.479429,43.4042311,6.011738,232.546,1,17,0.73,53.052,264.21
14:25:41.218,407.588491,43.4042297,6.0117198,232.552,1,17,0.73,53.36,264.1
14:25:41.309,407.679707,43.4042283,6.0117017,232.557,1,17,0.73,53.539,263.9
14:25:41.411,407.781704,43.404227,6.0116833,232.555,1,17,0.73,53.812,263.82
14:25:41.509,407.879847,43.4042257,6.011665,232.559,1,17,0.73,54.056,264.02
14:25:41.609,407.979894,43.4042243,6.0116465,232.562,1,17,0.72,54.273,263.96
14:25:41.713,408.084286,43.4042229,6.011628,232.574,1,17,0.72,54.488,264.06
14:25:41.811,408.182053,43.4042216,6.0116094,232.574,1,17,0.72,54.641,263.88
14:25:41.910,408.281163,43.4042201,6.0115907,232.574,1,17,0.71,54.978,263.74
14:25:42.010,408.381217,43.4042187,6.011572,232.562,1,17,0.71,55.182,263.72
14:25:42.114,408.485304,43.4042174,6.0115531,232.554,1,17,0.71,55.399,263.84
14:25:42.222,408.593382,43.404216,6.0115342,232.536,1,17,0.71,55.569,263.87
14:25:42.311,408.681664,43.4042146,6.0115152,232.524,1,17,0.71,55.856,263.9
14:25:42.412,408.782554,43.4042132,6.0114962,232.51,1,17,0.71,56.014,264.03
14:25:42.514,408.884594,43.4042118,6.011477,232.5,1,17,0.71,56.279,263.95
14:25:42.615,408.985639,43.4042104,6.0114577,232.484,1,17,0.71,56.634,263.89
14:25:42.712,409.083021,43.404209,6.0114384,232.469,1,17,0.71,56.786,264.0
14:25:42.813,409.183779,43.4042076,6.011419,232.447,1,17,0.71,56.979,263.65
14:25:42.912,409.282981,43.4042062,6.0113995,232.443,1,17,0.75,57.325,264.11
14:25:43.012,409.382956,43.4042047,6.01138,232.432,1,17,0.75,57.506,263.95
14:25:43.110,409.481033,43.4042033,6.0113604,232.427,1,17,0.75,57.616,264.11
14:25:43.217,409.588116,43.4042018,6.0113407,232.423,1,17,0.77,57.834,263.83
14:25:43.312,409.683287,43.4042002,6.0113209,232.422,1,17,0.77,58.121,263.7
14:25:43.411,409.782316,43.4041986,6.0113012,232.42,1,17,0.77,58.294,263.36
14:25:43.509,409.880434,43.4041969,6.0112812,232.419,1,17,0.77,58.564,263.51
14:25:43.611,409.981481,43.4041954,6.0112613,232.404,1,17,0.77,58.616,263.41
14:25:43.713,410.08385,43.4041938,6.0112413,232.402,1,17,0.77,58.821,263.75
14:25:43.812,410.182593,43.4041922,6.0112213,232.389,1,17,0.77,58.858,263.32
14:25:43.912,410.282661,43.4041905,6.0112012,232.381,1,17,0.77,59.044,263.26
14:25:44.011,410.381706,43.4041887,6.011181,232.376,1,17,0.77,59.366,263.02
14:25:44.113,410.483895,43.404187,6.0111608,232.37,1,17,0.77,59.575,263.08
14:25:44.223,410.593846,43.4041852,6.0111405,232.365,1,17,0.77,59.808,263.06
14:25:44.311,410.682162,43.4041834,6.0111202,232.366,1,17,0.75,59.857,263.2
14:25:44.412,410.783274,43.4041817,6.0110998,232.355,1,17,0.75,59.927,263.02
14:25:44.515,410.886156,43.4041798,6.0110794,232.356,1,17,0.75,60.19,263.06
14:25:44.614,410.985158,43.404178,6.0110589,232.353,1,17,0.75,60.325,262.77
14:25:44.712,411.08251,43.4041761,6.0110383,232.348,1,17,0.77,60.451,262.69
14:25:44.811,411.182269,43.4041742,6.0110177,232.347,1,17,0.77,60.681,262.52
14:25:44.915,411.286359,43.4041722,6.0109971,232.352,1,17,0.77,60.916,262.82
14:25:45.013,411.384435,43.4041704,6.0109763,232.344,1,17,0.77,61.081,262.77
14:25:45.112,411.482566,43.4041685,6.0109556,232.348,1,17,0.77,61.181,262.87
14:25:45.242,411.612656,43.4041666,6.0109347,232.349,1,17,0.77,61.379,262.8
14:25:45.315,411.686013,43.4041646,6.0109138,232.361,1,17,0.77,61.488,262.9
14:25:45.424,411.795006,43.4041628,6.0108928,232.365,1,17,0.77,61.727,263.09
14:25:45.525,411.895949,43.404161,6.0108718,232.361,1,18,0.71,61.896,263.15
14:25:45.613,411.983886,43.4041591,6.0108507,232.365,1,18,0.71,62.059,263.17
14:25:45.716,412.087225,43.4041572,6.0108296,232.376,1,18,0.71,62.225,263.13
14:25:45.815,412.186053,43.4041554,6.0108084,232.388,1,18,0.71,62.301,263.06
14:25:45.913,412.284095,43.4041535,6.0107872,232.398,1,18,0.71,62.522,263.14
14:25:46.013,412.384211,43.4041517,6.0107659,232.402,1,18,0.71,62.577,263.26
14:25:46.117,412.488271,43.4041499,6.0107446,232.413,1,18,0.7,62.722,263.58
14:25:46.215,412.58631,43.4041482,6.0107232,232.418,1,18,0.7,62.761,263.6
14:25:46.315,412.6856,43.4041464,6.0107019,232.424,1,18,0.7,62.746,263.51
14:25:46.416,412.786548,43.4041445,6.0106805,232.438,1,18,0.7,62.838,263.11
14:25:46.519,412.889514,43.4041426,6.0106591,232.443,1,18,0.7,63.046,262.9
14:25:46.618,412.98853,43.4041406,6.0106376,232.453,1,18,0.7,63.288,262.67
14:25:46.716,413.086962,43.4041386,6.0106161,232.46,1,18,0.7,63.405,262.53
14:25:46.816,413.186666,43.4041365,6.0105945,232.468,1,18,0.7,63.553,262.28
14:25:46.918,413.288843,43.4041344,6.0105729,232.478,1,18,0.7,63.664,262.12
14:25:47.018,413.388825,43.4041322,6.0105513,232.484,1,18,0.7,63.661,261.77
14:25:47.117,413.487919,43.4041299,6.0105297,232.489,1,18,0.7,63.887,261.75
14:25:47.226,413.596941,43.4041277,6.010508,232.505,1,18,0.7,64.027,261.7
14:25:47.309,413.680085,43.4041255,6.0104862,232.511,1,18,0.7,64.174,261.91
14:25:47.418,413.789257,43.4041233,6.0104644,232.523,1,18,0.7,64.329,262.04
14:25:47.516,413.887203,43.4041212,6.0104425,232.534,1,18,0.71,64.387,262.52
14:25:47.616,413.987208,43.4041192,6.0104206,232.545,1,18,0.71,64.494,262.94
14:25:47.710,414.080552,43.4041173,6.0103986,232.559,1,18,0.71,64.572,263.27
14:25:47.817,414.188367,43.4041155,6.0103767,232.569,1,18,0.71,64.52,263.57
14:25:47.915,414.286391,43.4041138,6.0103546,232.585,1,18,0.74,64.69,264.12
14:25:48.016,414.386443,43.4041124,6.0103325,232.603,1,18,0.74,64.763,264.83
14:25:48.109,414.479496,43.4041113,6.0103102,232.631,1,18,0.74,65.066,266.23
14:25:48.228,414.598571,43.4041104,6.010288,232.667,1,18,0.74,65.061,267.53
14:25:48.315,414.685618,43.4041101,6.0102657,232.698,1,18,0.76,65.009,269.21
14:25:48.415,414.785775,43.4041103,6.0102434,232.728,1,18,0.76,65.035,270.98
14:25:48.508,414.878863,43.4041109,6.0102211,232.767,1,18,0.76,65.142,273.1
14:25:48.617,414.987891,43.404112,6.0101989,232.797,1,18,0.76,65.063,274.65
14:25:48.717,415.088227,43.4041135,6.0101768,232.835,1,18,0.73,64.961,276.16
14:25:48.816,415.186963,43.4041154,6.0101547,232.881,1,18,0.73,64.927,277.73
14:25:48.917,415.288173,43.4041178,6.0101327,232.929,1,18,0.76,65.026,279.15
14:25:49.017,415.388157,43.4041206,6.0101107,232.974,1,18,0.76,65.176,280.64
14:25:49.115,415.486211,43.4041238,6.0100889,233.016,1,18,0.76,65.181,282.28
14:25:49.224,415.595214,43.4041276,6.0100672,233.056,1,18,0.76,65.202,284.02
14:25:49.318,415.689247,43.404132,6.0100457,233.082,1,18,0.76,65.313,286.12
14:25:49.417,415.788459,43.404137,6.0100244,233.107,1,18,0.76,65.307,288.32
14:25:49.516,415.886568,43.4041426,6.0100035,233.137,1,18,0.76,65.124,290.71
14:25:49.617,415.987533,43.4041488,6.0099829,233.173,1,18,0.76,64.968,293.62
14:25:49.720,416.090805,43.4041558,6.0099629,233.211,1,18,0.71,64.779,296.15
14:25:49.820,416.190545,43.4041633,6.0099433,233.248,1,18,0.71,64.644,298.95
14:25:49.919,416.289732,43.4041714,6.0099242,233.291,1,18,0.71,64.676,301.17
14:25:50.018,416.388711,43.4041801,6.0099056,233.327,1,18,0.71,64.709,303.57
14:25:50.111,416.481755,43.4041894,6.0098874,233.351,1,18,0.71,64.661,305.93
14:25:50.221,416.592141,43.4041993,6.0098699,233.348,1,18,0.71,64.733,308.62
14:25:50.318,416.688952,43.4042099,6.0098532,233.35,1,17,0.73,64.527,311.7
14:25:50.418,416.789254,43.4042212,6.0098374,233.35,1,17,0.73,64.322,315.15
14:25:50.511,416.882262,43.404233,6.0098227,233.361,1,17,0.73,63.974,318.8
14:25:50.624,416.995083,43.4042454,6.009809,233.379,1,17,0.68,63.703,322.4
14:25:50.719,417.089976,43.4042583,6.0097963,233.411,1,17,0.68,63.825,325.84
14:25:50.820,417.191214,43.4042717,6.0097846,233.43,1,17,0.68,63.783,328.71
14:25:50.914,417.285199,43.4042855,6.0097741,233.459,1,17,0.68,63.501,332.41
14:25:51.022,417.393292,43.4042996,6.0097649,233.474,1,17,0.68,62.762,335.76
14:25:51.122,417.493194,43.4043139,6.0097572,233.49,1,18,0.66,61.67,339.85
14:25:51.223,417.594144,43.4043283,6.009751,233.522,1,18,0.66,60.744,344.11
14:25:51.324,417.695091,43.4043427,6.0097464,233.569,1,18,0.66,59.666,348.65
14:25:51.424,417.795358,43.4043571,6.0097435,233.623,1,18,0.66,58.808,353.42
14:25:51.521,417.892209,43.4043714,6.0097421,233.691,1,17,0.71,58.144,357.83
14:25:51.620,417.99113,43.4043855,6.0097423,233.787,1,17,0.71,57.497,2.11
14:25:51.713,418.084365,43.4043993,6.0097437,233.887,1,17,0.71,56.592,5.97
14:25:51.820,418.190967,43.4044132,6.0097465,233.981,1,17,0.71,56.671,10.09
14:25:51.918,418.288965,43.4044267,6.0097506,234.071,1,16,0.72,56.069,13.75
14:25:52.018,418.388958,43.4044397,6.009756,234.165,1,16,0.72,55.338,17.83
14:25:52.110,418.48088,43.4044518,6.0097629,234.254,1,15,0.76,53.858,22.84
14:25:52.217,418.587772,43.4044631,6.0097711,234.355,1,15,0.77,52.412,24.82
14:25:52.316,418.686807,43.4044738,6.0097803,234.454,1,15,0.77,51.282,32.21
14:25:52.409,418.779928,43.4044841,6.0097903,234.565,1,15,0.77,50.782,34.45
14:25:52.510,418.880795,43.4044937,6.009801,234.659,1,15,0.77,49.917,40.35
14:25:52.618,418.988667,43.4045028,6.0098125,234.747,1,15,0.77,49.424,42.7
14:25:52.708,419.078965,43.4045112,6.0098246,234.833,1,15,0.77,49.085,47.27
14:25:52.810,419.180564,43.4045191,6.0098375,234.915,1,15,0.77,48.915,49.23
14:25:52.910,419.280509,43.4045264,6.0098509,235.011,1,16,0.76,49.069,53.86
14:25:53.019,419.389548,43.4045329,6.0098648,235.093,1,16,0.76,48.576,55.59
14:25:53.108,419.478742,43.4045387,6.0098791,235.16,1,15,0.77,47.98,60.18
14:25:53.216,419.586517,43.4045436,6.0098938,235.239,1,15,0.79,47.389,62.54
14:25:53.310,419.680497,43.404548,6.0099088,235.306,1,15,0.79,46.957,68.87
14:25:53.408,419.778518,43.4045518,6.0099239,235.383,1,15,0.79,46.713,71.39
14:25:53.509,419.879521,43.404555,6.0099392,235.483,1,15,0.78,46.444,75.06
14:25:53.611,419.982381,43.4045579,6.0099545,235.57,1,15,0.74,46.261,76.89
14:25:53.713,420.083542,43.4045603,6.00997,235.648,1,16,0.71,46.154,79.33
14:25:53.819,420.19034,43.4045623,6.0099855,235.686,1,15,0.75,45.893,80.89
14:25:53.909,420.280195,43.404564,6.010001,235.734,1,15,0.75,45.82,82.77
14:25:54.011,420.38223,43.4045654,6.0100165,235.785,1,15,0.75,45.58,83.49
14:25:54.112,420.483231,43.4045665,6.010032,235.844,1,16,0.71,45.463,83.91
14:25:54.210,420.581212,43.4045681,6.0100475,235.906,1,16,0.71,45.455,82.27
14:25:54.307,420.678209,43.4045699,6.0100628,235.978,1,15,0.72,45.457,82.34
14:25:54.411,420.78228,43.404572,6.0100782,236.036,1,14,0.74,45.637,78.93
14:25:54.509,420.880147,43.4045748,6.0100932,236.072,1,14,0.74,45.255,77.46
14:25:54.621,420.99214,43.4045781,6.0101081,236.078,1,15,0.71,45.45,74.47
14:25:54.709,421.080346,43.4045813,6.0101229,236.09,1,15,0.71,45.193,73.08
14:25:54.812,421.182974,43.4045847,6.0101378,236.144,1,15,0.71,45.248,71.96
14:25:54.911,421.282006,43.4045883,6.0101526,236.172,1,15,0.71,45.509,71.74
14:25:55.020,421.390977,43.404592,6.0101674,236.177,1,15,0.71,45.635,71.56
14:25:55.109,421.480218,43.4045959,6.0101823,236.192,1,15,0.71,45.911,70.35
14:25:55.240,421.611081,43.4045999,6.0101972,236.212,1,16,0.69,46.393,70.1
14:25:55.312,421.682828,43.4046039,6.0102123,236.222,1,16,0.71,46.77,70.3
14:25:55.431,421.802084,43.4046078,6.0102276,236.226,1,16,0.71,47.3,70.76
14:25:55.530,421.901022,43.4046118,6.0102429,236.239,1,16,0.71,47.461,70.7
14:25:55.615,421.985914,43.4046158,6.0102582,236.235,1,17,0.69,47.574,70.97
14:25:55.715,422.086056,43.4046199,6.0102736,236.26,1,17,0.66,47.669,70.44
14:25:55.825,422.195734,43.404624,6.0102891,236.248,1,17,0.66,47.943,70.64
14:25:55.914,422.284698,43.4046281,6.0103046,236.277,1,17,0.66,48.115,70.27
14:25:56.015,422.385667,43.4046322,6.0103202,236.267,1,17,0.69,48.315,70.5
14:25:56.115,422.485648,43.4046364,6.0103358,236.268,1,16,0.74,48.461,70.14
14:25:56.211,422.581493,43.4046407,6.0103515,236.27,1,16,0.74,48.796,69.91
14:25:56.312,422.682839,43.4046449,6.0103673,236.281,1,15,0.77,49.115,70.0
14:25:56.415,422.785828,43.4046492,6.0103832,236.29,1,15,0.77,49.467,70.08
14:25:56.512,422.883058,43.4046535,6.0103992,236.305,1,14,0.77,49.765,70.13
14:25:56.611,422.981731,43.4046577,6.0104154,236.309,1,14,0.77,50.05,70.49
14:25:56.711,423.081936,43.4046619,6.0104316,236.326,1,14,0.77,50.208,70.54
14:25:56.814,423.184675,43.4046661,6.0104479,236.345,1,14,0.77,50.523,70.93
14:25:56.913,423.283826,43.4046702,6.0104644,236.337,1,14,0.77,50.834,71.58
14:25:57.011,423.381587,43.4046742,6.010481,236.345,1,14,0.77,50.96,71.93
14:25:57.112,423.482477,43.4046783,6.0104975,236.332,1,16,0.7,50.956,72.05
14:25:57.220,423.590542,43.4046823,6.0105142,236.329,1,15,0.74,51.291,72.08
14:25:57.315,423.685461,43.4046863,6.010531,236.32,1,16,0.73,51.636,72.2
14:25:57.410,423.781154,43.4046903,6.0105479,236.326,1,16,0.73,51.947,72.53
14:25:57.512,423.882496,43.4046942,6.010565,236.33,1,16,0.73,52.178,72.67
14:25:57.614,423.985438,43.4046981,6.0105821,236.337,1,16,0.73,52.395,72.85
14:25:57.714,424.084751,43.404702,6.0105993,236.342,1,16,0.73,52.558,73.05
14:25:57.811,424.18241,43.4047058,6.0106165,236.345,1,16,0.73,52.845,73.25
14:25:57.911,424.282436,43.4047096,6.010634,236.344,1,16,0.73,53.149,73.72
14:25:58.014,424.385357,43.4047134,6.0106515,236.349,1,16,0.73,53.404,73.97
14:25:58.114,424.48467,43.404717,6.0106692,236.365,1,16,0.73,53.693,74.41
14:25:58.211,424.582426,43.4047205,6.010687,236.364,1,16,0.73,53.891,75.06
14:25:58.311,424.682473,43.404724,6.0107049,236.376,1,15,0.8,54.128,75.29
14:25:58.414,424.78534,43.4047275,6.0107228,236.378,1,15,0.8,54.152,75.41
14:25:58.513,424.884377,43.404731,6.0107408,236.396,1,15,0.8,54.352,75.19
14:25:58.612,424.983391,43.4047343,6.0107589,236.402,1,15,0.8,54.656,75.71
14:25:58.713,425.083564,43.4047377,6.0107771,236.412,1,15,0.8,54.793,75.95
14:25:58.814,425.185281,43.404741,6.0107955,236.423,1,15,0.8,55.106,76.39
14:25:58.914,425.285328,43.4047442,6.0108137,236.434,1,15,0.8,54.951,76.56
14:25:59.012,425.383284,43.4047473,6.0108319,236.435,1,15,0.8,54.465,77.06
14:25:59.110,425.481269,43.4047504,6.0108497,236.437,1,14,0.88,53.491,77.19
14:25:59.220,425.59127,43.4047534,6.0108672,236.433,1,14,0.88,52.358,76.97
14:25:59.312,425.683291,43.4047564,6.0108844,236.432,1,14,0.88,51.387,76.75
14:25:59.410,425.781255,43.4047595,6.0109015,236.428,1,14,0.88,50.76,76.36
14:25:59.511,425.882357,43.4047625,6.0109185,236.425,1,14,0.88,50.502,76.4
14:25:59.614,425.985225,43.4047654,6.0109353,236.429,1,14,0.88,50.25,76.89
14:25:59.713,426.08353,43.4047681,6.0109521,236.435,1,14,0.88,49.732,77.41
14:25:59.811,426.182217,43.4047707,6.0109686,236.441,1,14,0.88,49.128,78.03
14:25:59.912,426.283256,43.4047732,6.010985,236.44,1,15,0.76,48.561,78.37
14:26:00.015,426.386142,43.4047756,6.0110012,236.439,1,15,0.76,48.048,78.73
14:26:00.114,426.485119,43.404778,6.0110172,236.423,1,15,0.76,47.611,79.22
14:26:00.212,426.583204,43.4047802,6.0110331,236.429,1,15,0.76,46.952,79.48
14:26:00.311,426.682195,43.4047822,6.0110489,236.447,1,15,0.76,46.357,80.14
14:26:00.413,426.784108,43.404784,6.0110645,236.457,1,15,0.77,45.739,81.21
14:26:00.512,426.883288,43.4047854,6.0110801,236.471,1,15,0.77,45.454,82.95
14:26:00.611,426.982161,43.4047864,6.0110955,236.477,1,15,0.77,45.065,85.42
14:26:00.709,427.080495,43.4047869,6.0111109,236.481,1,14,0.88,44.642,87.87
14:26:00.812,427.183239,43.4047868,6.011126,236.482,1,14,0.88,44.074,90.87
14:26:00.911,427.282215,43.4047861,6.011141,236.48,1,14,0.88,43.589,94.65
14:26:01.010,427.381152,43.4047847,6.0111556,236.475,1,14,0.88,43.057,98.25
14:26:01.110,427.481071,43.4047826,6.0111698,236.482,1,14,0.88,42.377,102.96
14:26:01.219,427.590112,43.4047799,6.0111835,236.458,1,14,0.88,41.69,106.21
14:26:01.311,427.682062,43.4047763,6.0111967,236.441,1,14,0.88,41.274,111.35
14:26:01.408,427.779162,43.404772,6.0112092,236.444,1,14,0.88,40.522,114.56
14:26:01.511,427.882244,43.4047671,6.011221,236.45,1,15,0.81,40.007,121.07
14:26:01.614,427.985112,43.4047615,6.0112323,236.468,1,17,0.66,39.774,124.68
14:26:01.715,428.086398,43.4047552,6.0112428,236.476,1,17,0.65,39.737,131.11
14:26:01.813,428.184084,43.4047484,6.0112526,236.482,1,17,0.65,39.84,134.88
14:26:01.913,428.284117,43.404741,6.0112615,236.484,1,16,0.73,39.788,140.78
14:26:02.011,428.382132,43.4047329,6.0112693,236.49,1,16,0.74,39.835,144.29
14:26:02.113,428.484147,43.4047246,6.0112759,236.477,1,16,0.74,39.409,151.42
14:26:02.220,428.591079,43.404716,6.0112812,236.417,1,16,0.74,39.007,154.78
14:26:02.311,428.6823,43.4047071,6.0112851,236.351,1,16,0.74,38.581,163.63
14:26:02.412,428.783325,43.404698,6.0112879,236.316,1,16,0.76,38.37,167.17
14:26:02.513,428.884264,43.4046888,6.0112893,236.273,1,16,0.76,37.907,175.53
14:26:02.609,428.98022,43.4046798,6.0112894,236.251,1,16,0.76,37.199,179.28
14:26:02.710,429.081387,43.4046709,6.0112884,236.231,1,16,0.74,36.433,186.72
14:26:02.813,429.184134,43.4046623,6.011286,236.199,1,16,0.74,35.784,191.11
14:26:02.914,429.285096,43.404654,6.0112823,236.145,1,17,0.68,35.847,199.08
14:26:03.010,429.381073,43.4046459,6.0112775,236.099,1,17,0.68,35.77,202.84
14:26:03.114,429.485067,43.4046383,6.0112717,236.037,1,17,0.67,35.729,210.68
14:26:03.216,429.587076,43.4046309,6.0112652,235.985,1,17,0.67,35.744,213.97
14:26:03.312,429.683126,43.4046236,6.0112583,235.961,1,17,0.68,35.866,216.48
14:26:03.412,429.783083,43.4046164,6.0112509,235.933,1,17,0.68,36.201,217.77
14:26:03.511,429.882339,43.4046094,6.0112431,235.898,1,17,0.69,36.462,220.46
14:26:03.615,429.986148,43.4046028,6.0112345,235.855,1,18,0.67,36.736,223.24
14:26:03.714,430.085461,43.4045965,6.0112253,235.818,1,17,0.74,37.086,227.09
14:26:03.813,430.184144,43.4045906,6.0112156,235.772,1,17,0.77,37.205,230.06
14:26:03.912,430.283191,43.404585,6.0112055,235.731,1,17,0.77,37.355,233.9
14:26:04.015,430.386164,43.4045798,6.011195,235.694,1,17,0.77,37.444,236.17
14:26:04.115,430.486092,43.4045748,6.0111841,235.654,1,17,0.77,37.781,239.24
14:26:04.211,430.582178,43.4045701,6.0111728,235.603,1,17,0.77,38.168,241.21
14:26:04.312,430.683106,43.4045658,6.0111612,235.559,1,15,0.8,38.405,243.48
14:26:04.414,430.785197,43.4045618,6.0111491,235.508,1,15,0.8,38.818,245.92
14:26:04.512,430.883307,43.4045581,6.0111368,235.471,1,15,0.8,39.059,248.5
14:26:04.614,430.985188,43.4045548,6.0111243,235.432,1,16,0.72,39.268,250.52
14:26:04.713,431.084448,43.4045517,6.0111114,235.401,1,16,0.74,39.711,252.74
14:26:04.815,431.186147,43.404549,6.0110984,235.378,1,16,0.74,39.988,254.74
14:26:04.916,431.287174,43.4045465,6.011085,235.356,1,16,0.72,40.418,256.87
14:26:05.013,431.384226,43.4045444,6.0110715,235.322,1,16,0.7,40.696,258.4
14:26:05.114,431.485149,43.4045425,6.0110577,235.28,1,17,0.69,41.014,260.36
14:26:05.233,431.604174,43.4045411,6.0110437,235.233,1,17,0.69,41.32,262.44
14:26:05.316,431.687222,43.40454,6.0110297,235.188,1,17,0.69,41.546,264.47
14:26:05.426,431.797181,43.4045393,6.0110154,235.13,1,17,0.69,41.855,266.21
14:26:05.522,431.8934,43.4045389,6.0110009,235.086,1,17,0.67,42.329,268.5
14:26:05.617,431.988324,43.4045387,6.0109864,235.051,1,17,0.67,42.452,269.77
14:26:05.718,432.08859,43.4045389,6.0109718,235.027,1,17,0.67,42.842,272.04
14:26:05.813,432.184297,43.4045394,6.0109571,235.014,1,17,0.68,43.272,273.41
14:26:05.911,432.282281,43.40454,6.0109424,234.987,1,18,0.65,43.448,274.39
14:26:06.020,432.391254,43.4045408,6.0109275,234.961,1,18,0.65,43.635,274.68
14:26:06.119,432.490219,43.4045415,6.0109126,234.94,1,18,0.65,43.939,274.59
14:26:06.214,432.584663,43.4045421,6.0108976,234.909,1,18,0.66,44.102,273.27
14:26:06.310,432.681319,43.4045424,6.0108824,234.879,1,18,0.66,44.4,271.98
14:26:06.419,432.790478,43.4045424,6.0108671,234.865,1,18,0.66,44.804,270.52
14:26:06.517,432.888342,43.4045422,6.0108516,234.832,1,18,0.66,45.283,268.69
14:26:06.614,432.985478,43.4045419,6.0108361,234.8,1,18,0.66,45.517,267.85
14:26:06.717,433.087632,43.4045413,6.0108205,234.772,1,18,0.66,45.846,266.7
14:26:06.818,433.18934,43.4045406,6.0108047,234.745,1,18,0.66,46.226,265.99
14:26:06.917,433.288342,43.4045396,6.0107889,234.727,1,18,0.67,46.574,265.06
14:26:07.014,433.384856,43.4045383,6.0107731,234.72,1,18,0.66,46.643,263.51
14:26:07.117,433.488363,43.4045366,6.0107574,234.701,1,18,0.66,46.494,261.59
14:26:07.219,433.590408,43.4045345,6.0107421,234.668,1,18,0.66,45.731,258.77
14:26:07.318,433.689353,43.404532,6.0107271,234.641,1,18,0.66,44.905,256.65
14:26:07.417,433.788427,43.4045292,6.0107124,234.614,1,18,0.66,44.111,254.33
14:26:07.517,433.888455,43.404526,6.010698,234.579,1,18,0.66,43.618,252.46
14:26:07.621,433.991514,43.4045225,6.0106841,234.559,1,18,0.66,42.939,250.2
14:26:07.719,434.08979,43.4045185,6.0106704,234.546,1,18,0.68,42.765,247.96
14:26:07.816,434.187403,43.4045141,6.0106574,234.51,1,18,0.68,41.727,244.36
14:26:07.916,434.287456,43.4045091,6.010645,234.492,1,18,0.66,41.209,240.4
14:26:08.021,434.391446,43.4045037,6.010633,234.469,1,18,0.66,41.127,237.31
14:26:08.121,434.491439,43.4044978,6.0106217,234.442,1,18,0.65,40.546,233.74
14:26:08.227,434.597435,43.4044916,6.0106111,234.39,1,18,0.67,39.851,230.07
14:26:08.318,434.688469,43.4044849,6.0106015,234.351,1,18,0.67,38.894,224.92
14:26:08.420,434.790682,43.4044778,6.0105929,234.305,1,18,0.67,38.044,220.86
14:26:08.519,434.889765,43.4044701,6.0105851,234.279,1,18,0.69,37.907,214.48
14:26:08.616,434.986686,43.404462,6.0105785,234.24,1,18,0.69,37.87,210.17
14:26:08.712,435.082848,43.4044537,6.0105726,234.189,1,18,0.66,37.947,204.81
14:26:08.819,435.1897,43.4044454,6.0105677,234.133,1,18,0.69,37.057,201.07
14:26:08.919,435.289563,43.4044368,6.0105638,234.109,1,18,0.69,36.294,196.67
14:26:09.016,435.386556,43.4044282,6.0105608,234.075,1,18,0.69,35.671,192.74
14:26:09.117,435.487572,43.4044195,6.010559,234.046,1,18,0.69,35.21,186.94
14:26:09.218,435.58858,43.404411,6.0105585,234.043,1,18,0.69,34.282,182.3
14:26:09.318,435.688626,43.4044025,6.0105594,234.029,1,18,0.68,34.201,175.03
14:26:09.416,435.78662,43.404394,6.0105612,234.011,1,18,0.68,34.349,170.55
14:26:09.518,435.88874,43.404386,6.0105642,233.967,1,18,0.7,34.068,162.6
14:26:09.619,435.989869,43.4043781,6.0105683,233.943,1,18,0.7,34.147,158.5
14:26:09.719,436.090004,43.4043705,6.0105733,233.919,1,18,0.7,34.218,152.49
14:26:09.816,436.186662,43.4043632,6.010579,233.902,1,18,0.71,34.171,148.64
14:26:09.918,436.288747,43.4043561,6.0105856,233.886,1,18,0.71,34.277,144.14
14:26:10.018,436.388815,43.4043494,6.0105928,233.873,1,18,0.71,34.464,140.93
14:26:10.117,436.487728,43.4043431,6.0106006,233.837,1,18,0.71,34.621,137.07
14:26:10.216,436.586747,43.4043373,6.0106092,233.761,1,18,0.71,34.892,133.65
14:26:10.309,436.679887,43.4043319,6.0106184,233.691,1,18,0.71,35.347,127.62
14:26:10.416,436.786801,43.4043274,6.0106283,233.657,1,18,0.71,35.069,124.28
14:26:10.518,436.888842,43.4043238,6.0106387,233.651,1,18,0.71,34.647,116.66
14:26:10.616,436.98703,43.4043203,6.0106497,233.664,1,19,0.62,35.001,112.7
14:26:10.711,437.082123,43.4043173,6.0106609,233.663,1,19,0.62,35.099,107.66
14:26:10.821,437.191946,43.4043148,6.0106723,233.68,1,19,0.62,34.84,105.56
14:26:10.922,437.292876,43.4043125,6.0106838,233.692,1,19,0.6,34.773,103.35
14:26:11.020,437.391085,43.4043106,6.0106954,233.676,1,19,0.6,34.634,102.07
14:26:11.113,437.484011,43.4043089,6.0107071,233.683,1,19,0.62,34.745,100.42
14:26:11.222,437.592912,43.4043074,6.0107189,233.692,1,19,0.62,34.74,98.69
14:26:11.320,437.690931,43.4043065,6.0107309,233.678,1,19,0.64,35.26,95.64
14:26:11.423,437.793879,43.4043059,6.0107431,233.658,1,19,0.64,35.725,93.45
14:26:11.512,437.88306,43.4043057,6.0107554,233.646,1,17,0.66,35.997,91.0
14:26:11.622,437.993097,43.4043058,6.0107677,233.602,1,17,0.66,36.284,89.93
14:26:11.720,438.091383,43.4043061,6.0107802,233.592,1,17,0.66,36.547,87.84
14:26:11.818,438.189024,43.4043066,6.0107928,233.576,1,17,0.66,36.866,86.78
14:26:11.913,438.284087,43.4043073,6.0108055,233.569,1,17,0.66,37.246,85.31
14:26:12.021,438.39212,43.4043082,6.0108183,233.574,1,17,0.66,37.631,84.43
14:26:12.107,438.478312,43.4043092,6.0108311,233.554,1,16,0.68,37.816,83.68
14:26:12.217,438.588162,43.4043103,6.0108441,233.54,1,15,0.77,38.179,83.21
14:26:12.311,438.682424,43.4043114,6.0108572,233.531,1,15,0.77,38.673,82.95
14:26:12.425,438.796397,43.4043126,6.0108704,233.514,1,15,0.77,38.89,83.17
14:26:12.519,438.890345,43.4043138,6.0108837,233.503,1,16,0.72,39.22,82.95
14:26:12.618,438.989276,43.4043151,6.010897,233.497,1,16,0.72,39.449,82.33
14:26:12.713,439.083515,43.4043165,6.0109105,233.49,1,16,0.72,39.818,81.66
14:26:12.821,439.19226,43.4043181,6.0109241,233.487,1,16,0.72,40.116,81.07
14:26:12.909,439.280318,43.4043196,6.0109378,233.479,1,16,0.72,40.544,81.09
14:26:13.019,439.390247,43.4043211,6.0109517,233.49,1,16,0.72,40.992,81.26
14:26:13.112,439.48325,43.4043226,6.0109656,233.49,1,16,0.72,41.148,81.52
14:26:13.221,439.592347,43.4043241,6.0109797,233.481,1,16,0.72,41.379,81.97
14:26:13.309,439.679519,43.4043255,6.0109939,233.472,1,16,0.72,41.814,82.37
14:26:13.420,439.790723,43.4043269,6.0110082,233.457,1,16,0.72,42.209,82.8
14:26:13.513,439.883496,43.4043283,6.0110226,233.448,1,16,0.72,42.692,82.83
14:26:13.623,439.993667,43.4043297,6.0110371,233.443,1,16,0.72,42.907,82.89
14:26:13.722,440.092647,43.404331,6.0110518,233.442,1,16,0.72,43.22,83.12
14:26:13.819,440.189518,43.4043323,6.0110667,233.433,1,16,0.72,43.581,83.57
14:26:13.913,440.284419,43.4043335,6.0110816,233.426,1,16,0.72,44.0,83.67
14:26:14.023,440.39344,43.4043348,6.0110966,233.417,1,16,0.72,44.331,83.84
14:26:14.111,440.481449,43.404336,6.0111118,233.407,1,16,0.72,44.533,83.94
14:26:14.220,440.590479,43.4043372,6.011127,233.4,1,16,0.72,44.705,84.02
14:26:14.313,440.683739,43.4043385,6.0111422,233.396,1,15,0.78,45.0,83.57
14:26:14.422,440.792795,43.40434,6.0111577,233.382,1,15,0.78,45.543,82.64
14:26:14.510,440.880618,43.4043418,6.0111731,233.367,1,15,0.78,45.709,81.33
14:26:14.619,440.989729,43.4043437,6.0111884,233.369,1,15,0.78,45.654,79.96
14:26:14.713,441.083881,43.4043459,6.0112038,233.374,1,15,0.78,45.735,78.77
14:26:14.822,441.192738,43.4043482,6.0112192,233.385,1,15,0.78,45.965,77.75
14:26:14.910,441.28064,43.4043508,6.0112347,233.397,1,15,0.78,46.289,76.82
14:26:15.019,441.389751,43.4043535,6.0112502,233.406,1,15,0.78,46.617,75.97
14:26:15.113,441.48367,43.4043565,6.0112658,233.41,1,15,0.78,46.939,75.23
14:26:15.213,441.58369,43.4043596,6.0112814,233.413,1,15,0.78,47.246,74.54
14:26:15.310,441.680729,43.4043628,6.011297,233.418,1,15,0.78,47.502,73.83
14:26:15.430,441.800802,43.4043662,6.0113126,233.421,1,15,0.78,47.68,73.15
14:26:15.513,441.883858,43.4043699,6.0113283,233.426,1,14,0.88,47.946,71.87
14:26:15.622,441.992881,43.4043739,6.0113439,233.423,1,14,0.88,48.326,70.71
14:26:15.709,442.080181,43.4043781,6.0113594,233.419,1,14,0.88,48.676,69.46
14:26:15.819,442.189886,43.4043826,6.011375,233.418,1,14,0.88,48.909,68.38
14:26:15.912,442.282879,43.4043872,6.0113905,233.425,1,14,0.88,48.958,67.06
14:26:16.021,442.391929,43.4043922,6.0114059,233.429,1,14,0.88,49.121,65.99
14:26:16.111,442.481966,43.4043973,6.0114212,233.44,1,14,0.88,49.259,64.67
14:26:16.220,442.590921,43.4044028,6.0114364,233.45,1,14,0.88,49.495,63.58
14:26:16.314,442.684956,43.4044084,6.0114516,233.477,1,15,0.77,49.606,62.43
14:26:16.414,442.784964,43.4044143,6.0114667,233.499,1,15,0.77,49.852,61.59
14:26:16.512,442.88304,43.4044203,6.0114817,233.525,1,15,0.77,50.067,60.55
14:26:16.621,442.992078,43.4044266,6.0114966,233.551,1,15,0.77,50.16,59.44
14:26:16.715,443.086338,43.4044332,6.0115112,233.575,1,15,0.77,50.217,57.99
14:26:16.814,443.185182,43.4044401,6.0115257,233.598,1,15,0.77,50.339,56.2
14:26:16.912,443.28313,43.4044474,6.0115398,233.616,1,15,0.77,50.56,54.04
14:26:17.021,443.392151,43.4044551,6.0115536,233.627,1,15,0.77,50.708,52.22
14:26:17.115,443.486234,43.4044631,6.0115672,233.658,1,15,0.78,51.045,50.14
14:26:17.214,443.58515,43.4044714,6.0115805,233.692,1,16,0.7,51.26,48.92
14:26:17.311,443.682202,43.4044799,6.0115938,233.737,1,15,0.72,51.345,48.16
14:26:17.420,443.79121,43.4044884,6.0116067,233.764,1,15,0.72,51.034,47.31
14:26:17.512,443.883444,43.4044971,6.0116191,233.773,1,15,0.73,50.197,45.71
14:26:17.613,443.984289,43.4045062,6.0116308,233.791,1,16,0.69,49.591,43.48
14:26:17.712,444.082588,43.4045158,6.0116418,233.828,1,16,0.69,49.726,41.41
14:26:17.818,444.189474,43.404526,6.0116523,233.853,1,16,0.71,50.489,39.42
14:26:17.915,444.285456,43.4045364,6.0116625,233.865,1,16,0.71,51.25,35.14
14:26:18.013,444.384382,43.4045468,6.0116726,233.878,1,16,0.71,51.38,34.17
14:26:18.111,444.482391,43.4045574,6.0116825,233.91,1,15,0.73,51.652,33.02
14:26:18.219,444.589515,43.4045684,6.011692,233.962,1,14,0.78,52.03,31.62
14:26:18.313,444.683676,43.4045794,6.0117012,233.995,1,14,0.78,52.075,30.63
14:26:18.413,444.783525,43.4045908,6.01171,234.019,1,15,0.74,52.247,29.23
14:26:18.510,444.88075,43.4046023,6.0117186,234.047,1,15,0.74,52.604,27.86
14:26:18.623,444.993627,43.404614,6.0117269,234.082,1,17,0.66,52.801,26.92
14:26:18.716,445.086849,43.4046259,6.011735,234.127,1,16,0.71,53.167,25.72
14:26:18.825,445.19573,43.4046379,6.011743,234.171,1,16,0.71,53.31,25.37
14:26:18.912,445.282723,43.4046498,6.0117511,234.196,1,16,0.71,53.36,25.56
14:26:19.023,445.393735,43.4046617,6.011759,234.207,1,16,0.71,53.365,25.66
14:26:19.116,445.486729,43.4046738,6.0117669,234.195,1,16,0.71,53.41,25.55
14:26:19.226,445.596678,43.404686,6.0117749,234.22,1,16,0.71,53.745,25.46
14:26:19.314,445.684706,43.4046982,6.0117829,234.239,1,16,0.71,54.145,25.57
14:26:19.423,445.793843,43.4047104,6.0117912,234.274,1,16,0.71,54.534,26.24
14:26:19.516,445.886813,43.4047225,6.0117996,234.297,1,15,0.68,54.654,26.6
14:26:19.615,445.985796,43.4047347,6.011808,234.309,1,15,0.68,54.74,26.95
14:26:19.713,446.084188,43.4047469,6.0118167,234.313,1,15,0.68,54.934,27.48
14:26:19.822,446.193011,43.4047591,6.0118254,234.312,1,15,0.68,55.004,27.88
14:26:19.916,446.286908,43.404771,6.0118342,234.305,1,15,0.68,54.399,28.66
14:26:20.015,446.385905,43.4047827,6.0118433,234.318,1,15,0.68,53.747,29.59
14:26:20.112,446.483013,43.4047941,6.0118525,234.327,1,14,0.76,52.849,30.89
14:26:20.222,446.592967,43.4048051,6.011862,234.334,1,14,0.76,51.93,32.16
14:26:20.315,446.685976,43.404816,6.0118715,234.343,1,15,0.78,51.321,33.17
14:26:20.414,446.785275,43.4048266,6.0118813,234.356,1,15,0.78,50.71,34.28
14:26:20.514,446.885107,43.4048369,6.0118912,234.35,1,15,0.78,50.102,35.52
14:26:20.623,446.994081,43.4048469,6.0119015,234.351,1,15,0.78,49.697,37.26
14:26:20.716,447.087485,43.4048566,6.0119121,234.356,1,15,0.78,49.574,39.07
14:26:20.815,447.186387,43.4048659,6.0119232,234.382,1,15,0.78,49.198,41.33
14:26:20.914,447.285187,43.4048746,6.0119347,234.402,1,16,0.71,48.521,44.19
14:26:21.023,447.394214,43.4048828,6.0119467,234.414,1,16,0.71,47.837,47.09
14:26:21.115,447.486198,43.4048905,6.011959,234.418,1,15,0.78,47.076,49.85
14:26:21.225,447.596297,43.4048973,6.0119718,234.422,1,15,0.78,46.306,53.95
14:26:21.313,447.684272,43.4049034,6.011985,234.437,1,15,0.78,45.559,57.14
14:26:21.424,447.794499,43.4049087,6.0119984,234.45,1,15,0.78,44.678,61.9
14:26:21.514,447.885432,43.4049132,6.0120122,234.458,1,15,0.78,43.859,64.21
14:26:21.614,447.985411,43.4049166,6.012026,234.45,1,15,0.78,42.572,72.4
14:26:21.716,448.086661,43.4049191,6.0120398,234.45,1,16,0.71,41.553,75.68
14:26:21.824,448.194561,43.4049209,6.0120538,234.441,1,15,0.74,41.196,82.0
14:26:21.917,448.287462,43.4049215,6.0120677,234.448,1,15,0.74,40.764,86.15
14:26:22.017,448.387536,43.4049214,6.0120815,234.472,1,15,0.72,40.357,91.94
14:26:22.116,448.486469,43.4049203,6.0120955,234.478,1,16,0.72,40.82,96.46
14:26:22.214,448.584572,43.4049183,6.0121092,234.51,1,14,0.78,41.151,103.32
14:26:22.316,448.68658,43.4049154,6.0121225,234.546,1,14,0.75,40.983,106.65
14:26:22.415,448.785628,43.4049117,6.0121353,234.564,1,14,0.75,40.601,113.16
14:26:22.511,448.881714,43.4049072,6.0121473,234.567,1,14,0.78,39.972,115.25
14:26:22.622,448.992629,43.4049018,6.012158,234.538,1,14,0.78,38.975,124.87
14:26:22.714,449.084988,43.4048956,6.0121681,234.509,1,13,0.85,39.033,127.88
14:26:22.814,449.184808,43.4048887,6.0121773,234.481,1,12,0.95,39.083,138.11
14:26:22.911,449.281807,43.4048815,6.0121853,234.469,1,12,0.95,38.423,141.02
14:26:23.012,449.382779,43.4048733,6.0121922,234.452,1,13,0.85,38.82,150.36
14:26:23.113,449.483766,43.4048649,6.0121974,234.433,1,13,0.85,38.218,153.95
14:26:23.214,449.584803,43.4048564,6.0122014,234.428,1,13,0.85,37.584,163.35
14:26:23.323,449.693825,43.404848,6.012204,234.437,1,14,0.81,36.496,167.29
14:26:23.413,449.783923,43.4048393,6.0122055,234.417,1,14,0.81,36.112,175.15
14:26:23.517,449.888222,43.4048305,6.0122059,234.401,1,15,0.73,35.894,178.61
14:26:23.617,449.988076,43.4048217,6.0122054,234.402,1,16,0.71,35.794,184.59
14:26:23.715,450.086352,43.404813,6.0122041,234.381,1,15,0.73,35.131,187.32
14:26:23.814,450.1853,43.4048045,6.0122024,234.37,1,15,0.73,34.834,190.14
14:26:23.918,450.289102,43.4047959,6.0122004,234.374,1,15,0.73,34.795,191.13
14:26:24.016,450.387073,43.4047873,6.0121978,234.377,1,15,0.73,35.081,193.5
14:26:24.116,450.487079,43.4047787,6.0121946,234.357,1,15,0.71,35.751,195.83
14:26:24.224,450.59518,43.4047701,6.0121908,234.327,1,15,0.71,36.477,198.55
14:26:24.317,450.688128,43.4047616,6.0121862,234.295,1,15,0.71,36.82,201.56
14:26:24.416,450.787173,43.4047532,6.012181,234.263,1,15,0.71,37.142,204.94
14:26:24.516,450.887285,43.4047452,6.0121751,234.234,1,16,0.69,37.114,208.62
14:26:24.625,450.996346,43.4047373,6.0121685,234.215,1,16,0.69,37.173,212.25
14:26:24.720,451.090587,43.4047297,6.0121614,234.205,1,16,0.69,37.394,215.17
14:26:24.819,451.189642,43.4047222,6.0121537,234.205,1,16,0.69,37.686,218.17
14:26:24.918,451.288523,43.4047149,6.0121457,234.214,1,16,0.69,37.786,219.79
14:26:25.017,451.388438,43.4047078,6.0121377,234.237,1,16,0.69,37.264,220.66
14:26:25.119,451.490438,43.4047006,6.0121299,234.247,1,16,0.7,36.809,218.48
14:26:25.243,451.613467,43.4046933,6.0121224,234.247,1,16,0.69,36.477,218.17
14:26:25.315,451.685505,43.4046857,6.0121154,234.252,1,16,0.69,36.342,215.12
14:26:25.437,451.807488,43.4046779,6.0121092,234.266,1,16,0.69,35.923,210.98
14:26:25.534,451.904563,43.4046695,6.0121039,234.283,1,16,0.69,36.686,206.99
14:26:25.622,451.992542,43.4046606,6.0120987,234.24,1,17,0.65,38.242,202.69
14:26:25.718,452.088892,43.4046519,6.0120942,234.227,1,16,0.73,38.214,199.18
14:26:25.818,452.188699,43.4046429,6.0120905,234.194,1,16,0.73,37.929,195.24
14:26:25.921,452.291715,43.4046339,6.0120876,234.18,1,16,0.73,37.753,192.11
14:26:26.020,452.390696,43.4046247,6.0120854,234.145,1,16,0.73,37.54,188.35
14:26:26.118,452.488706,43.4046157,6.0120841,234.114,1,16,0.75,36.886,184.81
14:26:26.226,452.596802,43.4046066,6.0120837,234.056,1,16,0.75,36.558,179.83
14:26:26.320,452.690944,43.404598,6.0120844,234.032,1,16,0.75,35.131,175.66
14:26:26.419,452.790065,43.4045895,6.012086,233.997,1,16,0.75,34.553,170.39
14:26:26.517,452.888009,43.4045812,6.0120886,233.971,1,16,0.73,34.314,166.29
14:26:26.618,452.988892,43.4045733,6.0120924,233.925,1,17,0.73,34.018,159.09
14:26:26.719,453.090295,43.4045658,6.0120972,233.897,1,17,0.73,33.784,154.65
14:26:26.820,453.191197,43.4045586,6.0121028,233.855,1,18,0.71,33.895,147.73
14:26:26.917,453.288056,43.4045518,6.0121094,233.808,1,18,0.71,34.116,143.73
14:26:27.019,453.390007,43.4045456,6.0121167,233.745,1,18,0.71,33.958,137.54
14:26:27.122,453.493012,43.40454,6.0121247,233.734,1,19,0.62,33.23,133.03
14:26:27.232,453.603063,43.4045349,6.0121334,233.718,1,18,0.63,32.912,126.74
14:26:27.320,453.691069,43.4045305,6.0121426,233.739,1,17,0.67,32.291,123.11
14:26:27.421,453.792113,43.4045266,6.0121522,233.745,1,17,0.67,32.164,116.91
14:26:27.523,453.894196,43.4045234,6.0121624,233.739,1,16,0.69,32.625,112.91
14:26:27.622,453.993166,43.4045208,6.0121732,233.724,1,16,0.69,33.41,106.97
14:26:27.719,454.089592,43.4045189,6.0121842,233.723,1,16,0.69,33.44,103.61
14:26:27.817,454.188401,43.4045178,6.0121953,233.696,1,16,0.71,33.249,96.4
14:26:27.920,454.291358,43.4045174,6.0122065,233.673,1,16,0.71,33.238,92.8
14:26:28.019,454.390332,43.4045177,6.0122177,233.652,1,16,0.71,33.147,87.04
14:26:28.118,454.488448,43.4045184,6.0122289,233.651,1,16,0.71,33.125,84.52
14:26:28.219,454.590391,43.4045197,6.01224,233.624,1,16,0.71,33.101,79.09
14:26:28.320,454.6914,43.4045213,6.012251,233.615,1,16,0.71,32.951,77.45
14:26:28.420,454.790458,43.4045234,6.0122619,233.606,1,15,0.79,33.025,73.86
14:26:28.518,454.888722,43.4045261,6.0122728,233.592,1,15,0.79,33.286,71.71
14:26:28.618,454.988506,43.4045291,6.0122834,233.59,1,15,0.78,33.592,67.68
14:26:28.723,455.093926,43.4045325,6.0122939,233.572,1,15,0.77,33.784,65.7
14:26:28.823,455.193737,43.4045364,6.0123042,233.553,1,16,0.71,33.856,61.89
14:26:28.921,455.291665,43.4045407,6.0123142,233.553,1,16,0.71,34.082,59.44
14:26:29.021,455.391709,43.4045453,6.0123241,233.547,1,16,0.71,34.429,55.9
14:26:29.123,455.493661,43.4045504,6.0123336,233.545,1,16,0.77,34.584,53.03
14:26:29.222,455.592697,43.4045559,6.0123429,233.544,1,16,0.77,34.918,50.26
14:26:29.321,455.691727,43.4045616,6.0123519,233.548,1,15,0.81,35.16,47.92
14:26:29.421,455.79176,43.4045676,6.0123607,233.539,1,14,0.89,35.177,45.92
14:26:29.522,455.892838,43.4045738,6.0123692,233.543,1,14,0.9,35.458,43.8
14:26:29.621,455.991881,43.4045804,6.0123774,233.552,1,14,0.9,35.777,41.44
14:26:29.718,456.089185,43.4045873,6.0123855,233.568,1,13,0.91,36.264,39.53
14:26:29.817,456.188037,43.4045944,6.0123933,233.589,1,13,0.91,36.644,37.56
14:26:29.919,456.290031,43.4046018,6.0124009,233.615,1,12,0.95,37.034,36.65
14:26:30.019,456.39002,43.4046093,6.0124083,233.649,1,12,0.95,37.409,34.46
14:26:30.118,456.489063,43.4046169,6.0124155,233.688,1,13,0.85,37.523,33.2
14:26:30.228,456.599158,43.4046247,6.0124226,233.702,1,14,0.78,37.575,32.63
14:26:30.322,456.693183,43.4046325,6.0124294,233.701,1,14,0.78,37.514,32.07
14:26:30.421,456.79216,43.4046405,6.0124362,233.717,1,14,0.78,37.534,31.28
14:26:30.520,456.891179,43.4046486,6.0124429,233.726,1,16,0.7,37.746,30.6
14:26:30.619,456.990222,43.4046569,6.0124495,233.739,1,16,0.7,38.333,29.84
14:26:30.724,457.094504,43.4046653,6.0124559,233.765,1,15,0.75,38.736,28.76
14:26:30.822,457.193295,43.4046739,6.0124622,233.798,1,15,0.75,38.99,27.53
14:26:30.920,457.29137,43.4046826,6.0124682,233.832,1,15,0.75,39.261,26.4
14:26:31.020,457.391411,43.4046915,6.0124742,233.852,1,15,0.75,39.629,25.46
14:26:31.122,457.493437,43.4047007,6.0124798,233.888,1,14,0.83,40.35,24.08
14:26:31.220,457.591421,43.4047098,6.0124854,233.893,1,14,0.83,40.377,23.57
14:26:31.320,457.690439,43.404719,6.0124909,233.889,1,14,0.83,40.214,23.2
14:26:31.419,457.790427,43.4047282,6.0124961,233.871,1,14,0.83,40.124,22.54
14:26:31.523,457.893489,43.4047376,6.0125012,233.854,1,14,0.83,40.133,21.68
14:26:31.623,457.99348,43.4047471,6.0125062,233.86,1,15,0.78,40.527,20.89
14:26:31.720,458.090817,43.4047567,6.0125112,233.872,1,15,0.78,41.144,20.36
14:26:31.821,458.19157,43.4047665,6.0125162,233.889,1,15,0.78,41.842,20.32
14:26:31.925,458.295835,43.4047763,6.0125213,233.921,1,16,0.67,42.261,20.46
14:26:32.022,458.392749,43.4047861,6.0125265,233.944,1,15,0.68,42.489,20.85
14:26:32.121,458.491747,43.4047961,6.0125318,233.968,1,15,0.7,42.742,21.23
14:26:32.232,458.602709,43.404806,6.0125373,233.979,1,15,0.7,43.028,21.84
14:26:32.324,458.694707,43.404816,6.0125428,233.998,1,15,0.7,43.237,22.26
14:26:32.423,458.794033,43.404826,6.0125485,234.024,1,15,0.7,43.444,22.6
14:26:32.521,458.89192,43.4048361,6.0125543,234.053,1,15,0.7,43.822,23.03
14:26:32.623,458.993924,43.4048462,6.0125603,234.081,1,16,0.68,44.141,23.49
14:26:32.725,459.096266,43.4048563,6.0125664,234.106,1,15,0.77,44.518,23.97
14:26:32.822,459.193158,43.4048665,6.0125728,234.136,1,15,0.78,44.767,24.36
14:26:32.922,459.293187,43.4048766,6.0125792,234.16,1,15,0.77,44.976,25.06
14:26:33.022,459.393183,43.4048868,6.0125859,234.18,1,15,0.77,45.283,25.68
14:26:33.115,459.486194,43.404897,6.0125928,234.206,1,15,0.77,45.596,26.26
14:26:33.224,459.595056,43.4049072,6.0126,234.237,1,15,0.77,45.972,27.32
14:26:33.321,459.692075,43.4049173,6.0126076,234.275,1,15,0.77,46.428,28.82
14:26:33.422,459.793128,43.4049273,6.0126156,234.312,1,15,0.77,46.632,30.38
14:26:33.525,459.89642,43.4049372,6.012624,234.345,1,15,0.77,46.706,32.1
14:26:33.626,459.997193,43.4049469,6.0126327,234.366,1,15,0.75,46.778,33.55
14:26:33.723,460.094154,43.4049566,6.0126418,234.391,1,16,0.67,46.93,34.86
14:26:33.825,460.196274,43.4049661,6.0126512,234.413,1,16,0.67,47.206,36.36
14:26:33.928,460.299405,43.4049756,6.0126611,234.426,1,16,0.67,47.611,37.87
14:26:34.027,460.398363,43.4049848,6.0126715,234.444,1,16,0.67,47.941,39.72
14:26:34.123,460.493848,43.4049938,6.0126823,234.454,1,16,0.67,48.221,41.71
14:26:34.225,460.596376,43.4050027,6.0126936,234.444,1,16,0.67,48.558,43.7
14:26:34.327,460.697515,43.4050113,6.0127054,234.457,1,16,0.71,48.732,45.71
14:26:34.427,460.797504,43.4050194,6.0127177,234.474,1,16,0.71,48.756,48.18
14:26:34.523,460.894216,43.4050273,6.0127305,234.492,1,17,0.7,49.008,50.37
14:26:34.625,460.995589,43.4050348,6.0127437,234.503,1,16,0.71,49.159,52.85
14:26:34.726,461.096862,43.4050419,6.0127575,234.513,1,16,0.71,49.447,55.06
14:26:34.826,461.196647,43.4050487,6.0127718,234.536,1,16,0.71,49.835,57.58
14:26:34.924,461.294817,43.4050551,6.0127865,234.554,1,16,0.71,50.247,59.66
14:26:35.024,461.394793,43.405061,6.0128017,234.58,1,16,0.71,50.452,62.36
14:26:35.117,461.487739,43.4050666,6.0128173,234.586,1,16,0.71,51.106,64.72
14:26:35.227,461.597798,43.4050717,6.0128335,234.598,1,16,0.71,51.563,67.51
14:26:35.322,461.692847,43.405076,6.0128502,234.63,1,16,0.72,52.006,69.86
14:26:35.432,461.802804,43.4050794,6.0128671,234.642,1,16,0.72,51.71,74.38
14:26:35.525,461.896012,43.4050819,6.0128844,234.649,1,16,0.72,51.71,78.0
14:26:35.628,461.998953,43.4050838,6.0129019,234.667,1,17,0.6,51.889,83.34
14:26:35.725,462.096329,43.4050848,6.0129197,234.666,1,17,0.6,52.397,86.22
14:26:35.825,462.196011,43.405085,6.0129377,234.724,1,16,0.63,52.788,89.86
14:26:35.917,462.288046,43.4050845,6.0129556,234.715,1,15,0.65,52.663,92.85
14:26:36.016,462.387066,43.4050831,6.0129733,234.676,1,15,0.65,52.626,96.81
14:26:36.124,462.4951,43.4050809,6.0129911,234.66,1,15,0.65,52.875,99.9
14:26:36.233,462.604145,43.4050778,6.0130086,234.634,1,15,0.68,53.075,104.55
14:26:36.315,462.68619,43.4050739,6.0130258,234.637,1,15,0.68,53.08,107.42
14:26:36.424,462.795376,43.4050692,6.0130425,234.618,1,14,0.72,52.66,112.52
14:26:36.522,462.89325,43.4050636,6.0130586,234.597,1,14,0.72,52.415,115.27
14:26:36.624,462.995276,43.4050571,6.0130742,234.577,1,15,0.67,52.55,121.13
14:26:36.728,463.098553,43.4050499,6.0130892,234.535,1,15,0.67,52.884,123.79
14:26:36.826,463.197402,43.405042,6.0131036,234.505,1,15,0.67,53.069,128.62
14:26:36.924,463.295348,43.4050333,6.0131173,234.502,1,15,0.67,53.369,131.52
14:26:37.025,463.39552,43.4050239,6.0131303,234.505,1,15,0.67,53.847,136.27
14:26:37.118,463.488473,43.405014,6.0131424,234.486,1,15,0.67,53.784,140.04
14:26:37.228,463.598467,43.4050035,6.0131536,234.464,1,16,0.63,53.841,143.63
14:26:37.325,463.695541,43.4049925,6.0131638,234.434,1,16,0.63,53.602,147.62
14:26:37.424,463.794576,43.4049811,6.0131726,234.393,1,16,0.63,53.323,151.95
14:26:37.517,463.887617,43.4049694,6.0131804,234.353,1,16,0.63,52.869,154.22
14:26:37.628,463.998688,43.4049573,6.0131869,234.309,1,17,0.61,52.473,159.77
14:26:37.724,464.094987,43.404945,6.0131923,234.27,1,17,0.61,52.439,162.1
14:26:37.827,464.197671,43.4049323,6.0131965,234.198,1,17,0.61,52.73,167.67
14:26:37.920,464.290764,43.4049194,6.0131999,234.174,1,17,0.61,52.758,170.39
14:26:38.029,464.399882,43.4049064,6.0132024,234.144,1,17,0.61,52.988,173.47
14:26:38.119,464.489895,43.4048931,6.0132042,234.136,1,17,0.61,53.467,174.65
14:26:38.219,464.589805,43.4048797,6.0132055,234.12,1,17,0.61,54.147,175.1
14:26:38.318,464.68896,43.404866,6.0132066,234.093,1,16,0.64,55.116,176.76
14:26:38.428,464.799136,43.4048522,6.0132083,234.079,1,16,0.73,55.953,176.03
14:26:38.517,464.888226,43.4048387,6.0132108,234.061,1,16,0.73,55.888,174.99
14:26:38.621,464.99205,43.4048254,6.0132138,234.03,1,15,0.78,55.604,172.06
14:26:38.720,465.091281,43.4048123,6.0132173,233.962,1,15,0.78,55.06,169.43
14:26:38.830,465.201079,43.4047989,6.0132215,233.955,1,16,0.7,55.312,167.53
14:26:38.920,465.291137,43.4047855,6.0132262,233.947,1,16,0.7,55.786,164.36
14:26:39.022,465.393303,43.4047725,6.0132314,233.895,1,16,0.71,55.74,163.96
14:26:39.120,465.491192,43.4047591,6.0132368,233.872,1,15,0.8,55.808,162.91
14:26:39.229,465.600216,43.4047458,6.0132425,233.805,1,15,0.8,56.236,161.68
14:26:39.325,465.696264,43.4047325,6.0132487,233.772,1,15,0.8,56.464,160.43
14:26:39.420,465.791301,43.4047192,6.0132553,233.724,1,15,0.8,56.977,159.86
14:26:39.519,465.890401,43.4047059,6.0132618,233.705,1,15,0.8,56.821,159.86
14:26:39.628,465.999314,43.4046928,6.0132686,233.627,1,16,0.74,56.749,160.39
14:26:39.717,466.087726,43.4046797,6.013275,233.575,1,16,0.75,55.99,160.27
14:26:39.821,466.191492,43.4046667,6.0132806,233.54,1,15,0.79,54.999,161.7
14:26:39.919,466.290423,43.4046532,6.013285,233.514,1,16,0.71,54.801,164.9
14:26:40.029,466.39958,43.4046397,6.0132885,233.496,1,16,0.71,54.43,168.62
14:26:40.118,466.48861,43.4046264,6.0132909,233.46,1,16,0.71,53.538,172.74
14:26:40.220,466.590583,43.4046133,6.013292,233.418,1,16,0.71,52.608,175.87
14:26:40.320,466.690583,43.4046004,6.0132899,233.366,1,16,0.71,51.573,178.62
14:26:40.429,466.799662,43.4045877,6.0132875,233.348,1,16,0.71,50.569,182.74
14:26:40.529,466.899552,43.4045755,6.0132849,233.345,1,16,0.71,49.354,190.5
14:26:40.623,466.99368,43.4045636,6.0132812,233.327,1,15,0.77,48.632,193.96
14:26:40.722,467.0931,43.4045521,6.0132764,233.303,1,15,0.77,48.189,198.7
14:26:40.820,467.190854,43.404541,6.0132705,233.285,1,15,0.77,47.878,202.08
14:26:40.921,467.291936,43.4045303,6.0132635,233.258,1,15,0.77,47.483,207.29
14:26:41.022,467.393066,43.4045201,6.0132554,233.214,1,15,0.77,47.245,210.81
14:26:41.122,467.493009,43.4045104,6.0132463,233.176,1,15,0.8,47.202,215.92
14:26:41.230,467.600995,43.4045013,6.0132362,233.16,1,15,0.83,47.078,219.51
14:26:41.318,467.688949,43.4044928,6.0132254,233.146,1,15,0.83,46.809,224.85
14:26:41.422,467.79296,43.4044849,6.0132138,233.153,1,16,0.77,46.596,227.59
14:26:41.522,467.893041,43.4044777,6.0132015,233.158,1,16,0.74,46.3,232.94
14:26:41.619,467.990111,43.4044711,6.0131887,233.161,1,16,0.78,46.0,235.62
14:26:41.719,468.090468,43.4044653,6.0131755,233.135,1,16,0.78,45.343,239.95
14:26:41.822,468.193283,43.4044599,6.0131618,233.11,1,16,0.78,45.309,242.4
14:26:41.921,468.292282,43.4044551,6.0131478,233.083,1,16,0.78,45.15,246.15
14:26:42.019,468.3903,43.404451,6.0131335,233.07,1,16,0.77,44.944,249.33
14:26:42.119,468.490355,43.4044477,6.013119,233.055,1,16,0.77,44.548,253.92
14:26:42.226,468.597313,43.4044455,6.0131044,233.019,1,16,0.77,43.633,257.61
14:26:42.320,468.691461,43.4044439,6.01309,233.01,1,15,0.79,42.807,262.84
14:26:42.417,468.788437,43.4044435,6.0130758,232.962,1,15,0.74,41.624,266.77
14:26:42.520,468.891438,43.4044441,6.0130618,232.91,1,15,0.71,40.831,273.86
14:26:42.623,468.994429,43.4044454,6.013048,232.886,1,15,0.71,40.577,277.61
14:26:42.723,469.093756,43.4044476,6.0130345,232.895,1,15,0.71,40.698,284.46
14:26:42.819,469.189629,43.4044504,6.0130215,232.949,1,16,0.7,40.559,287.85
14:26:42.922,469.292627,43.4044541,6.013009,232.974,1,16,0.69,39.937,294.69
14:26:43.024,469.394567,43.4044585,6.0129973,233.014,1,16,0.69,39.262,298.66
14:26:43.125,469.495683,43.4044638,6.0129862,233.013,1,17,0.67,38.918,305.12
14:26:43.232,469.602702,43.4044697,6.0129759,233.047,1,17,0.67,38.838,308.81
14:26:43.324,469.694748,43.4044762,6.0129667,233.075,1,17,0.67,38.357,316.31
14:26:43.426,469.796703,43.4044833,6.0129583,233.11,1,17,0.67,38.159,320.33
14:26:43.524,469.89507,43.4044908,6.0129509,233.147,1,16,0.69,37.825,326.71
14:26:43.622,469.99248,43.4044987,6.0129444,233.188,1,17,0.67,37.66,330.46
14:26:43.723,470.094132,43.4045067,6.0129387,233.228,1,16,0.71,37.183,335.06
14:26:43.826,470.196921,43.404515,6.0129336,233.273,1,16,0.71,37.014,337.52
14:26:43.925,470.296023,43.4045234,6.0129291,233.324,1,16,0.71,36.797,340.29
14:26:44.023,470.393951,43.404532,6.0129249,233.358,1,16,0.71,36.655,341.53
14:26:44.123,470.494112,43.4045405,6.0129209,233.37,1,16,0.71,36.331,342.14
14:26:44.228,470.59907,43.4045491,6.0129166,233.369,1,18,0.6,36.079,341.02
14:26:44.326,470.69714,43.4045574,6.0129122,233.379,1,18,0.6,35.786,339.52
14:26:44.423,470.794423,43.4045659,6.0129074,233.348,1,17,0.7,35.947,336.69
14:26:44.523,470.894176,43.4045741,6.0129019,233.299,1,17,0.68,35.914,334.59
14:26:44.625,470.996233,43.4045815,6.0128954,233.372,1,16,0.69,35.832,330.27
14:26:44.727,471.097502,43.4045889,6.0128888,233.387,1,16,0.69,35.823,325.89
14:26:44.823,471.193776,43.404596,6.0128816,233.437,1,17,0.6,35.69,322.97
14:26:44.926,471.297288,43.4046027,6.0128738,233.464,1,17,0.6,35.29,318.6
14:26:45.028,471.399298,43.404609,6.0128654,233.481,1,17,0.6,35.236,314.88
14:26:45.127,471.498443,43.4046147,6.0128564,233.509,1,17,0.6,35.192,309.92
14:26:45.245,471.616464,43.4046198,6.0128468,233.551,1,17,0.6,35.007,306.58
14:26:45.325,471.696428,43.4046241,6.0128366,233.618,1,17,0.6,34.795,299.28
14:26:45.427,471.797529,43.4046276,6.0128262,233.644,1,17,0.6,34.069,295.46
14:26:45.544,471.914552,43.40463,6.0128155,233.698,1,17,0.6,33.325,287.01
14:26:45.625,471.99557,43.4046315,6.0128044,233.717,1,18,0.59,33.11,282.38
14:26:45.728,472.098884,43.4046322,6.0127933,233.728,1,18,0.59,32.91,272.99
14:26:45.827,472.19771,43.4046321,6.0127822,233.74,1,18,0.6,32.867,269.37
14:26:45.928,472.298652,43.4046314,6.012771,233.746,1,18,0.6,33.054,261.87
14:26:46.023,472.394137,43.4046299,6.01276,233.745,1,18,0.6,33.143,259.14
14:26:46.127,472.497799,43.4046278,6.012749,233.764,1,18,0.6,33.345,253.62
14:26:46.228,472.598885,43.4046253,6.0127382,233.764,1,18,0.6,33.434,251.23
14:26:46.328,472.698913,43.4046225,6.0127277,233.773,1,18,0.62,33.086,248.29
14:26:46.424,472.794643,43.4046193,6.0127175,233.782,1,18,0.63,32.677,245.88
14:26:46.526,472.896913,43.4046157,6.0127074,233.778,1,18,0.63,32.645,242.44
14:26:46.629,472.999959,43.4046117,6.0126978,233.769,1,17,0.64,32.577,239.6
14:26:46.729,473.100306,43.4046073,6.0126883,233.746,1,18,0.61,32.803,236.06
14:26:46.827,473.198148,43.4046025,6.0126792,233.729,1,18,0.61,33.01,233.14
14:26:46.927,473.298005,43.4045974,6.0126704,233.717,1,18,0.61,33.071,229.93
14:26:47.031,473.402079,43.404592,6.0126622,233.676,1,19,0.57,32.847,227.08
14:26:47.129,473.500186,43.4045861,6.0126544,233.649,1,19,0.59,33.054,222.91
14:26:47.237,473.608301,43.4045798,6.0126471,233.62,1,19,0.59,33.386,219.57
14:26:47.326,473.697234,43.404573,6.0126403,233.611,1,19,0.59,33.869,215.05
14:26:47.429,473.800192,43.404566,6.0126337,233.604,1,19,0.57,34.408,212.8
14:26:47.528,473.899356,43.4045587,6.0126273,233.609,1,19,0.59,34.984,211.36
14:26:47.626,473.997275,43.4045514,6.0126208,233.598,1,18,0.63,35.147,211.57
14:26:47.727,474.097688,43.4045441,6.0126144,233.588,1,18,0.63,35.271,211.33
14:26:47.830,474.200478,43.4045366,6.0126081,233.569,1,18,0.63,35.399,211.27
14:26:47.928,474.299373,43.404529,6.0126017,233.554,1,18,0.63,35.799,210.81
14:26:48.025,474.395611,43.4045213,6.0125955,233.54,1,18,0.61,36.158,210.5
14:26:48.127,474.497547,43.4045134,6.0125892,233.533,1,18,0.61,36.646,210.0
14:26:48.234,474.604628,43.4045055,6.0125829,233.523,1,18,0.63,36.836,209.97
14:26:48.328,474.698611,43.4044975,6.0125765,233.514,1,18,0.63,37.303,209.79
14:26:48.426,474.796565,43.4044894,6.0125701,233.506,1,18,0.63,37.449,210.01
14:26:48.526,474.896967,43.4044813,6.0125635,233.501,1,18,0.63,37.979,210.24
14:26:48.630,475.000707,43.4044731,6.0125569,233.487,1,19,0.62,38.257,210.27
14:26:48.728,475.098988,43.4044649,6.0125502,233.482,1,19,0.62,38.588,210.73
14:26:48.826,475.19684,43.4044566,6.0125433,233.473,1,19,0.59,38.996,211.17
14:26:48.929,475.299864,43.4044483,6.0125361,233.462,1,19,0.59,39.409,212.13
14:26:49.032,475.402816,43.4044401,6.0125285,233.445,1,19,0.59,39.874,213.64
14:26:49.132,475.503092,43.404432,6.0125206,233.424,1,19,0.59,40.157,215.34
14:26:49.233,475.603958,43.404424,6.0125123,233.395,1,19,0.59,40.388,217.07
14:26:49.324,475.694938,43.404416,6.0125037,233.37,1,19,0.59,40.84,218.7
14:26:49.433,475.804,43.4044083,6.0124948,233.338,1,19,0.59,40.866,220.26
14:26:49.531,475.902048,43.4044006,6.0124854,233.321,1,19,0.62,41.231,221.86
14:26:49.630,476.001039,43.404393,6.0124757,233.302,1,19,0.62,41.642,223.6
14:26:49.723,476.094375,43.4043856,6.0124656,233.292,1,19,0.62,41.983,225.43
14:26:49.831,476.202128,43.4043785,6.012455,233.286,1,18,0.63,42.327,227.45
14:26:49.931,476.302148,43.4043716,6.012444,233.282,1,18,0.63,42.477,229.94
14:26:50.027,476.397965,43.4043651,6.0124325,233.277,1,19,0.58,42.807,232.46
14:26:50.123,476.494199,43.4043589,6.0124205,233.277,1,19,0.58,42.916,235.3
14:26:50.233,476.604443,43.404353,6.0124081,233.298,1,19,0.55,43.152,237.64
14:26:50.332,476.702504,43.4043476,6.0123954,233.318,1,19,0.55,43.068,240.5
14:26:50.428,476.798835,43.4043424,6.0123824,233.339,1,19,0.55,43.402,242.61
14:26:50.524,476.894515,43.4043376,6.0123691,233.347,1,19,0.55,43.396,244.38
14:26:50.633,477.0035,43.404333,6.0123555,233.35,1,19,0.58,43.628,245.9
14:26:50.733,477.103756,43.4043287,6.0123418,233.352,1,19,0.58,43.781,247.07
14:26:50.830,477.200508,43.4043245,6.0123278,233.362,1,19,0.58,44.055,248.4
14:26:50.923,477.293486,43.4043207,6.0123137,233.358,1,19,0.59,44.042,250.19
14:26:51.035,477.40557,43.4043171,6.0122994,233.35,1,19,0.57,44.226,251.25
14:26:51.133,477.50365,43.4043136,6.0122849,233.348,1,19,0.57,44.598,252.49
14:26:51.243,477.613789,43.4043102,6.0122703,233.337,1,19,0.57,44.802,252.83
14:26:51.331,477.701821,43.404307,6.0122555,233.326,1,19,0.58,44.965,253.78
14:26:51.434,477.804887,43.404304,6.0122407,233.317,1,20,0.54,45.091,254.36
14:26:51.533,477.903857,43.404301,6.0122258,233.334,1,19,0.58,45.081,255.06
14:26:51.628,477.998592,43.4042981,6.0122107,233.347,1,19,0.59,45.487,255.43
14:26:51.731,478.102207,43.4042953,6.0121954,233.368,1,19,0.58,45.967,256.47
14:26:51.833,478.203929,43.4042927,6.01218,233.379,1,18,0.64,46.237,257.22
14:26:51.933,478.303971,43.4042902,6.0121645,233.38,1,18,0.64,46.469,257.85
14:26:52.029,478.399604,43.4042878,6.0121488,233.363,1,18,0.6,46.724,258.34
14:26:52.126,478.497059,43.4042854,6.0121331,233.363,1,18,0.6,46.896,258.61
14:26:52.224,478.595131,43.404283,6.0121173,233.371,1,18,0.6,47.191,258.62
14:26:52.333,478.704135,43.4042807,6.0121014,233.378,1,18,0.6,47.458,258.79
14:26:52.428,478.79947,43.4042784,6.0120854,233.377,1,18,0.6,47.596,258.89
14:26:52.524,478.895284,43.4042762,6.0120693,233.38,1,18,0.6,47.785,259.38
14:26:52.634,479.005259,43.404274,6.012053,233.389,1,18,0.59,48.159,259.67
14:26:52.734,479.10452,43.4042719,6.0120366,233.393,1,18,0.59,48.526,260.08
14:26:52.829,479.200044,43.40427,6.0120201,233.368,1,18,0.59,49.045,260.78
14:26:52.925,479.296408,43.4042682,6.0120034,233.357,1,18,0.59,49.322,261.42
14:26:53.036,479.406585,43.4042665,6.0119866,233.344,1,18,0.59,49.43,261.88
14:26:53.135,479.505696,43.4042648,6.0119698,233.331,1,18,0.59,49.545,262.25
14:26:53.236,479.606485,43.4042631,6.0119529,233.319,1,18,0.57,49.748,262.45
14:26:53.332,479.70258,43.4042616,6.011936,233.305,1,18,0.57,49.815,262.79
14:26:53.435,479.805557,43.4042601,6.011919,233.295,1,18,0.57,50.045,263.04
14:26:53.534,479.904753,43.4042586,6.0119018,233.297,1,17,0.6,50.523,263.28
14:26:53.630,480.000702,43.4042571,6.0118845,233.311,1,17,0.57,50.784,263.4
14:26:53.728,480.098921,43.4042557,6.0118671,233.321,1,18,0.56,51.152,263.8
14:26:53.835,480.205652,43.4042544,6.0118496,233.324,1,18,0.58,51.284,263.92
14:26:53.933,480.303696,43.4042531,6.0118321,233.327,1,18,0.58,51.504,264.35
14:26:54.032,480.402774,43.4042518,6.0118145,233.332,1,18,0.59,51.521,264.46
14:26:54.125,480.495778,43.4042507,6.0117968,233.335,1,18,0.59,51.834,264.89
14:26:54.240,480.611105,43.4042495,6.0117791,233.338,1,17,0.6,52.065,265.05
14:26:54.333,480.703995,43.4042484,6.0117612,233.34,1,17,0.6,52.262,265.22
14:26:54.430,480.801179,43.4042473,6.0117433,233.347,1,17,0.6,52.4,265.24
14:26:54.524,480.894993,43.4042463,6.0117254,233.346,1,17,0.6,52.647,265.37
14:26:54.634,481.005075,43.4042452,6.0117073,233.347,1,17,0.6,52.873,265.3
14:26:54.732,481.103267,43.4042441,6.0116892,233.346,1,17,0.6,53.162,265.13
14:26:54.831,481.202153,43.4042429,6.011671,233.35,1,17,0.6,53.434,264.76
14:26:54.925,481.296053,43.4042416,6.0116527,233.357,1,17,0.6,53.741,264.5
14:26:55.034,481.404726,43.4042403,6.0116343,233.362,1,18,0.6,53.845,264.34
14:26:55.132,481.503206,43.404239,6.0116159,233.36,1,18,0.6,54.145,264.4
14:26:55.230,481.600888,43.4042376,6.0115974,233.355,1,18,0.6,54.204,264.18
14:26:55.323,481.69428,43.4042362,6.0115789,233.345,1,18,0.6,54.432,264.01
14:26:55.439,481.809619,43.4042348,6.0115602,233.337,1,19,0.57,54.673,263.66
14:26:55.530,481.901267,43.4042332,6.0115415,233.322,1,19,0.57,54.99,263.31
14:26:55.629,481.999642,43.4042316,6.0115228,233.303,1,19,0.57,55.167,262.93
14:26:55.722,482.092508,43.4042299,6.0115039,233.279,1,19,0.57,55.584,262.84
14:26:55.831,482.201612,43.4042282,6.0114849,233.252,1,19,0.56,55.971,262.71
14:26:55.929,482.300201,43.4042265,6.0114658,233.234,1,19,0.56,56.212,262.91
14:26:56.026,482.396526,43.4042247,6.0114467,233.223,1,19,0.6,56.395,262.63
14:26:56.118,482.489075,43.404223,6.0114274,233.207,1,19,0.61,56.647,262.77
14:26:56.227,482.59768,43.4042212,6.0114081,233.19,1,19,0.61,56.771,262.63
14:26:56.325,482.69633,43.4042194,6.0113887,233.168,1,19,0.61,57.129,262.7
14:26:56.424,482.79481,43.4042175,6.0113693,233.149,1,18,0.67,57.314,262.5
14:26:56.515,482.88616,43.4042157,6.0113497,233.132,1,17,0.68,57.593,262.62
14:26:56.624,482.994597,43.4042138,6.0113301,233.121,1,17,0.68,57.827,262.55
14:26:56.713,483.083503,43.404212,6.0113103,233.109,1,17,0.68,58.103,262.72
14:26:56.821,483.191709,43.4042102,6.0112906,233.094,1,17,0.68,58.107,262.92
14:26:56.913,483.28426,43.4042084,6.0112707,233.079,1,17,0.67,58.54,263.06
14:26:57.024,483.394631,43.4042067,6.0112507,233.063,1,17,0.67,58.808,263.32
14:26:57.111,483.482161,43.404205,6.0112307,233.048,1,17,0.67,58.912,263.48
14:26:57.220,483.590672,43.4042033,6.0112106,233.04,1,17,0.67,59.125,263.58
14:26:57.314,483.685367,43.4042016,6.0111904,233.028,1,18,0.66,59.338,263.41
14:26:57.425,483.795773,43.4041998,6.0111701,233.018,1,19,0.59,59.512,263.07
14:26:57.510,483.881421,43.404198,6.0111498,233.007,1,19,0.59,59.831,263.1
14:26:57.619,483.98988,43.4041961,6.0111294,233.0,1,19,0.59,59.994,262.87
14:26:57.715,484.085821,43.4041943,6.011109,232.999,1,19,0.59,60.051,262.83
14:26:57.823,484.194036,43.4041923,6.0110885,232.996,1,19,0.59,60.183,262.58
14:26:57.920,484.291444,43.4041903,6.0110681,232.99,1,18,0.6,60.214,262.29
14:26:58.019,484.389983,43.4041883,6.0110475,232.984,1,18,0.6,60.422,262.18
14:26:58.113,484.483612,43.4041863,6.0110269,232.975,1,18,0.6,60.618,262.25
14:26:58.218,484.589099,43.4041843,6.0110063,232.973,1,18,0.61,60.664,262.33
14:26:58.317,484.687846,43.4041821,6.0109856,232.97,1,18,0.61,60.938,262.16
14:26:58.413,484.784292,43.4041799,6.0109648,232.971,1,17,0.66,61.24,261.86
14:26:58.506,484.877081,43.4041778,6.010944,232.963,1,16,0.74,61.442,262.0
14:26:58.615,484.986372,43.4041757,6.0109231,232.97,1,16,0.74,61.644,262.27
14:26:58.705,485.07642,43.4041737,6.0109022,232.972,1,17,0.73,61.675,262.35
14:26:58.812,485.182594,43.4041717,6.0108812,232.971,1,17,0.73,61.614,262.63
14:26:58.905,485.276124,43.4041698,6.0108603,232.969,1,17,0.74,61.703,262.84
14:26:59.013,485.383632,43.4041677,6.0108393,232.964,1,17,0.73,61.799,262.64
14:26:59.112,485.48331,43.4041657,6.0108181,232.96,1,17,0.73,62.111,262.63
14:26:59.211,485.581781,43.4041637,6.010797,232.949,1,17,0.73,62.203,262.52
14:26:59.304,485.674575,43.4041616,6.0107758,232.949,1,17,0.73,62.333,262.4
14:26:59.412,485.783041,43.4041596,6.0107546,232.947,1,17,0.73,62.268,262.35
14:26:59.501,485.87166,43.4041574,6.0107334,232.952,1,17,0.73,62.39,262.12
14:26:59.609,485.980192,43.4041552,6.0107122,232.958,1,17,0.73,62.405,262.06
14:26:59.705,486.076409,43.4041531,6.010691,232.962,1,17,0.72,62.457,262.12
14:26:59.812,486.182497,43.404151,6.0106697,232.966,1,17,0.72,62.503,262.1
14:26:59.899,486.269999,43.4041488,6.0106484,232.974,1,17,0.73,62.711,262.12
14:27:00.007,486.377607,43.4041466,6.010627,232.982,1,17,0.74,62.953,261.95
14:27:00.101,486.472136,43.4041444,6.0106057,232.986,1,17,0.74,62.966,261.87
14:27:00.209,486.579869,43.4041422,6.0105844,232.99,1,17,0.74,62.857,261.89
14:27:00.296,486.666578,43.40414,6.0105629,232.988,1,17,0.81,63.016,262.0
14:27:00.406,486.777017,43.4041378,6.0105416,232.981,1,17,0.81,62.946,261.98
14:27:00.498,486.868739,43.4041357,6.0105201,232.975,1,16,0.82,63.079,262.37
14:27:00.597,486.968254,43.4041336,6.0104987,232.976,1,16,0.82,63.094,262.24
14:27:00.695,487.065945,43.4041314,6.0104771,232.993,1,16,0.81,63.512,262.5
14:27:00.804,487.174578,43.4041293,6.0104555,232.999,1,16,0.81,63.527,262.27
14:27:00.897,487.268095,43.4041274,6.0104339,232.995,1,16,0.81,63.45,262.99
14:27:01.006,487.376765,43.4041256,6.0104123,233.0,1,16,0.81,63.498,263.59
14:27:01.094,487.465399,43.4041239,6.0103906,233.018,1,16,0.81,63.611,264.05
14:27:01.203,487.573935,43.4041223,6.0103688,233.033,1,16,0.81,63.646,264.39
14:27:01.297,487.667712,43.4041208,6.010347,233.053,1,17,0.8,63.766,264.89
14:27:01.405,487.776252,43.4041195,6.0103252,233.074,1,17,0.8,63.772,265.36
14:27:01.493,487.863986,43.4041183,6.0103034,233.096,1,17,0.8,63.714,266.08
14:27:01.604,487.974486,43.4041175,6.0102816,233.116,1,17,0.79,63.596,266.96
14:27:01.695,488.066222,43.4041171,6.0102597,233.134,1,17,0.73,63.79,268.74
14:27:01.794,488.165028,43.4041171,6.0102377,233.173,1,17,0.73,64.061,270.57
14:27:01.893,488.263515,43.4041177,6.0102158,233.209,1,17,0.73,64.187,272.5
14:27:02.001,488.372109,43.4041187,6.0101939,233.245,1,17,0.73,63.942,274.25
14:27:02.094,488.464766,43.4041201,6.0101721,233.277,1,17,0.73,63.814,276.2
14:27:02.210,488.581305,43.4041221,6.0101504,233.33,1,17,0.73,63.7,278.01
14:27:02.291,488.662227,43.4041246,6.0101288,233.38,1,17,0.73,63.857,279.85
14:27:02.400,488.770993,43.4041276,6.0101073,233.431,1,17,0.73,63.738,281.49
14:27:02.495,488.865479,43.4041311,6.0100859,233.478,1,17,0.73,63.777,283.7
14:27:02.603,488.973979,43.4041351,6.0100649,233.517,1,17,0.73,63.716,285.59
14:27:02.691,489.061743,43.4041398,6.010044,233.551,1,17,0.73,63.679,287.64
14:27:02.801,489.171566,43.404145,6.0100234,233.584,1,17,0.73,63.611,289.82
14:27:02.893,489.264089,43.4041508,6.0100032,233.615,1,17,0.73,63.596,291.87
14:27:02.991,489.361741,43.4041571,6.0099832,233.644,1,17,0.73,63.464,294.17
14:27:03.089,489.460298,43.4041641,6.0099637,233.671,1,17,0.73,63.464,296.72
14:27:03.198,489.56897,43.4041715,6.0099446,233.701,1,17,0.73,63.45,298.96
14:27:03.291,489.66172,43.4041796,6.0099259,233.744,1,17,0.73,63.49,301.34
14:27:03.390,489.760479,43.4041883,6.0099077,233.771,1,17,0.73,63.6,303.85
14:27:03.487,489.858173,43.4041977,6.0098902,233.77,1,17,0.73,63.648,306.53
14:27:03.598,489.968758,43.4042078,6.0098735,233.75,1,17,0.65,63.544,309.81
14:27:03.693,490.06437,43.4042186,6.0098576,233.757,1,17,0.65,63.507,313.37
14:27:03.791,490.162293,43.40423,6.0098426,233.788,1,16,0.66,63.333,317.22
14:27:03.889,490.259775,43.4042418,6.0098284,233.837,1,16,0.66,63.255,320.44
14:27:03.996,490.367388,43.4042542,6.0098149,233.897,1,16,0.66,63.442,323.35
14:27:04.090,490.461075,43.4042669,6.0098025,233.963,1,16,0.66,63.074,325.68
14:27:04.189,490.559854,43.4042801,6.0097911,233.989,1,16,0.66,62.574,328.66
14:27:04.288,490.658465,43.4042936,6.0097808,234.006,1,16,0.66,62.035,332.23
14:27:04.394,490.765416,43.4043075,6.0097717,234.032,1,16,0.66,61.714,335.44
14:27:04.489,490.860179,43.4043218,6.0097639,234.04,1,16,0.66,61.335,339.2
14:27:04.594,490.964565,43.4043361,6.0097577,234.06,1,19,0.54,60.59,343.48
14:27:04.692,491.063277,43.4043504,6.0097529,234.105,1,19,0.54,59.47,348.13
14:27:04.797,491.16828,43.4043648,6.0097496,234.181,1,18,0.57,58.727,352.75
14:27:04.891,491.261706,43.4043791,6.0097481,234.249,1,18,0.57,57.76,357.62
14:27:04.987,491.35844,43.4043931,6.009748,234.342,1,17,0.59,56.686,1.72
14:27:05.085,491.456068,43.4044068,6.0097493,234.421,1,16,0.63,55.603,6.06
14:27:05.185,491.555774,43.4044203,6.0097521,234.5,1,16,0.63,54.856,10.92
14:27:05.287,491.657548,43.4044332,6.0097563,234.591,1,16,0.63,53.693,15.18
14:27:05.401,491.772367,43.4044457,6.0097618,234.672,1,16,0.63,53.039,17.9
14:27:05.483,491.854001,43.4044577,6.0097687,234.745,1,16,0.67,52.493,24.24
14:27:05.583,491.953691,43.404469,6.0097768,234.808,1,16,0.67,51.625,26.74
14:27:05.685,492.056371,43.4044798,6.009786,234.896,1,16,0.67,51.199,33.31
14:27:05.783,492.154295,43.4044899,6.0097961,234.983,1,17,0.65,50.611,36.17
14:27:05.883,492.253788,43.4044992,6.0098072,235.079,1,18,0.62,49.919,41.32
14:27:05.982,492.352517,43.4045078,6.009819,235.168,1,18,0.62,49.048,42.92
14:27:06.085,492.456222,43.4045157,6.0098314,235.267,1,18,0.62,48.304,49.91
14:27:06.195,492.565944,43.4045232,6.0098442,235.368,1,19,0.58,47.978,51.07
14:27:06.283,492.653754,43.4045307,6.0098574,235.473,1,19,0.58,48.446,54.52
14:27:06.383,492.753668,43.4045374,6.0098711,235.554,1,19,0.58,48.183,56.74
14:27:06.484,492.855368,43.4045434,6.0098854,235.631,1,19,0.58,48.141,60.32
14:27:06.584,492.954901,43.4045486,6.0099,235.715,1,18,0.59,47.665,62.5
14:27:06.681,493.051685,43.4045532,6.009915,235.761,1,18,0.59,47.443,66.92
14:27:06.782,493.152636,43.4045573,6.0099302,235.82,1,18,0.59,47.256,69.37
14:27:06.883,493.254116,43.4045608,6.0099456,235.911,1,18,0.59,47.061,73.83
14:27:06.983,493.35383,43.4045637,6.0099611,236.005,1,18,0.59,46.817,74.87
14:27:07.081,493.452198,43.4045661,6.0099767,236.104,1,19,0.55,46.88,78.66
14:27:07.192,493.563335,43.4045682,6.0099925,236.187,1,18,0.58,46.861,80.23
14:27:07.281,493.652068,43.4045699,6.0100083,236.275,1,17,0.63,46.733,82.23
14:27:07.380,493.750943,43.4045713,6.0100242,236.352,1,16,0.64,46.656,83.22
14:27:07.479,493.849666,43.4045726,6.01004,236.426,1,15,0.65,46.328,83.87
14:27:07.580,493.95139,43.4045741,6.0100559,236.529,1,16,0.61,46.52,83.1
14:27:07.682,494.053085,43.4045755,6.0100717,236.61,1,16,0.6,46.665,82.12
14:27:07.782,494.153083,43.4045774,6.0100876,236.667,1,16,0.6,46.806,79.21
14:27:07.879,494.249514,43.4045798,6.0101032,236.707,1,16,0.6,46.685,81.29
14:27:07.986,494.357332,43.404583,6.0101186,236.741,1,16,0.6,46.732,77.96
14:27:08.083,494.454013,43.4045859,6.0101342,236.786,1,16,0.6,46.835,74.97
14:27:08.181,494.55175,43.404589,6.0101498,236.81,1,16,0.64,46.978,74.28
14:27:08.279,494.649541,43.4045922,6.0101654,236.826,1,16,0.64,47.141,73.98
14:27:08.377,494.748298,43.4045955,6.010181,236.861,1,15,0.75,47.441,73.72
14:27:08.480,494.851164,43.4045989,6.0101967,236.891,1,15,0.75,47.765,73.1
14:27:08.580,494.951051,43.4046024,6.0102125,236.892,1,16,0.74,48.028,73.24
14:27:08.677,495.047771,43.4046059,6.0102284,236.918,1,16,0.74,48.45,73.13
14:27:08.779,495.149726,43.4046094,6.0102442,236.903,1,18,0.6,48.471,73.34
14:27:08.880,495.251153,43.404613,6.01026,236.9,1,18,0.6,48.317,72.7
14:27:08.979,495.349949,43.4046167,6.0102759,236.893,1,17,0.63,48.761,72.54
14:27:09.078,495.448702,43.4046205,6.0102918,236.901,1,18,0.61,48.83,72.05
14:27:09.186,495.557364,43.4046244,6.0103079,236.92,1,18,0.61,49.241,71.5
14:27:09.278,495.649176,43.4046283,6.0103239,236.947,1,18,0.61,49.402,71.72
14:27:09.378,495.748977,43.4046324,6.01034,236.909,1,18,0.61,49.667,71.2
14:27:09.477,495.848082,43.4046364,6.0103561,236.911,1,18,0.61,49.839,71.24
14:27:09.577,495.947701,43.4046404,6.0103724,236.915,1,17,0.61,50.098,71.24
14:27:09.678,496.049292,43.4046445,6.0103887,236.924,1,17,0.61,50.487,71.16
14:27:09.778,496.149376,43.4046486,6.0104052,236.927,1,17,0.61,50.858,71.17
14:27:09.876,496.246926,43.4046528,6.0104217,236.94,1,17,0.61,50.989,71.05
14:27:09.975,496.345703,43.4046571,6.0104382,236.927,1,16,0.63,51.191,70.57
14:27:10.079,496.450381,43.4046613,6.0104549,236.944,1,16,0.63,51.524,71.12
14:27:10.176,496.547157,43.4046654,6.0104718,236.968,1,15,0.66,51.987,71.61
14:27:10.274,496.644945,43.4046694,6.0104888,237.004,1,15,0.66,52.28,71.89
14:27:10.373,496.743906,43.4046734,6.0105059,237.045,1,15,0.66,52.425,72.23
14:27:10.479,496.849643,43.4046775,6.010523,237.071,1,17,0.61,52.541,72.31
14:27:10.579,496.950376,43.4046816,6.0105401,237.073,1,17,0.6,52.799,72.04
14:27:10.676,497.047171,43.4046856,6.0105574,237.082,1,17,0.6,52.895,72.17
14:27:10.776,497.147199,43.4046897,6.0105747,237.089,1,17,0.6,53.16,72.32
14:27:10.880,497.250656,43.4046937,6.010592,237.1,1,17,0.6,53.297,72.39
14:27:10.978,497.348476,43.4046978,6.0106095,237.099,1,17,0.61,53.464,72.65
14:27:11.074,497.444592,43.4047018,6.010627,237.101,1,17,0.61,53.68,72.66
14:27:11.182,497.553157,43.4047058,6.0106446,237.106,1,17,0.61,53.964,72.64
14:27:11.278,497.648848,43.4047099,6.0106623,237.104,1,17,0.61,54.234,72.86
14:27:11.376,497.746668,43.4047139,6.0106802,237.109,1,16,0.62,54.573,72.85
14:27:11.474,497.844643,43.4047179,6.0106981,237.11,1,16,0.62,54.764,73.11
14:27:11.574,497.945417,43.4047219,6.0107161,237.115,1,16,0.62,54.923,73.21
14:27:11.677,498.048104,43.4047259,6.0107341,237.125,1,16,0.62,55.138,73.24
14:27:11.773,498.144283,43.4047298,6.0107523,237.129,1,15,0.65,55.432,73.64
14:27:11.873,498.243646,43.4047337,6.0107706,237.146,1,15,0.65,55.629,73.6
14:27:11.972,498.342537,43.4047375,6.010789,237.152,1,15,0.65,55.867,74.17
14:27:12.072,498.443347,43.4047413,6.0108074,237.164,1,15,0.65,56.064,74.37
14:27:12.183,498.554124,43.404745,6.0108261,237.167,1,15,0.65,56.453,74.86
14:27:12.270,498.640971,43.4047487,6.0108447,237.173,1,15,0.66,56.423,74.99
14:27:12.373,498.743703,43.4047523,6.010863,237.177,1,16,0.63,55.688,75.42
14:27:12.476,498.846675,43.4047556,6.0108811,237.175,1,16,0.63,54.554,75.83
14:27:12.574,498.945392,43.4047589,6.0108989,237.174,1,16,0.63,53.441,76.09
14:27:12.672,499.04312,43.4047622,6.0109165,237.164,1,16,0.63,52.586,76.21
14:27:12.772,499.143238,43.4047653,6.0109339,237.154,1,16,0.63,52.019,76.52
14:27:12.875,499.245722,43.4047682,6.0109512,237.149,1,15,0.77,51.515,76.97
14:27:12.974,499.344629,43.4047711,6.0109683,237.142,1,16,0.74,50.913,77.53
14:27:13.072,499.44246,43.4047738,6.0109852,237.136,1,16,0.74,50.282,77.85
14:27:13.180,499.551236,43.4047764,6.011002,237.13,1,16,0.74,49.669,78.22
14:27:13.272,499.643056,43.4047789,6.0110185,237.123,1,14,0.83,49.113,78.48
14:27:13.370,499.740903,43.4047813,6.0110349,237.125,1,14,0.83,48.563,78.75
14:27:13.470,499.840783,43.4047835,6.0110512,237.12,1,14,0.83,47.985,79.65
14:27:13.569,499.939774,43.4047853,6.0110674,237.127,1,13,0.9,47.569,80.91
14:27:13.670,500.041378,43.4047868,6.0110835,237.126,1,13,0.9,47.074,83.02
14:27:13.771,500.141512,43.4047877,6.0110995,237.122,1,13,0.9,46.428,85.75
14:27:13.868,500.238913,43.4047881,6.0111151,237.112,1,13,0.9,45.648,88.56
14:27:13.968,500.338841,43.4047878,6.0111307,237.114,1,13,0.9,45.052,91.88
14:27:14.072,500.44259,43.4047868,6.0111458,237.104,1,14,0.89,44.248,95.86
14:27:14.178,500.549394,43.4047852,6.0111605,237.105,1,14,0.89,43.428,99.43
14:27:14.268,500.639299,43.4047828,6.0111748,237.11,1,14,0.89,42.726,103.31
14:27:14.368,500.739206,43.40478,6.0111887,237.118,1,15,0.82,41.89,106.24
14:27:14.471,500.842262,43.4047765,6.011202,237.115,1,15,0.82,41.257,111.53
14:27:14.571,500.942071,43.4047722,6.0112146,237.135,1,15,0.82,40.337,115.27
14:27:14.669,501.039768,43.4047672,6.0112263,237.125,1,15,0.82,39.716,121.41
14:27:14.769,501.139694,43.4047616,6.0112372,237.121,1,15,0.82,39.207,124.39
14:27:14.861,501.232388,43.4047554,6.0112472,237.105,1,15,0.82,38.714,132.65
14:27:14.970,501.341074,43.4047488,6.0112562,237.066,1,16,0.72,38.073,136.24
14:27:15.067,501.438377,43.4047417,6.011264,237.001,1,16,0.72,37.51,143.54
14:27:15.197,501.567702,43.4047342,6.0112708,236.947,1,16,0.72,37.016,147.27
14:27:15.262,501.632648,43.4047263,6.0112765,236.891,1,16,0.72,36.566,153.92
14:27:15.380,501.751372,43.4047181,6.0112814,236.866,1,16,0.72,36.373,157.57
14:27:15.478,501.849307,43.4047096,6.0112851,236.851,1,16,0.72,36.099,164.01
14:27:15.567,501.938181,43.4047008,6.0112879,236.839,1,16,0.72,36.497,167.7
14:27:15.670,502.041027,43.4046918,6.0112892,236.816,1,16,0.72,36.694,175.25
14:27:15.769,502.140127,43.4046829,6.0112893,236.78,1,16,0.72,36.67,179.25
14:27:15.869,502.239578,43.4046741,6.0112884,236.747,1,16,0.72,36.249,186.14
14:27:15.967,502.337453,43.4046654,6.0112862,236.701,1,15,0.82,36.297,190.17
14:27:16.070,502.44128,43.4046569,6.0112828,236.644,1,15,0.82,36.157,196.69
14:27:16.167,502.538197,43.4046487,6.0112784,236.577,1,15,0.82,36.105,200.7
14:27:16.266,502.637039,43.4046407,6.011273,236.517,1,15,0.82,36.149,207.52
14:27:16.367,502.737817,43.4046331,6.0112668,236.452,1,15,0.81,36.225,211.12
14:27:16.469,502.83969,43.4046258,6.0112598,236.39,1,15,0.81,36.416,215.81
14:27:16.570,502.940645,43.4046186,6.0112525,236.353,1,15,0.81,36.088,218.1
14:27:16.666,503.036545,43.4046117,6.0112445,236.33,1,15,0.81,36.177,221.64
14:27:16.769,503.139523,43.404605,6.011236,236.333,1,16,0.71,36.781,224.25
14:27:16.869,503.240099,43.4045985,6.0112269,236.334,1,16,0.74,37.394,227.72
14:27:16.968,503.338934,43.4045924,6.0112172,236.318,1,15,0.86,37.61,230.22
14:27:17.066,503.436771,43.4045867,6.0112071,236.305,1,15,0.86,37.879,233.43
14:27:17.164,503.534697,43.4045812,6.0111964,236.285,1,14,0.96,38.309,236.12
14:27:17.257,503.627481,43.4045763,6.0111854,236.265,1,14,0.96,38.186,239.13
14:27:17.365,503.736359,43.4045716,6.0111741,236.241,1,14,0.96,38.216,241.47
14:27:17.463,503.834182,43.4045673,6.0111624,236.208,1,14,0.96,38.292,244.11
14:27:17.559,503.930228,43.4045633,6.0111504,236.17,1,16,0.78,38.516,246.04
14:27:17.667,504.038205,43.4045596,6.0111382,236.135,1,17,0.76,38.84,248.37
14:27:17.767,504.138072,43.4045562,6.0111256,236.1,1,17,0.72,39.155,250.2
14:27:17.865,504.235679,43.4045531,6.0111128,236.069,1,17,0.72,39.603,252.14
14:27:17.965,504.33548,43.4045502,6.0110997,236.043,1,17,0.72,40.018,253.96
14:27:18.057,504.428336,43.4045477,6.0110865,236.017,1,17,0.72,40.2,255.96
14:27:18.166,504.537177,43.4045455,6.0110731,235.982,1,17,0.72,40.412,257.71
14:27:18.263,504.634049,43.4045435,6.0110594,235.947,1,17,0.73,40.735,259.88
14:27:18.356,504.727101,43.404542,6.0110456,235.923,1,17,0.73,40.933,261.76
14:27:18.456,504.826844,43.4045408,6.0110315,235.884,1,17,0.73,41.337,264.1
14:27:18.570,504.940983,43.4045398,6.0110175,235.893,1,20,0.56,41.542,265.6
14:27:18.668,505.038559,43.4045391,6.0110033,235.907,1,20,0.56,41.846,267.52
14:27:18.768,505.138704,43.4045386,6.0109891,235.924,1,20,0.56,41.9,268.52
14:27:18.859,505.230223,43.4045385,6.0109745,235.901,1,20,0.57,42.594,270.02
14:27:18.967,505.338112,43.4045386,6.01096,235.881,1,19,0.58,42.677,271.1
14:27:19.064,505.43502,43.4045389,6.0109452,235.86,1,19,0.56,43.07,272.33
14:27:19.173,505.543471,43.4045393,6.0109305,235.829,1,19,0.56,43.059,272.65
14:27:19.257,505.627717,43.4045398,6.0109157,235.806,1,19,0.58,43.272,272.89
14:27:19.367,505.737566,43.4045402,6.0109009,235.761,1,19,0.58,43.342,272.45
14:27:19.465,505.83546,43.4045405,6.0108859,235.702,1,19,0.58,43.603,271.4
14:27:19.567,505.937539,43.4045407,6.010871,235.644,1,19,0.58,43.611,270.43
14:27:19.657,506.028295,43.4045408,6.0108559,235.569,1,18,0.6,43.989,269.59
14:27:19.768,506.139299,43.4045406,6.0108407,235.485,1,19,0.58,44.104,268.24
14:27:19.866,506.236939,43.40454,6.0108254,235.445,1,19,0.58,44.787,266.66
14:27:19.960,506.3308,43.4045392,6.0108101,235.414,1,19,0.58,45.211,265.45
14:27:20.060,506.430671,43.4045383,6.0107945,235.391,1,19,0.56,45.75,264.7
14:27:20.169,506.539539,43.404537,6.010779,235.368,1,19,0.56,45.933,263.6
14:27:20.268,506.639436,43.4045356,6.0107635,235.356,1,19,0.56,45.848,262.44
14:27:20.359,506.730304,43.4045338,6.0107482,235.337,1,18,0.61,45.105,260.87
14:27:20.457,506.827526,43.4045319,6.0107333,235.316,1,18,0.61,44.315,259.46
14:27:20.566,506.937288,43.4045297,6.0107187,235.295,1,18,0.6,43.111,257.94
14:27:20.655,507.026003,43.4045273,6.0107044,235.262,1,18,0.6,42.429,256.3
14:27:20.757,507.128169,43.4045245,6.0106905,235.24,1,18,0.6,41.818,254.1
14:27:20.856,507.226795,43.4045213,6.0106769,235.223,1,18,0.6,41.248,251.69
14:27:20.965,507.335569,43.4045177,6.010664,235.199,1,18,0.6,40.242,248.54
14:27:21.054,507.424453,43.4045136,6.0106516,235.184,1,18,0.6,39.468,244.71
14:27:21.161,507.532393,43.404509,6.0106399,235.151,1,17,0.61,38.559,240.65
14:27:21.256,507.627239,43.4045038,6.010629,235.106,1,18,0.6,37.957,236.16
14:27:21.353,507.72386,43.4044982,6.0106186,235.072,1,18,0.6,37.733,232.39
14:27:21.463,507.834079,43.4044921,6.010609,235.032,1,18,0.6,37.079,227.61
14:27:21.555,507.926049,43.4044856,6.0106003,234.991,1,18,0.6,36.368,223.64
14:27:21.655,508.025878,43.4044788,6.0105924,234.942,1,18,0.6,36.047,218.17
14:27:21.765,508.135996,43.4044716,6.0105854,234.881,1,18,0.59,35.538,214.12
14:27:21.855,508.225566,43.404464,6.0105793,234.817,1,18,0.6,35.499,208.38
14:27:21.958,508.328744,43.4044559,6.0105739,234.785,1,19,0.59,35.929,204.76
14:27:22.057,508.428387,43.4044478,6.0105693,234.737,1,19,0.59,35.74,200.06
14:27:22.167,508.538158,43.4044394,6.0105657,234.71,1,19,0.59,35.36,196.05
14:27:22.256,508.627078,43.404431,6.0105629,234.676,1,19,0.59,35.086,191.68
14:27:22.357,508.728112,43.4044224,6.0105613,234.648,1,19,0.59,34.723,187.89
14:27:22.457,508.827943,43.4044139,6.0105609,234.638,1,19,0.59,34.456,180.67
14:27:22.565,508.935922,43.4044053,6.0105617,234.596,1,19,0.59,34.753,176.27
14:27:22.661,509.032152,43.4043967,6.0105635,234.562,1,19,0.59,35.147,169.3
14:27:22.763,509.133852,43.4043884,6.0105663,234.522,1,19,0.59,35.095,165.57
14:27:22.857,509.227465,43.4043802,6.01057,234.485,1,19,0.59,35.194,159.19
14:27:22.963,509.33431,43.4043722,6.0105747,234.453,1,19,0.59,35.205,155.54
14:27:23.052,509.423187,43.4043646,6.0105804,234.423,1,19,0.6,35.166,149.66
14:27:23.154,509.525068,43.4043574,6.010587,234.393,1,19,0.61,35.227,145.74
14:27:23.254,509.625063,43.4043506,6.0105944,234.353,1,19,0.61,35.305,139.62
14:27:23.363,509.733865,43.4043444,6.0106025,234.297,1,19,0.61,35.119,135.99
14:27:23.451,509.821769,43.4043389,6.0106113,234.242,1,19,0.61,34.653,129.78
14:27:23.555,509.925973,43.404334,6.0106208,234.225,1,19,0.56,34.482,126.07
14:27:23.655,510.025781,43.4043295,6.0106311,234.226,1,19,0.59,35.086,119.11
14:27:23.751,510.121861,43.4043256,6.0106417,234.198,1,19,0.56,35.09,115.74
14:27:23.853,510.224383,43.4043222,6.0106529,234.186,1,19,0.56,35.762,110.99
14:27:23.954,510.325345,43.4043192,6.0106645,234.142,1,19,0.56,36.144,108.59
14:27:24.054,510.425146,43.4043167,6.010676,234.108,1,18,0.59,35.742,105.02
14:27:24.163,510.534059,43.4043146,6.0106879,234.075,1,18,0.59,35.771,103.08
14:27:24.253,510.624142,43.4043127,6.0106998,234.053,1,19,0.57,35.842,100.96
14:27:24.355,510.725939,43.404311,6.010712,234.05,1,18,0.59,35.966,99.85
14:27:24.456,510.826754,43.4043097,6.0107242,234.048,1,19,0.56,36.151,97.61
14:27:24.563,510.933732,43.4043087,6.0107367,234.045,1,18,0.58,36.47,95.63
14:27:24.652,511.022721,43.404308,6.0107493,234.042,1,18,0.58,36.914,93.13
14:27:24.756,511.126758,43.4043078,6.010762,234.055,1,18,0.59,37.286,90.55
14:27:24.855,511.226388,43.4043081,6.0107749,234.058,1,19,0.56,37.805,87.4
14:27:24.950,511.321095,43.4043088,6.0107879,234.05,1,18,0.58,38.273,85.07
14:27:25.052,511.42316,43.4043098,6.0108011,234.034,1,18,0.58,38.746,83.49
14:27:25.182,511.553102,43.4043108,6.0108143,234.016,1,18,0.58,39.177,83.17
14:27:25.255,511.625953,43.404312,6.0108277,234.0,1,18,0.59,39.472,82.53
14:27:25.363,511.733864,43.4043132,6.0108412,233.981,1,17,0.61,39.829,82.63
14:27:25.472,511.842779,43.4043143,6.0108549,233.968,1,17,0.6,40.274,82.83
14:27:25.555,511.925701,43.4043155,6.0108686,233.954,1,17,0.6,40.527,83.35
14:27:25.654,512.024689,43.4043166,6.0108825,233.946,1,18,0.57,40.74,83.51
14:27:25.751,512.121632,43.4043178,6.0108964,233.943,1,17,0.59,40.937,83.73
14:27:25.853,512.223536,43.4043189,6.0109105,233.954,1,17,0.59,41.281,83.7
14:27:25.953,512.324341,43.4043202,6.0109246,233.954,1,17,0.59,41.609,83.35
14:27:26.053,512.424276,43.4043214,6.0109389,233.962,1,17,0.6,42.046,83.3
14:27:26.162,512.533129,43.4043226,6.0109534,233.967,1,17,0.6,42.431,83.09
14:27:26.251,512.622,43.4043239,6.0109678,233.957,1,17,0.6,42.618,83.31
14:27:26.353,512.724085,43.4043251,6.0109825,233.951,1,17,0.6,43.042,83.71
14:27:26.453,512.824128,43.4043263,6.0109972,233.945,1,17,0.6,43.366,83.88
14:27:26.562,512.932861,43.4043275,6.0110121,233.942,1,17,0.6,43.733,83.96
14:27:26.652,513.022848,43.4043286,6.0110271,233.936,1,17,0.6,44.055,84.06
14:27:26.754,513.124886,43.4043298,6.0110421,233.93,1,17,0.6,44.381,84.18
14:27:26.854,513.224503,43.404331,6.0110573,233.917,1,17,0.6,44.629,84.26
14:27:26.949,513.320126,43.4043321,6.0110726,233.905,1,17,0.6,44.922,84.32
14:27:27.051,513.42238,43.4043333,6.0110879,233.891,1,17,0.6,45.161,84.12
14:27:27.154,513.525228,43.4043345,6.0111034,233.889,1,17,0.6,45.457,83.93
14:27:27.253,513.624112,43.4043359,6.011119,233.884,1,17,0.6,45.767,83.24
14:27:27.349,513.720138,43.4043373,6.0111345,233.877,1,17,0.6,45.948,82.5
14:27:27.450,513.820953,43.404339,6.0111502,233.874,1,17,0.6,46.246,81.73
14:27:27.554,513.925001,43.4043408,6.0111659,233.879,1,17,0.6,46.359,80.78
14:27:27.653,514.02394,43.4043428,6.0111816,233.883,1,17,0.59,46.602,79.93
14:27:27.750,514.120993,43.4043451,6.0111973,233.892,1,17,0.59,46.813,78.59
14:27:27.851,514.221852,43.4043476,6.0112131,233.902,1,17,0.59,47.052,77.29
14:27:27.954,514.324556,43.4043504,6.0112288,233.912,1,17,0.59,47.333,75.98
14:27:28.054,514.424469,43.4043534,6.0112445,233.92,1,17,0.59,47.535,74.87
14:27:28.150,514.521338,43.4043566,6.0112603,233.935,1,17,0.59,47.904,73.87
14:27:28.250,514.621272,43.4043601,6.0112762,233.948,1,17,0.59,48.204,73.2
14:27:28.353,514.724185,43.4043636,6.011292,233.968,1,17,0.59,48.445,72.7
14:27:28.452,514.823119,43.4043672,6.0113079,233.987,1,17,0.59,48.63,72.41
14:27:28.550,514.921372,43.404371,6.0113238,234.001,1,17,0.59,48.83,71.83
14:27:28.651,515.022033,43.404375,6.0113397,234.01,1,17,0.59,49.045,70.66
14:27:28.754,515.12518,43.4043793,6.0113554,233.996,1,17,0.59,49.174,69.25
14:27:28.852,515.222822,43.404384,6.0113711,233.987,1,17,0.59,49.554,67.68
14:27:28.949,515.31955,43.4043888,6.0113867,233.969,1,17,0.59,49.75,66.66
14:27:29.053,515.423614,43.4043939,6.0114024,233.976,1,17,0.55,49.902,65.59
14:27:29.161,515.531612,43.4043991,6.011418,233.99,1,17,0.55,50.156,65.01
14:27:29.253,515.62353,43.4044044,6.0114336,233.999,1,17,0.55,50.469,64.63
14:27:29.349,515.719495,43.4044099,6.0114492,234.016,1,17,0.55,50.528,64.17
14:27:29.451,515.82232,43.4044155,6.0114647,234.036,1,17,0.55,50.515,63.33
14:27:29.554,515.925282,43.4044213,6.0114801,234.053,1,17,0.55,50.619,62.24
14:27:29.653,516.024166,43.4044275,6.0114954,234.078,1,17,0.55,50.826,60.76
14:27:29.761,516.132309,43.404434,6.0115105,234.093,1,16,0.58,51.071,59.04
14:27:29.850,516.221145,43.4044409,6.0115253,234.121,1,16,0.58,51.321,57.15
14:27:29.953,516.324004,43.404448,6.01154,234.149,1,16,0.58,51.371,55.61
14:27:30.051,516.421906,43.4044554,6.0115543,234.171,1,16,0.59,51.519,53.99
14:27:30.160,516.530763,43.4044632,6.0115684,234.203,1,16,0.59,51.552,52.28
14:27:30.248,516.618686,43.4044713,6.0115822,234.238,1,16,0.61,51.778,50.32
14:27:30.350,516.720709,43.4044797,6.0115957,234.276,1,16,0.61,51.976,48.82
14:27:30.450,516.820595,43.4044885,6.011609,234.316,1,16,0.61,52.139,47.03
14:27:30.550,516.920522,43.4044975,6.0116218,234.341,1,16,0.6,52.013,45.42
14:27:30.648,517.018456,43.4045068,6.0116341,234.374,1,16,0.6,51.815,43.46
14:27:30.752,517.122632,43.4045164,6.0116461,234.419,1,16,0.6,52.023,41.75
14:27:30.850,517.221295,43.4045263,6.0116578,234.46,1,16,0.6,52.243,40.0
14:27:30.949,517.320196,43.4045364,6.0116692,234.499,1,16,0.6,52.406,38.45
14:27:31.048,517.419106,43.4045468,6.01168,234.54,1,14,0.77,52.417,36.7
14:27:31.147,517.518017,43.4045575,6.0116905,234.582,1,13,0.78,52.704,35.03
14:27:31.247,517.617976,43.4045685,6.0117006,234.621,1,13,0.78,52.956,33.11
14:27:31.345,517.715953,43.4045797,6.0117103,234.661,1,13,0.78,53.141,31.52
14:27:31.446,517.816861,43.4045911,6.0117196,234.698,1,13,0.78,53.217,29.93
14:27:31.551,517.92178,43.4046027,6.0117285,234.727,1,14,0.7,53.378,29.14
14:27:31.651,518.02191,43.4046144,6.0117373,234.747,1,14,0.7,53.51,28.03
14:27:31.750,518.120907,43.4046261,6.0117457,234.739,1,14,0.7,53.251,27.22
14:27:31.848,518.218634,43.4046381,6.0117539,234.743,1,13,0.79,53.432,26.05
14:27:31.951,518.321475,43.4046502,6.0117618,234.75,1,15,0.67,53.725,25.19
14:27:32.050,518.421439,43.4046625,6.0117695,234.761,1,15,0.67,54.001,24.29
14:27:32.159,518.53031,43.4046749,6.011777,234.769,1,15,0.67,54.175,23.18
14:27:32.248,518.619218,43.4046874,6.0117842,234.796,1,15,0.67,54.61,22.38
14:27:32.351,518.722274,43.4047002,6.0117914,234.826,1,15,0.64,55.182,21.92
14:27:32.452,518.823187,43.404713,6.011799,234.856,1,15,0.64,56.045,22.71
14:27:32.549,518.920177,43.4047258,6.0118069,234.902,1,16,0.62,56.351,24.24
14:27:32.649,519.020354,43.4047384,6.0118152,234.93,1,16,0.58,56.31,25.84
14:27:32.750,519.121205,43.4047508,6.0118238,234.935,1,15,0.66,56.182,27.09
14:27:32.849,519.22019,43.4047632,6.0118327,234.947,1,15,0.69,55.999,27.94
14:27:32.947,519.318065,43.4047754,6.0118418,234.953,1,15,0.69,55.486,28.91
14:27:33.048,519.418807,43.404787,6.0118509,234.956,1,16,0.65,54.215,30.08
14:27:33.152,519.522644,43.4047983,6.0118605,234.966,1,16,0.65,53.097,31.47
14:27:33.250,519.620605,43.4048092,6.0118704,234.968,1,16,0.65,52.202,33.62
14:27:33.349,519.719494,43.4048199,6.0118805,234.968,1,16,0.65,51.56,35.17
14:27:33.447,519.818422,43.4048302,6.0118909,234.963,1,16,0.65,51.034,37.0
14:27:33.553,519.923601,43.4048401,6.0119016,234.96,1,17,0.62,50.53,38.63
14:27:33.652,520.023304,43.4048497,6.0119126,234.955,1,17,0.62,49.73,40.34
14:27:33.747,520.117607,43.4048588,6.0119236,234.961,1,17,0.62,48.585,42.08
14:27:33.850,520.221314,43.4048674,6.011935,234.974,1,17,0.62,47.637,44.46
14:27:33.952,520.323141,43.4048755,6.0119467,234.972,1,17,0.62,46.822,46.0
14:27:34.053,520.424102,43.404883,6.0119588,234.972,1,17,0.59,46.1,49.36
14:27:34.148,520.519025,43.4048901,6.0119711,234.958,1,16,0.63,45.461,52.51
14:27:34.242,520.612899,43.4048963,6.0119838,234.945,1,16,0.63,44.381,56.84
14:27:34.349,520.720033,43.4049015,6.0119968,234.935,1,15,0.66,43.416,59.93
14:27:34.449,520.819875,43.4049061,6.0120098,234.948,1,15,0.66,42.255,65.17
14:27:34.545,520.915906,43.40491,6.012023,234.957,1,15,0.66,41.235,67.99
14:27:34.641,521.011659,43.404913,6.0120362,234.97,1,15,0.66,40.437,73.86
14:27:34.749,521.120034,43.4049153,6.0120495,234.98,1,15,0.66,39.742,77.59
14:27:34.849,521.21967,43.4049168,6.0120629,234.986,1,15,0.66,39.212,82.77
14:27:34.946,521.316504,43.4049174,6.0120762,235.005,1,14,0.68,38.883,86.67
14:27:35.040,521.410679,43.4049173,6.0120893,234.974,1,14,0.68,38.385,91.55
14:27:35.174,521.545407,43.4049164,6.0121021,234.945,1,14,0.68,37.827,95.96
14:27:35.247,521.618336,43.4049148,6.0121147,234.918,1,14,0.68,37.273,101.32
14:27:35.357,521.728208,43.4049126,6.0121271,234.907,1,14,0.68,37.351,104.58
14:27:35.454,521.825216,43.4049097,6.012139,234.873,1,14,0.68,36.949,110.19
14:27:35.549,521.920145,43.4049061,6.0121504,234.868,1,15,0.65,36.512,114.41
14:27:35.647,522.018115,43.4049018,6.0121611,234.855,1,14,0.68,35.945,120.48
14:27:35.746,522.117348,43.4048968,6.0121712,234.841,1,14,0.68,35.614,124.84
14:27:35.846,522.217113,43.4048911,6.0121804,234.829,1,14,0.68,35.44,131.45
14:27:35.948,522.318945,43.404885,6.0121887,234.838,1,15,0.65,34.747,135.63
14:27:36.049,522.41983,43.4048784,6.012196,234.816,1,15,0.65,34.045,143.25
14:27:36.148,522.51873,43.4048716,6.0122023,234.813,1,15,0.65,33.443,146.83
14:27:36.248,522.618733,43.4048643,6.0122076,234.817,1,15,0.65,33.134,154.41
14:27:36.347,522.717593,43.4048566,6.0122117,234.802,1,14,0.71,33.21,157.86
14:27:36.448,522.818704,43.4048487,6.0122147,234.786,1,14,0.71,33.467,166.72
14:27:36.546,522.916537,43.4048405,6.0122168,234.754,1,14,0.71,33.816,170.73
14:27:36.646,523.01679,43.4048323,6.0122178,234.713,1,14,0.71,33.71,176.58
14:27:36.749,523.119629,43.4048242,6.0122179,234.683,1,14,0.71,33.397,180.18
14:27:36.847,523.217568,43.4048162,6.0122171,234.661,1,13,0.85,33.016,185.32
14:27:36.945,523.316361,43.4048081,6.0122159,234.642,1,14,0.71,32.749,187.95
14:27:37.039,523.410312,43.4048001,6.0122141,234.646,1,14,0.71,32.645,191.06
14:27:37.147,523.518154,43.4047922,6.0122117,234.651,1,13,0.85,32.751,193.2
14:27:37.248,523.619179,43.4047841,6.0122088,234.652,1,14,0.68,33.212,196.05
14:27:37.347,523.718046,43.4047762,6.0122054,234.649,1,15,0.64,33.582,198.44
14:27:37.441,523.812023,43.4047683,6.0122013,234.635,1,15,0.68,33.773,201.7
14:27:37.549,523.920083,43.4047607,6.0121968,234.62,1,16,0.65,33.777,203.99
14:27:37.647,524.017977,43.4047531,6.0121918,234.599,1,15,0.79,33.88,206.29
14:27:37.745,524.116187,43.4047455,6.0121865,234.578,1,15,0.67,34.221,207.65
14:27:37.840,524.210807,43.4047379,6.0121809,234.567,1,15,0.67,34.419,209.32
14:27:37.948,524.318798,43.4047304,6.012175,234.555,1,15,0.67,34.756,210.53
14:27:38.047,524.417676,43.404723,6.0121687,234.542,1,14,0.86,35.108,212.13
14:27:38.155,524.525578,43.4047156,6.0121621,234.535,1,15,0.67,35.368,213.48
14:27:38.246,524.616524,43.4047083,6.0121553,234.536,1,15,0.68,35.525,215.2
14:27:38.347,524.717522,43.4047011,6.0121482,234.532,1,15,0.7,35.603,216.11
14:27:38.445,524.815722,43.404694,6.0121411,234.545,1,15,0.71,35.473,216.6
14:27:38.547,524.917596,43.4046868,6.0121341,234.566,1,16,0.68,35.34,216.29
14:27:38.637,525.00842,43.4046795,6.0121272,234.581,1,16,0.68,35.379,215.53
14:27:38.749,525.119648,43.4046721,6.0121205,234.564,1,17,0.65,35.314,213.4
14:27:38.838,525.209309,43.4046646,6.0121143,234.522,1,17,0.65,35.057,211.19
14:27:38.946,525.31735,43.4046572,6.0121085,234.432,1,17,0.65,34.308,208.55
14:27:39.040,525.411134,43.4046496,6.0121035,234.39,1,17,0.65,33.603,205.56
14:27:39.139,525.510038,43.404642,6.012099,234.393,1,17,0.65,33.01,203.37
14:27:39.236,525.607059,43.4046344,6.0120953,234.38,1,17,0.65,32.088,198.53
14:27:39.345,525.716074,43.4046268,6.0120926,234.344,1,17,0.65,31.406,193.83
14:27:39.439,525.80989,43.4046192,6.0120907,234.315,1,17,0.65,30.951,188.98
14:27:39.539,525.909885,43.4046114,6.0120894,234.283,1,17,0.65,31.197,185.64
14:27:39.637,526.007876,43.404604,6.0120888,234.275,1,17,0.65,30.254,181.21
14:27:39.744,526.115236,43.4045967,6.0120893,234.209,1,17,0.65,29.576,176.99
14:27:39.838,526.208874,43.4045897,6.012091,234.189,1,16,0.82,28.612,169.42
14:27:39.937,526.307865,43.4045828,6.0120937,234.155,1,16,0.81,28.854,165.06
14:27:40.038,526.408644,43.404576,6.0120971,234.143,1,16,0.8,29.21,157.01
14:27:40.137,526.507634,43.4045692,6.0121012,234.137,1,16,0.8,29.734,154.51
14:27:40.240,526.610563,43.4045626,6.0121057,234.102,1,17,0.65,30.002,151.5
14:27:40.338,526.709428,43.4045564,6.0121107,234.047,1,17,0.65,29.678,148.67
14:27:40.435,526.805467,43.4045506,6.0121162,234.029,1,17,0.65,28.886,144.38
14:27:40.543,526.914381,43.4045457,6.0121225,233.98,1,17,0.65,27.849,141.96
14:27:40.637,527.008285,43.4045417,6.0121298,233.947,1,17,0.65,27.361,131.79
14:27:40.736,527.106647,43.4045386,6.0121377,233.887,1,17,0.65,27.139,126.99
14:27:40.836,527.207297,43.4045356,6.0121461,233.858,1,17,0.65,27.636,113.21
14:27:40.945,527.316256,43.4045331,6.0121549,233.846,1,16,0.67,27.919,109.24
14:27:41.039,527.410331,43.4045312,6.012164,233.857,1,16,0.67,27.976,103.62
14:27:41.147,527.518138,43.4045297,6.0121734,233.879,1,15,0.69,28.174,100.39
14:27:41.237,527.608017,43.4045286,6.0121828,233.908,1,16,0.66,27.874,96.42
14:27:41.348,527.718991,43.404528,6.0121923,233.916,1,17,0.65,27.834,93.53
14:27:41.440,527.810875,43.404528,6.0122018,233.932,1,16,0.67,27.802,88.71
14:27:41.539,527.909874,43.4045284,6.0122114,233.964,1,15,0.66,28.134,84.97
14:27:41.637,528.007866,43.4045294,6.0122208,233.985,1,15,0.66,27.908,80.14
14:27:41.737,528.10815,43.4045311,6.01223,233.96,1,16,0.65,28.034,75.5
14:27:41.839,528.209826,43.4045334,6.0122392,233.926,1,16,0.65,28.3,70.56
14:27:41.938,528.308765,43.404536,6.0122483,233.905,1,15,0.67,28.836,67.7
14:27:42.035,528.405744,43.4045389,6.0122572,233.898,1,14,0.7,28.889,64.91
14:27:42.144,528.514547,43.404542,6.012266,233.886,1,15,0.69,28.732,63.05
14:27:42.238,528.608486,43.4045455,6.0122745,233.869,1,15,0.69,28.686,60.26
14:27:42.338,528.70857,43.4045492,6.0122831,233.873,1,16,0.67,29.178,58.42
14:27:42.437,528.807491,43.4045533,6.0122915,233.881,1,17,0.65,29.445,55.33
14:27:42.545,528.9155,43.4045577,6.0122997,233.892,1,16,0.67,29.845,53.21
14:27:42.637,529.008394,43.4045623,6.0123077,233.908,1,16,0.69,30.164,50.22
14:27:42.737,529.107697,43.4045672,6.0123155,233.937,1,16,0.69,30.395,48.25
14:27:42.835,529.206347,43.4045724,6.0123231,233.963,1,15,0.71,30.595,45.73
14:27:42.944,529.31529,43.4045777,6.0123304,233.997,1,17,0.62,30.31,44.07
14:27:43.040,529.411156,43.4045833,6.0123376,233.975,1,17,0.61,30.621,42.45
14:27:43.149,529.520155,43.4045889,6.0123446,233.976,1,17,0.61,30.78,41.34
14:27:43.237,529.608087,43.4045947,6.0123514,233.982,1,16,0.63,30.662,40.31
14:27:43.347,529.718082,43.4046006,6.0123583,233.985,1,16,0.63,30.891,39.65
14:27:43.440,529.810978,43.4046067,6.0123651,233.987,1,16,0.63,31.412,38.6
14:27:43.538,529.908954,43.4046129,6.0123718,233.986,1,16,0.63,31.856,38.0
14:27:43.637,530.007995,43.4046192,6.0123787,233.982,1,16,0.63,32.229,37.96
14:27:43.746,530.117137,43.4046255,6.0123855,233.98,1,16,0.63,32.451,37.83
14:27:43.839,530.209884,43.404632,6.0123923,233.982,1,16,0.66,32.695,37.05
14:27:43.938,530.308806,43.4046386,6.012399,233.976,1,16,0.66,32.942,36.76
14:27:44.037,530.407847,43.4046452,6.0124058,233.975,1,16,0.66,33.086,36.22
14:27:44.145,530.515707,43.4046519,6.0124125,233.972,1,16,0.66,33.197,35.75
14:27:44.239,530.609581,43.4046588,6.0124191,233.968,1,16,0.66,33.46,35.17
14:27:44.337,530.707546,43.4046657,6.0124254,233.955,1,16,0.66,33.473,33.45
14:27:44.436,530.806777,43.4046728,6.0124317,233.939,1,16,0.66,33.79,32.77
14:27:44.547,530.917522,43.40468,6.0124381,233.925,1,17,0.64,34.221,32.58
14:27:44.639,531.010423,43.4046872,6.0124444,233.917,1,17,0.64,34.429,32.19
14:27:44.739,531.109725,43.4046946,6.0124507,233.919,1,17,0.64,34.712,31.73
14:27:44.837,531.208421,43.404702,6.0124569,233.918,1,17,0.64,34.908,31.06
14:27:44.936,531.307424,43.4047096,6.0124631,233.921,1,17,0.64,35.249,30.47
14:27:45.040,531.411329,43.4047173,6.0124693,233.921,1,17,0.61,35.731,30.24
14:27:45.138,531.509214,43.4047251,6.0124754,233.913,1,16,0.63,36.066,29.67
14:27:45.236,531.60715,43.4047329,6.0124815,233.906,1,16,0.67,36.29,29.33
14:27:45.355,531.726196,43.4047407,6.0124876,233.906,1,16,0.67,36.129,29.23
14:27:45.438,531.809131,43.4047486,6.0124936,233.906,1,16,0.67,36.018,29.02
14:27:45.538,531.909067,43.4047564,6.0124995,233.914,1,16,0.67,35.879,28.82
14:27:45.636,532.007003,43.4047642,6.0125054,233.921,1,16,0.67,35.829,28.57
14:27:45.746,532.117348,43.4047721,6.0125113,233.928,1,16,0.67,35.803,28.33
14:27:45.839,532.210125,43.40478,6.0125171,233.941,1,16,0.67,35.729,28.15
14:27:45.940,532.310948,43.4047878,6.0125228,233.944,1,17,0.63,35.634,27.86
14:27:46.038,532.408976,43.4047957,6.0125286,233.945,1,17,0.63,35.664,27.81
14:27:46.138,532.508803,43.4048036,6.0125344,233.951,1,17,0.63,35.866,28.0
14:27:46.239,532.609794,43.4048116,6.0125402,233.951,1,17,0.63,36.095,28.12
14:27:46.340,532.710818,43.4048195,6.0125462,233.962,1,17,0.63,36.183,28.48
14:27:46.438,532.808687,43.4048275,6.0125522,233.972,1,17,0.63,36.405,28.64
14:27:46.538,532.908666,43.4048354,6.0125583,233.99,1,16,0.66,36.625,29.14
14:27:46.639,533.009647,43.4048435,6.0125645,234.008,1,15,0.7,36.984,29.52
14:27:46.741,533.112417,43.4048516,6.0125708,234.026,1,15,0.7,37.297,29.48
14:27:46.837,533.207569,43.4048597,6.0125771,234.044,1,15,0.7,37.442,29.61
14:27:46.936,533.306642,43.4048676,6.0125836,234.058,1,14,0.78,37.336,30.31
14:27:47.038,533.408556,43.4048755,6.01259,234.062,1,14,0.78,36.883,30.67
14:27:47.148,533.519434,43.4048833,6.0125964,234.07,1,14,0.78,36.499,30.82
14:27:47.235,533.606378,43.404891,6.0126028,234.067,1,14,0.78,36.062,31.03
14:27:47.336,533.70734,43.4048986,6.0126092,234.058,1,15,0.73,35.72,31.34
14:27:47.440,533.811254,43.4049061,6.0126157,234.063,1,16,0.7,35.281,32.11
14:27:47.540,533.9113,43.4049135,6.0126222,234.064,1,16,0.66,35.036,32.4
14:27:47.638,534.009179,43.4049208,6.0126287,234.067,1,16,0.66,34.825,33.32
14:27:47.746,534.117465,43.404928,6.0126353,234.074,1,16,0.68,34.669,33.71
14:27:47.840,534.211222,43.404935,6.0126421,234.097,1,16,0.68,34.236,34.24
14:27:47.939,534.310134,43.404942,6.0126488,234.118,1,16,0.68,33.992,34.72
14:27:48.039,534.4101,43.4049488,6.0126556,234.141,1,17,0.6,33.719,35.91
14:27:48.148,534.518984,43.4049556,6.0126624,234.162,1,16,0.68,33.597,35.85
14:27:48.241,534.611988,43.4049623,6.0126695,234.175,1,16,0.68,33.619,36.75
14:27:48.339,534.709888,43.4049689,6.0126767,234.189,1,16,0.68,33.697,37.6
14:27:48.438,534.808849,43.4049752,6.012684,234.201,1,16,0.68,33.449,39.9
14:27:48.540,534.910855,43.4049816,6.0126915,234.212,1,16,0.68,33.479,39.97
14:27:48.641,535.011902,43.4049877,6.0126992,234.226,1,16,0.68,33.297,42.19
14:27:48.740,535.111157,43.4049937,6.0127069,234.237,1,16,0.72,33.11,43.4
14:27:48.838,535.208853,43.4049997,6.0127147,234.241,1,16,0.72,32.827,44.08
14:27:48.936,535.306886,43.4050054,6.0127226,234.251,1,15,0.73,32.608,44.92
14:27:49.040,535.410704,43.405011,6.0127307,234.252,1,15,0.7,32.421,46.23
14:27:49.147,535.517594,43.4050165,6.0127388,234.24,1,14,0.72,32.323,47.27
14:27:49.237,535.607527,43.4050219,6.012747,234.23,1,14,0.72,32.108,48.36
14:27:49.336,535.706502,43.4050272,6.0127553,234.221,1,13,0.8,32.099,47.9
14:27:49.438,535.808448,43.4050326,6.0127636,234.207,1,13,0.81,32.09,48.85
14:27:49.538,535.908689,43.4050376,6.0127721,234.213,1,13,0.77,32.066,50.33
14:27:49.634,536.00538,43.4050426,6.0127807,234.215,1,13,0.81,32.004,51.52
14:27:49.732,536.103439,43.4050474,6.0127894,234.207,1,14,0.82,31.828,53.04
14:27:49.832,536.202506,43.405052,6.0127982,234.19,1,14,0.81,31.697,54.54
14:27:49.929,536.300315,43.4050564,6.0128072,234.183,1,13,0.9,31.712,56.42
14:27:50.028,536.398556,43.4050607,6.0128163,234.183,1,14,0.77,31.377,58.84
14:27:50.135,536.506391,43.4050648,6.0128255,234.175,1,14,0.77,31.249,62.1
14:27:50.228,536.59924,43.4050684,6.012835,234.18,1,14,0.8,30.936,63.37
14:27:50.327,536.698197,43.4050719,6.0128445,234.184,1,14,0.8,32.003,63.98
14:27:50.426,536.79737,43.4050753,6.0128543,234.189,1,14,0.8,30.873,66.53
14:27:50.527,536.898122,43.4050784,6.012864,234.194,1,14,0.8,31.11,68.6
14:27:50.629,537.000074,43.4050812,6.0128739,234.198,1,14,0.79,30.43,69.45
14:27:50.728,537.098978,43.4050839,6.0128837,234.203,1,14,0.79,30.301,73.71
14:27:50.827,537.198275,43.405086,6.0128936,234.208,1,14,0.78,29.817,71.9
14:27:50.927,537.298001,43.4050883,6.0129034,234.213,1,14,0.78,29.941,76.32
14:27:51.031,537.401982,43.4050901,6.0129133,234.221,1,14,0.79,29.226,73.1
14:27:51.129,537.499943,43.4050921,6.0129229,234.228,1,14,0.79,29.401,80.25
14:27:51.228,537.598813,43.4050934,6.0129328,234.235,1,15,0.67,29.545,78.83
14:27:51.328,537.6988,43.4050948,6.0129427,234.242,1,14,0.79,28.687,79.65
14:27:51.431,537.801874,43.4050961,6.0129524,234.251,1,15,0.69,29.149,80.21
14:27:51.528,537.898735,43.4050973,6.0129622,234.258,1,15,0.69,27.761,82.66
14:27:51.625,537.99576,43.4050982,6.0129716,234.262,1,0,,28.421,82.66
14:27:51.725,538.095977,43.4050991,6.0129813,234.265,1,0,,28.523,82.66
14:27:51.833,538.203967,43.4050996,6.012991,234.271,1,20,0.52,28.439,86.33
14:27:51.928,538.298542,43.4051001,6.0130008,234.274,1,8,2.15,28.002,86.34
14:27:52.029,538.399695,43.4051005,6.0130104,234.278,1,8,2.15,27.693,88.59
14:27:52.127,538.497542,43.4051007,6.0130199,234.281,1,0,,27.561,90.2
14:27:52.230,538.600456,43.4051007,6.0130293,234.281,1,0,,26.835,91.78
14:27:52.339,538.710374,43.4051003,6.0130385,234.279,1,20,0.5,26.697,92.22
14:27:52.426,538.797349,43.4050999,6.0130476,234.27,1,0,,26.161,95.59
14:27:52.526,538.897437,43.4050993,6.0130565,234.255,1,0,,25.132,98.54
14:27:52.639,539.010359,43.4050982,6.013065,234.26,1,20,0.5,24.913,98.51
14:27:52.727,539.098312,43.4050969,6.0130733,234.263,1,0,,23.761,98.93
14:27:52.827,539.197585,43.4050953,6.0130811,234.28,1,0,,23.219,101.36
14:27:52.938,539.309213,43.4050942,6.013089,234.307,1,20,0.5,22.937,100.75
14:27:53.030,539.400496,43.4050928,6.0130965,234.326,1,0,,22.676,98.77
14:27:53.128,539.499359,43.4050916,6.0131041,234.333,1,0,,22.541,100.95
14:27:53.238,539.609365,43.4050908,6.0131117,234.33,1,20,0.5,22.278,100.64
14:27:53.327,539.698085,43.40509,6.0131192,234.322,1,0,,22.002,99.31
14:27:53.431,539.802086,43.4050894,6.0131267,234.301,1,9,1.19,21.57,98.37
14:27:53.530,539.901024,43.4050887,6.013134,234.259,1,8,1.24,20.842,98.84
14:27:53.629,540.00006,43.405088,6.013141,234.209,1,8,1.24,20.168,98.82
14:27:53.728,540.098958,43.4050874,6.0131477,234.149,1,7,1.51,19.935,98.11
14:27:53.829,540.200261,43.4050866,6.0131545,234.088,1,0,,19.679,97.79
14:27:53.926,540.296916,43.4050859,6.0131611,234.027,1,0,,19.337,96.72
14:27:54.032,540.403017,43.4050853,6.0131676,234.069,1,20,0.5,19.365,97.79
14:27:54.125,540.495884,43.4050846,6.013174,234.199,1,0,,17.751,97.58
14:27:54.227,540.597814,43.405084,6.0131799,234.222,1,0,,16.874,97.31
14:27:54.330,540.700824,43.4050836,6.0131857,234.224,1,20,0.5,17.338,96.99
14:27:54.426,540.796717,43.405083,6.0131916,234.223,1,0,,15.953,96.99
14:27:54.524,540.894681,43.4050825,6.013197,234.222,1,0,,15.068,96.99
14:27:54.620,540.990666,43.4050822,6.0132022,234.224,1,14,0.6,15.69,96.44
14:27:54.729,541.10045,43.4050818,6.0132076,234.222,1,10,1.36,14.868,96.44
14:27:54.814,541.184795,43.4050814,6.0132127,234.221,1,0,,14.416,96.44
14:27:54.918,541.288643,43.405081,6.0132176,234.22,1,0,,14.209,96.44
14:27:55.019,541.389845,43.4050807,6.0132225,234.222,1,12,0.87,14.818,96.15
14:27:55.125,541.496275,43.4050803,6.0132276,234.221,1,0,,14.803,96.15
14:27:55.216,541.586464,43.4050799,6.0132326,234.22,1,0,,14.31,96.15
14:27:55.320,541.690516,43.40508,6.0132375,234.219,1,10,0.93,14.384,93.86
14:27:55.426,541.797277,43.4050797,6.0132424,234.218,1,0,,13.296,93.86
14:27:55.514,541.885227,43.4050795,6.013247,234.218,1,0,,13.377,93.86
14:27:55.616,541.987228,43.40508,6.0132515,234.218,1,10,0.93,13.362,92.03
14:27:55.715,542.086096,43.4050799,6.013256,234.217,1,0,,13.99,92.03
14:27:55.815,542.186314,43.4050797,6.0132608,234.216,1,0,,13.201,92.03
14:27:55.916,542.287049,43.4050804,6.013265,234.216,1,9,0.98,13.001,90.66
14:27:56.014,542.385083,43.4050804,6.0132694,234.215,1,0,,12.351,90.66
14:27:56.123,542.494081,43.4050803,6.0132737,234.214,1,0,,13.125,90.66
14:27:56.218,542.58899,43.4050807,6.0132779,234.213,1,8,1.0,12.881,90.16
14:27:56.315,542.685915,43.4050806,6.0132823,234.212,1,0,,11.825,90.16
14:27:56.415,542.786167,43.4050806,6.0132864,234.211,1,7,1.31,11.364,90.16
14:27:56.519,542.889974,43.4050806,6.0132902,234.212,1,9,1.06,9.706,90.15
14:27:56.616,542.986818,43.4050806,6.0132936,234.212,1,0,,9.327,90.15
14:27:56.714,543.084962,43.4050806,6.0132968,234.211,1,0,,9.21,90.15
14:27:56.817,543.188039,43.4050812,6.0132996,234.211,1,9,0.99,8.986,89.5
14:27:56.918,543.288697,43.4050812,6.0133027,234.211,1,0,,7.012,89.5
14:27:57.014,543.38509,43.4050813,6.0133051,234.21,1,0,,6.26,89.5
14:27:57.117,543.487813,43.405082,6.0133064,234.21,1,8,1.07,5.469,88.77
14:27:57.214,543.584665,43.4050821,6.0133083,234.21,1,0,,4.958,88.77
14:27:57.318,543.688615,43.4050821,6.01331,234.209,1,0,,4.297,88.77
14:27:57.417,543.787613,43.4050831,6.0133104,234.209,1,8,1.07,3.443,87.9
14:27:57.514,543.884567,43.4050831,6.0133116,234.209,1,0,,2.678,87.9
14:27:57.615,543.98564,43.4050831,6.0133125,234.209,1,0,,0.989,87.9
14:27:57.719,544.089485,43.4050833,6.0133126,234.209,1,8,1.07,0.739,87.73
14:27:57.815,544.185681,43.4050833,6.0133128,234.209,1,0,,1.826,87.73
14:27:57.917,544.287464,43.4050833,6.0133134,234.212,1,8,2.16,2.287,87.75
14:27:58.014,544.385359,43.4050833,6.0133142,234.212,1,0,,2.15,87.75
14:27:58.113,544.483674,43.4050833,6.0133149,234.212,1,0,,2.158,87.75
14:27:58.220,544.591356,43.4050832,6.0133158,234.214,1,13,0.91,2.398,87.85
14:27:58.314,544.685261,43.4050833,6.0133166,234.214,1,0,,2.982,87.85
14:27:58.415,544.786452,43.4050833,6.0133176,234.213,1,0,,3.347,89.88
14:27:58.524,544.895318,43.4050833,6.0133187,234.215,1,15,0.71,3.535,90.08
14:27:58.616,544.987345,43.4050833,6.0133199,234.215,1,0,,3.569,90.07
14:27:58.714,545.085156,43.4050833,6.0133212,234.21,1,0,,3.452,90.19
14:27:58.822,545.193422,43.405083,6.0133226,234.208,1,16,0.68,4.004,90.55
14:27:58.918,545.289304,43.4050828,6.013324,234.204,1,0,,5.449,92.36
14:27:59.017,545.388066,43.4050823,6.0133258,234.195,1,0,,6.076,95.47
14:27:59.124,545.495214,43.4050819,6.0133273,234.192,1,18,0.61,6.088,95.95
14:27:59.216,545.587205,43.4050814,6.0133294,234.189,1,0,,6.795,98.0
14:27:59.319,545.690013,43.4050808,6.0133316,234.184,1,0,,7.108,101.71
14:27:59.426,545.797031,43.4050801,6.0133335,234.184,1,19,0.6,7.26,102.39
14:27:59.517,545.888007,43.4050794,6.0133358,234.186,1,0,,7.673,113.22
14:27:59.617,545.987965,43.4050783,6.0133382,234.192,1,0,,8.323,118.35
14:27:59.728,546.098899,43.4050772,6.0133403,234.197,1,19,0.6,8.703,118.78
14:27:59.818,546.189151,43.4050758,6.0133427,234.206,1,0,,8.847,120.87
14:27:59.917,546.287912,43.4050742,6.0133449,234.21,1,0,,9.184,123.26
14:28:00.026,546.396977,43.4050725,6.0133468,234.221,1,19,0.6,9.529,123.62
14:28:00.120,546.491163,43.4050705,6.0133488,234.221,1,0,,9.479,133.83
14:28:00.217,546.588388,43.4050685,6.0133505,234.23,1,0,,9.66,137.14
14:28:00.326,546.697423,43.4050666,6.0133521,234.235,1,19,0.6,9.743,137.1
14:28:00.418,546.788475,43.4050645,6.0133538,234.247,1,0,,9.336,138.04
14:28:00.527,546.897784,43.4050635,6.0133539,233.951,1,14,0.71,10.251,136.94
14:28:00.621,546.991711,43.4050614,6.0133563,233.969,1,11,1.06,10.014,136.94
14:28:00.720,547.090829,43.4050594,6.0133586,233.987,1,11,1.06,10.421,136.94
14:28:00.824,547.195341,43.4050577,6.013361,234.003,1,14,0.72,10.418,131.71
14:28:00.929,547.300138,43.405056,6.0133632,234.03,1,16,0.69,9.703,130.63
14:28:01.020,547.39126,43.4050545,6.0133655,234.053,1,12,0.85,9.851,132.0
14:28:01.126,547.496495,43.4050528,6.0133677,234.078,1,14,0.74,10.527,133.9
14:28:01.220,547.590547,43.405051,6.01337,234.093,1,13,0.78,10.605,135.97
14:28:01.323,547.693552,43.4050494,6.0133723,234.109,1,12,0.85,9.206,134.68
14:28:01.421,547.791727,43.4050479,6.0133743,234.125,1,11,0.95,9.256,134.68
14:28:01.520,547.890878,43.4050465,6.0133763,234.14,1,13,0.88,8.401,136.7
14:28:01.625,547.99626,43.4050453,6.0133782,234.161,1,15,0.78,7.447,123.68
14:28:01.723,548.094099,43.4050443,6.0133802,234.174,1,12,0.88,7.064,123.9
14:28:01.821,548.192415,43.4050434,6.013382,234.181,1,12,0.9,6.376,124.42
14:28:01.920,548.291231,43.4050425,6.0133837,234.182,1,12,0.96,6.488,124.42
14:28:02.019,548.390415,43.4050416,6.0133856,234.182,1,0,,6.871,124.42
14:28:02.123,548.493568,43.4050406,6.0133875,234.181,1,0,,6.91,124.42
14:28:02.225,548.596091,43.4050398,6.0133892,234.183,1,19,0.6,6.217,123.79
14:28:02.320,548.690787,43.4050389,6.013391,234.183,1,0,,6.102,123.79
14:28:02.421,548.79216,43.4050381,6.0133928,234.183,1,0,,6.275,123.79
14:28:02.527,548.898044,43.4050376,6.0133943,234.185,1,19,0.6,5.349,120.86
14:28:02.622,548.993063,43.405037,6.0133959,234.185,1,0,,3.573,120.86
14:28:02.722,549.093165,43.4050365,6.0133969,234.182,1,12,1.15,2.754,120.86
14:28:02.823,549.193513,43.4050362,6.0133976,234.18,1,12,1.15,2.554,120.86
14:28:02.924,549.295384,43.4050358,6.0133984,234.18,1,0,,2.256,120.86
14:28:03.023,549.39349,43.4050356,6.013399,234.179,1,0,,2.798,120.86
14:28:03.132,549.502639,43.4050356,6.0133997,234.183,1,19,0.61,2.224,118.41
14:28:03.228,549.598745,43.4050357,6.0134004,234.193,1,14,0.76,2.635,111.69
14:28:03.333,549.70393,43.4050351,6.0134009,234.209,1,16,0.71,3.169,118.13
14:28:03.427,549.798165,43.4050349,6.0134015,234.224,1,15,0.73,3.022,117.76
14:28:03.531,549.902013,43.4050351,6.013402,234.238,1,16,0.71,2.767,112.28
14:28:03.631,550.002152,43.4050352,6.0134025,234.251,1,16,0.71,2.23,107.32
14:28:03.733,550.104263,43.4050353,6.013403,234.261,1,16,0.72,3.634,103.22
14:28:03.833,550.204385,43.4050354,6.0134039,234.269,1,16,0.72,4.032,100.15
14:28:03.931,550.302376,43.4050356,6.0134049,234.277,1,16,0.72,3.926,94.81
14:28:04.031,550.401517,43.4050358,6.0134057,234.281,1,15,0.75,2.869,92.51
14:28:04.135,550.505598,43.405036,6.0134063,234.286,1,18,0.68,1.976,93.49
14:28:04.235,550.605709,43.405036,6.0134066,234.294,1,15,0.74,1.037,101.98
14:28:04.332,550.702865,43.405036,6.0134066,234.297,1,17,0.7,0.759,107.63
14:28:04.432,550.80291,43.4050362,6.0134064,234.303,1,16,0.76,0.939,108.86
14:28:04.536,550.907064,43.4050362,6.0134063,234.309,1,16,0.69,0.28,115.55
14:28:04.629,551.000269,43.4050365,6.0134057,234.316,1,14,0.73,0.804,113.76
14:28:04.731,551.102199,43.4050368,6.0134052,234.322,1,14,0.75,0.293,111.51
14:28:04.827,551.197596,43.4050369,6.0134049,234.328,1,13,0.88,0.585,110.49
14:28:04.928,551.298527,43.405037,6.0134046,234.333,1,13,0.88,0.059,110.02
14:28:05.027,551.397596,43.4050371,6.0134042,234.337,1,13,0.91,1.758,110.29
14:28:05.146,551.516728,43.4050373,6.0134037,234.337,1,0,,1.007,110.29
14:28:05.227,551.597904,43.4050375,6.0134032,234.341,1,11,1.35,0.402,110.29
14:28:05.337,551.707944,43.4050376,6.0134029,234.345,1,14,0.8,0.137,106.72
14:28:05.439,551.810016,43.4050376,6.0134027,234.352,1,14,0.84,1.095,108.34
14:28:05.527,551.898132,43.4050378,6.0134023,234.358,1,14,0.84,0.02,118.4
14:28:05.627,551.99819,43.4050379,6.013402,234.364,1,14,0.79,0.274,118.02
14:28:05.730,552.101292,43.4050381,6.0134017,234.37,1,14,0.79,0.211,118.85
14:28:05.830,552.200577,43.4050381,6.0134016,234.376,1,12,1.1,0.169,118.12
14:28:05.928,552.298466,43.4050381,6.0134013,234.383,1,11,1.13,0.028,118.53
14:28:06.030,552.400519,43.4050381,6.0134011,234.391,1,10,1.25,0.067,118.53
14:28:06.132,552.502603,43.4050381,6.0134009,234.399,1,10,1.25,0.159,118.53
14:28:06.238,552.608712,43.4050381,6.0134007,234.403,1,11,0.95,0.226,118.53
14:28:06.333,552.703916,43.4050382,6.0134005,234.407,1,11,0.95,0.524,115.82
14:28:06.428,552.799152,43.405038,6.0134005,234.414,1,11,1.21,1.048,110.62
14:28:06.531,552.902124,43.405038,6.0134006,234.422,1,11,1.19,1.2,101.61
14:28:06.629,553.000204,43.4050379,6.0134009,234.424,1,11,1.28,1.196,101.61
14:28:06.735,553.106247,43.4050379,6.0134009,234.423,1,15,0.74,0.72,92.27
14:28:06.830,553.200621,43.405038,6.013401,234.424,1,13,0.9,1.128,89.69
14:28:06.931,553.301474,43.4050381,6.013401,234.425,1,12,0.92,0.707,84.25
14:28:07.031,553.401512,43.4050382,6.013401,234.422,1,14,0.86,1.926,79.43
14:28:07.131,553.501583,43.4050385,6.0134013,234.419,1,14,0.86,1.667,71.71
14:28:07.231,553.601762,43.4050388,6.0134015,234.416,1,14,0.9,2.174,68.51
14:28:07.332,553.702916,43.4050391,6.0134018,234.414,1,14,0.9,2.371,64.51
14:28:07.432,553.802845,43.4050398,6.0134021,234.411,1,13,0.92,2.613,54.39
14:28:07.536,553.906983,43.4050404,6.0134024,234.412,1,13,0.87,3.419,52.6
14:28:07.628,553.999029,43.405041,6.013403,234.42,1,12,0.94,3.235,55.15
14:28:07.738,554.109107,43.4050416,6.0134036,234.429,1,11,1.1,3.15,58.06
14:28:07.832,554.202551,43.4050421,6.0134043,234.438,1,10,1.25,3.335,58.33
14:28:07.936,554.307283,43.4050428,6.0134049,234.447,1,10,1.23,3.528,56.33
14:28:08.025,554.395479,43.4050434,6.0134058,234.455,1,10,1.36,4.276,53.78
14:28:08.139,554.509565,43.4050439,6.0134067,234.46,1,12,1.01,2.837,54.96
14:28:08.234,554.604845,43.4050444,6.0134073,234.465,1,12,1.01,4.167,51.99
14:28:08.335,554.705841,43.4050451,6.0134082,234.469,1,12,1.04,3.315,51.64
14:28:08.429,554.800156,43.4050455,6.013409,234.469,1,13,0.98,3.743,55.06
14:28:08.538,554.908995,43.4050462,6.0134097,234.466,1,14,0.96,3.917,52.82
14:28:08.639,555.010068,43.4050466,6.0134108,234.465,1,15,0.94,4.271,61.59
14:28:08.737,555.108116,43.4050469,6.013412,234.465,1,15,0.94,6.601,67.6
14:28:08.831,555.20247,43.4050474,6.0134138,234.463,1,15,0.89,4.745,74.34
14:28:08.942,555.313274,43.405048,6.013415,234.464,1,18,0.67,5.673,68.63
14:28:09.036,555.406849,43.4050489,6.0134162,234.458,1,16,0.74,3.402,60.62
14:28:09.137,555.50837,43.4050495,6.0134168,234.456,1,16,0.72,3.458,61.29
14:28:09.238,555.608589,43.40505,6.0134174,234.452,1,16,0.72,4.328,63.72
14:28:09.339,555.70971,43.4050504,6.0134184,234.448,1,15,0.73,4.093,68.74
14:28:09.437,555.807715,43.4050504,6.0134193,234.443,1,15,0.74,3.574,76.2
14:28:09.538,555.908771,43.4050507,6.0134196,234.438,1,15,0.77,0.465,73.95
14:28:09.626,555.996805,43.4050507,6.0134189,234.432,1,14,0.8,2.563,75.81
14:28:09.734,556.104954,43.4050506,6.0134179,234.427,1,12,0.91,3.172,75.81
14:28:09.842,556.213063,43.4050505,6.0134168,234.424,1,14,0.83,1.956,75.75
14:28:09.937,556.308121,43.4050504,6.013416,234.422,1,14,0.87,1.033,71.33
14:28:10.028,556.3994,43.4050504,6.0134153,234.424,1,12,1.1,1.632,72.18
14:28:10.136,556.50726,43.4050504,6.0134152,234.421,1,13,0.86,2.328,69.06
14:28:10.242,556.612514,43.4050506,6.0134153,234.423,1,14,0.97,0.254,72.1
14:28:10.342,556.712578,43.4050507,6.0134149,234.424,1,16,0.7,0.081,72.62
14:28:10.428,556.798537,43.4050508,6.0134148,234.423,1,12,0.9,0.122,72.25
14:28:10.545,556.915718,43.4050508,6.0134146,234.424,1,16,0.71,0.452,71.91
14:28:10.630,557.000669,43.4050508,6.0134144,234.424,1,14,0.8,1.478,73.32
14:28:10.740,557.110769,43.4050509,6.0134147,234.426,1,14,0.83,1.735,66.38
14:28:10.832,557.203113,43.4050511,6.0134155,234.425,1,13,0.93,4.048,61.53
14:28:10.945,557.316349,43.4050516,6.0134167,234.425,1,15,0.78,5.26,66.92
14:28:11.041,557.412314,43.4050518,6.013418,234.425,1,15,0.79,4.167,70.46
14:28:11.140,557.51136,43.4050519,6.0134189,234.425,1,15,0.79,2.898,73.84
14:28:11.228,557.599429,43.4050522,6.0134197,234.421,1,13,0.94,3.25,73.86
14:28:11.342,557.713404,43.4050519,6.0134203,234.42,1,15,0.87,1.365,83.15
14:28:11.439,557.810454,43.4050517,6.0134204,234.42,1,15,0.78,0.393,88.46
14:28:11.535,557.906454,43.4050517,6.0134203,234.419,1,14,0.81,0.75,87.36
14:28:11.629,557.999463,43.4050517,6.0134205,234.418,1,13,1.01,1.559,88.01
14:28:11.738,558.108614,43.4050516,6.0134209,234.418,1,13,1.01,1.619,89.81
14:28:11.826,558.196904,43.4050516,6.0134213,234.418,1,13,1.0,2.143,90.78
14:28:11.936,558.306857,43.4050517,6.0134218,234.418,1,13,1.01,0.776,86.65
14:28:12.029,558.399926,43.4050518,6.0134218,234.42,1,13,1.01,0.474,84.16
14:28:12.127,558.497866,43.4050519,6.0134219,234.419,1,12,0.99,0.148,83.1
14:28:12.234,558.604953,43.405052,6.0134217,234.419,1,15,0.74,1.05,82.27
14:28:12.343,558.714151,43.4050521,6.0134217,234.422,1,15,0.75,0.957,76.69
14:28:12.431,558.80217,43.4050522,6.0134217,234.424,1,13,0.9,0.102,76.29
14:28:12.545,558.916307,43.4050522,6.0134214,234.427,1,15,0.71,0.27,76.24
