heure,timestamp,lat,lon,alt_m,quality,nb_sats,hdop,speed_kmh,heading_deg
16:09:55.884,4.366354,43.40563,6.0135175,251.7,1,14,,0.576,
16:09:55.982,4.46415,43.40563,6.0135175,251.7,1,14,,0.576,
16:09:56.082,4.564107,43.40563,6.0135172,251.7,1,14,,0.611,
16:09:56.191,4.673064,43.40563,6.0135172,251.7,1,14,,0.611,
16:09:56.284,4.765874,43.4056303,6.0135172,251.8,1,14,,0.611,
16:09:56.383,4.86495,43.4056303,6.0135172,251.8,1,14,,0.611,
16:09:56.482,4.964057,43.4056303,6.0135169,251.8,1,14,,0.611,
16:09:56.591,5.072915,43.4056303,6.0135169,251.8,1,14,,0.611,
16:09:56.684,5.16594,43.40563,6.0135169,251.8,1,14,,0.793,
16:09:56.783,5.264863,43.40563,6.0135169,251.8,1,14,,0.793,
16:09:56.882,5.364118,43.4055928,6.0134667,259.2,1,14,,0.793,
16:09:56.991,5.472826,43.4055928,6.0134667,259.2,1,14,,0.793,
16:09:57.083,5.56485,43.4055928,6.0134667,259.2,1,15,,0.793,
16:09:57.318,5.79989,43.4055928,6.0134667,259.2,1,15,,0.793,
16:09:57.418,5.899928,43.4055928,6.0134667,259.2,1,18,,0.793,
16:09:57.519,6.000957,43.4055928,6.0134667,259.2,1,19,,0.793,
16:09:57.618,6.099971,43.4049797,6.0135514,260.5,1,21,,0.793,
16:09:57.717,6.198934,43.4049797,6.0135514,260.5,1,22,,0.793,
16:09:57.826,6.308166,43.4049803,6.0135517,260.5,1,22,,1.404,
16:09:57.919,6.400947,43.4049803,6.0135517,260.5,1,22,,1.404,
16:09:58.018,6.499971,43.4049805,6.0135514,260.6,1,22,,0.504,
16:09:58.127,6.608876,43.4049805,6.0135514,260.6,1,22,,0.504,
16:09:58.226,6.707989,43.4049803,6.0135511,260.6,1,22,,0.396,
16:09:58.326,6.808004,43.4049803,6.0135511,260.6,1,23,,0.396,
16:09:58.417,6.899011,43.4049803,6.0135511,260.6,1,22,,0.396,
16:09:58.526,7.008014,43.4049803,6.0135511,260.6,1,22,,0.396,
16:09:58.625,7.106973,43.4049064,6.0135633,257.0,1,23,,0.396,
16:09:58.725,7.206965,43.4049064,6.0135633,257.0,1,23,,0.396,
16:09:58.827,7.309241,43.4049067,6.0135633,257.0,1,23,,0.396,
16:09:58.927,7.408976,43.4049067,6.0135633,257.0,1,23,,0.396,
16:09:59.025,7.50695,43.4049067,6.0135633,257.0,1,22,,0.396,
16:09:59.124,7.6059,43.4049067,6.0135633,257.0,1,23,,0.396,
16:09:59.227,7.708978,43.4049067,6.0135633,257.0,1,23,,0.396,
16:09:59.326,7.80814,43.4049067,6.0135633,257.0,1,23,,0.396,
16:09:59.425,7.907022,43.4049064,6.0135631,257.0,1,23,,0.504,
16:09:59.525,8.007065,43.4049064,6.0135631,257.0,1,23,,0.504,
16:09:59.626,8.10799,43.4048742,6.0135778,253.0,1,23,,0.396,
16:09:59.725,8.206932,43.4048742,6.0135778,253.0,1,23,,0.396,
16:09:59.824,8.306141,43.4048742,6.0135778,253.0,1,24,,0.648,
16:09:59.924,8.405949,43.4048742,6.0135778,253.0,1,24,,0.648,
16:10:00.024,8.505868,43.4048745,6.0135783,253.0,1,24,,0.432,
16:10:00.126,8.608,43.4048745,6.0135783,253.0,1,24,,0.432,
16:10:00.225,8.706833,43.4048745,6.0135783,253.0,1,25,,0.432,
16:10:00.325,8.806808,43.4048745,6.0135783,253.0,1,25,,0.432,
16:10:00.426,8.907882,43.4048747,6.0135786,253.0,1,25,,0.432,
16:10:00.524,9.005922,43.4048747,6.0135786,253.0,1,24,,0.432,
16:10:00.623,9.104998,43.4048497,6.0135833,249.8,1,24,,0.432,
16:10:00.723,9.204926,43.4048497,6.0135833,249.8,1,24,,0.432,
16:10:00.827,9.309096,43.4048497,6.0135833,249.8,1,25,,0.432,
16:10:00.925,9.406764,43.4048497,6.0135833,249.8,1,25,,0.432,
16:10:01.024,9.505825,43.4048497,6.0135833,249.8,1,25,,0.432,
16:10:01.132,9.613882,43.4048497,6.0135833,249.8,1,25,,0.432,
16:10:01.223,9.704837,43.40485,6.0135833,249.8,1,25,,0.432,
16:10:01.325,9.806842,43.40485,6.0135833,249.8,1,25,,0.432,
16:10:01.423,9.904883,43.40485,6.0135833,249.8,1,25,,0.432,
16:10:01.524,10.005807,43.40485,6.0135833,249.8,1,25,,0.432,
16:10:01.625,10.106912,43.404837,6.0135897,247.5,1,25,,0.432,
16:10:01.724,10.205855,43.404837,6.0135897,247.5,1,25,,0.432,
16:10:01.823,10.305088,43.404837,6.0135897,247.5,1,26,,0.432,
16:10:01.932,10.413762,43.404837,6.0135897,247.5,1,26,,0.432,
16:10:02.024,10.505924,43.404837,6.0135897,247.5,1,26,,0.432,
16:10:02.131,10.613246,43.404837,6.0135897,247.5,1,26,,0.432,
16:10:02.223,10.704829,43.404837,6.0135897,247.5,1,26,,0.432,
16:10:02.332,10.813855,43.404837,6.0135897,247.5,1,26,,0.432,
16:10:02.422,10.904072,43.404837,6.0135897,247.5,1,27,,0.432,
16:10:02.524,11.006032,43.404837,6.0135897,247.5,1,27,,0.432,
16:10:02.623,11.104878,43.4048295,6.0135925,246.1,1,27,,0.432,
16:10:02.732,11.214072,43.4048295,6.0135925,246.1,1,27,,0.432,
16:10:02.821,11.303373,43.4048297,6.0135925,246.1,1,29,,0.432,
16:10:02.931,11.412554,43.4048297,6.0135925,246.1,1,29,,0.432,
16:10:03.032,11.514057,43.4048297,6.0135925,246.1,1,30,,0.432,
16:10:03.130,11.61193,43.4048297,6.0135925,246.1,1,30,,0.432,
16:10:03.250,11.731917,43.4048297,6.0135925,246.1,1,30,,0.432,
16:10:03.342,11.823789,43.4048297,6.0135925,246.1,1,30,,0.432,
16:10:03.433,11.9148,43.4048297,6.0135925,246.1,1,30,,0.432,
16:10:03.546,12.027903,43.4048297,6.0135925,246.1,1,30,2.44,0.432,
16:10:03.631,12.11288,43.4048255,6.0135964,245.3,1,30,2.44,0.432,
16:10:03.739,12.220854,43.4048255,6.0135964,245.3,1,30,2.44,0.432,
16:10:03.834,12.316036,43.4048258,6.0135964,245.3,1,30,,0.432,
16:10:03.933,12.414791,43.4048258,6.0135964,245.3,1,30,,0.432,
16:10:04.027,12.508923,43.4048258,6.0135964,245.3,1,30,,0.359,
16:10:04.137,12.61904,43.4048258,6.0135964,245.3,1,30,,0.359,
16:10:04.234,12.71589,43.4048258,6.0135964,245.3,1,30,,0.359,
16:10:04.334,12.815767,43.4048258,6.0135964,245.3,1,30,10.88,0.359,
16:10:04.428,12.910059,43.4048258,6.0135964,245.2,1,30,10.88,0.359,
16:10:04.537,13.018863,43.4048258,6.0135964,245.2,1,30,10.88,0.359,
16:10:04.638,13.119835,43.4048217,6.0135986,244.9,1,30,1.4,0.359,
16:10:04.733,13.214813,43.4048217,6.0135986,244.9,1,30,2.44,0.359,
16:10:04.834,13.31606,43.4048219,6.0135986,244.9,1,30,2.44,0.359,
16:10:04.936,13.417726,43.4048219,6.0135986,244.9,1,30,2.44,0.359,
16:10:05.034,13.515874,43.4048219,6.0135986,244.9,1,30,2.44,0.359,
16:10:05.133,13.614979,43.4048219,6.0135986,244.9,1,30,2.44,0.359,
16:10:05.232,13.713894,43.4048219,6.0135986,244.9,1,30,2.44,0.359,
16:10:05.336,13.81802,43.4048219,6.0135986,244.9,1,30,2.44,0.359,
16:10:05.434,13.915786,43.4048219,6.0135986,244.9,1,30,,0.359,
16:10:05.538,14.019749,43.4048219,6.0135986,244.9,1,30,1.4,0.359,
16:10:05.637,14.119105,43.4048197,6.0136003,244.8,1,30,1.4,0.359,
16:10:05.740,14.221915,43.4048197,6.0136003,244.8,1,30,1.4,0.359,
16:10:05.838,14.320018,43.4048197,6.0136003,244.8,1,30,1.4,0.359,
16:10:05.937,14.418723,43.4048197,6.0136003,244.8,1,30,1.4,0.359,
16:10:06.036,14.517801,43.4048197,6.0136003,244.7,1,30,1.4,0.359,
16:10:06.149,14.630889,43.4048197,6.0136003,244.7,1,30,1.4,0.359,
16:10:06.236,14.71774,43.4048197,6.0136003,244.7,1,30,1.4,0.359,
16:10:06.336,14.81787,43.4048197,6.0136003,244.7,1,30,1.4,0.359,
16:10:06.439,14.920976,43.40481,6.0135892,242.311,1,7,1.25,0.128,90.0
16:10:06.542,15.023898,43.4048115,6.0135888,240.743,2,7,1.17,0.078,90.0
16:10:06.643,15.124761,43.4048123,6.0135892,239.827,2,7,1.17,0.074,90.0
16:10:06.736,15.217816,43.4048135,6.0135895,239.155,2,6,10.26,0.08,90.0
16:10:06.836,15.318043,43.404814,6.0135893,238.666,2,6,10.26,0.063,90.0
16:10:06.939,15.420771,43.4048146,6.0135889,238.294,2,6,10.26,0.076,90.0
16:10:07.037,15.518762,43.4048147,6.0135884,237.975,2,6,10.26,0.011,90.0
16:10:07.137,15.618901,43.4048147,6.0135876,237.734,2,6,10.26,0.191,90.0
16:10:07.240,15.721856,43.4048149,6.0135899,237.666,2,8,1.16,0.252,90.0
16:10:07.341,15.82286,43.4048152,6.0135903,237.539,2,7,1.61,0.695,90.0
16:10:07.436,15.91779,43.4048151,6.0135905,237.545,2,0,2.91,1.052,90.0
16:10:07.533,16.014901,43.4048149,6.0135908,237.552,2,0,,1.161,111.25
16:10:07.646,16.127911,43.4048148,6.0135914,237.557,2,17,0.61,1.08,111.25
16:10:07.736,16.217802,43.4048146,6.0135917,237.566,2,0,,0.678,111.25
16:10:07.833,16.315035,43.4048145,6.0135919,237.57,2,0,,0.491,111.25
16:10:07.942,16.423968,43.4048144,6.013592,237.587,2,17,0.61,0.493,111.25
16:10:08.031,16.512829,43.4048143,6.0135919,237.592,2,0,,0.624,111.25
16:10:08.150,16.631911,43.4048141,6.0135918,237.599,2,0,,0.609,111.25
16:10:08.242,16.72383,43.404814,6.0135922,237.605,2,17,0.61,0.769,111.25
16:10:08.331,16.812829,43.4048138,6.013592,237.614,2,0,,0.898,111.25
16:10:08.437,16.918875,43.4048138,6.013592,237.68,2,12,1.06,1.506,111.25
16:10:08.539,17.020737,43.4048136,6.0135928,237.705,2,12,0.93,1.578,111.26
16:10:08.636,17.11744,43.4048133,6.0135935,237.717,2,12,0.95,0.857,111.32
16:10:08.744,17.225889,43.4048131,6.0135942,237.732,2,12,1.07,0.741,111.4
16:10:08.835,17.317063,43.4048132,6.0135952,237.7,2,11,1.03,0.546,111.17
16:10:08.937,17.418813,43.4048134,6.013596,237.668,2,10,1.04,0.3,110.93
16:10:09.035,17.516736,43.4048132,6.0135961,237.668,2,9,1.7,0.07,111.09
16:10:09.134,17.615835,43.4048131,6.0135961,237.671,2,9,1.7,0.137,111.26
16:10:09.235,17.716766,43.4048131,6.013596,237.692,2,11,1.57,0.644,111.32
16:10:09.340,17.821752,43.4048123,6.013599,237.569,2,11,1.45,0.539,112.6
16:10:09.436,17.91778,43.4048122,6.0135988,237.592,2,11,1.57,0.957,112.66
16:10:09.534,18.015815,43.4048121,6.0135987,237.613,2,11,1.34,0.998,112.76
16:10:09.635,18.116878,43.4048119,6.0135991,237.619,2,12,1.3,1.028,112.98
16:10:09.738,18.219788,43.4048117,6.0135995,237.629,2,12,1.3,0.943,113.2
16:10:09.835,18.31701,43.4048114,6.0136003,237.66,2,12,1.3,0.167,113.43
16:10:09.934,18.415706,43.4048112,6.0136007,237.696,2,12,1.3,0.154,113.74
16:10:10.034,18.51572,43.4048116,6.0136011,237.622,2,11,1.41,0.007,112.83
16:10:10.136,18.617923,43.4048114,6.0136014,237.647,2,11,1.5,0.065,113.18
16:10:10.229,18.710723,43.4048114,6.0136014,237.647,2,0,,0.065,113.18
16:10:10.328,18.809771,43.4048114,6.0136013,237.647,2,0,,0.065,113.18
16:10:10.440,18.921756,43.4048114,6.0136014,237.654,2,17,0.61,0.219,113.14
16:10:10.531,19.012706,43.4048115,6.0136013,237.654,2,0,,0.217,113.14
16:10:10.629,19.110931,43.4048115,6.0136013,237.654,2,0,,0.217,113.14
16:10:10.739,19.220784,43.4048114,6.0136016,237.673,2,17,0.61,0.167,113.25
16:10:10.827,19.309005,43.4048114,6.0136017,237.673,2,0,,0.17,113.25
16:10:10.929,19.410749,43.4048114,6.0136017,237.673,2,0,,0.17,113.25
16:10:11.039,19.521034,43.4048114,6.0136016,237.697,2,17,0.61,0.059,113.51
16:10:11.137,19.618856,43.4048114,6.0136016,237.697,2,0,,0.057,113.51
16:10:11.227,19.708726,43.4048114,6.0136016,237.697,2,0,,0.057,113.51
16:10:11.340,19.82194,43.4048114,6.0136017,237.72,2,17,0.61,0.081,113.43
16:10:11.428,19.909747,43.4048114,6.0136016,237.72,2,0,,0.08,113.43
16:10:11.537,20.018694,43.4048114,6.0136016,237.72,2,0,,0.08,113.43
16:10:11.638,20.119883,43.4048114,6.0136017,237.738,2,17,0.61,0.035,113.35
16:10:11.731,20.212752,43.4048114,6.0136017,237.738,2,0,,0.011,113.35
16:10:11.828,20.30998,43.4048114,6.0136017,237.738,2,0,,0.2,113.35
16:10:11.951,20.432688,43.4048113,6.0136018,237.766,2,17,0.6,0.335,113.24
16:10:12.037,20.518831,43.4048112,6.0136019,237.767,2,0,,0.233,113.24
16:10:12.138,20.619861,43.4048112,6.013602,237.766,2,0,,0.354,113.24
16:10:12.229,20.710918,43.4048112,6.013602,237.766,2,0,,0.313,113.24
16:10:12.338,20.819742,43.4048112,6.013602,237.766,2,0,,0.248,113.24
16:10:12.437,20.91873,43.4048112,6.013602,237.766,2,0,,0.224,113.24
16:10:12.537,21.018675,43.4048112,6.013602,237.766,2,0,,0.246,113.24
16:10:12.629,21.110713,43.4048112,6.013602,237.766,2,0,,0.248,113.24
16:10:12.741,21.222674,43.4048104,6.0136012,237.7,5,7,1.18,0.185,113.24
16:10:12.843,21.324973,43.4048096,6.0136007,237.653,5,7,1.41,0.061,113.24
16:10:12.942,21.423672,43.4048089,6.0136004,237.625,5,7,1.41,0.093,113.24
16:10:13.031,21.513148,43.4048082,6.0136001,237.63,5,7,1.41,0.283,113.24
16:10:13.169,21.650879,43.4048075,6.0135997,237.634,5,7,1.41,0.276,113.24
16:10:13.242,21.723689,43.4048069,6.0135993,237.666,5,7,1.41,0.152,113.24
16:10:13.352,21.8337,43.4048063,6.013599,237.7,5,7,1.41,0.091,113.24
16:10:13.444,21.925809,43.4048057,6.0135986,237.745,5,7,1.41,0.026,113.24
16:10:13.540,22.021847,43.4048052,6.0135983,237.791,5,7,1.41,0.08,113.24
16:10:13.641,22.12278,43.4048046,6.0135981,237.858,5,7,1.41,0.106,113.24
16:10:13.742,22.223725,43.404804,6.0135978,237.924,5,7,1.41,0.156,113.24
16:10:13.831,22.313091,43.4048035,6.0135975,238.013,5,7,1.41,0.165,113.24
16:10:13.943,22.424658,43.4048029,6.0135972,238.1,5,7,1.41,0.211,113.24
16:10:14.044,22.525851,43.4048024,6.013597,238.177,5,7,1.27,0.098,113.24
16:10:14.151,22.632849,43.4048019,6.0135967,238.246,5,7,1.27,0.061,113.24
16:10:14.249,22.73081,43.404802,6.0135965,238.191,5,7,1.27,0.315,113.24
16:10:14.348,22.82974,43.4048019,6.0135964,238.137,5,8,1.26,0.43,113.24
16:10:14.446,22.927824,43.4048018,6.0135962,238.118,5,8,1.26,0.463,113.24
16:10:14.546,23.02776,43.4048017,6.013596,238.076,5,8,1.26,0.457,113.24
16:10:14.649,23.13066,43.4048015,6.0135958,238.041,5,8,1.26,0.422,113.24
16:10:14.746,23.227669,43.4048013,6.0135959,238.073,5,8,1.26,0.248,113.24
16:10:14.840,23.32205,43.4048012,6.013596,238.15,5,7,1.81,0.133,113.24
16:10:14.941,23.42264,43.4048012,6.0135961,238.224,5,7,1.81,0.1,113.24
16:10:15.044,23.525656,43.4048013,6.0135961,238.287,5,7,1.81,0.224,113.24
16:10:15.142,23.623915,43.4048013,6.0135961,238.346,5,7,1.81,0.244,113.24
16:10:15.247,23.728749,43.4048015,6.0135961,238.385,5,7,1.81,0.324,113.24
16:10:15.347,23.828708,43.4048016,6.0135961,238.343,5,8,1.32,0.211,113.24
16:10:15.450,23.93172,43.4048016,6.0135961,238.302,5,8,1.32,0.159,113.24
16:10:15.549,24.030742,43.4048017,6.0135962,238.273,5,8,1.32,0.119,113.24
16:10:15.648,24.129878,43.4048017,6.0135962,238.244,5,8,1.32,0.061,113.24
16:10:15.747,24.228761,43.4048017,6.0135963,238.202,5,8,1.43,0.013,113.24
16:10:15.849,24.33094,43.4048018,6.0135964,238.161,5,8,1.43,0.08,113.24
16:10:15.949,24.430627,43.4048018,6.0135965,238.13,5,8,1.43,0.106,113.24
16:10:16.045,24.52678,43.4048019,6.0135965,238.17,5,7,1.83,0.131,113.24
16:10:16.146,24.627806,43.404802,6.0135965,238.223,5,7,1.83,0.2,113.24
16:10:16.248,24.729743,43.404802,6.0135965,238.268,5,7,1.83,0.282,113.24
16:10:16.346,24.827639,43.4048021,6.0135966,238.312,5,7,1.83,0.3,113.24
16:10:16.445,24.926713,43.4048022,6.0135966,238.356,5,7,1.83,0.198,113.24
16:10:16.545,25.026637,43.4048022,6.0135967,238.401,5,7,1.83,0.124,113.24
16:10:16.647,25.128724,43.4048023,6.0135967,238.448,5,7,1.83,0.065,113.24
16:10:16.747,25.228745,43.4048023,6.0135967,238.501,5,7,1.83,0.046,113.24
16:10:16.845,25.326942,43.4048024,6.013597,238.418,5,7,1.43,0.096,113.24
16:10:16.945,25.426615,43.4048025,6.0135972,238.342,5,7,1.43,0.117,113.24
16:10:17.047,25.528658,43.4048025,6.0135974,238.272,5,7,1.43,0.081,113.24
16:10:17.145,25.626798,43.4048027,6.0135976,238.204,5,7,1.43,0.056,113.24
16:10:17.244,25.725633,43.4048027,6.0135978,238.132,5,7,1.43,0.03,113.24
16:10:17.343,25.824834,43.4048028,6.013598,238.078,5,7,1.43,0.015,113.24
16:10:17.446,25.927715,43.4048028,6.0135981,238.038,5,7,1.43,0.017,113.24
16:10:17.545,26.026622,43.4048028,6.0135983,237.989,5,7,1.43,0.043,113.24
16:10:17.643,26.124629,43.4048028,6.0135984,237.95,5,7,1.43,0.022,113.24
16:10:17.743,26.224781,43.4048027,6.0135986,237.929,5,7,1.43,0.017,113.24
16:10:17.847,26.328872,43.4048027,6.0135987,237.902,5,7,1.43,0.1,113.24
16:10:17.946,26.427636,43.4048027,6.0135988,237.892,5,7,1.43,0.17,113.24
16:10:18.044,26.525829,43.4048026,6.0135989,237.895,5,7,1.43,0.235,113.24
16:10:18.153,26.634792,43.4048025,6.013599,237.902,5,7,1.43,0.254,113.24
16:10:18.246,26.727625,43.4048024,6.0135991,237.914,5,7,1.43,0.289,113.24
16:10:18.344,26.825762,43.4048024,6.0135993,237.905,5,7,1.43,0.261,113.24
16:10:18.443,26.924693,43.4048024,6.0135994,237.87,5,7,1.43,0.293,113.24
16:10:18.543,27.024621,43.4048024,6.0135995,237.838,5,7,1.43,0.206,113.24
16:10:18.645,27.126612,43.4048024,6.0135996,237.814,5,7,1.43,0.085,113.24
16:10:18.745,27.226748,43.4048024,6.0135997,237.795,5,7,1.43,0.091,113.24
16:10:18.843,27.324971,43.4048024,6.0135998,237.79,5,7,1.43,0.119,113.24
16:10:18.942,27.423705,43.4048024,6.0135999,237.787,5,7,1.43,0.111,113.24
16:10:19.046,27.52763,43.4048024,6.0135999,237.779,5,7,1.43,0.085,113.24
16:10:19.153,27.634857,43.4048024,6.0135999,237.777,5,7,1.43,0.159,113.24
16:10:19.242,27.723697,43.4048024,6.0136,237.762,5,7,1.43,0.169,113.24
16:10:19.343,27.824615,43.4048024,6.0136001,237.752,5,7,1.43,0.113,113.24
16:10:19.445,27.926677,43.4048024,6.0136001,237.747,5,7,1.43,0.135,113.24
16:10:19.543,28.02468,43.4048024,6.0136002,237.756,5,7,1.43,0.057,113.24
16:10:19.641,28.122613,43.4048024,6.0136002,237.785,5,7,1.43,0.117,113.24
16:10:19.743,28.224739,43.4048025,6.0136002,237.778,5,8,1.43,0.169,113.24
16:10:19.846,28.327903,43.4048026,6.0136002,237.766,5,8,1.32,0.124,113.24
16:10:19.946,28.427587,43.4048027,6.0136003,237.75,5,8,1.32,0.03,113.24
16:10:20.043,28.524681,43.4048028,6.0136003,237.747,5,8,1.32,0.056,113.24
16:10:20.162,28.643746,43.4048029,6.0136003,237.734,5,8,1.32,0.056,113.24
16:10:20.246,28.727618,43.404803,6.0136003,237.718,5,8,1.32,0.043,113.24
16:10:20.344,28.825676,43.4048031,6.0136003,237.71,5,8,1.32,0.041,113.24
16:10:20.443,28.924692,43.4048031,6.0136003,237.699,5,8,1.32,0.102,113.24
16:10:20.552,29.033911,43.4048032,6.0136003,237.69,5,8,1.32,0.061,113.24
16:10:20.645,29.126856,43.4048033,6.0136004,237.675,5,8,1.32,0.017,113.24
16:10:20.744,29.225683,43.4048034,6.0136004,237.655,5,8,1.43,0.031,113.24
16:10:20.843,29.324432,43.4048034,6.0136005,237.627,5,8,1.43,0.02,113.24
16:10:20.951,29.432867,43.4048035,6.0136005,237.594,5,8,1.43,0.052,113.24
16:10:21.046,29.52781,43.4048037,6.0136006,237.553,5,8,1.43,0.031,113.24
16:10:21.157,29.638749,43.4048037,6.0136006,237.531,5,8,1.43,0.046,113.24
16:10:21.242,29.723585,43.4048039,6.0136006,237.496,5,8,1.43,0.048,113.24
16:10:21.350,29.831668,43.404804,6.0136007,237.466,5,8,1.43,0.037,113.24
16:10:21.445,29.926633,43.4048041,6.0136007,237.428,5,8,1.43,0.037,113.24
16:10:21.545,30.026574,43.4048042,6.0136007,237.397,5,8,1.43,0.026,113.24
16:10:21.640,30.121653,43.4048046,6.0136008,237.327,5,9,1.1,0.044,113.24
16:10:21.750,30.231839,43.4048048,6.0136008,237.266,5,8,1.43,0.052,113.24
16:10:21.844,30.32596,43.404805,6.0136008,237.215,5,8,1.43,0.046,113.24
16:10:21.943,30.424626,43.4048051,6.0136007,237.196,5,8,1.43,0.044,113.24
16:10:22.042,30.52366,43.4048051,6.0136006,237.202,5,8,1.43,0.009,113.24
16:10:22.150,30.631821,43.4048051,6.0136006,237.209,5,8,1.43,0.054,113.24
16:10:22.244,30.725628,43.4048052,6.0136006,237.2,5,8,1.43,0.089,113.24
16:10:22.343,30.824619,43.4048053,6.0136005,237.197,5,8,1.43,0.085,113.24
16:10:22.442,30.923622,43.4048053,6.0136005,237.203,5,8,1.43,0.117,113.24
16:10:22.551,31.032585,43.4048052,6.0136005,237.229,5,8,1.43,0.061,113.24
16:10:22.644,31.125638,43.4048052,6.0136004,237.256,5,8,1.43,0.041,113.24
16:10:22.743,31.22453,43.4048051,6.0136004,237.291,5,8,1.43,0.048,113.24
16:10:22.840,31.321943,43.4048052,6.0136004,237.339,5,7,1.83,0.044,113.24
16:10:22.949,31.430574,43.4048052,6.0136003,237.385,5,7,1.83,0.019,113.24
16:10:23.043,31.524651,43.4048052,6.0136002,237.428,5,7,1.83,0.052,113.24
16:10:23.143,31.624793,43.4048051,6.0136003,237.425,5,8,1.43,0.024,113.24
16:10:23.242,31.723585,43.4048051,6.0136003,237.415,5,8,1.43,0.007,113.24
16:10:23.361,31.842879,43.4048052,6.0136004,237.394,5,8,1.43,0.069,113.24
16:10:23.460,31.941805,43.4048053,6.0136003,237.387,5,7,1.83,0.111,113.24
16:10:23.551,32.0326,43.4048055,6.0136003,237.386,5,7,1.83,0.048,113.24
16:10:23.640,32.121559,43.4048055,6.0136004,237.36,5,8,1.43,0.043,113.24
16:10:23.749,32.230641,43.4048055,6.0136004,237.34,5,8,1.43,0.039,113.24
16:10:23.843,32.324846,43.4048055,6.0136005,237.314,5,8,1.43,0.048,113.24
16:10:23.952,32.433559,43.4048055,6.0136005,237.293,5,8,1.43,0.052,113.24
16:10:24.051,32.532636,43.4048055,6.0136005,237.259,5,8,1.43,0.102,113.24
16:10:24.151,32.632699,43.4048055,6.0136006,237.229,5,8,1.43,0.057,113.24
16:10:24.249,32.730677,43.4048054,6.0136006,237.218,5,8,1.43,0.083,113.24
16:10:24.351,32.832528,43.4048054,6.0136006,237.206,5,8,1.43,0.056,113.24
16:10:24.440,32.921635,43.4048054,6.0136008,237.124,5,7,1.78,0.072,113.24
16:10:24.550,33.031534,43.4048054,6.0136008,237.124,5,8,1.43,0.033,113.24
16:10:24.642,33.123536,43.4048053,6.0136006,237.176,5,8,1.43,0.139,113.24
16:10:24.751,33.232629,43.4048053,6.0136005,237.2,5,8,1.43,0.237,113.24
16:10:24.848,33.329817,43.4048052,6.0136005,237.219,5,7,1.43,0.157,113.24
16:10:24.946,33.427523,43.404805,6.0136004,237.269,5,6,1.46,0.206,113.24
16:10:25.040,33.521578,43.4048048,6.0136003,237.322,5,6,1.46,0.185,113.24
16:10:25.151,33.63267,43.4048046,6.0136002,237.376,5,7,1.46,0.163,113.24
16:10:25.248,33.72952,43.4048044,6.0136001,237.445,5,6,1.46,0.144,113.24
16:10:25.346,33.827514,43.4048041,6.0136,237.517,5,6,1.46,0.085,113.24
16:10:25.440,33.92163,43.404804,6.0136,237.589,5,6,1.36,0.083,113.24
16:10:25.539,34.020818,43.4048038,6.0135999,237.646,5,6,1.36,0.193,113.24
16:10:25.647,34.128509,43.4048036,6.0135998,237.71,5,6,1.36,0.235,113.24
16:10:25.745,34.226557,43.4048035,6.0135997,237.769,5,6,1.36,0.232,113.24
16:10:25.837,34.318837,43.4048034,6.0135996,237.843,5,6,1.36,0.219,113.24
16:10:25.947,34.428549,43.4048032,6.0135995,237.92,5,6,1.36,0.257,113.24
16:10:26.046,34.527455,43.404803,6.0135993,238.001,5,6,1.36,0.215,113.24
16:10:26.154,34.635689,43.4048029,6.0135992,238.079,5,6,1.36,0.091,113.24
16:10:26.246,34.727507,43.4048029,6.013599,238.135,5,7,1.34,0.283,113.24
16:10:26.350,34.831688,43.404803,6.0135988,238.205,5,7,1.34,0.332,113.24
16:10:26.448,34.929605,43.404803,6.0135986,238.27,5,7,1.34,0.196,113.24
16:10:26.548,35.029567,43.404803,6.0135985,238.34,5,8,1.34,0.094,113.24
16:10:26.648,35.129533,43.404803,6.0135983,238.403,5,8,1.25,0.063,113.24
16:10:26.750,35.231498,43.404803,6.0135982,238.457,5,8,1.25,0.043,113.24
16:10:26.850,35.33179,43.4048029,6.013598,238.525,5,8,1.25,0.067,113.24
16:10:26.948,35.429579,43.4048029,6.0135979,238.589,5,8,1.25,0.096,113.24
16:10:27.048,35.529515,43.4048028,6.0135978,238.635,5,8,1.25,0.119,113.24
16:10:27.151,35.632669,43.4048028,6.0135977,238.669,5,8,1.25,0.048,113.24
16:10:27.250,35.731508,43.4048028,6.0135977,238.686,5,8,1.25,0.117,113.24
16:10:27.347,35.828691,43.4048028,6.0135976,238.712,5,8,1.25,0.044,113.24
16:10:27.446,35.927617,43.4048028,6.0135975,238.742,5,8,1.25,0.004,113.24
16:10:27.550,36.031497,43.4048028,6.0135975,238.766,5,8,1.25,0.072,113.24
16:10:27.649,36.130486,43.4048027,6.0135974,238.788,5,8,1.25,0.052,113.24
16:10:27.747,36.228501,43.4048028,6.0135974,238.807,5,8,1.25,0.048,113.24
16:10:27.847,36.328776,43.4048027,6.0135973,238.838,5,8,1.25,0.124,113.24
16:10:27.948,36.429538,43.4048027,6.0135973,238.855,5,8,1.25,0.072,113.24
16:10:28.049,36.530504,43.4048028,6.0135972,238.869,5,8,1.25,0.022,113.24
16:10:28.148,36.629685,43.4048029,6.0135972,238.867,5,8,1.25,0.052,113.24
16:10:28.247,36.728476,43.404803,6.0135971,238.861,5,8,1.25,0.05,113.24
16:10:28.349,36.830461,43.4048032,6.0135971,238.843,5,8,1.25,0.046,113.24
16:10:28.447,36.928535,43.4048033,6.0135971,238.837,5,8,1.25,0.043,113.24
16:10:28.546,37.027482,43.4048035,6.013597,238.84,5,8,1.25,0.076,113.24
16:10:28.646,37.127563,43.4048036,6.0135969,238.858,5,8,1.25,0.031,113.24
16:10:28.749,37.230557,43.4048037,6.0135968,238.869,5,8,1.25,0.059,113.24
16:10:28.849,37.330824,43.4048039,6.0135967,238.891,5,8,1.18,0.054,113.24
16:10:28.946,37.427527,43.404804,6.0135966,238.916,5,8,1.18,0.07,113.24
16:10:29.047,37.528474,43.4048041,6.0135964,238.942,5,8,1.18,0.043,113.24
16:10:29.149,37.630771,43.4048042,6.0135964,238.961,5,8,1.18,0.081,113.24
16:10:29.248,37.729501,43.4048044,6.0135963,238.946,5,8,1.18,0.067,113.24
16:10:29.346,37.827541,43.4048046,6.0135962,238.944,5,8,1.18,0.028,113.24
16:10:29.446,37.927592,43.4048047,6.0135961,238.943,5,8,1.18,0.061,113.24
16:10:29.549,38.030491,43.4048049,6.013596,238.949,5,8,1.18,0.107,113.24
16:10:29.647,38.128474,43.404805,6.0135959,238.956,5,8,1.18,0.091,113.24
16:10:29.746,38.227478,43.4048051,6.0135958,238.962,5,8,1.18,0.041,113.24
16:10:29.846,38.327806,43.4048051,6.0135958,238.975,5,8,1.18,0.046,113.24
16:10:29.949,38.430477,43.4048052,6.0135957,238.988,5,8,1.18,0.061,113.24
16:10:30.048,38.529555,43.4048052,6.0135956,239.0,5,8,1.18,0.12,113.24
16:10:30.156,38.637688,43.4048053,6.0135955,239.017,5,8,1.18,0.102,113.24
16:10:30.246,38.727457,43.4048053,6.0135954,239.032,5,8,1.18,0.07,113.24
16:10:30.346,38.827663,43.4048053,6.0135952,239.048,5,8,1.18,0.02,113.24
16:10:30.447,38.9285,43.4048053,6.0135952,239.064,5,8,1.18,0.043,113.24
16:10:30.545,39.026467,43.4048053,6.0135951,239.085,5,8,1.18,0.096,113.24
16:10:30.645,39.126948,43.4048054,6.013595,239.103,5,8,1.18,0.12,113.24
16:10:30.748,39.229528,43.4048054,6.0135949,239.116,5,8,1.18,0.085,113.24
16:10:30.846,39.327889,43.4048055,6.0135948,239.132,5,8,1.18,0.072,113.24
16:10:30.945,39.426482,43.4048055,6.0135947,239.14,5,8,1.18,0.052,113.24
16:10:31.046,39.527543,43.4048056,6.0135946,239.151,5,8,1.18,0.015,113.24
16:10:31.157,39.638628,43.4048057,6.0135945,239.16,5,8,1.18,0.015,113.24
16:10:31.247,39.728448,43.4048058,6.0135945,239.165,5,8,1.18,0.057,113.24
16:10:31.345,39.826468,43.4048059,6.0135944,239.166,5,8,1.18,0.043,113.24
16:10:31.445,39.926475,43.404806,6.0135943,239.171,5,8,1.18,0.059,113.24
16:10:31.546,40.027548,43.4048061,6.0135943,239.174,5,8,1.18,0.061,113.24
16:10:31.647,40.128435,43.4048062,6.0135942,239.185,5,8,1.18,0.072,113.24
16:10:31.745,40.226442,43.4048063,6.0135941,239.184,5,8,1.18,0.104,113.24
16:10:31.848,40.329829,43.4048063,6.013594,239.189,5,8,1.18,0.07,113.24
16:10:31.948,40.429417,43.4048064,6.013594,239.193,5,8,1.18,0.026,113.24
16:10:32.046,40.527484,43.4048065,6.0135939,239.197,5,8,1.18,0.033,113.24
16:10:32.155,40.636707,43.4048066,6.0135939,239.205,5,8,1.18,0.057,113.24
16:10:32.252,40.733481,43.4048066,6.0135938,239.214,5,8,1.18,0.093,113.24
16:10:32.347,40.828476,43.4048067,6.0135937,239.219,5,8,1.19,0.087,113.24
16:10:32.445,40.926509,43.4048067,6.0135936,239.223,5,8,1.19,0.081,113.24
16:10:32.544,41.025501,43.4048068,6.0135936,239.229,5,8,1.19,0.046,113.24
16:10:32.644,41.12547,43.4048069,6.0135935,239.234,5,8,1.19,0.059,113.24
16:10:32.747,41.228438,43.404807,6.0135934,239.233,5,8,1.19,0.061,113.24
16:10:32.846,41.327765,43.404807,6.0135934,239.225,5,8,1.19,0.044,113.24
16:10:32.945,41.426484,43.4048071,6.0135934,239.219,5,8,1.19,0.02,113.24
16:10:33.044,41.525691,43.4048071,6.0135933,239.215,5,8,1.19,0.039,113.24
16:10:33.146,41.627661,43.4048072,6.0135933,239.216,5,8,1.19,0.059,113.24
16:10:33.246,41.727519,43.4048072,6.0135933,239.204,5,8,1.19,0.013,113.24
16:10:33.365,41.846458,43.4048073,6.0135932,239.19,5,8,1.19,0.033,113.24
16:10:33.452,41.933618,43.4048073,6.0135932,239.181,5,8,1.19,0.035,113.24
16:10:33.547,42.028415,43.4048073,6.0135933,239.168,5,8,1.19,0.009,113.24
16:10:33.645,42.126502,43.4048073,6.0135933,239.148,5,8,1.04,0.061,113.24
16:10:33.755,42.236523,43.4048073,6.0135933,239.123,5,8,1.04,0.07,113.24
16:10:33.844,42.325866,43.4048073,6.0135934,239.107,5,8,1.04,0.03,113.24
16:10:33.947,42.4285,43.4048073,6.0135934,239.084,5,8,1.04,0.026,113.24
16:10:34.046,42.527567,43.4048073,6.0135935,239.062,5,8,1.04,0.026,113.24
16:10:34.157,42.638638,43.4048073,6.0135935,239.035,5,8,1.04,0.009,113.24
16:10:34.244,42.72556,43.4048073,6.0135935,239.017,5,8,1.04,0.028,113.24
16:10:34.347,42.828534,43.4048073,6.0135936,239.0,5,8,1.04,0.015,113.24
16:10:34.446,42.927463,43.4048074,6.0135936,238.981,5,8,1.04,0.057,113.24
16:10:34.555,43.036435,43.4048074,6.0135936,238.958,5,8,1.04,0.104,113.24
16:10:34.645,43.126395,43.4048074,6.0135936,238.945,5,8,1.04,0.054,113.24
16:10:34.746,43.227496,43.4048074,6.0135936,238.932,5,8,1.04,0.072,113.24
16:10:34.846,43.327728,43.4048074,6.0135937,238.917,5,8,1.04,0.041,113.24
16:10:34.954,43.435442,43.4048075,6.0135937,238.909,5,8,1.04,0.024,113.24
16:10:35.044,43.525449,43.4048075,6.0135937,238.902,5,8,1.04,0.015,113.24
16:10:35.155,43.63653,43.4048075,6.0135936,238.904,5,8,1.04,0.065,113.24
16:10:35.245,43.726521,43.4048075,6.0135936,238.907,5,8,1.04,0.085,113.24
16:10:35.353,43.834564,43.4048075,6.0135936,238.911,5,8,1.04,0.006,113.24
16:10:35.452,43.933585,43.4048075,6.0135936,238.913,5,8,1.04,0.011,113.24
16:10:35.548,44.029413,43.4048075,6.0135936,238.922,5,7,1.37,0.03,113.24
16:10:35.647,44.128607,43.4048075,6.0135935,238.929,5,8,1.04,0.03,113.24
16:10:35.756,44.23745,43.4048075,6.0135935,238.93,5,8,1.04,0.052,113.24
16:10:35.853,44.334776,43.4048075,6.0135935,238.938,5,8,1.04,0.03,113.24
16:10:35.947,44.428494,43.4048074,6.0135935,238.942,5,8,1.04,0.028,113.24
16:10:36.046,44.527493,43.4048074,6.0135935,238.951,5,8,1.04,0.039,113.24
16:10:36.158,44.639533,43.4048074,6.0135934,238.966,5,8,1.04,0.006,113.24
16:10:36.253,44.734386,43.4048073,6.0135934,238.981,5,8,1.04,0.054,113.24
16:10:36.353,44.834455,43.4048073,6.0135933,239.001,5,8,1.04,0.074,113.24
16:10:36.445,44.926533,43.4048072,6.0135933,239.017,5,8,1.04,0.037,113.24
16:10:36.553,45.035365,43.4048072,6.0135933,239.034,5,8,1.04,0.054,113.24
16:10:36.652,45.133483,43.4048071,6.0135932,239.052,5,8,1.04,0.057,113.24
16:10:36.748,45.229409,43.4048071,6.0135932,239.061,5,8,1.04,0.022,113.24
16:10:36.842,45.324092,43.4048059,6.0135933,239.128,5,9,0.98,0.015,113.24
16:10:36.954,45.435462,43.4048052,6.0135934,239.162,5,8,1.04,0.026,113.24
16:10:37.050,45.531942,43.4048046,6.0135935,239.187,5,8,1.04,0.048,113.24
16:10:37.156,45.637658,43.4048041,6.0135936,239.197,5,8,1.04,0.046,113.24
16:10:37.244,45.726366,43.4048037,6.0135936,239.222,5,8,1.04,0.044,113.24
16:10:37.354,45.836359,43.4048034,6.0135937,239.232,5,8,1.04,0.037,113.24
16:10:37.451,45.932504,43.4048031,6.0135938,239.244,5,8,1.04,0.03,113.24
16:10:37.553,46.034409,43.404803,6.0135938,239.234,5,8,1.04,0.035,113.24
16:10:37.645,46.12736,43.4048029,6.0135938,239.221,5,8,1.04,0.043,113.24
16:10:37.753,46.23535,43.4048028,6.0135938,239.213,5,8,1.04,0.044,113.24
16:10:37.850,46.331855,43.4048027,6.0135938,239.218,5,8,1.04,0.009,113.24
16:10:37.951,46.432478,43.4048026,6.0135938,239.232,5,8,1.04,0.031,113.24
16:10:38.045,46.526541,43.4048025,6.0135937,239.235,5,8,1.04,0.009,113.24
16:10:38.154,46.635604,43.4048023,6.0135937,239.243,5,8,1.04,0.02,113.24
16:10:38.252,46.733394,43.4048023,6.0135936,239.241,5,8,1.04,0.057,113.24
16:10:38.346,46.827402,43.4048022,6.0135936,239.239,5,8,1.04,0.048,113.24
16:10:38.454,46.935501,43.4048021,6.0135936,239.241,5,8,1.04,0.046,113.24
16:10:38.554,47.036377,43.404802,6.0135936,239.231,5,8,1.04,0.022,113.24
16:10:38.649,47.131187,43.4048019,6.0135937,239.221,5,8,1.04,0.052,113.24
16:10:38.753,47.234391,43.4048018,6.0135937,239.203,5,8,1.04,0.076,113.24
16:10:38.854,47.335763,43.4048017,6.0135938,239.19,5,8,1.04,0.087,113.24
16:10:38.954,47.436377,43.4048017,6.0135939,239.188,5,8,1.04,0.096,113.24
16:10:39.053,47.534429,43.4048016,6.0135939,239.178,5,8,1.04,0.106,113.24
16:10:39.153,47.634502,43.4048016,6.013594,239.165,5,8,1.04,0.067,113.24
16:10:39.255,47.737369,43.4048015,6.0135941,239.152,5,8,1.04,0.089,113.24
16:10:39.353,47.835346,43.4048015,6.0135942,239.14,5,8,1.04,0.07,113.24
16:10:39.452,47.93438,43.4048014,6.0135942,239.134,5,8,1.04,0.091,113.24
16:10:39.545,48.027321,43.4048014,6.0135943,239.125,5,8,1.04,0.124,113.24
16:10:39.654,48.136317,43.4048013,6.0135944,239.108,5,8,1.04,0.074,113.24
16:10:39.753,48.235313,43.4048013,6.0135946,239.076,5,8,1.04,0.033,113.24
16:10:39.856,48.337626,43.4048013,6.0135947,239.03,5,8,1.04,0.137,113.24
16:10:39.952,48.433548,43.4048014,6.0135949,238.981,5,8,1.04,0.204,113.24
16:10:40.054,48.535457,43.4048014,6.0135951,238.926,5,8,1.04,0.152,113.24
16:10:40.150,48.631435,43.4048016,6.0135954,238.826,5,7,1.13,0.144,113.24
16:10:40.248,48.729442,43.4048017,6.0135957,238.727,5,7,1.13,0.104,113.24
16:10:40.347,48.829363,43.4048019,6.0135959,238.646,5,7,1.13,0.131,113.24
16:10:40.451,48.93245,43.4048021,6.0135961,238.558,5,7,1.13,0.131,113.24
16:10:40.551,49.033345,43.4048023,6.0135963,238.5,5,8,1.08,0.087,113.24
16:10:40.648,49.130004,43.4048023,6.0135964,238.451,5,8,1.08,0.144,113.24
16:10:40.750,49.231401,43.4048024,6.0135965,238.397,5,8,1.08,0.131,113.24
16:10:40.853,49.334713,43.4048026,6.0135967,238.338,5,8,1.08,0.109,113.24
16:10:40.951,49.43338,43.4048027,6.0135968,238.284,5,8,1.08,0.069,113.24
16:10:41.050,49.53163,43.4048028,6.0135969,238.232,5,8,1.08,0.028,113.24
16:10:41.151,49.632447,43.4048029,6.013597,238.184,5,8,1.08,0.015,113.24
16:10:41.251,49.732506,43.404803,6.0135971,238.117,5,8,1.08,0.009,113.24
16:10:41.351,49.832602,43.4048031,6.0135972,238.052,5,8,1.08,0.07,113.24
16:10:41.448,49.929396,43.404803,6.0135972,238.035,5,8,1.08,0.059,113.24
16:10:41.545,50.026406,43.404803,6.0135973,238.016,5,8,1.08,0.08,113.24
16:10:41.648,50.130357,43.4048029,6.0135973,237.999,5,8,1.08,0.089,113.24
16:10:41.747,50.228416,43.4048029,6.0135973,237.986,5,8,1.08,0.072,113.24
16:10:41.846,50.3276,43.4048028,6.0135974,237.968,5,8,1.08,0.041,113.24
16:10:41.945,50.42737,43.4048028,6.0135974,237.951,5,8,1.08,0.022,113.24
16:10:42.047,50.52934,43.4048027,6.0135974,237.93,5,8,1.08,0.039,113.24
16:10:42.158,50.639527,43.4048027,6.0135975,237.913,5,8,1.08,0.019,113.24
16:10:42.248,50.730324,43.4048029,6.0135976,237.844,5,8,1.08,0.048,113.24
16:10:42.349,50.830556,43.404803,6.0135977,237.786,5,8,1.08,0.072,113.24
16:10:42.446,50.928352,43.4048032,6.0135978,237.716,5,8,1.08,0.065,113.24
16:10:42.547,51.029333,43.4048034,6.013598,237.643,5,8,1.08,0.057,113.24
16:10:42.645,51.127291,43.4048035,6.0135981,237.578,5,8,1.08,0.026,113.24
16:10:42.744,51.226326,43.4048037,6.0135983,237.503,5,8,1.08,0.017,113.24
16:10:42.847,51.328893,43.4048039,6.0135985,237.428,5,8,1.08,0.026,113.24
16:10:42.946,51.427464,43.4048041,6.0135986,237.355,5,8,1.08,0.048,113.24
16:10:43.044,51.526243,43.4048043,6.0135988,237.29,5,8,1.08,0.031,113.24
16:10:43.154,51.635483,43.4048045,6.013599,237.235,5,8,1.08,0.078,113.24
16:10:43.247,51.728395,43.4048046,6.0135991,237.17,5,8,1.08,0.026,113.24
16:10:43.361,51.843324,43.4048048,6.0135993,237.104,5,8,1.08,0.046,113.24
16:10:43.454,51.935411,43.4048051,6.0135994,237.04,5,8,1.08,0.08,113.24
16:10:43.544,52.026267,43.4048053,6.0135996,236.978,5,8,1.08,0.044,113.24
16:10:43.645,52.127368,43.4048055,6.0135998,236.917,5,8,1.08,0.009,113.24
16:10:43.746,52.228264,43.4048057,6.0135999,236.863,5,8,1.08,0.069,113.24
16:10:43.844,52.326284,43.4048059,6.0136,236.818,5,8,1.08,0.107,113.24
16:10:43.944,52.425439,43.404806,6.0136002,236.769,5,8,1.08,0.154,113.24
16:10:44.047,52.529335,43.4048062,6.0136003,236.701,5,8,1.08,0.102,113.24
16:10:44.147,52.628441,43.4048065,6.0136005,236.633,5,8,1.08,0.215,113.24
16:10:44.256,52.737423,43.4048066,6.0136006,236.585,5,8,1.08,0.159,113.24
16:10:44.343,52.825293,43.4048068,6.0136007,236.544,5,8,1.08,0.12,113.24
16:10:44.446,52.927429,43.4048069,6.0136008,236.506,5,8,1.08,0.043,113.24
16:10:44.545,53.02726,43.404807,6.0136009,236.477,5,8,1.08,0.126,113.24
16:10:44.644,53.125438,43.4048072,6.0136009,236.461,5,8,1.08,0.135,113.24
16:10:44.743,53.225347,43.4048072,6.013601,236.449,5,8,1.08,0.104,113.24
16:10:44.845,53.327314,43.4048073,6.0136011,236.433,5,8,1.08,0.063,113.24
16:10:44.945,53.427375,43.4048074,6.0136011,236.408,5,8,1.08,0.05,113.24
16:10:45.043,53.525263,43.4048075,6.0136012,236.377,5,8,1.08,0.117,113.24
16:10:45.154,53.635514,43.4048076,6.0136013,236.362,5,8,1.08,0.194,113.24
16:10:45.247,53.72935,43.4048077,6.0136013,236.334,5,8,1.08,0.065,113.24
16:10:45.345,53.827245,43.4048077,6.0136014,236.305,5,8,1.08,0.03,113.24
16:10:45.443,53.925358,43.4048078,6.0136015,236.266,5,8,1.08,0.178,113.24
16:10:45.543,54.02532,43.4048079,6.0136016,236.23,5,8,1.08,0.206,113.24
16:10:45.647,54.12845,43.4048079,6.0136017,236.196,5,8,1.08,0.228,113.24
16:10:45.746,54.227504,43.404808,6.0136018,236.152,5,8,1.08,0.143,113.24
16:10:45.844,54.325472,43.4048081,6.013602,236.11,5,8,1.08,0.041,113.24
16:10:45.952,54.434276,43.4048081,6.0136021,236.083,5,8,1.08,0.048,113.24
16:10:46.044,54.526324,43.4048082,6.0136021,236.045,5,8,1.08,0.109,113.24
16:10:46.146,54.627495,43.4048082,6.0136022,236.013,5,8,1.08,0.1,113.24
16:10:46.243,54.724447,43.4048083,6.0136023,235.985,5,8,1.08,0.104,113.24
16:10:46.352,54.83341,43.4048083,6.0136024,235.971,5,8,1.08,0.13,113.24
16:10:46.445,54.927276,43.4048084,6.0136024,235.959,5,8,1.08,0.131,113.24
16:10:46.543,55.025282,43.4048084,6.0136025,235.947,5,8,1.08,0.091,113.24
16:10:46.642,55.124216,43.4048084,6.0136025,235.928,5,8,1.08,0.017,113.24
16:10:46.743,55.225272,43.4048085,6.0136026,235.905,5,8,1.08,0.054,113.24
16:10:46.845,55.32722,43.4048085,6.0136027,235.888,5,8,1.08,0.078,113.24
16:10:46.944,55.426302,43.4048086,6.0136027,235.858,5,8,1.08,0.1,113.24
16:10:47.042,55.524247,43.4048087,6.0136028,235.833,5,8,1.08,0.109,113.24
16:10:47.152,55.633511,43.4048088,6.0136029,235.794,5,8,1.08,0.061,113.24
16:10:47.244,55.725412,43.4048089,6.013603,235.754,5,8,1.08,0.028,113.24
16:10:47.344,55.826304,43.404809,6.0136031,235.733,5,8,1.08,0.056,113.24
16:10:47.442,55.924285,43.4048091,6.0136031,235.711,5,8,1.08,0.067,113.24
16:10:47.551,56.033318,43.4048092,6.0136031,235.688,5,8,1.08,0.019,113.24
16:10:47.644,56.126335,43.4048093,6.0136032,235.656,5,8,1.08,0.05,113.24
16:10:47.742,56.224316,43.4048094,6.0136033,235.629,5,8,1.08,0.067,113.24
16:10:47.841,56.323268,43.4048095,6.0136034,235.598,5,8,1.08,0.059,113.24
16:10:47.949,56.431313,43.4048096,6.0136034,235.578,5,8,1.08,0.033,113.24
16:10:48.045,56.526435,43.4048096,6.0136034,235.563,5,8,1.08,0.043,113.24
16:10:48.154,56.636389,43.4048097,6.0136035,235.533,5,8,1.08,0.057,113.24
16:10:48.241,56.723364,43.4048098,6.0136035,235.51,5,8,1.08,0.017,113.24
16:10:48.351,56.832447,43.4048099,6.0136036,235.479,5,8,1.08,0.037,113.24
16:10:48.444,56.926282,43.4048099,6.0136036,235.456,5,8,1.08,0.046,113.24
16:10:48.543,57.025274,43.40481,6.0136037,235.431,5,8,1.08,0.026,113.24
16:10:48.641,57.123197,43.4048101,6.0136037,235.406,5,8,1.08,0.028,113.24
16:10:48.750,57.232243,43.4048101,6.0136038,235.369,5,8,1.08,0.076,113.24
16:10:48.844,57.326276,43.4048102,6.0136039,235.346,5,8,1.08,0.074,113.24
16:10:48.943,57.425317,43.4048102,6.0136039,235.327,5,8,1.08,0.094,113.24
16:10:49.041,57.523253,43.4048102,6.013604,235.301,5,8,1.08,0.074,113.24
16:10:49.150,57.632353,43.4048103,6.013604,235.276,5,8,1.08,0.081,113.24
16:10:49.243,57.725342,43.4048103,6.0136041,235.238,5,8,1.08,0.085,113.24
16:10:49.351,57.833297,43.4048104,6.0136042,235.227,5,8,1.08,0.039,113.24
16:10:49.440,57.922295,43.4048104,6.0136042,235.235,5,8,1.08,0.122,113.24
16:10:49.550,58.032201,43.4048105,6.0136042,235.238,5,8,1.08,0.259,113.24
16:10:49.643,58.125321,43.4048105,6.0136041,235.257,5,8,1.08,0.22,113.24
16:10:49.752,58.234268,43.4048105,6.0136042,235.247,5,8,1.08,0.085,113.24
16:10:49.840,58.321535,43.4048106,6.0136042,235.23,5,8,1.08,0.085,113.24
16:10:49.950,58.432351,43.4048107,6.0136043,235.206,5,8,1.08,0.252,113.24
16:10:50.043,58.525154,43.4048108,6.0136043,235.18,5,8,1.08,0.263,113.24
16:10:50.159,58.64044,43.4048108,6.0136044,235.159,5,8,1.08,0.172,113.24
16:10:50.241,58.722469,43.4048109,6.0136044,235.136,5,8,1.08,0.041,113.24
16:10:50.350,58.831421,43.404811,6.0136045,235.116,5,8,1.08,0.137,113.24
16:10:50.443,58.925303,43.4048111,6.0136046,235.069,5,8,1.08,0.065,113.24
16:10:50.552,59.034176,43.4048112,6.0136047,235.032,5,8,1.08,0.056,113.24
16:10:50.641,59.122459,43.4048112,6.0136047,235.027,5,8,1.08,0.083,113.24
16:10:50.749,59.231191,43.4048113,6.0136047,235.027,5,8,1.08,0.078,113.24
16:10:50.843,59.325247,43.4048113,6.0136048,235.013,5,8,1.08,0.115,113.24
16:10:50.951,59.43341,43.4048113,6.0136048,235.014,5,8,1.08,0.154,113.24
16:10:51.040,59.522293,43.4048114,6.0136049,234.986,5,8,1.08,0.078,113.24
16:10:51.153,59.634417,43.4048114,6.0136049,234.977,5,8,1.08,0.113,113.24
16:10:51.242,59.724293,43.4048114,6.0136049,234.959,5,8,1.08,0.102,113.24
16:10:51.351,59.833294,43.4048115,6.013605,234.933,5,8,1.08,0.141,113.24
16:10:51.438,59.920249,43.4048115,6.013605,234.934,5,8,1.08,0.039,113.24
16:10:51.552,60.034281,43.4048115,6.0136049,234.95,5,8,1.08,0.133,113.24
16:10:51.645,60.127175,43.4048115,6.0136049,234.975,5,8,1.08,0.163,113.24
16:10:51.754,60.236241,43.4048115,6.0136049,234.993,5,8,1.08,0.076,113.24
16:10:51.841,60.323131,43.4048115,6.0136049,235.005,5,8,1.08,0.139,113.24
16:10:51.951,60.43338,43.4048116,6.0136049,235.016,5,8,1.08,0.159,113.24
16:10:52.042,60.524243,43.4048123,6.0136054,234.908,5,8,1.08,0.126,113.24
16:10:52.153,60.63534,43.4048129,6.0136059,234.81,5,8,1.08,0.113,113.24
16:10:52.239,60.721168,43.4048134,6.0136062,234.742,5,8,1.08,0.12,113.24
16:10:52.348,60.830324,43.4048139,6.0136066,234.661,5,8,1.08,0.024,113.24
16:10:52.442,60.924271,43.4048144,6.0136069,234.578,5,8,1.08,0.056,113.24
16:10:52.554,61.036163,43.4048149,6.0136072,234.498,5,8,1.08,0.165,113.24
16:10:52.642,61.124148,43.4048152,6.0136075,234.44,5,8,1.08,0.235,113.24
16:10:52.752,61.234339,43.4048155,6.0136077,234.387,5,8,1.08,0.167,113.24
16:10:52.844,61.326156,43.4048157,6.0136079,234.347,5,8,1.08,0.178,113.24
16:10:52.953,61.435293,43.4048159,6.0136081,234.301,5,8,1.08,0.13,113.24
16:10:53.050,61.532192,43.4048161,6.0136083,234.264,5,8,1.08,0.165,113.24
16:10:53.176,61.658299,43.4048163,6.0136084,234.23,5,8,1.08,0.133,113.24
16:10:53.241,61.723221,43.4048163,6.0136086,234.198,5,8,1.08,0.08,113.24
16:10:53.351,61.832442,43.4048163,6.0136087,234.196,5,8,1.08,0.076,113.24
16:10:53.463,61.945275,43.4048164,6.0136088,234.171,5,8,1.08,0.146,113.24
16:10:53.550,62.032138,43.4048162,6.0136088,234.216,5,8,1.08,0.319,113.24
16:10:53.644,62.126249,43.404816,6.0136088,234.27,5,8,1.08,0.141,113.24
16:10:53.753,62.235197,43.4048159,6.0136088,234.285,5,8,1.08,0.035,113.24
16:10:53.838,62.320207,43.4048158,6.0136089,234.289,5,8,1.08,0.137,113.24
16:10:53.951,62.433394,43.4048157,6.013609,234.282,5,8,1.08,0.324,113.24
16:10:54.041,62.523175,43.4048156,6.0136091,234.305,5,8,1.08,0.356,113.24
16:10:54.151,62.633319,43.4048154,6.013609,234.351,5,8,1.08,0.235,113.24
16:10:54.242,62.724147,43.4048152,6.013609,234.402,5,8,1.08,0.091,113.24
16:10:54.351,62.833375,43.4048151,6.013609,234.44,5,8,1.08,0.046,113.24
16:10:54.444,62.926232,43.404815,6.0136089,234.488,5,8,1.08,0.137,113.24
16:10:54.554,63.036136,43.4048148,6.0136088,234.534,5,8,1.08,0.026,113.24
16:10:54.653,63.13512,43.4048148,6.0136088,234.543,5,8,1.08,0.069,113.24
16:10:54.750,63.232409,43.4048148,6.0136088,234.536,5,8,1.08,0.093,113.24
16:10:54.848,63.330116,43.4048147,6.0136088,234.547,5,8,1.08,0.172,113.24
16:10:54.948,63.430207,43.4048147,6.0136088,234.55,5,8,1.08,0.111,113.24
16:10:55.052,63.534126,43.4048147,6.0136088,234.573,5,7,1.13,0.069,113.24
16:10:55.149,63.631024,43.4048147,6.0136087,234.586,5,7,1.13,0.081,113.24
16:10:55.246,63.728221,43.4048148,6.0136087,234.595,5,7,1.13,0.054,113.24
16:10:55.354,63.83628,43.4048148,6.0136087,234.596,5,7,1.13,0.069,113.24
16:10:55.448,63.930248,43.4048149,6.0136087,234.591,5,8,1.08,0.174,113.24
16:10:55.550,64.03211,43.4048149,6.0136087,234.585,5,8,1.08,0.183,113.24
16:10:55.644,64.126281,43.404815,6.0136087,234.565,5,7,1.13,0.144,113.24
16:10:55.754,64.236161,43.4048151,6.0136088,234.527,5,7,1.13,0.259,113.24
16:10:55.850,64.332113,43.4048151,6.0136088,234.477,5,7,1.13,0.198,113.24
16:10:55.950,64.432211,43.4048152,6.013609,234.425,5,7,1.13,0.191,113.24
16:10:56.041,64.523055,43.4048152,6.013609,234.401,5,8,1.08,0.144,113.24
16:10:56.161,64.643295,43.4048153,6.013609,234.38,5,8,1.08,0.144,113.24
16:10:56.249,64.730452,43.4048153,6.0136091,234.314,5,8,1.08,0.12,113.24
16:10:56.346,64.828365,43.4048155,6.0136094,234.2,5,8,1.08,0.133,113.24
16:10:56.446,64.928302,43.4048155,6.0136095,234.13,5,8,1.08,0.1,113.24
16:10:56.548,65.030105,43.4048155,6.0136096,234.066,5,8,1.08,0.137,113.24
16:10:56.648,65.130082,43.4048155,6.0136098,233.983,5,8,1.08,0.122,113.24
16:10:56.748,65.230134,43.4048156,6.0136099,233.905,5,8,1.08,0.063,113.24
16:10:56.850,65.332131,43.4048156,6.0136101,233.825,5,8,1.08,0.244,113.24
16:10:56.952,65.434134,43.4048156,6.0136103,233.776,5,8,1.08,0.217,113.24
16:10:57.048,65.530104,43.4048156,6.0136104,233.734,5,8,1.08,0.154,113.24
16:10:57.148,65.629755,43.4048156,6.0136105,233.694,5,8,1.08,0.039,113.24
16:10:57.250,65.732175,43.4048156,6.0136106,233.677,5,6,2.03,0.037,113.24
16:10:57.353,65.835242,43.4048156,6.0136107,233.665,5,6,2.03,0.259,113.24
16:10:57.447,65.929171,43.4048156,6.0136108,233.637,5,6,2.03,0.411,113.24
16:10:57.545,66.027176,43.4048155,6.0136109,233.595,5,6,2.03,0.335,113.24
16:10:57.645,66.127148,43.4048155,6.013611,233.554,5,6,2.03,0.246,113.24
16:10:57.748,66.230156,43.4048155,6.0136112,233.507,5,6,2.03,0.13,113.24
16:10:57.851,66.333089,43.4048155,6.0136113,233.474,5,6,2.03,0.067,113.24
16:10:57.948,66.430167,43.4048155,6.0136114,233.443,5,6,2.03,0.163,113.24
16:10:58.049,66.531041,43.4048155,6.0136115,233.403,5,6,2.03,0.25,113.24
16:10:58.152,66.634233,43.4048155,6.0136116,233.376,5,6,2.03,0.304,113.24
16:10:58.247,66.729163,43.4048155,6.0136117,233.349,5,6,2.03,0.282,113.24
16:10:58.348,66.830296,43.4048155,6.0136119,233.316,5,6,2.03,0.159,113.24
16:10:58.449,66.931189,43.4048156,6.0136119,233.29,5,6,2.03,0.046,113.24
16:10:58.550,67.032165,43.4048156,6.013612,233.264,5,6,2.03,0.165,113.24
16:10:58.649,67.131057,43.4048156,6.0136121,233.246,5,6,2.03,0.194,113.24
16:10:58.747,67.229124,43.4048157,6.0136122,233.222,5,6,2.03,0.163,113.24
16:10:58.845,67.327054,43.4048157,6.0136123,233.195,5,6,2.03,0.141,113.24
16:10:58.949,67.431311,43.4048157,6.0136124,233.178,5,6,2.03,0.054,113.24
16:10:59.049,67.531067,43.4048157,6.0136125,233.158,5,6,2.03,0.043,113.24
16:10:59.157,67.639312,43.4048158,6.0136126,233.138,5,6,2.03,0.072,113.24
16:10:59.249,67.731,43.4048158,6.0136126,233.129,5,6,2.03,0.204,113.24
16:10:59.351,67.833154,43.4048157,6.0136126,233.124,5,6,2.03,0.254,113.24
16:10:59.449,67.931213,43.4048157,6.0136127,233.11,5,6,2.03,0.263,113.24
16:10:59.547,68.029089,43.4048157,6.0136128,233.092,5,6,2.03,0.27,113.24
16:10:59.648,68.130055,43.4048157,6.0136129,233.068,5,6,2.03,0.23,113.24
16:10:59.750,68.232139,43.4048157,6.0136129,233.062,5,6,2.03,0.198,113.24
16:10:59.850,68.332079,43.4048156,6.013613,233.054,5,6,2.03,0.183,113.24
16:10:59.948,68.430111,43.4048156,6.0136131,233.045,5,6,2.03,0.169,113.24
16:11:00.043,68.525138,43.4048156,6.0136131,233.033,5,6,2.03,0.083,113.24
16:11:00.150,68.632185,43.4048155,6.0136132,233.024,5,6,2.03,0.094,113.24
16:11:00.245,68.727037,43.4048155,6.0136132,233.01,5,6,2.03,0.076,113.24
16:11:00.347,68.828424,43.4048154,6.0136133,233.006,5,6,2.03,0.109,113.24
16:11:00.442,68.924118,43.4048154,6.0136134,233.006,5,6,2.03,0.048,113.24
16:11:00.545,69.027309,43.4048153,6.0136135,233.001,5,6,2.03,0.172,113.24
16:11:00.644,69.126201,43.4048153,6.0136135,233.004,5,6,2.03,0.213,113.24
16:11:00.747,69.229033,43.4048153,6.0136136,232.992,5,6,2.03,0.083,113.24
16:11:00.846,69.328041,43.4048153,6.0136136,232.981,5,6,2.03,0.12,113.24
16:11:00.948,69.430246,43.4048152,6.0136137,232.968,5,6,2.03,0.159,113.24
16:11:01.048,69.53004,43.4048152,6.0136138,232.947,5,6,2.03,0.256,113.24
16:11:01.146,69.628192,43.4048152,6.0136139,232.911,5,6,2.03,0.133,113.24
16:11:01.245,69.727118,43.4048152,6.013614,232.883,5,6,2.03,0.069,113.24
16:11:01.348,69.830114,43.4048152,6.0136141,232.871,5,6,2.03,0.085,113.24
16:11:01.448,69.930289,43.4048152,6.0136141,232.852,5,6,2.03,0.052,113.24
16:11:01.547,70.029245,43.4048152,6.0136141,232.856,5,6,2.03,0.031,113.24
16:11:01.643,70.125079,43.4048152,6.0136141,232.868,5,7,1.52,0.069,113.24
16:11:01.746,70.228115,43.4048152,6.0136141,232.871,5,7,1.52,0.083,113.24
16:11:01.845,70.327005,43.4048152,6.0136141,232.86,5,7,1.52,0.163,113.24
16:11:01.944,70.426268,43.4048152,6.0136141,232.85,5,7,1.52,0.044,113.24
16:11:02.044,70.526016,43.4048152,6.0136141,232.852,5,7,1.52,0.069,113.24
16:11:02.162,70.644194,43.4048152,6.0136141,232.864,5,7,1.52,0.089,113.24
16:11:02.245,70.727097,43.4048152,6.013614,232.876,5,7,1.52,0.07,113.24
16:11:02.345,70.827032,43.4048151,6.013614,232.884,5,7,1.52,0.087,113.24
16:11:02.444,70.926094,43.4048151,6.0136139,232.894,5,7,1.52,0.057,113.24
16:11:02.549,71.031331,43.404815,6.0136138,232.919,5,7,1.52,0.006,113.24
16:11:02.650,71.132052,43.404815,6.0136137,232.942,5,7,1.37,0.165,113.24
16:11:02.745,71.227192,43.4048149,6.0136137,232.945,5,7,1.37,0.176,113.24
16:11:02.848,71.330149,43.4048149,6.0136136,232.963,5,7,1.37,0.185,113.24
16:11:02.951,71.433273,43.4048148,6.0136135,232.987,5,7,1.37,0.244,113.24
16:11:03.049,71.531151,43.4048147,6.0136134,233.016,5,7,1.37,0.27,113.24
16:11:03.161,71.6432,43.4048146,6.0136133,233.05,5,7,1.37,0.2,113.24
16:11:03.247,71.729135,43.4048145,6.0136132,233.074,5,7,1.37,0.098,113.24
16:11:03.363,71.844854,43.4048145,6.0136131,233.098,5,7,1.37,0.043,113.24
16:11:03.458,71.940224,43.4048144,6.0136131,233.116,5,7,1.37,0.046,113.24
16:11:03.551,72.032959,43.4048144,6.013613,233.145,5,7,1.37,0.111,113.24
16:11:03.647,72.12904,43.4048143,6.0136129,233.169,5,7,1.37,0.078,113.24
16:11:03.750,72.23204,43.4048143,6.0136128,233.189,5,7,1.37,0.072,113.24
16:11:03.848,72.329975,43.4048143,6.0136127,233.215,5,7,1.37,0.126,113.24
16:11:03.951,72.433004,43.4048142,6.0136126,233.235,5,7,1.37,0.098,113.24
16:11:04.048,72.530046,43.4048142,6.0136125,233.26,5,7,1.37,0.052,113.24
16:11:04.151,72.633285,43.4048141,6.0136124,233.289,5,7,1.37,0.043,113.24
16:11:04.248,72.730007,43.4048141,6.0136123,233.328,5,7,1.37,0.041,113.24
16:11:04.359,72.840978,43.4048141,6.0136122,233.357,5,7,1.37,0.017,113.24
16:11:04.447,72.929085,43.4048141,6.0136121,233.395,5,7,1.37,0.057,113.24
16:11:04.550,73.032061,43.404814,6.0136119,233.428,5,7,1.37,0.033,113.24
16:11:04.650,73.131986,43.404814,6.0136118,233.457,5,7,1.37,0.072,113.24
16:11:04.750,73.231995,43.404814,6.0136117,233.478,5,7,1.37,0.048,113.24
16:11:04.848,73.329969,43.404814,6.0136116,233.501,5,7,1.37,0.1,113.24
16:11:04.951,73.433282,43.404814,6.0136115,233.508,5,7,1.37,0.141,113.24
16:11:05.051,73.532947,43.404814,6.0136114,233.508,5,7,1.37,0.131,113.24
16:11:05.161,73.643215,43.404814,6.0136114,233.515,5,7,1.37,0.107,113.24
16:11:05.247,73.729054,43.404814,6.0136113,233.517,5,7,1.37,0.065,113.24
16:11:05.351,73.833059,43.404814,6.0136112,233.533,5,7,1.37,0.098,113.24
16:11:05.449,73.931166,43.404814,6.0136111,233.517,5,7,1.37,0.13,113.24
16:11:05.560,74.042024,43.404814,6.0136112,233.497,5,7,1.37,0.202,113.24
16:11:05.650,74.132169,43.4048141,6.0136112,233.492,5,8,1.24,0.293,113.24
16:11:05.752,74.234067,43.4048142,6.0136112,233.501,5,8,1.31,0.378,113.24
16:11:05.851,74.332949,43.4048142,6.0136112,233.497,5,8,1.31,0.332,113.24
16:11:05.958,74.4403,43.4048143,6.0136112,233.471,5,8,1.31,0.265,113.24
16:11:06.047,74.52901,43.4048143,6.0136112,233.495,5,8,1.24,0.159,113.24
16:11:06.157,74.639116,43.4048143,6.0136112,233.536,5,8,1.24,0.119,113.24
16:11:06.248,74.729967,43.4048143,6.0136112,233.586,5,8,1.24,0.119,113.24
16:11:06.344,74.825988,43.4048143,6.0136112,233.6,5,8,1.24,0.044,113.24
16:11:06.457,74.939093,43.4048143,6.0136112,233.6,5,8,1.24,0.174,113.24
16:11:06.551,75.033084,43.4048143,6.0136113,233.598,5,8,1.33,0.3,113.24
16:11:06.644,75.126078,43.4048143,6.0136113,233.623,5,8,1.33,0.185,113.24
16:11:06.753,75.23504,43.4048143,6.0136113,233.647,5,7,1.55,0.215,113.24
16:11:06.845,75.326932,43.4048143,6.0136114,233.624,5,8,1.24,0.27,113.24
16:11:06.949,75.431222,43.4048143,6.0136114,233.616,5,8,1.24,0.167,113.24
16:11:07.045,75.526917,43.4048143,6.0136114,233.604,5,8,1.33,0.139,113.24
16:11:07.154,75.636182,43.4048143,6.0136114,233.604,5,8,1.33,0.087,113.24
16:11:07.249,75.730981,43.4048147,6.0136119,233.561,5,10,0.89,0.13,113.24
16:11:07.363,75.844967,43.4048149,6.0136108,233.786,5,8,1.33,0.146,113.24
16:11:07.454,75.93597,43.4048152,6.0136104,233.865,5,6,2.19,0.096,113.24
16:11:07.570,76.052113,43.4048156,6.0136096,233.956,5,6,2.19,0.08,113.24
16:11:07.668,76.14996,43.4048159,6.0136088,234.054,5,8,1.24,0.046,113.24
16:11:07.758,76.239912,43.4048162,6.0136083,234.111,5,8,1.24,0.024,113.24
16:11:07.857,76.338923,43.4048165,6.0136079,234.151,5,8,1.33,0.004,113.24
16:11:07.967,76.449234,43.404817,6.0136078,234.141,5,8,1.33,0.002,113.24
16:11:08.058,76.539926,43.4048175,6.013608,234.066,5,8,1.33,0.043,113.24
16:11:08.174,76.656076,43.4048177,6.0136077,234.091,5,8,1.33,0.048,113.24
16:11:08.255,76.736936,43.404818,6.0136077,234.051,5,7,1.55,0.054,113.24
16:11:08.365,76.846967,43.4048182,6.0136078,234.012,5,7,1.55,0.059,113.24
16:11:08.451,76.932925,43.4048184,6.0136077,233.995,5,7,1.55,0.061,113.24
16:11:08.555,77.037053,43.4048186,6.0136076,233.966,5,7,1.55,0.059,113.24
16:11:08.655,77.136998,43.4048188,6.0136074,233.943,5,7,1.55,0.056,113.24
16:11:08.764,77.245955,43.4048189,6.0136072,233.955,5,7,1.55,0.048,113.24
16:11:08.839,77.320902,43.4048188,6.0136075,233.928,5,7,1.55,0.046,113.24
16:11:08.948,77.430162,43.4048187,6.0136077,233.917,5,7,1.55,0.043,113.24
16:11:09.041,77.522916,43.4048186,6.013608,233.905,5,7,1.55,0.041,113.24
16:11:09.150,77.632084,43.4048185,6.0136082,233.892,5,7,1.55,0.039,113.24
16:11:09.250,77.731944,43.4048184,6.0136084,233.885,5,7,1.55,0.035,113.24
16:11:09.343,77.825003,43.4048183,6.0136086,233.872,5,7,1.55,0.033,113.24
16:11:09.443,77.9249,43.4048182,6.0136088,233.863,5,7,1.55,0.078,113.24
16:11:09.551,78.03316,43.4048181,6.013609,233.861,5,7,1.55,0.146,113.24
16:11:09.650,78.131943,43.404818,6.0136092,233.858,5,7,1.55,0.172,113.24
16:11:09.743,78.224894,43.4048179,6.0136094,233.86,5,7,1.55,0.115,113.24
16:11:09.842,78.323901,43.4048178,6.0136095,233.867,5,7,1.55,0.091,113.24
16:11:09.951,78.433174,43.4048177,6.0136096,233.869,5,7,1.55,0.072,113.24
16:11:10.053,78.534888,43.4048177,6.0136097,233.874,5,7,1.55,0.044,113.24
16:11:10.155,78.63704,43.4048176,6.0136098,233.881,5,7,1.55,0.063,113.24
16:11:10.245,78.726907,43.4048176,6.0136098,233.896,5,7,1.55,0.037,113.24
16:11:10.353,78.835036,43.4048175,6.0136099,233.906,5,7,1.55,0.007,113.24
16:11:10.452,78.933977,43.4048175,6.0136099,233.923,5,7,1.55,0.037,113.24
16:11:10.546,79.027994,43.4048175,6.0136099,233.935,5,7,1.55,0.05,113.24
16:11:10.645,79.12715,43.4048175,6.0136099,233.94,5,7,1.55,0.241,113.24
16:11:10.754,79.235997,43.4048176,6.01361,233.932,5,7,1.55,0.117,113.24
16:11:10.851,79.332873,43.4048176,6.01361,233.925,5,7,1.55,0.006,113.24
16:11:10.952,79.434126,43.4048176,6.0136101,233.927,5,7,1.55,0.074,113.24
16:11:11.045,79.527106,43.4048176,6.0136101,233.927,5,7,1.55,0.22,113.24
16:11:11.155,79.637032,43.4048177,6.0136102,233.929,5,7,1.55,0.422,113.24
16:11:11.243,79.724975,43.4048177,6.0136102,233.932,5,7,1.55,0.461,113.24
16:11:11.353,79.834957,43.4048177,6.0136102,233.936,5,7,1.55,0.506,113.24
16:11:11.445,79.92688,43.4048177,6.0136103,233.93,5,7,1.55,0.417,113.24
16:11:11.554,80.036032,43.4048177,6.0136103,233.931,5,7,1.55,0.313,113.24
16:11:11.653,80.135004,43.4048177,6.0136103,233.932,5,7,1.55,0.293,113.24
16:11:11.752,80.23387,43.4048177,6.0136103,233.941,5,7,1.55,0.204,113.24
16:11:11.846,80.32788,43.4048176,6.0136104,233.955,5,7,1.55,0.224,113.24
16:11:11.956,80.438134,43.4048176,6.0136104,233.976,5,7,1.55,0.267,113.24
16:11:12.053,80.53486,43.4048175,6.0136104,233.997,5,7,1.55,0.222,113.24
16:11:12.162,80.644074,43.4048175,6.0136104,234.012,5,7,1.55,0.17,113.24
16:11:12.240,80.721879,43.4048175,6.0136104,234.024,5,7,1.55,0.087,113.24
16:11:12.350,80.831859,43.4048174,6.0136104,234.035,5,7,1.55,0.096,113.24
16:11:12.447,80.92885,43.4048174,6.0136104,234.046,5,7,1.55,0.07,113.24
16:11:12.554,81.035973,43.4048174,6.0136104,234.066,5,8,0.99,0.169,113.24
16:11:12.646,81.127858,43.4048173,6.0136104,234.081,5,7,1.55,0.25,113.24
16:11:12.754,81.235882,43.4048173,6.0136104,234.094,5,7,1.55,0.304,113.24
16:11:12.856,81.337791,43.4048173,6.0136104,234.1,5,8,0.99,0.207,113.24
16:11:12.954,81.436089,43.4048173,6.0136104,234.103,5,8,0.99,0.159,113.24
16:11:13.046,81.527822,43.4048172,6.0136104,234.109,5,8,0.99,0.072,113.24
16:11:13.157,81.638848,43.4048172,6.0136104,234.117,5,8,0.99,0.056,113.24
16:11:13.250,81.731518,43.4048172,6.0136104,234.127,5,8,0.99,0.098,113.24
16:11:13.373,81.854862,43.4048172,6.0136104,234.135,5,8,0.99,0.083,113.24
16:11:13.461,81.943007,43.4048172,6.0136103,234.144,5,8,0.99,0.017,113.24
16:11:13.555,82.037027,43.4048172,6.0136103,234.159,5,8,0.99,0.054,113.24
16:11:13.656,82.137833,43.4048172,6.0136102,234.175,5,8,0.99,0.031,113.24
16:11:13.753,82.234827,43.4048172,6.0136102,234.189,5,8,0.99,0.087,113.24
16:11:13.845,82.326903,43.4048172,6.0136101,234.214,5,8,0.99,0.035,113.24
16:11:13.955,82.437132,43.4048172,6.0136101,234.231,5,8,0.99,0.039,113.24
16:11:14.052,82.533894,43.4048171,6.01361,234.249,5,8,0.99,0.02,113.24
16:11:14.162,82.644002,43.4048171,6.01361,234.27,5,8,0.99,0.065,113.24
16:11:14.253,82.734926,43.4048171,6.0136099,234.297,5,8,0.99,0.057,113.24
16:11:14.354,82.835887,43.404817,6.0136098,234.333,5,8,0.99,0.085,113.24
16:11:14.449,82.93134,43.404817,6.0136098,234.364,5,8,0.99,0.117,113.24
16:11:14.552,83.033863,43.4048169,6.0136097,234.392,5,8,0.99,0.111,113.24
16:11:14.654,83.136293,43.4048168,6.0136097,234.424,5,8,0.99,0.076,113.24
16:11:14.752,83.233963,43.4048168,6.0136096,234.458,5,8,0.99,0.078,113.24
16:11:14.850,83.331553,43.4048167,6.0136095,234.488,5,8,0.99,0.163,113.24
16:11:14.945,83.427083,43.4048166,6.0136095,234.507,5,8,0.99,0.143,113.24
16:11:15.049,83.530875,43.4048165,6.0136095,234.529,5,8,0.99,0.139,113.24
16:11:15.149,83.63097,43.4048164,6.0136095,234.55,5,8,0.99,0.076,113.24
16:11:15.246,83.727904,43.4048164,6.0136094,234.574,5,8,0.99,0.059,113.24
16:11:15.346,83.827965,43.4048163,6.0136094,234.605,5,8,0.99,0.022,113.24
16:11:15.449,83.930817,43.4048162,6.0136094,234.634,5,8,0.99,0.019,113.24
16:11:15.548,84.029931,43.4048162,6.0136094,234.66,5,8,0.99,0.05,113.24
16:11:15.645,84.127088,43.4048161,6.0136093,234.68,5,8,0.99,0.033,113.24
16:11:15.751,84.232876,43.404816,6.0136093,234.691,5,8,0.99,0.378,113.24
16:11:15.853,84.334896,43.404816,6.0136093,234.721,5,8,1.11,0.428,113.24
16:11:15.953,84.435157,43.4048159,6.0136093,234.751,5,8,1.11,0.293,113.24
16:11:16.051,84.532863,43.4048159,6.0136093,234.75,5,8,0.99,0.17,113.24
16:11:16.152,84.633956,43.4048158,6.0136093,234.76,5,8,0.99,0.122,113.24
16:11:16.254,84.735936,43.4048158,6.0136094,234.765,5,8,0.99,0.159,113.24
16:11:16.352,84.833796,43.4048157,6.0136094,234.752,5,7,1.13,0.098,113.24
16:11:16.451,84.932881,43.4048157,6.0136095,234.734,5,7,1.13,0.156,113.24
16:11:16.552,85.033813,43.4048157,6.0136095,234.719,5,8,0.99,0.213,113.24
16:11:16.654,85.13598,43.4048157,6.0136095,234.707,5,8,0.99,0.189,113.24
16:11:16.754,85.235842,43.4048156,6.0136096,234.691,5,8,0.99,0.124,113.24
16:11:16.851,85.332776,43.4048156,6.0136096,234.675,5,8,0.99,0.1,113.24
16:11:16.952,85.43404,43.4048156,6.0136097,234.654,5,8,0.99,0.111,113.24
16:11:17.052,85.533848,43.4048155,6.0136097,234.642,5,8,0.99,0.043,113.24
16:11:17.148,85.63004,43.4048155,6.0136097,234.63,5,8,0.99,0.046,113.24
16:11:17.246,85.727798,43.4048155,6.0136097,234.614,5,7,1.13,0.074,113.24
16:11:17.346,85.827973,43.4048155,6.0136097,234.601,5,7,1.13,0.117,113.24
16:11:17.454,85.935864,43.4048154,6.0136097,234.593,5,8,0.99,0.019,113.24
16:11:17.548,86.029808,43.4048153,6.0136097,234.584,5,9,0.92,0.07,113.24
16:11:17.647,86.128882,43.4048153,6.0136097,234.577,5,9,0.92,0.106,113.24
16:11:17.745,86.226821,43.4048153,6.0136097,234.572,5,9,0.92,0.087,113.24
16:11:17.850,86.331764,43.4048152,6.0136097,234.564,5,9,0.92,0.052,113.24
16:11:17.949,86.431034,43.4048152,6.0136097,234.551,5,9,0.92,0.069,113.24
16:11:18.047,86.528833,43.4048151,6.0136097,234.541,5,9,0.92,0.041,113.24
16:11:18.156,86.63802,43.4048151,6.0136097,234.528,5,9,0.92,0.1,113.24
16:11:18.250,86.731819,43.404815,6.0136097,234.525,5,9,0.92,0.031,113.24
16:11:18.349,86.830825,43.404815,6.0136097,234.52,5,9,0.92,0.091,113.24
16:11:18.446,86.927818,43.4048149,6.0136097,234.518,5,9,0.92,0.067,113.24
16:11:18.546,87.027891,43.4048149,6.0136097,234.509,5,9,0.92,0.072,113.24
16:11:18.648,87.129883,43.4048148,6.0136097,234.501,5,8,0.99,0.069,113.24
16:11:18.748,87.229936,43.4048148,6.0136097,234.49,5,8,0.99,0.059,113.24
16:11:18.853,87.334816,43.4048148,6.0136097,234.48,5,8,0.99,0.089,113.24
16:11:18.951,87.433102,43.4048147,6.0136097,234.469,5,8,0.99,0.056,113.24
16:11:19.053,87.534742,43.4048147,6.0136097,234.459,5,8,0.99,0.031,113.24
16:11:19.153,87.634948,43.4048147,6.0136097,234.449,5,8,0.99,0.061,113.24
16:11:19.247,87.728829,43.4048146,6.0136097,234.444,5,8,0.99,0.098,113.24
16:11:19.346,87.827788,43.4048146,6.0136097,234.437,5,8,0.99,0.07,113.24
16:11:19.449,87.930761,43.4048145,6.0136097,234.437,5,8,0.99,0.061,113.24
16:11:19.548,88.029773,43.4048145,6.0136097,234.437,5,8,0.99,0.065,113.24
16:11:19.646,88.127753,43.4048145,6.0136096,234.436,5,8,0.99,0.081,113.24
16:11:19.746,88.227793,43.4048144,6.0136096,234.427,5,8,0.99,0.085,113.24
16:11:19.849,88.330793,43.4048144,6.0136096,234.425,5,8,0.99,0.072,113.24
16:11:19.948,88.430012,43.4048143,6.0136096,234.417,5,8,0.99,0.078,113.24
16:11:20.047,88.529279,43.4048143,6.0136096,234.412,5,8,0.99,0.085,113.24
16:11:20.163,88.644899,43.4048143,6.0136096,234.401,5,7,1.13,0.08,113.24
16:11:20.252,88.733742,43.4048143,6.0136096,234.386,5,7,1.13,0.133,113.24
16:11:20.352,88.833748,43.4048142,6.0136096,234.373,5,7,1.13,0.087,113.24
16:11:20.447,88.928823,43.4048142,6.0136096,234.364,5,8,0.99,0.035,113.24
16:11:20.549,89.03077,43.4048141,6.0136096,234.355,5,8,0.99,0.035,113.24
16:11:20.652,89.133974,43.4048141,6.0136095,234.349,5,8,0.99,0.031,113.24
16:11:20.747,89.228761,43.404814,6.0136095,234.347,5,8,0.99,0.094,113.24
16:11:20.845,89.326867,43.404814,6.0136095,234.343,5,8,0.99,0.059,113.24
16:11:20.945,89.427004,43.4048139,6.0136095,234.342,5,8,0.99,0.03,113.24
16:11:21.048,89.529801,43.4048139,6.0136094,234.343,5,8,0.99,0.031,113.24
16:11:21.157,89.638883,43.4048138,6.0136094,234.343,5,8,0.99,0.052,113.24
16:11:21.245,89.72684,43.4048138,6.0136094,234.344,5,8,0.99,0.03,113.24
16:11:21.344,89.825819,43.4048137,6.0136094,234.342,5,7,1.13,0.059,113.24
16:11:21.447,89.928858,43.4048137,6.0136093,234.342,5,8,0.99,0.083,113.24
16:11:21.546,90.027849,43.4048136,6.0136093,234.34,5,8,0.99,0.046,113.24
16:11:21.646,90.127723,43.4048136,6.0136093,234.338,5,8,0.99,0.074,113.24
16:11:21.745,90.226912,43.4048135,6.0136093,234.335,5,8,0.99,0.081,113.24
16:11:21.847,90.328777,43.4048134,6.0136093,234.333,5,8,0.99,0.043,113.24
16:11:21.946,90.42798,43.4048134,6.0136092,234.332,5,8,0.99,0.024,113.24
16:11:22.045,90.526732,43.4048133,6.0136092,234.331,5,8,0.99,0.017,113.24
16:11:22.154,90.635888,43.4048133,6.0136092,234.333,5,8,0.99,0.035,113.24
16:11:22.247,90.728728,43.4048132,6.0136092,234.337,5,8,0.99,0.056,113.24
16:11:22.346,90.827873,43.4048131,6.0136091,234.34,5,8,0.99,0.044,113.24
16:11:22.442,90.923792,43.4048124,6.0136088,234.536,5,9,0.92,0.033,113.24
16:11:22.553,91.034786,43.4048118,6.0136086,234.703,5,8,0.99,0.043,113.24
16:11:22.647,91.128785,43.4048112,6.0136083,234.86,5,8,0.99,0.039,113.24
16:11:22.745,91.226873,43.4048108,6.0136081,234.983,5,8,0.99,0.069,113.24
16:11:22.844,91.325862,43.4048103,6.0136079,235.096,5,8,0.99,0.083,113.24
16:11:22.952,91.433983,43.40481,6.0136078,235.186,5,8,0.99,0.048,113.24
16:11:23.048,91.529756,43.4048096,6.0136075,235.272,5,8,0.99,0.033,113.24
16:11:23.146,91.627948,43.4048093,6.0136074,235.35,5,8,0.99,0.059,113.24
16:11:23.245,91.72669,43.4048091,6.0136072,235.413,5,8,0.99,0.076,113.24
16:11:23.365,91.846826,43.4048089,6.0136071,235.473,5,8,0.99,0.065,113.24
16:11:23.453,91.934711,43.4048086,6.0136069,235.531,5,8,0.99,0.031,113.24
16:11:23.546,92.027724,43.4048084,6.0136068,235.58,5,8,0.99,0.028,113.24
16:11:23.644,92.125909,43.4048083,6.0136066,235.629,5,8,0.99,0.033,113.24
16:11:23.753,92.23491,43.4048082,6.0136066,235.662,5,8,0.99,0.033,113.24
16:11:23.846,92.327778,43.404808,6.0136065,235.696,5,8,0.99,0.039,113.24
16:11:23.946,92.427979,43.404808,6.0136064,235.724,5,8,0.99,0.074,113.24
16:11:24.045,92.526702,43.4048079,6.0136063,235.746,5,8,0.99,0.094,113.24
16:11:24.162,92.643854,43.4048078,6.0136063,235.77,5,8,0.99,0.039,113.24
16:11:24.245,92.726827,43.4048078,6.0136063,235.785,5,8,0.99,0.03,113.24
16:11:24.350,92.831695,43.4048078,6.0136063,235.809,5,8,0.99,0.102,113.24
16:11:24.448,92.929918,43.4048078,6.0136062,235.826,5,8,0.99,0.148,113.24
16:11:24.558,93.039786,43.4048078,6.0136062,235.847,5,8,0.99,0.094,113.24
16:11:24.651,93.132694,43.4048078,6.0136062,235.865,5,8,0.99,0.054,113.24
16:11:24.750,93.231942,43.4048078,6.0136062,235.881,5,8,0.99,0.104,113.24
16:11:24.843,93.325073,43.4048078,6.0136062,235.899,5,8,0.99,0.122,113.24
16:11:24.952,93.433879,43.4048078,6.0136062,235.912,5,8,0.99,0.1,113.24
16:11:25.051,93.532796,43.4048078,6.0136062,235.915,5,8,0.99,0.015,113.24
16:11:25.159,93.64083,43.4048078,6.0136062,235.926,5,8,0.99,0.013,113.24
16:11:25.248,93.729674,43.4048078,6.0136062,235.931,5,8,0.99,0.031,113.24
16:11:25.353,93.835301,43.4048078,6.0136062,235.939,5,8,0.99,0.054,113.24
16:11:25.451,93.932683,43.4048078,6.0136062,235.94,5,8,0.99,0.065,113.24
16:11:25.551,94.032699,43.4048078,6.0136063,235.938,5,8,0.99,0.124,113.24
16:11:25.644,94.125838,43.4048078,6.0136063,235.932,5,8,0.99,0.076,113.24
16:11:25.753,94.234729,43.4048078,6.0136063,235.929,5,8,0.99,0.033,113.24
16:11:25.846,94.327804,43.4048078,6.0136063,235.925,5,8,0.99,0.046,113.24
16:11:25.946,94.427917,43.4048077,6.0136063,235.92,5,8,0.99,0.061,113.24
16:11:26.045,94.526635,43.4048077,6.0136063,235.915,5,8,0.99,0.087,113.24
16:11:26.164,94.645807,43.4048077,6.0136063,235.911,5,8,0.99,0.085,113.24
16:11:26.250,94.731733,43.4048077,6.0136063,235.905,5,8,0.99,0.087,113.24
16:11:26.351,94.832703,43.4048077,6.0136063,235.899,5,8,0.99,0.033,113.24
16:11:26.444,94.925683,43.4048076,6.0136062,235.896,5,8,0.99,0.033,113.24
16:11:26.554,95.035783,43.4048076,6.0136063,235.878,5,8,0.99,0.059,113.24
16:11:26.648,95.129654,43.4048076,6.0136064,235.861,5,8,0.99,0.033,113.24
16:11:26.750,95.231778,43.4048077,6.0136064,235.836,5,8,0.99,0.026,113.24
16:11:26.844,95.325905,43.4048077,6.0136065,235.812,5,8,0.99,0.057,113.24
16:11:26.953,95.434908,43.4048078,6.0136065,235.788,5,8,0.99,0.094,113.24
16:11:27.051,95.532888,43.4048078,6.0136066,235.772,5,8,0.99,0.046,113.24
16:11:27.159,95.640886,43.4048079,6.0136066,235.756,5,8,0.99,0.031,113.24
16:11:27.250,95.731671,43.4048079,6.0136066,235.746,5,8,0.99,0.026,113.24
16:11:27.348,95.829789,43.4048079,6.0136066,235.735,5,8,0.99,0.059,113.24
16:11:27.451,95.93277,43.404808,6.0136067,235.722,5,8,0.99,0.037,113.24
16:11:27.561,96.042713,43.404808,6.0136067,235.71,5,9,0.95,0.02,113.24
16:11:27.660,96.14173,43.4048081,6.0136068,235.697,5,9,0.95,0.024,113.24
16:11:27.760,96.241703,43.4048081,6.0136068,235.689,5,9,0.95,0.037,113.24
16:11:27.851,96.33267,43.4048082,6.0136068,235.678,5,9,0.95,0.03,113.24
16:11:27.951,96.432902,43.4048082,6.0136069,235.667,5,9,0.95,0.033,113.24
16:11:28.050,96.531707,43.4048083,6.0136069,235.658,5,9,0.95,0.043,113.24
16:11:28.159,96.64087,43.4048083,6.0136069,235.653,5,9,0.95,0.044,113.24
16:11:28.251,96.732638,43.4048083,6.0136069,235.647,5,9,0.95,0.054,113.24
16:11:28.351,96.832653,43.4048084,6.013607,235.643,5,9,0.95,0.061,113.24
16:11:28.449,96.930601,43.4048084,6.013607,235.635,5,8,0.99,0.031,113.24
16:11:28.559,97.04058,43.4048084,6.013607,235.626,5,8,0.99,0.026,113.24
16:11:28.651,97.132609,43.4048084,6.0136071,235.622,5,8,0.99,0.081,113.24
16:11:28.759,97.240646,43.4048085,6.0136071,235.615,5,8,0.99,0.12,113.24
16:11:28.850,97.331642,43.4048085,6.0136071,235.608,5,8,0.99,0.069,113.24
16:11:28.958,97.439848,43.4048085,6.0136072,235.603,5,8,0.99,0.019,113.24
16:11:29.046,97.527901,43.4048084,6.0136072,235.599,5,8,0.99,0.017,113.24
16:11:29.157,97.638737,43.4048084,6.0136072,235.592,5,8,0.99,0.024,113.24
16:11:29.243,97.72468,43.4048084,6.0136072,235.585,5,8,0.99,0.041,113.24
16:11:29.352,97.833777,43.4048085,6.0136073,235.578,5,8,0.99,0.043,113.24
16:11:29.446,97.92761,43.4048085,6.0136073,235.573,5,8,0.99,0.05,113.24
16:11:29.555,98.036714,43.4048085,6.0136074,235.57,5,8,0.99,0.056,113.24
16:11:29.642,98.124241,43.4048085,6.0136074,235.565,5,8,0.99,0.041,113.24
16:11:29.753,98.234586,43.4048085,6.0136074,235.559,5,8,0.99,0.017,113.24
16:11:29.846,98.327626,43.4048086,6.0136074,235.555,5,8,0.99,0.03,113.24
16:11:29.955,98.436844,43.4048086,6.0136074,235.552,5,8,0.99,0.028,113.24
16:11:30.043,98.524662,43.4048086,6.0136074,235.552,5,8,0.99,0.033,113.24
16:11:30.152,98.633737,43.4048087,6.0136074,235.549,5,8,0.99,0.076,113.24
16:11:30.246,98.727618,43.4048087,6.0136074,235.548,5,8,0.99,0.063,113.24
16:11:30.354,98.835646,43.4048088,6.0136075,235.546,5,8,0.99,0.12,113.24
16:11:30.443,98.924635,43.4048089,6.0136075,235.548,5,8,0.99,0.111,113.24
16:11:30.551,99.032639,43.4048089,6.0136075,235.549,5,8,0.99,0.069,113.24
16:11:30.645,99.126708,43.404809,6.0136074,235.557,5,9,0.96,0.052,113.24
16:11:30.745,99.226655,43.404809,6.0136074,235.562,5,9,0.96,0.02,113.24
16:11:30.843,99.324636,43.4048091,6.0136074,235.57,5,9,0.96,0.024,113.24
16:11:30.951,99.433045,43.4048091,6.0136074,235.574,5,9,0.96,0.02,113.24
16:11:31.049,99.53055,43.4048091,6.0136073,235.581,5,9,0.96,0.044,113.24
16:11:31.160,99.641743,43.4048092,6.0136073,235.591,5,9,0.96,0.041,113.24
16:11:31.242,99.723572,43.4048092,6.0136073,235.599,5,9,0.96,0.07,113.24
16:11:31.355,99.836619,43.4048092,6.0136072,235.61,5,9,0.96,0.15,113.24
16:11:31.448,99.929564,43.4048092,6.0136072,235.624,5,9,0.96,0.219,113.24
16:11:31.548,100.029627,43.4048092,6.0136072,235.644,5,9,0.96,0.198,113.24
16:11:31.656,100.137558,43.4048093,6.0136072,235.66,5,9,0.96,0.254,113.24
16:11:31.751,100.232768,43.4048093,6.0136071,235.674,5,9,0.96,0.307,113.24
16:11:31.848,100.32969,43.4048093,6.0136071,235.684,5,9,0.96,0.367,113.24
16:11:31.955,100.436955,43.4048093,6.0136071,235.697,5,9,0.96,0.33,113.24
16:11:32.041,100.522545,43.4048092,6.0136071,235.709,5,9,0.96,0.198,113.24
16:11:32.150,100.631726,43.4048093,6.0136071,235.725,5,9,0.96,0.126,113.24
16:11:32.250,100.731585,43.4048093,6.013607,235.734,5,9,0.96,0.07,113.24
16:11:32.343,100.824564,43.4048092,6.013607,235.752,5,9,0.96,0.128,113.24
16:11:32.440,100.921629,43.4048092,6.013607,235.766,5,9,0.96,0.109,113.24
16:11:32.550,101.031644,43.4048092,6.0136069,235.777,5,9,0.96,0.063,113.24
16:11:32.643,101.124554,43.4048092,6.0136069,235.779,5,9,0.96,0.061,113.24
16:11:32.743,101.224545,43.4048092,6.0136069,235.774,5,9,0.96,0.104,113.24
16:11:32.845,101.326657,43.4048092,6.0136069,235.776,5,9,0.96,0.17,113.24
16:11:32.954,101.43592,43.4048092,6.0136069,235.769,5,9,0.96,0.289,113.24
16:11:33.044,101.525617,43.4048092,6.0136069,235.774,5,9,0.96,0.317,113.24
16:11:33.184,101.66574,43.4048092,6.0136069,235.79,5,10,0.94,0.228,113.24
16:11:33.257,101.73855,43.4048092,6.0136068,235.818,5,10,0.94,0.174,113.24
16:11:33.354,101.835532,43.4048092,6.0136068,235.837,5,9,1.03,0.189,113.24
16:11:33.460,101.941656,43.4048092,6.0136067,235.858,5,9,1.03,0.248,113.24
16:11:33.546,102.027597,43.4048092,6.0136067,235.882,5,9,1.03,0.254,113.24
16:11:33.640,102.121663,43.4048092,6.0136066,235.906,5,9,1.03,0.144,113.24
16:11:33.751,102.232587,43.4048092,6.0136066,235.931,5,9,1.03,0.07,113.24
16:11:33.845,102.326711,43.4048092,6.0136066,235.956,5,9,1.03,0.041,113.24
16:11:33.955,102.436763,43.4048092,6.0136065,235.977,5,9,1.03,0.111,113.24
16:11:34.041,102.523269,43.4048092,6.0136065,235.992,5,9,1.03,0.206,113.24
16:11:34.156,102.637669,43.4048092,6.0136065,235.992,5,9,1.03,0.291,113.24
16:11:34.241,102.722603,43.4048092,6.0136065,235.983,5,9,1.11,0.282,113.24
16:11:34.354,102.835757,43.4048092,6.0136065,235.986,5,9,1.03,0.141,113.24
16:11:34.439,102.920527,43.4048092,6.0136065,235.99,5,9,1.03,0.024,113.24
16:11:34.547,103.028677,43.4048093,6.0136066,235.979,5,9,1.03,0.111,113.24
16:11:34.642,103.123619,43.4048093,6.0136066,235.963,5,9,1.03,0.081,113.24
16:11:34.744,103.225603,43.4048093,6.0136066,235.947,5,9,1.03,0.041,113.24
16:11:34.839,103.320631,43.4048093,6.0136066,235.933,5,9,1.03,0.085,113.24
16:11:34.948,103.429817,43.4048093,6.0136066,235.919,5,9,1.03,0.126,113.24
16:11:35.042,103.523496,43.4048093,6.0136067,235.902,5,9,1.03,0.159,113.24
16:11:35.151,103.632784,43.4048093,6.0136067,235.887,5,9,1.03,0.081,113.24
16:11:35.239,103.720514,43.4048093,6.0136067,235.873,5,9,1.03,0.044,113.24
16:11:35.350,103.831509,43.4048093,6.0136067,235.861,5,9,1.03,0.104,113.24
16:11:35.442,103.923506,43.4048093,6.0136068,235.85,5,9,1.03,0.115,113.24
16:11:35.550,104.031656,43.4048093,6.0136068,235.835,5,9,1.03,0.039,113.24
16:11:35.639,104.120589,43.4048093,6.0136068,235.825,5,8,1.31,0.085,113.24
16:11:35.746,104.227861,43.4048094,6.0136068,235.823,5,8,1.31,0.052,113.24
16:11:35.842,104.323583,43.4048094,6.0136068,235.822,5,8,1.31,0.117,113.24
16:11:35.951,104.432905,43.4048094,6.0136068,235.827,5,8,1.31,0.089,113.24
16:11:36.039,104.520466,43.4048094,6.0136068,235.826,5,8,1.31,0.139,113.24
16:11:36.159,104.640663,43.4048094,6.0136068,235.816,5,8,1.31,0.124,113.24
16:11:36.240,104.72159,43.4048094,6.0136069,235.801,5,8,1.31,0.17,113.24
16:11:36.354,104.835512,43.4048094,6.0136069,235.781,5,8,1.31,0.107,113.24
16:11:36.439,104.920496,43.4048094,6.0136069,235.761,5,8,1.31,0.078,113.24
16:11:36.551,105.032638,43.4048094,6.0136069,235.749,5,8,1.31,0.057,113.24
16:11:36.644,105.125528,43.4048095,6.013607,235.733,5,8,1.31,0.18,113.24
16:11:36.753,105.234578,43.4048095,6.013607,235.713,5,8,1.31,0.161,113.24
16:11:36.852,105.333878,43.4048095,6.013607,235.693,5,8,1.31,0.126,113.24
16:11:36.950,105.431892,43.4048095,6.0136071,235.684,5,8,1.31,0.098,113.24
16:11:37.041,105.522503,43.4048096,6.0136071,235.675,5,8,1.31,0.093,113.24
16:11:37.151,105.632648,43.4048096,6.0136071,235.666,5,8,1.31,0.078,113.24
16:11:37.237,105.718613,43.4048096,6.0136071,235.656,5,8,1.31,0.043,113.24
16:11:37.350,105.831503,43.4048096,6.0136071,235.646,5,8,1.31,0.081,113.24
16:11:37.440,105.921567,43.4048096,6.0136072,235.633,5,8,1.31,0.089,113.24
16:11:37.552,106.033648,43.4048097,6.0136072,235.62,5,8,1.31,0.057,113.24
16:11:37.647,106.128413,43.4048099,6.0136074,235.627,5,9,1.03,0.056,113.24
16:11:37.747,106.228486,43.4048101,6.0136077,235.634,5,9,1.03,0.089,113.24
16:11:37.840,106.321562,43.4048102,6.013608,235.626,5,8,1.07,0.035,113.24
16:11:37.952,106.433877,43.4048103,6.0136081,235.596,5,8,1.07,0.246,113.24
16:11:38.053,106.534488,43.4048105,6.0136083,235.55,5,8,1.07,0.141,113.24
16:11:38.153,106.63462,43.4048106,6.0136085,235.5,5,8,1.07,0.08,113.24
16:11:38.250,106.731492,43.4048107,6.0136087,235.467,5,7,1.13,0.031,113.24
16:11:38.353,106.8346,43.4048108,6.013609,235.425,5,7,1.13,0.056,113.24
16:11:38.452,106.933582,43.4048109,6.0136092,235.384,5,7,1.13,0.2,113.24
16:11:38.551,107.032529,43.404811,6.0136094,235.332,5,7,1.13,0.174,113.24
16:11:38.645,107.126476,43.4048112,6.0136096,235.289,5,7,1.13,0.061,113.24
16:11:38.755,107.236751,43.4048115,6.0136099,235.218,5,7,1.13,0.156,113.24
16:11:38.853,107.334463,43.4048118,6.0136102,235.165,5,7,1.13,0.376,113.24
16:11:38.949,107.43098,43.404812,6.0136104,235.115,5,7,1.13,0.428,113.24
16:11:39.050,107.531553,43.4048122,6.0136105,235.083,5,7,1.13,0.376,113.24
16:11:39.156,107.63772,43.4048125,6.0136107,235.045,5,7,1.13,0.341,113.24
16:11:39.254,107.735515,43.4048126,6.0136107,235.018,5,7,1.13,0.332,113.24
16:11:39.349,107.830638,43.4048128,6.0136108,234.998,5,7,1.13,0.202,113.24
16:11:39.444,107.925546,43.4048129,6.0136109,234.985,5,7,1.13,0.035,113.24
16:11:39.553,108.034496,43.4048131,6.013611,234.978,5,7,1.13,0.1,113.24
16:11:39.652,108.133588,43.4048132,6.0136111,234.972,5,7,1.13,0.152,113.24
16:11:39.749,108.230463,43.4048133,6.0136111,234.967,5,7,1.13,0.081,113.24
16:11:39.844,108.325634,43.4048134,6.0136111,234.969,5,7,1.13,0.052,113.24
16:11:39.953,108.434743,43.4048135,6.0136111,234.974,5,7,1.13,0.039,113.24
16:11:40.053,108.534705,43.4048135,6.0136111,234.984,5,7,1.13,0.063,113.24
16:11:40.149,108.630583,43.4048136,6.013611,234.996,5,8,0.99,0.081,113.24
16:11:40.244,108.725524,43.4048136,6.013611,234.997,5,8,0.99,0.083,113.24
16:11:40.354,108.835466,43.4048136,6.0136109,235.002,5,8,0.99,0.063,113.24
16:11:40.451,108.932592,43.4048136,6.0136109,235.0,5,8,0.99,0.104,113.24
16:11:40.548,109.030007,43.4048136,6.0136108,235.001,5,8,0.99,0.124,113.24
16:11:40.651,109.132531,43.4048135,6.0136108,234.993,5,8,0.99,0.083,113.24
16:11:40.754,109.235502,43.4048135,6.0136108,234.983,5,8,0.99,0.03,113.24
16:11:40.853,109.334439,43.4048134,6.0136108,234.963,5,8,0.99,0.067,113.24
16:11:40.948,109.429837,43.4048134,6.0136108,234.945,5,8,0.99,0.069,113.24
16:11:41.051,109.53258,43.4048133,6.0136107,234.924,5,8,0.99,0.083,113.24
16:11:41.153,109.634577,43.4048133,6.0136107,234.91,5,8,0.99,0.089,113.24
16:11:41.252,109.733553,43.4048132,6.0136107,234.898,5,7,1.55,0.057,113.24
16:11:41.351,109.832514,43.4048132,6.0136107,234.887,5,7,1.55,0.08,113.24
16:11:41.451,109.932432,43.4048132,6.0136106,234.872,5,7,1.55,0.065,113.24
16:11:41.554,110.035453,43.4048131,6.0136106,234.859,5,7,1.55,0.065,113.24
16:11:41.653,110.134426,43.4048131,6.0136106,234.84,5,7,1.55,0.031,113.24
16:11:41.751,110.232419,43.404813,6.0136106,234.82,5,7,1.55,0.007,113.24
16:11:41.850,110.331423,43.404813,6.0136105,234.8,5,7,1.55,0.037,113.24
16:11:41.955,110.436804,43.404813,6.0136105,234.78,5,8,1.32,0.011,113.24
16:11:42.050,110.53154,43.4048129,6.0136104,234.769,5,8,1.32,0.074,113.24
16:11:42.159,110.640662,43.4048129,6.0136104,234.758,5,8,1.32,0.081,113.24
16:11:42.248,110.729541,43.4048129,6.0136103,234.752,5,8,1.32,0.113,113.24
16:11:42.350,110.831568,43.4048128,6.0136103,234.743,5,8,1.32,0.067,113.24
16:11:42.449,110.930519,43.4048128,6.0136102,234.737,5,8,1.32,0.063,113.24
16:11:42.546,111.027537,43.4048129,6.0136101,234.732,5,8,1.32,0.059,113.24
16:11:42.649,111.130417,43.4048129,6.01361,234.735,5,8,1.32,0.02,113.24
16:11:42.752,111.233611,43.4048129,6.0136099,234.732,5,8,1.32,0.122,113.24
16:11:42.849,111.330398,43.4048129,6.0136098,234.728,5,8,1.32,0.119,113.24
16:11:42.947,111.428702,43.4048129,6.0136097,234.734,5,8,1.32,0.069,113.24
16:11:43.047,111.528532,43.4048129,6.0136096,234.751,5,8,1.32,0.015,113.24
16:11:43.158,111.639576,43.4048129,6.0136095,234.77,5,8,1.32,0.074,113.24
16:11:43.249,111.730398,43.4048129,6.0136094,234.791,5,8,1.32,0.083,113.24
16:11:43.368,111.849496,43.4048128,6.0136093,234.807,5,8,1.32,0.046,113.24
16:11:43.456,111.937423,43.4048128,6.0136092,234.821,5,8,1.32,0.067,113.24
16:11:43.550,112.03143,43.4048127,6.0136091,234.847,5,8,1.32,0.057,113.24
16:11:43.648,112.129466,43.4048127,6.013609,234.861,5,8,1.32,0.069,113.24
16:11:43.747,112.228395,43.4048126,6.0136088,234.881,5,8,1.32,0.028,113.24
16:11:43.841,112.322466,43.4048126,6.0136087,234.894,5,8,1.32,0.028,113.24
16:11:43.950,112.431695,43.4048125,6.0136086,234.901,5,8,1.32,0.046,113.24
16:11:44.049,112.530443,43.4048125,6.0136085,234.904,5,8,1.32,0.076,113.24
16:11:44.158,112.63957,43.4048124,6.0136084,234.928,5,8,1.32,0.094,113.24
16:11:44.247,112.728379,43.4048123,6.0136083,234.959,5,8,1.32,0.039,113.24
16:11:44.350,112.831389,43.4048122,6.0136082,234.969,5,8,1.32,0.083,113.24
16:11:44.449,112.930435,43.4048121,6.0136081,234.991,5,8,1.32,0.087,113.24
16:11:44.547,113.028443,43.404812,6.013608,235.008,5,8,1.32,0.089,113.24
16:11:44.647,113.128374,43.404812,6.0136079,235.017,5,8,1.32,0.072,113.24
16:11:44.748,113.230357,43.404812,6.0136078,235.032,5,8,1.32,0.074,113.24
16:11:44.848,113.330355,43.4048119,6.0136077,235.033,5,8,1.32,0.1,113.24
16:11:44.947,113.428655,43.4048118,6.0136076,235.034,5,8,1.32,0.022,113.24
16:11:45.047,113.528514,43.4048118,6.0136076,235.035,5,8,1.32,0.074,113.24
16:11:45.149,113.630624,43.4048118,6.0136075,235.037,5,8,1.32,0.117,113.24
16:11:45.248,113.729417,43.4048117,6.0136074,235.036,5,8,1.32,0.12,113.24
16:11:45.347,113.8284,43.4048117,6.0136073,235.038,5,8,1.32,0.07,113.24
16:11:45.446,113.92752,43.4048116,6.0136072,235.042,5,8,1.32,0.048,113.24
16:11:45.549,114.030406,43.4048116,6.0136071,235.045,5,8,1.32,0.1,113.24
16:11:45.646,114.127451,43.4048116,6.0136071,235.052,5,8,1.32,0.139,113.24
16:11:45.746,114.227535,43.4048115,6.013607,235.054,5,8,1.32,0.072,113.24
16:11:45.846,114.327411,43.4048115,6.0136069,235.049,5,8,1.32,0.057,113.24
16:11:45.949,114.430623,43.4048115,6.0136069,235.044,5,8,1.32,0.063,113.24
16:11:46.048,114.529901,43.4048114,6.0136068,235.044,5,8,1.32,0.046,113.24
16:11:46.146,114.627591,43.4048114,6.0136067,235.06,5,8,1.32,0.024,113.24
16:11:46.246,114.72738,43.4048113,6.0136066,235.081,5,8,1.32,0.03,113.24
16:11:46.349,114.830611,43.4048113,6.0136065,235.091,5,8,1.32,0.059,113.24
16:11:46.452,114.933632,43.4048112,6.0136064,235.093,5,8,1.32,0.028,113.24
16:11:46.550,115.031409,43.4048111,6.0136064,235.096,5,9,0.93,0.102,113.24
16:11:46.650,115.131421,43.4048111,6.0136063,235.103,5,9,0.93,0.107,113.24
16:11:46.752,115.234344,43.404811,6.0136062,235.107,5,9,0.93,0.059,113.24
16:11:46.850,115.332333,43.4048109,6.0136062,235.109,5,9,0.93,0.022,113.24
16:11:46.950,115.431629,43.4048109,6.013606,235.119,5,9,0.93,0.044,113.24
16:11:47.050,115.531496,43.4048108,6.013606,235.13,5,9,0.93,0.056,113.24
16:11:47.153,115.634616,43.4048107,6.0136059,235.135,5,9,0.93,0.076,113.24
16:11:47.251,115.733367,43.4048106,6.0136058,235.148,5,9,0.93,0.069,113.24
16:11:47.350,115.831423,43.4048106,6.0136057,235.158,5,9,0.93,0.031,113.24
16:11:47.449,115.931358,43.4048105,6.0136057,235.17,5,9,0.93,0.033,113.24
16:11:47.552,116.033466,43.4048104,6.0136056,235.175,5,9,0.93,0.024,113.24
16:11:47.652,116.134332,43.4048104,6.0136056,235.184,5,9,0.93,0.054,113.24
16:11:47.749,116.231304,43.4048103,6.0136055,235.203,5,9,0.93,0.033,113.24
16:11:47.849,116.331313,43.4048103,6.0136054,235.211,5,9,0.93,0.028,113.24
16:11:47.952,116.433683,43.4048103,6.0136053,235.226,5,9,0.93,0.006,113.24
16:11:48.052,116.533564,43.4048103,6.0136053,235.244,5,9,0.93,0.087,113.24
16:11:48.160,116.641662,43.4048103,6.0136052,235.241,5,8,0.93,0.026,113.24
16:11:48.249,116.731312,43.4048103,6.0136052,235.233,5,8,0.93,0.115,113.24
16:11:48.352,116.833378,43.4048104,6.0136052,235.231,5,9,0.83,0.07,113.24
16:11:48.447,116.928385,43.4048104,6.0136051,235.237,5,8,0.96,0.037,113.24
16:11:48.546,117.028363,43.4048104,6.013605,235.238,5,8,0.96,0.02,113.24
16:11:48.645,117.127301,43.4048104,6.013605,235.237,5,8,0.96,0.013,113.24
16:11:48.748,117.230297,43.4048105,6.013605,235.236,5,8,0.96,0.017,113.24
16:11:48.851,117.332448,43.4048105,6.013605,235.229,5,9,0.83,0.056,113.24
16:11:48.949,117.430674,43.4048105,6.0136049,235.224,5,9,0.83,0.056,113.24
16:11:49.050,117.531479,43.4048106,6.0136049,235.222,5,9,0.83,0.026,113.24
16:11:49.151,117.63258,43.4048106,6.0136049,235.226,5,9,0.83,0.048,113.24
16:11:49.251,117.7324,43.4048106,6.0136049,235.231,5,9,0.83,0.05,113.24
16:11:49.351,117.83329,43.4048106,6.0136048,235.241,5,9,0.83,0.059,113.24
16:11:49.449,117.930403,43.4048106,6.0136048,235.246,5,8,0.96,0.061,113.24
16:11:49.552,118.03356,43.4048106,6.0136047,235.257,5,8,0.96,0.05,113.24
16:11:49.650,118.132301,43.4048106,6.0136047,235.269,5,8,0.96,0.02,113.24
16:11:49.751,118.233277,43.4048106,6.0136047,235.273,5,8,0.96,0.056,113.24
16:11:49.848,118.330283,43.4048106,6.0136047,235.286,5,8,0.96,0.102,113.24
16:11:49.952,118.433636,43.4048106,6.0136047,235.294,5,8,0.96,0.107,113.24
16:11:50.051,118.533382,43.4048106,6.0136047,235.296,5,8,0.96,0.074,113.24
16:11:50.170,118.651591,43.4048106,6.0136047,235.302,5,8,0.96,0.011,113.24
16:11:50.248,118.730276,43.4048106,6.0136047,235.312,5,8,0.96,0.061,113.24
16:11:50.352,118.833552,43.4048107,6.0136047,235.321,5,8,0.96,0.085,113.24
16:11:50.451,118.933335,43.4048107,6.0136047,235.318,5,8,0.96,0.072,113.24
16:11:50.551,119.033288,43.4048107,6.0136047,235.312,5,8,0.96,0.067,113.24
16:11:50.649,119.13129,43.4048107,6.0136047,235.302,5,8,0.96,0.107,113.24
16:11:50.753,119.234553,43.4048108,6.0136048,235.285,5,8,0.96,0.067,113.24
16:11:50.850,119.332365,43.4048108,6.0136048,235.263,5,8,0.96,0.135,113.24
16:11:50.948,119.429705,43.4048108,6.0136049,235.252,5,8,0.96,0.152,113.24
16:11:51.048,119.530245,43.4048108,6.0136049,235.235,5,8,0.96,0.102,113.24
16:11:51.152,119.634401,43.4048108,6.0136049,235.217,5,7,0.99,0.044,113.24
16:11:51.249,119.731281,43.4048108,6.013605,235.201,5,7,0.99,0.124,113.24
16:11:51.348,119.830285,43.4048108,6.013605,235.176,5,7,0.99,0.209,113.24
16:11:51.448,119.929403,43.4048108,6.013605,235.172,5,7,1.2,0.306,113.24
16:11:51.550,120.032329,43.4048108,6.013605,235.171,5,7,1.2,0.265,113.24
16:11:51.649,120.131264,43.4048108,6.013605,235.165,5,7,1.02,0.204,113.24
16:11:51.745,120.227178,43.4048108,6.013605,235.159,5,7,1.02,0.193,113.24
16:11:51.842,120.324246,43.4048108,6.013605,235.147,5,7,1.02,0.167,113.24
16:11:51.950,120.431595,43.4048108,6.013605,235.122,5,7,1.02,0.213,113.24
16:11:52.050,120.531418,43.4048108,6.013605,235.102,5,7,1.02,0.202,113.24
16:11:52.161,120.642477,43.4048108,6.013605,235.092,5,8,0.96,0.078,113.24
16:11:52.247,120.728506,43.4048108,6.013605,235.066,5,8,0.96,0.106,113.24
16:11:52.351,120.833322,43.4048108,6.013605,235.042,5,8,0.96,0.207,113.24
16:11:52.449,120.931249,43.4048108,6.013605,235.019,5,8,0.96,0.256,113.24
16:11:52.541,121.023277,43.4048108,6.013605,234.997,5,7,1.16,0.126,113.24
16:11:52.643,121.125296,43.4048107,6.013605,234.968,5,7,1.16,0.069,113.24
16:11:52.746,121.228246,43.4048107,6.013605,234.94,5,7,1.16,0.143,113.24
16:11:52.845,121.327309,43.4048105,6.0136048,234.981,5,9,0.84,0.181,113.24
16:11:52.948,121.429626,43.4048103,6.0136048,234.99,5,8,0.99,0.246,113.24
16:11:53.047,121.529342,43.4048103,6.0136047,234.995,5,9,0.87,0.178,113.24
16:11:53.166,121.647421,43.4048102,6.0136046,235.01,5,9,0.87,0.115,113.24
16:11:53.244,121.726372,43.4048101,6.0136043,235.05,5,8,1.07,0.067,113.24
16:11:53.363,121.845363,43.40481,6.0136041,235.097,5,8,1.07,0.091,113.24
16:11:53.453,121.934646,43.4048099,6.0136039,235.129,5,8,1.0,0.135,113.24
16:11:53.550,122.032285,43.4048098,6.0136038,235.142,5,8,1.0,0.226,113.24
16:11:53.643,122.125321,43.4048099,6.013604,235.114,5,7,1.13,0.144,113.24
16:11:53.742,122.224244,43.40481,6.0136041,235.067,5,7,1.13,0.059,113.24
16:11:53.842,122.32423,43.4048101,6.0136043,235.005,5,7,1.13,0.102,113.24
16:11:53.949,122.430636,43.4048102,6.0136044,234.956,5,8,1.0,0.1,113.24
16:11:54.048,122.529402,43.4048103,6.0136045,234.901,5,8,1.0,0.267,113.24
16:11:54.156,122.638369,43.4048104,6.0136047,234.814,5,8,1.0,0.239,113.24
16:11:54.245,122.727282,43.4048106,6.0136048,234.745,5,7,1.01,0.219,113.24
16:11:54.348,122.829523,43.4048108,6.0136049,234.673,5,7,1.01,0.174,113.24
16:11:54.446,122.92825,43.404811,6.013605,234.628,5,7,1.01,0.104,113.24
16:11:54.544,123.026275,43.4048112,6.0136051,234.561,5,7,1.13,0.061,113.24
16:11:54.644,123.126333,43.4048114,6.0136052,234.489,5,7,1.13,0.083,113.24
16:11:54.746,123.228355,43.4048116,6.0136053,234.426,5,7,1.13,0.107,113.24
16:11:54.845,123.327217,43.4048118,6.0136054,234.364,5,7,1.13,0.08,113.24
16:11:54.943,123.424525,43.4048118,6.0136055,234.334,5,7,1.13,0.052,113.24
16:11:55.042,123.524262,43.4048119,6.0136056,234.304,5,7,1.13,0.104,113.24
16:11:55.153,123.634556,43.4048119,6.0136057,234.273,5,7,1.13,0.117,113.24
16:11:55.244,123.726282,43.4048119,6.0136057,234.246,5,7,1.13,0.078,113.24
16:11:55.353,123.835248,43.4048119,6.0136058,234.224,5,7,1.13,0.043,113.24
16:11:55.438,123.920206,43.4048118,6.0136058,234.214,5,7,1.13,0.131,113.24
16:11:55.542,124.024237,43.4048118,6.0136059,234.208,5,7,1.13,0.041,113.24
16:11:55.640,124.122248,43.4048117,6.0136059,234.215,5,6,1.61,0.057,113.24
16:11:55.738,124.219431,43.4048116,6.013606,234.215,5,6,1.61,0.063,113.24
16:11:55.846,124.32821,43.4048116,6.0136061,234.22,5,6,1.61,0.078,113.24
16:11:55.940,124.421577,43.4048115,6.0136061,234.223,5,6,1.61,0.087,113.24
16:11:56.040,124.52224,43.4048114,6.0136062,234.236,5,6,1.61,0.117,113.24
16:11:56.154,124.635446,43.4048114,6.0136062,234.239,5,7,1.13,0.232,113.24
16:11:56.242,124.724336,43.4048113,6.0136062,234.245,5,7,1.13,0.348,113.24
16:11:56.349,124.831306,43.4048112,6.0136062,234.256,5,7,1.13,0.419,113.24
16:11:56.443,124.925325,43.4048111,6.0136062,234.269,5,7,1.13,0.483,113.24
16:11:56.538,125.020312,43.4048111,6.0136062,234.273,5,7,1.13,0.478,113.24
16:11:56.653,125.135267,43.404811,6.0136062,234.329,5,8,1.13,0.181,113.24
16:11:56.752,125.234284,43.404811,6.0136066,234.319,5,8,1.13,0.119,113.24
16:11:56.851,125.333221,43.404811,6.0136072,234.291,5,8,1.13,0.115,113.24
16:11:56.951,125.432579,43.4048111,6.0136077,234.256,5,8,1.13,0.137,113.24
16:11:57.050,125.532172,43.4048111,6.0136082,234.219,5,8,1.13,0.148,113.24
16:11:57.154,125.635411,43.4048111,6.0136086,234.186,5,8,1.13,0.154,113.24
16:11:57.251,125.73333,43.4048111,6.0136091,234.138,5,8,1.13,0.15,113.24
16:11:57.351,125.833343,43.4048111,6.0136097,234.089,5,8,1.13,0.15,113.24
16:11:57.451,125.933162,43.4048111,6.0136102,234.041,5,8,1.13,0.141,113.24
16:11:57.552,126.034232,43.4048111,6.0136102,234.052,5,8,1.13,0.135,113.24
16:11:57.650,126.132256,43.4048111,6.0136101,234.066,5,7,1.61,0.131,113.24
16:11:57.751,126.233175,43.404811,6.01361,234.101,5,7,1.61,0.119,113.24
16:11:57.850,126.332159,43.4048109,6.0136098,234.132,5,7,1.61,0.1,113.24
16:11:57.953,126.43448,43.4048108,6.0136097,234.158,5,7,1.61,0.081,113.24
16:11:58.050,126.532267,43.4048106,6.0136096,234.175,5,7,1.61,0.076,113.24
16:11:58.166,126.648336,43.4048105,6.0136094,234.218,5,9,1.05,0.08,113.24
16:11:58.255,126.737288,43.4048104,6.0136092,234.247,5,9,1.05,0.083,113.24
16:11:58.357,126.838412,43.4048103,6.0136094,234.274,5,9,1.05,0.08,113.24
16:11:58.455,126.937237,43.4048101,6.0136096,234.313,5,9,1.05,0.081,113.24
16:11:58.566,127.048231,43.40481,6.0136093,234.376,5,9,1.05,0.081,113.24
16:11:58.652,127.134136,43.40481,6.013609,234.408,5,9,1.05,0.081,113.24
16:11:58.757,127.239166,43.4048099,6.0136088,234.45,5,9,1.05,0.08,113.24
16:11:58.853,127.335146,43.4048098,6.0136088,234.475,5,9,1.05,0.081,113.24
16:11:58.954,127.435454,43.4048097,6.0136087,234.499,5,9,1.05,0.08,113.24
16:11:59.051,127.533257,43.4048097,6.0136087,234.53,5,9,1.05,0.08,113.24
16:11:59.162,127.6443,43.4048096,6.0136085,234.571,5,9,1.05,0.078,113.24
16:11:59.251,127.73336,43.4048096,6.0136084,234.605,5,9,1.05,0.074,113.24
16:11:59.353,127.835264,43.4048095,6.0136083,234.649,5,9,1.05,0.069,113.24
16:11:59.451,127.933293,43.4048094,6.0136082,234.713,5,9,1.05,0.069,113.24
16:11:59.554,128.036314,43.4048094,6.0136081,234.728,5,9,1.05,0.065,113.24
16:11:59.652,128.134147,43.4048094,6.013608,234.738,5,9,1.05,0.063,113.24
16:11:59.740,128.222141,43.4048094,6.0136079,234.762,5,7,1.13,0.065,113.24
16:11:59.840,128.322136,43.4048093,6.0136078,234.78,5,7,1.13,0.063,113.24
16:11:59.944,128.425533,43.4048093,6.0136077,234.792,5,7,1.13,0.061,113.24
16:12:00.042,128.524126,43.4048092,6.0136076,234.81,5,6,1.32,0.063,113.24
16:12:00.142,128.624301,43.4048092,6.0136075,234.828,5,6,1.32,0.063,113.24
16:12:00.240,128.722343,43.4048091,6.0136075,234.845,5,7,1.18,0.015,113.24
16:12:00.344,128.826224,43.4048091,6.0136074,234.859,5,7,1.18,0.043,113.24
16:12:00.443,128.925133,43.4048091,6.0136074,234.871,5,7,1.18,0.104,113.24
16:12:00.552,129.034211,43.4048091,6.0136073,234.886,5,7,1.18,0.115,113.24
16:12:00.640,129.122206,43.4048091,6.0136073,234.893,5,7,1.18,0.093,113.24
16:12:00.745,129.227364,43.404809,6.0136072,234.902,5,7,1.05,0.096,113.24
16:12:00.841,129.32313,43.404809,6.0136072,234.91,5,6,1.83,0.093,113.24
16:12:00.954,129.435414,43.404809,6.0136072,234.913,5,7,1.05,0.048,113.24
16:12:01.038,129.520121,43.404809,6.0136072,234.91,5,6,1.83,0.044,113.24
16:12:01.147,129.629316,43.404809,6.0136072,234.914,5,6,1.83,0.098,113.24
16:12:01.239,129.721238,43.4048089,6.0136072,234.927,5,6,1.83,0.037,113.24
16:12:01.348,129.8301,43.4048089,6.0136072,234.927,5,6,1.88,0.043,113.24
16:12:01.437,129.919132,43.4048088,6.0136072,234.924,5,6,1.88,0.12,113.24
16:12:01.539,130.021239,43.4048088,6.0136072,234.905,5,6,1.88,0.117,113.24
16:12:01.639,130.121133,43.4048087,6.0136072,234.9,5,6,1.88,0.154,113.24
16:12:01.748,130.230212,43.4048087,6.0136072,234.886,5,6,1.88,0.17,113.24
16:12:01.835,130.317169,43.4048086,6.0136073,234.879,5,6,1.88,0.076,113.24
16:12:01.939,130.420506,43.4048086,6.0136072,234.889,5,6,1.88,0.028,113.24
16:12:02.041,130.523079,43.4048085,6.0136072,234.91,5,7,1.18,0.017,113.24
16:12:02.152,130.634288,43.4048084,6.0136071,234.931,5,7,1.18,0.031,113.24
16:12:02.243,130.725339,43.4048083,6.0136071,234.938,5,6,1.88,0.026,113.24
16:12:02.338,130.820217,43.4048083,6.0136071,234.946,5,6,1.88,0.306,113.24
16:12:02.437,130.91915,43.4048082,6.013607,234.953,5,6,1.88,0.417,113.24
16:12:02.546,131.02824,43.4048081,6.013607,234.968,5,6,1.88,0.469,113.24
16:12:02.636,131.118177,43.4048081,6.013607,234.984,5,6,1.88,0.374,113.24
16:12:02.739,131.221256,43.404808,6.0136069,235.0,5,6,1.88,0.261,113.24
16:12:02.839,131.32102,43.4048079,6.0136069,235.009,5,6,1.88,0.185,113.24
16:12:02.945,131.426581,43.4048079,6.0136069,235.034,5,6,1.88,0.296,113.24
16:12:03.036,131.518164,43.4048078,6.0136068,235.06,5,6,1.88,0.257,113.24
16:12:03.145,131.627248,43.4048078,6.0136067,235.092,5,6,1.88,0.135,113.24
16:12:03.237,131.719091,43.4048078,6.0136067,235.116,5,6,1.88,0.059,113.24
16:12:03.357,131.83919,43.4048077,6.0136066,235.137,5,6,1.88,0.104,113.24
16:12:03.457,131.939038,43.4048077,6.0136065,235.16,5,6,1.88,0.059,113.24
16:12:03.538,132.020193,43.4048076,6.0136065,235.182,5,6,1.88,0.057,113.24
16:12:03.639,132.121006,43.4048076,6.0136064,235.195,5,6,1.88,0.069,113.24
16:12:03.747,132.229096,43.4048076,6.0136064,235.205,5,6,1.88,0.087,113.24
16:12:03.861,132.343248,43.4048076,6.0136065,235.2,5,7,1.76,0.093,113.24
16:12:03.953,132.435357,43.4048076,6.0136065,235.215,5,9,1.12,0.093,113.24
16:12:04.050,132.532297,43.4048076,6.0136064,235.228,5,9,1.12,0.096,113.24
16:12:04.160,132.642221,43.4048076,6.0136063,235.246,5,9,1.12,0.1,113.24
16:12:04.249,132.731075,43.4048077,6.0136063,235.271,5,8,1.15,0.081,113.24
16:12:04.357,132.839184,43.4048077,6.0136062,235.282,5,8,1.15,0.065,113.24
16:12:04.451,132.933078,43.4048078,6.0136061,235.292,5,8,1.15,0.05,113.24
16:12:04.550,133.032334,43.4048078,6.0136061,235.273,5,8,1.15,0.043,113.24
16:12:04.648,133.130057,43.4048078,6.0136062,235.249,5,9,1.12,0.039,113.24
16:12:04.758,133.240184,43.4048078,6.0136062,235.227,5,9,1.12,0.011,113.24
16:12:04.842,133.324048,43.4048078,6.0136061,235.222,5,8,1.39,0.009,113.24
16:12:04.958,133.440356,43.4048078,6.013606,235.224,5,9,1.12,0.011,113.24
16:12:05.050,133.532064,43.4048078,6.0136061,235.193,5,9,1.12,0.002,113.24
16:12:05.165,133.647152,43.4048078,6.0136061,235.172,5,9,1.12,0.004,113.24
16:12:05.251,133.733129,43.4048077,6.013606,235.213,5,9,1.18,0.002,113.24
16:12:05.360,133.842338,43.4048077,6.0136058,235.263,5,9,1.11,0.002,113.24
16:12:05.457,133.93928,43.4048077,6.0136057,235.281,5,8,1.19,0.002,113.24
16:12:05.552,134.033529,43.4048077,6.0136056,235.304,5,9,1.1,0.011,113.24
16:12:05.651,134.133164,43.4048077,6.0136056,235.351,5,9,1.1,0.02,113.24
16:12:05.760,134.242215,43.4048077,6.0136055,235.405,5,9,1.1,0.026,113.24
16:12:05.860,134.342361,43.4048077,6.0136055,235.46,5,9,1.1,0.031,113.24
16:12:05.957,134.43929,43.4048077,6.0136054,235.529,5,9,0.9,0.039,113.24
16:12:06.053,134.535129,43.4048077,6.0136053,235.627,5,10,0.87,0.035,113.24
16:12:06.164,134.646287,43.4048077,6.0136051,235.726,5,9,0.9,0.028,113.24
16:12:06.261,134.743177,43.4048078,6.0136049,235.822,5,9,0.9,0.026,113.24
16:12:06.352,134.834182,43.4048078,6.0136047,235.909,5,8,1.23,0.031,113.24
16:12:06.449,134.931069,43.4048078,6.0136046,235.974,5,8,1.23,0.035,113.24
16:12:06.558,135.040126,43.4048078,6.0136045,236.022,5,8,1.23,0.039,113.24
16:12:06.648,135.130151,43.4048078,6.0136043,236.07,5,7,1.36,0.033,113.24
16:12:06.742,135.224023,43.4048077,6.0136042,236.103,5,7,1.36,0.028,113.24
16:12:06.841,135.323023,43.4048077,6.013604,236.124,5,7,1.36,0.028,113.24
16:12:06.949,135.431347,43.4048077,6.0136039,236.14,5,7,1.36,0.026,113.24
16:12:07.051,135.533044,43.4048077,6.0136038,236.152,5,7,1.36,0.024,113.24
16:12:07.146,135.628177,43.4048076,6.0136037,236.15,5,8,0.94,0.026,113.24
16:12:07.244,135.726015,43.4048076,6.0136036,236.168,5,8,0.94,0.087,113.24
16:12:07.353,135.835153,43.4048076,6.0136035,236.183,5,8,0.94,0.08,113.24
16:12:07.452,135.934214,43.4048075,6.0136033,236.209,5,8,0.94,0.102,113.24
16:12:07.551,136.033167,43.4048074,6.0136032,236.233,5,8,0.94,0.094,113.24
16:12:07.642,136.124,43.4048074,6.0136031,236.256,5,7,1.36,0.037,113.24
16:12:07.752,136.233995,43.4048073,6.013603,236.286,5,7,1.36,0.067,113.24
16:12:07.849,136.330999,43.4048072,6.0136028,236.331,5,7,1.36,0.169,113.24
16:12:07.950,136.432331,43.4048071,6.0136027,236.386,5,7,1.36,0.13,113.24
16:12:08.040,136.522067,43.4048064,6.0136019,236.552,5,7,1.36,0.015,113.24
16:12:08.160,136.642181,43.4048058,6.0136012,236.685,5,7,1.36,0.074,113.24
16:12:08.248,136.730084,43.4048053,6.0136006,236.806,5,7,1.36,0.056,113.24
16:12:08.348,136.830182,43.4048049,6.0136,236.93,5,7,1.36,0.044,113.24
16:12:08.440,136.922137,43.4048044,6.0135995,237.046,5,7,1.36,0.057,113.24
16:12:08.549,137.031177,43.4048041,6.0135991,237.105,5,7,1.36,0.067,113.24
16:12:08.650,137.131999,43.4048039,6.0135987,237.166,5,8,0.98,0.039,113.24
16:12:08.748,137.23006,43.4048036,6.0135983,237.221,5,8,0.98,0.096,113.24
16:12:08.842,137.323979,43.4048034,6.013598,237.252,5,8,0.98,0.098,113.24
16:12:08.950,137.432401,43.4048033,6.0135977,237.278,5,8,0.98,0.07,113.24
16:12:09.049,137.531017,43.4048032,6.0135975,237.3,5,8,0.98,0.015,113.24
16:12:09.152,137.634143,43.4048031,6.0135973,237.311,5,8,0.98,0.043,113.24
16:12:09.251,137.732999,43.404803,6.0135971,237.313,5,8,0.98,0.054,113.24
16:12:09.352,137.834076,43.4048031,6.0135969,237.284,5,8,0.98,0.059,113.24
16:12:09.449,137.931052,43.4048031,6.0135967,237.248,5,8,0.94,0.026,113.24
16:12:09.551,138.033139,43.4048031,6.0135965,237.289,5,8,0.94,0.009,113.24
16:12:09.646,138.127988,43.4048031,6.0135965,237.319,5,8,0.93,0.035,113.24
16:12:09.753,138.235062,43.4048031,6.0135964,237.338,5,8,0.93,0.067,113.24
16:12:09.849,138.331209,43.4048032,6.0135964,237.333,5,8,0.93,0.031,113.24
16:12:09.951,138.433368,43.4048032,6.0135963,237.326,5,8,0.93,0.022,113.24
16:12:10.054,138.536213,43.4048032,6.0135963,237.339,5,7,1.33,0.044,113.24
16:12:10.151,138.633323,43.4048031,6.0135963,237.338,5,7,1.33,0.013,113.24
16:12:10.250,138.732309,43.4048031,6.0135964,237.33,5,7,1.33,0.078,113.24
16:12:10.352,138.833682,43.4048031,6.0135964,237.329,5,7,1.33,0.144,113.24
16:12:10.443,138.925171,43.4048031,6.0135964,237.333,5,7,1.33,0.139,113.24
16:12:10.552,139.034165,43.404803,6.0135964,237.341,5,7,1.33,0.046,113.24
16:12:10.650,139.131891,43.404803,6.0135965,237.338,5,7,1.33,0.035,113.24
16:12:10.751,139.233017,43.4048029,6.0135965,237.328,5,7,1.33,0.039,113.24
16:12:10.843,139.324934,43.4048029,6.0135965,237.328,5,7,1.33,0.057,113.24
16:12:10.954,139.435843,43.4048029,6.0135965,237.314,5,8,0.93,0.065,113.24
16:12:11.049,139.530668,43.4048029,6.0135965,237.307,5,8,0.93,0.093,113.24
16:12:11.159,139.640985,43.4048028,6.0135965,237.302,5,7,1.33,0.02,113.24
16:12:11.244,139.725917,43.4048028,6.0135965,237.303,5,8,0.93,0.043,113.24
16:12:11.352,139.833945,43.4048028,6.0135964,237.311,5,8,0.93,0.059,113.24
16:12:11.449,139.930556,43.4048028,6.0135964,237.334,5,8,0.93,0.054,113.24
16:12:11.545,140.026893,43.4048028,6.0135963,237.348,5,8,0.93,0.057,113.24
16:12:11.644,140.125833,43.4048027,6.0135962,237.379,5,8,0.93,0.037,113.24
16:12:11.753,140.234818,43.4048028,6.0135961,237.403,5,8,0.93,0.033,113.24
16:12:11.849,140.330436,43.4048028,6.013596,237.432,5,8,0.93,0.074,113.24
16:12:11.951,140.433123,43.4048028,6.0135959,237.455,5,8,0.93,0.031,113.24
16:12:12.043,140.524918,43.4048028,6.0135958,237.484,5,8,0.93,0.043,113.24
16:12:12.163,140.644963,43.4048028,6.0135957,237.511,5,8,0.93,0.028,113.24
16:12:12.250,140.73181,43.4048028,6.0135956,237.542,5,8,0.93,0.033,113.24
16:12:12.351,140.832838,43.4048028,6.0135955,237.568,5,8,0.93,0.033,113.24
16:12:12.452,140.933872,43.4048028,6.0135954,237.597,5,8,0.93,0.043,113.24
16:12:12.551,141.032882,43.4048029,6.0135953,237.624,5,8,0.93,0.046,113.24
16:12:12.649,141.13041,43.4048029,6.0135952,237.644,5,8,0.93,0.02,113.24
16:12:12.751,141.232805,43.4048029,6.0135952,237.662,5,8,0.93,0.022,113.24
16:12:12.853,141.334802,43.4048029,6.0135951,237.68,5,8,0.93,0.035,113.24
16:12:12.950,141.432194,43.4048029,6.0135951,237.692,5,8,0.93,0.022,113.24
16:12:13.048,141.529841,43.4048029,6.0135951,237.696,5,8,0.93,0.037,113.24
16:12:13.154,141.635945,43.4048029,6.013595,237.718,5,8,0.93,0.035,113.24
16:12:13.252,141.733835,43.4048029,6.013595,237.728,5,8,0.93,0.048,113.24
16:12:13.369,141.850931,43.4048029,6.0135949,237.74,5,8,0.93,0.046,113.24
16:12:13.460,141.941903,43.4048029,6.0135949,237.753,5,8,0.93,0.028,113.24
16:12:13.550,142.031888,43.4048028,6.0135949,237.761,5,8,0.93,0.006,113.24
16:12:13.653,142.134794,43.4048028,6.0135949,237.784,5,8,0.93,0.054,113.24
16:12:13.752,142.233796,43.4048027,6.0135948,237.805,5,8,0.93,0.035,113.24
16:12:13.849,142.330846,43.4048027,6.0135948,237.834,5,8,0.93,0.028,113.24
16:12:13.950,142.432097,43.4048027,6.0135948,237.856,5,8,0.93,0.03,113.24
16:12:14.054,142.535936,43.4048027,6.0135948,237.916,5,9,0.93,0.033,113.24
16:12:14.172,142.653932,43.4048027,6.0135948,237.962,5,11,0.85,0.024,113.24
16:12:14.261,142.742784,43.4048028,6.0135948,238.01,5,11,0.85,0.015,113.24
16:12:14.358,142.839487,43.4048028,6.0135949,238.05,5,11,0.85,0.002,113.24
16:12:14.464,142.945819,43.4048029,6.013595,238.091,5,11,0.85,0.004,113.24
16:12:14.563,143.044867,43.4048031,6.0135951,238.124,5,11,0.85,0.004,113.24
16:12:14.648,143.129908,43.4048032,6.0135951,238.131,5,8,0.9,0.006,113.24
16:12:14.750,143.231778,43.4048033,6.0135951,238.129,5,8,0.9,0.002,113.24
16:12:14.842,143.323785,43.4048033,6.013595,238.142,5,7,1.23,0.004,113.24
16:12:14.949,143.431155,43.4048034,6.013595,238.153,5,7,1.23,0.0,113.24
16:12:15.054,143.53577,43.4048035,6.013595,238.163,5,7,1.23,0.004,113.24
16:12:15.163,143.64478,43.4048035,6.0135949,238.173,5,7,1.23,0.019,113.24
16:12:15.254,143.73581,43.4048035,6.0135949,238.182,5,7,1.23,0.043,113.24
16:12:15.353,143.834933,43.4048036,6.0135949,238.188,5,7,1.23,0.041,113.24
16:12:15.454,143.935882,43.4048036,6.0135948,238.188,5,7,1.23,0.087,113.24
16:12:15.554,144.036033,43.4048037,6.0135948,238.2,5,7,1.23,0.085,113.24
16:12:15.656,144.137955,43.4048037,6.0135948,238.216,5,7,1.23,0.083,113.24
16:12:15.756,144.237978,43.4048038,6.0135948,238.231,5,7,1.23,0.087,113.24
16:12:15.855,144.336987,43.4048038,6.0135948,238.238,5,7,1.23,0.096,113.24
16:12:15.954,144.436301,43.4048039,6.0135948,238.246,5,7,1.23,0.065,113.24
16:12:16.055,144.537047,43.4048039,6.0135948,238.246,5,7,1.23,0.048,113.24
16:12:16.155,144.63703,43.404804,6.0135948,238.248,5,7,1.23,0.083,113.24
16:12:16.254,144.736116,43.404804,6.0135948,238.251,5,7,1.23,0.169,113.24
16:12:16.352,144.83395,43.404804,6.0135948,238.253,5,8,0.95,0.128,113.24
16:12:16.454,144.936094,43.404804,6.0135948,238.256,5,8,0.95,0.119,113.24
16:12:16.555,145.037002,43.404804,6.0135949,238.257,5,8,0.95,0.041,113.24
16:12:16.654,145.135983,43.404804,6.0135949,238.262,5,8,0.95,0.043,113.24
16:12:16.754,145.235865,43.404804,6.0135949,238.258,5,8,0.95,0.024,113.24
16:12:16.854,145.335875,43.404804,6.013595,238.256,5,8,0.95,0.039,113.24
16:12:16.954,145.436306,43.404804,6.013595,238.254,5,8,0.95,0.046,113.24
16:12:17.052,145.533988,43.404804,6.013595,238.255,5,8,0.95,0.026,113.24
16:12:17.154,145.636033,43.4048039,6.013595,238.259,5,8,0.95,0.061,113.24
16:12:17.254,145.735858,43.4048039,6.0135951,238.259,5,8,0.96,0.091,113.24
16:12:17.353,145.834933,43.4048039,6.0135951,238.258,5,8,0.96,0.102,113.24
16:12:17.454,145.936083,43.4048039,6.0135951,238.252,5,8,0.96,0.072,113.24
16:12:17.552,146.033414,43.4048039,6.0135952,238.245,5,8,0.96,0.041,113.24
16:12:17.656,146.137938,43.4048039,6.0135952,238.242,5,8,0.95,0.046,113.24
16:12:17.756,146.237859,43.4048039,6.0135953,238.229,5,9,0.81,0.124,113.24
16:12:17.855,146.336922,43.4048039,6.0135953,238.21,5,9,0.81,0.107,113.24
16:12:17.954,146.436159,43.4048038,6.0135954,238.193,5,9,0.81,0.1,113.24
16:12:18.056,146.537966,43.4048038,6.0135955,238.167,5,9,0.81,0.069,113.24
16:12:18.166,146.648029,43.4048038,6.0135955,238.146,5,9,0.81,0.024,113.24
16:12:18.254,146.735924,43.4048038,6.0135955,238.12,5,9,0.81,0.046,113.24
16:12:18.353,146.834926,43.4048038,6.0135956,238.088,5,9,0.81,0.094,113.24
16:12:18.455,146.936939,43.4048038,6.0135957,238.055,5,9,0.81,0.126,113.24
16:12:18.556,147.037966,43.4048039,6.0135957,238.021,5,9,0.81,0.059,113.24
16:12:18.654,147.135962,43.4048039,6.0135958,237.986,5,9,0.81,0.063,113.24
16:12:18.754,147.235822,43.404804,6.0135959,237.952,5,9,0.81,0.098,113.24
16:12:18.856,147.337825,43.404804,6.0135959,237.916,5,9,0.81,0.074,113.24
16:12:18.955,147.437301,43.404804,6.013596,237.881,5,9,0.81,0.057,113.24
16:12:19.055,147.536939,43.4048041,6.0135961,237.848,5,9,0.81,0.033,113.24
16:12:19.163,147.645,43.4048041,6.0135961,237.815,5,9,0.81,0.074,113.24
16:12:19.257,147.738896,43.4048041,6.0135962,237.788,5,9,0.81,0.1,113.24
16:12:19.356,147.837836,43.4048042,6.0135962,237.757,5,9,0.81,0.124,113.24
16:12:19.455,147.937018,43.4048042,6.0135963,237.726,5,8,0.9,0.094,113.24
16:12:19.554,148.035945,43.4048042,6.0135964,237.703,5,8,0.9,0.065,113.24
16:12:19.656,148.13783,43.4048042,6.0135964,237.679,5,8,0.9,0.063,113.24
16:12:19.757,148.23885,43.4048042,6.0135965,237.65,5,8,0.9,0.107,113.24
16:12:19.854,148.335799,43.4048042,6.0135965,237.628,5,8,0.9,0.087,113.24
16:12:19.954,148.436136,43.4048042,6.0135966,237.595,5,8,0.9,0.044,113.24
16:12:20.058,148.539976,43.4048042,6.0135967,237.562,5,8,0.9,0.122,113.24
16:12:20.167,148.648987,43.4048042,6.0135967,237.534,5,8,0.9,0.178,113.24
16:12:20.256,148.737816,43.4048042,6.0135968,237.508,5,8,0.9,0.165,113.24
16:12:20.355,148.836854,43.4048042,6.0135968,237.483,5,8,0.9,0.178,113.24
16:12:20.456,148.937987,43.4048043,6.0135968,237.453,5,8,0.94,0.239,113.24
16:12:20.556,149.03801,43.4048043,6.0135969,237.428,5,8,0.94,0.283,113.24
16:12:20.655,149.13684,43.4048043,6.0135969,237.398,5,8,0.94,0.226,113.24
16:12:20.753,149.234972,43.4048043,6.013597,237.365,5,8,0.94,0.13,113.24
16:12:20.855,149.336895,43.4048044,6.013597,237.333,5,8,0.94,0.046,113.24
16:12:20.953,149.43511,43.4048044,6.0135971,237.296,5,8,0.94,0.07,113.24
16:12:21.054,149.535975,43.4048044,6.0135972,237.259,5,8,0.94,0.089,113.24
16:12:21.153,149.634983,43.4048044,6.0135972,237.23,5,8,0.94,0.07,113.24
16:12:21.254,149.7359,43.4048044,6.0135973,237.208,5,8,0.94,0.041,113.24
16:12:21.353,149.83487,43.4048045,6.0135973,237.183,5,8,0.94,0.089,113.24
16:12:21.452,149.933773,43.4048045,6.0135974,237.158,5,8,0.94,0.094,113.24
16:12:21.552,150.033881,43.4048045,6.0135974,237.139,5,8,0.94,0.141,113.24
16:12:21.654,150.135821,43.4048045,6.0135974,237.115,5,7,1.32,0.15,113.24
16:12:21.752,150.233879,43.4048045,6.0135975,237.087,5,7,1.32,0.119,113.24
16:12:21.853,150.334716,43.4048045,6.0135976,237.058,5,7,1.32,0.089,113.24
16:12:21.950,150.432453,43.4048045,6.0135976,237.042,5,7,1.32,0.035,113.24
16:12:22.053,150.534814,43.4048045,6.0135976,237.033,5,7,1.32,0.02,113.24
16:12:22.152,150.633948,43.4048046,6.0135977,237.023,5,7,1.32,0.1,113.24
16:12:22.247,150.728978,43.4048046,6.0135977,237.018,5,7,1.32,0.096,113.24
16:12:22.349,150.830828,43.4048046,6.0135978,236.999,5,7,1.32,0.059,113.24
16:12:22.453,150.934855,43.4048046,6.0135978,236.985,5,7,1.32,0.061,113.24
16:12:22.552,151.033963,43.4048046,6.0135978,236.972,5,7,1.32,0.019,113.24
16:12:22.653,151.134785,43.4048046,6.0135979,236.969,5,7,1.32,0.031,113.24
16:12:22.750,151.231779,43.4048046,6.0135979,236.956,5,7,1.32,0.043,113.24
16:12:22.851,151.332834,43.4048046,6.013598,236.945,5,7,1.32,0.054,113.24
16:12:22.952,151.434064,43.4048046,6.013598,236.94,5,7,1.32,0.059,113.24
16:12:23.046,151.528058,43.4048046,6.013598,236.929,5,7,1.32,0.039,113.24
16:12:23.170,151.651916,43.4048046,6.013598,236.935,5,7,1.32,0.039,113.24
16:12:23.250,151.731755,43.4048044,6.0135983,237.147,5,10,0.74,0.033,113.24
16:12:23.366,151.847873,43.4048043,6.0135984,237.32,5,7,1.32,0.039,113.24
16:12:23.449,151.930849,43.4048042,6.0135984,237.479,5,7,1.32,0.035,113.24
16:12:23.549,152.031029,43.4048041,6.0135984,237.635,5,7,1.32,0.013,113.24
16:12:23.652,152.133796,43.4048039,6.0135984,237.768,5,7,1.32,0.05,113.24
16:12:23.750,152.231843,43.4048038,6.0135984,237.885,5,8,0.94,0.096,113.24
16:12:23.846,152.327912,43.4048037,6.0135984,237.981,5,8,0.94,0.072,113.24
16:12:23.948,152.429837,43.4048036,6.0135984,238.078,5,8,0.94,0.059,113.24
16:12:24.052,152.533952,43.4048036,6.0135983,238.181,5,8,0.94,0.076,113.24
16:12:24.152,152.63388,43.4048035,6.0135983,238.272,5,8,0.94,0.08,113.24
16:12:24.249,152.730829,43.4048035,6.0135983,238.351,5,8,0.94,0.069,113.24
16:12:24.343,152.82475,43.4048035,6.0135983,238.413,5,8,0.94,0.041,113.24
16:12:24.452,152.933741,43.4048035,6.0135983,238.475,5,8,0.94,0.104,113.24
16:12:24.552,153.033981,43.4048035,6.0135983,238.526,5,8,0.94,0.089,113.24
16:12:24.649,153.130905,43.4048035,6.0135984,238.581,5,8,0.94,0.013,113.24
16:12:24.750,153.231822,43.4048035,6.0135984,238.633,5,8,0.94,0.037,113.24
16:12:24.848,153.329736,43.4048035,6.0135984,238.741,5,7,1.32,0.048,113.24
16:12:24.948,153.429734,43.4048036,6.0135985,238.83,5,7,1.32,0.056,113.24
16:12:25.047,153.528824,43.4048037,6.0135985,238.91,5,7,1.32,0.07,113.24
16:12:25.155,153.636892,43.4048038,6.0135986,238.984,5,7,1.32,0.07,113.24
16:12:25.252,153.733738,43.4048039,6.0135986,239.027,5,8,0.94,0.078,113.24
16:12:25.350,153.831852,43.404804,6.0135987,239.082,5,8,0.94,0.169,113.24
16:12:25.452,153.933672,43.4048042,6.0135987,239.13,5,8,1.03,0.159,113.24
16:12:25.549,154.031076,43.4048043,6.0135987,239.155,5,8,0.94,0.146,113.24
16:12:25.651,154.132872,43.4048045,6.0135987,239.216,5,8,0.94,0.102,113.24
16:12:25.750,154.231969,43.4048047,6.0135986,239.298,5,7,1.01,0.078,113.24
16:12:25.845,154.327111,43.4048048,6.0135985,239.423,5,7,1.01,0.106,113.24
16:12:25.946,154.427807,43.4048049,6.0135985,239.477,5,7,1.39,0.261,113.24
16:12:26.048,154.529804,43.404805,6.0135985,239.569,5,6,1.84,0.478,113.24
16:12:26.157,154.638901,43.4048051,6.0135984,239.683,5,5,1.86,0.609,113.24
16:12:26.246,154.727719,43.4048052,6.0135983,239.755,5,3,1.45,0.543,113.24
16:12:26.342,154.823706,43.4048052,6.0135982,239.843,5,4,,0.511,113.24
16:12:26.444,154.925747,43.4048052,6.0135981,239.936,5,5,6.02,0.948,113.24
16:12:26.536,155.01815,43.4048052,6.0135981,239.979,5,4,,1.0,113.24
16:12:26.640,155.121746,43.404805,6.0135985,239.974,5,7,1.41,0.546,113.24
16:12:26.739,155.220738,43.4048051,6.0135987,239.971,5,7,1.17,0.6,113.24
16:12:26.842,155.323715,43.4048052,6.0135989,239.947,5,6,1.58,0.596,113.24
16:12:26.941,155.422708,43.4048052,6.0135989,239.914,5,7,1.17,0.283,113.24
16:12:27.039,155.52105,43.4048053,6.0135989,239.892,5,6,1.31,0.341,113.24
16:12:27.151,155.632956,43.4048054,6.0135989,239.874,5,7,1.17,0.274,113.24
16:12:27.242,155.723699,43.4048056,6.013599,239.825,5,6,1.58,0.243,113.24
16:12:27.341,155.822927,43.4048058,6.0135991,239.773,5,6,1.58,0.285,113.24
16:12:27.441,155.922822,43.4048059,6.0135992,239.72,5,6,1.57,0.333,113.24
16:12:27.541,156.023094,43.4048059,6.0135994,239.659,5,6,1.57,0.296,113.24
16:12:27.644,156.125892,43.404806,6.0135994,239.616,5,6,1.57,0.246,113.24
16:12:27.743,156.224722,43.4048061,6.0135994,239.566,5,5,2.05,0.124,113.24
16:12:27.840,156.321819,43.4048061,6.0135994,239.518,5,5,2.05,0.167,113.24
16:12:27.938,156.419797,43.4048062,6.0135995,239.472,5,5,2.05,0.111,113.25
16:12:28.043,156.524951,43.4048062,6.0135995,239.433,5,5,2.05,0.076,113.25
16:12:28.143,156.62493,43.4048062,6.0135996,239.403,5,5,2.05,0.144,113.25
16:12:28.240,156.721784,43.4048062,6.0135997,239.358,2,9,0.88,0.302,113.25
16:12:28.338,156.819777,43.4048061,6.0135996,239.303,2,9,0.85,0.635,113.25
16:12:28.442,156.923726,43.4048059,6.0135994,239.277,2,8,0.99,0.722,113.25
16:12:28.540,157.021822,43.4048057,6.0135993,239.25,2,8,0.99,0.709,113.25
16:12:28.639,157.120816,43.4048054,6.0135991,239.224,2,8,0.99,0.633,113.26
16:12:28.739,157.220776,43.4048052,6.013599,239.201,2,8,0.99,0.717,113.26
16:12:28.841,157.322706,43.404805,6.0135989,239.167,2,7,1.15,0.68,113.26
16:12:28.936,157.417837,43.4048048,6.0135988,239.132,2,7,1.15,0.695,113.26
16:12:29.039,157.520946,43.4048046,6.0135988,239.101,2,7,1.15,0.787,113.26
16:12:29.146,157.627976,43.4048044,6.0135987,239.071,2,7,1.11,0.857,113.26
16:12:29.241,157.722681,43.4048041,6.0135987,239.039,2,7,1.11,0.909,113.26
16:12:29.339,157.820978,43.4048039,6.0135986,239.009,2,7,1.11,0.987,113.26
16:12:29.438,157.919685,43.4048037,6.0135983,238.984,2,7,1.2,0.913,113.27
16:12:29.538,158.019814,43.4048036,6.013598,238.963,2,7,1.11,0.778,113.27
16:12:29.639,158.120924,43.4048035,6.0135978,238.951,2,7,1.15,0.628,113.27
16:12:29.739,158.220904,43.4048035,6.0135977,238.932,2,7,1.11,0.591,113.27
16:12:29.837,158.318692,43.4048035,6.0135975,238.917,2,7,1.15,0.4,113.27
16:12:29.938,158.419654,43.4048035,6.0135974,238.898,2,7,1.11,0.417,113.27
16:12:30.040,158.521923,43.4048036,6.0135973,238.874,2,7,1.11,0.278,113.27
16:12:30.149,158.630887,43.4048036,6.0135972,238.854,2,7,1.11,0.42,113.27
16:12:30.238,158.719655,43.4048036,6.0135971,238.823,2,7,1.2,0.509,113.27
16:12:30.337,158.818665,43.4048035,6.013597,238.794,2,7,1.2,0.78,113.27
16:12:30.440,158.921684,43.4048035,6.0135968,238.784,5,7,1.15,0.856,113.27
16:12:30.542,159.023623,43.4048034,6.0135966,238.768,5,5,3.64,0.922,113.28
16:12:30.638,159.119879,43.4048034,6.0135965,238.767,5,5,3.63,0.969,113.28
16:12:30.739,159.220971,43.4048034,6.0135964,238.757,5,5,3.63,0.7,113.28
16:12:30.840,159.321902,43.4048035,6.0135962,238.733,5,5,3.63,0.656,113.28
16:12:30.937,159.418479,43.4048035,6.0135961,238.723,5,5,3.63,0.695,113.28
16:12:31.036,159.517918,43.4048035,6.0135959,238.716,2,6,1.39,0.489,113.28
16:12:31.148,159.629809,43.4048035,6.0135958,238.71,2,6,1.39,0.48,113.28
16:12:31.239,159.720652,43.4048034,6.0135956,238.705,2,6,1.39,0.465,113.28
16:12:31.337,159.818658,43.4048033,6.0135955,238.699,2,6,1.39,0.433,113.28
16:12:31.436,159.917627,43.4048032,6.0135954,238.694,2,6,1.39,0.457,113.28
16:12:31.535,160.016817,43.4048031,6.0135953,238.69,2,6,1.39,0.402,113.28
16:12:31.639,160.120633,43.404803,6.0135952,238.682,2,6,1.39,0.361,113.28
16:12:31.735,160.217254,43.4048029,6.0135951,238.672,2,6,1.35,0.346,113.29
16:12:31.837,160.318645,43.404803,6.0135949,238.682,2,6,1.29,0.259,113.29
16:12:31.937,160.418623,43.4048031,6.0135948,238.687,2,6,1.25,0.228,113.29
16:12:32.040,160.521973,43.4048031,6.0135946,238.689,2,6,1.25,0.237,113.29
16:12:32.149,160.630743,43.4048032,6.0135945,238.691,2,6,1.25,0.298,113.29
16:12:32.237,160.718645,43.4048033,6.0135944,238.697,2,6,1.29,0.265,113.29
16:12:32.337,160.818806,43.4048034,6.0135942,238.699,2,6,1.25,0.363,113.29
16:12:32.438,160.919702,43.4048035,6.0135941,238.701,2,6,1.25,0.406,113.29
16:12:32.538,161.019775,43.4048035,6.0135939,238.701,2,6,1.25,0.235,113.29
16:12:32.637,161.118611,43.4048035,6.0135938,238.686,2,6,1.35,0.119,113.29
16:12:32.737,161.218653,43.4048036,6.0135938,238.685,2,6,1.25,0.27,113.29
16:12:32.838,161.319771,43.4048037,6.0135939,238.67,2,6,1.39,0.302,113.29
16:12:32.937,161.418597,43.4048038,6.0135939,238.664,2,6,1.25,0.265,113.29
16:12:33.036,161.517882,43.4048038,6.013594,238.646,2,6,1.39,0.313,113.29
16:12:33.165,161.646862,43.4048039,6.0135941,238.638,2,6,1.25,0.204,113.29
16:12:33.239,161.720687,43.404804,6.0135941,238.632,2,6,1.29,0.131,113.29
16:12:33.355,161.836625,43.404804,6.0135941,238.613,2,6,1.25,0.022,113.29
16:12:33.444,161.926157,43.404804,6.0135941,238.597,5,6,1.29,0.052,113.29
16:12:33.539,162.020675,43.404804,6.0135941,238.579,5,5,3.63,0.174,113.29
16:12:33.641,162.122672,43.404804,6.0135941,238.558,5,5,3.63,0.141,113.29
16:12:33.742,162.223578,43.404804,6.0135941,238.539,5,5,3.63,0.063,113.29
16:12:33.838,162.319629,43.404804,6.0135941,238.521,5,5,3.63,0.078,113.29
16:12:33.938,162.419673,43.4048041,6.0135941,238.505,5,5,3.63,0.133,113.29
16:12:34.040,162.521885,43.4048041,6.0135941,238.486,5,5,3.63,0.141,113.29
16:12:34.142,162.623751,43.4048041,6.013594,238.451,5,5,3.63,0.087,113.29
16:12:34.239,162.720677,43.4048041,6.013594,238.42,5,5,3.63,0.107,113.29
16:12:34.339,162.820592,43.4048042,6.0135939,238.388,5,5,3.63,0.104,113.29
16:12:34.442,162.923657,43.4048042,6.0135939,238.359,5,5,3.63,0.109,113.29
16:12:34.542,163.023604,43.4048043,6.0135939,238.329,5,5,3.63,0.004,113.29
16:12:34.639,163.120665,43.4048044,6.0135939,238.301,5,5,3.63,0.072,113.29
16:12:34.747,163.22886,43.4048044,6.0135939,238.274,5,5,3.63,0.081,113.29
16:12:34.842,163.323614,43.4048045,6.0135938,238.25,5,5,3.63,0.081,113.29
16:12:34.940,163.421657,43.4048046,6.0135938,238.227,5,5,3.63,0.093,113.29
16:12:35.040,163.521805,43.4048046,6.0135938,238.204,5,5,3.63,0.072,113.29
16:12:35.149,163.630694,43.4048047,6.0135938,238.186,5,5,3.63,0.05,113.29
16:12:35.242,163.723604,43.4048048,6.0135937,238.167,5,5,3.63,0.089,113.29
16:12:35.341,163.822665,43.4048048,6.0135937,238.148,5,5,3.63,0.117,113.29
16:12:35.439,163.920643,43.4048049,6.0135937,238.131,5,5,3.63,0.165,113.29
16:12:35.539,164.020716,43.4048049,6.0135936,238.119,5,5,3.63,0.126,113.29
16:12:35.642,164.123576,43.404805,6.0135936,238.108,5,5,3.63,0.065,113.29
16:12:35.741,164.222652,43.404805,6.0135935,238.095,5,5,3.63,0.181,113.29
16:12:35.838,164.319726,43.4048051,6.0135935,238.076,5,5,3.63,0.215,113.29
16:12:35.948,164.429583,43.4048051,6.0135935,238.059,5,5,3.63,0.146,113.29
16:12:36.041,164.522812,43.4048051,6.0135934,238.043,5,5,3.63,0.124,113.29
16:12:36.149,164.630645,43.4048052,6.0135934,238.028,5,5,3.63,0.143,113.29
16:12:36.237,164.718659,43.4048052,6.0135934,238.008,2,7,1.21,0.202,113.29
16:12:36.337,164.818549,43.4048052,6.0135934,237.988,2,7,1.21,0.25,113.29
16:12:36.440,164.921524,43.4048052,6.0135933,237.967,2,7,1.27,0.096,113.29
16:12:36.538,165.019625,43.4048052,6.0135933,237.946,2,7,1.27,0.094,113.29
16:12:36.638,165.119563,43.4048052,6.0135933,237.921,5,5,3.63,0.148,113.29
16:12:36.748,165.229762,43.4048051,6.0135933,237.897,5,5,3.63,0.087,113.29
16:12:36.841,165.322577,43.4048051,6.0135933,237.877,5,5,3.74,0.063,113.29
16:12:36.941,165.422561,43.4048051,6.0135932,237.856,5,5,3.74,0.072,113.29
16:12:37.039,165.520897,43.4048051,6.0135932,237.83,5,5,3.74,0.028,113.29
16:12:37.148,165.629709,43.404805,6.0135932,237.806,5,5,3.74,0.08,113.29
16:12:37.239,165.720536,43.404805,6.0135932,237.785,2,7,1.36,0.076,113.29
16:12:37.334,165.816303,43.4048049,6.0135932,237.762,2,7,1.36,0.115,113.29
16:12:37.436,165.917597,43.4048049,6.0135931,237.74,2,7,1.36,0.139,113.29
16:12:37.547,166.028586,43.4048049,6.0135931,237.726,5,5,3.74,0.111,113.29
16:12:37.641,166.122587,43.4048049,6.013593,237.713,5,5,3.74,0.211,113.29
16:12:37.741,166.222524,43.4048049,6.013593,237.7,5,5,3.74,0.252,113.29
16:12:37.836,166.317646,43.4048049,6.013593,237.678,2,7,1.36,0.252,113.29
16:12:37.936,166.417521,43.4048048,6.013593,237.656,2,7,1.36,0.148,113.29
16:12:38.039,166.520779,43.4048048,6.013593,237.636,2,7,1.36,0.1,113.29
16:12:38.150,166.631747,43.4048048,6.0135929,237.616,2,7,1.36,0.243,113.29
16:12:38.238,166.719631,43.4048048,6.0135929,237.608,5,5,3.74,0.213,113.29
16:12:38.347,166.828524,43.4048048,6.0135929,237.6,5,5,3.74,0.17,113.29
16:12:38.440,166.921555,43.4048049,6.0135927,237.544,5,7,1.27,0.13,113.29
16:12:38.541,167.02248,43.404805,6.0135926,237.488,5,5,3.74,0.107,113.29
16:12:38.638,167.119542,43.4048051,6.0135926,237.432,5,5,3.74,0.178,113.29
16:12:38.738,167.219516,43.4048051,6.0135925,237.38,5,5,3.74,0.206,113.29
16:12:38.837,167.318654,43.404805,6.0135925,237.296,2,7,1.36,0.274,113.29
16:12:38.935,167.416612,43.404805,6.0135925,237.214,2,7,1.36,0.348,113.29
16:12:39.036,167.51786,43.4048049,6.0135924,237.138,2,7,1.36,0.448,113.29
16:12:39.145,167.626708,43.4048047,6.0135924,237.069,2,6,2.69,0.27,113.29
16:12:39.238,167.719588,43.4048046,6.0135923,236.997,2,6,2.69,0.126,113.29
16:12:39.336,167.817516,43.4048045,6.0135923,236.928,2,6,2.69,0.148,113.29
16:12:39.437,167.918567,43.4048043,6.013592,236.933,5,5,3.74,0.267,113.29
16:12:39.545,168.02655,43.4048042,6.0135918,236.924,5,5,3.73,0.244,113.29
16:12:39.640,168.121498,43.4048041,6.0135916,236.915,5,5,3.73,0.185,113.29
16:12:39.738,168.219573,43.404804,6.0135913,236.908,5,5,3.73,0.104,113.29
16:12:39.837,168.318685,43.4048039,6.0135911,236.896,5,5,3.73,0.113,113.29
16:12:39.946,168.427653,43.4048037,6.0135908,236.882,5,5,3.73,0.144,113.29
16:12:40.040,168.521687,43.4048036,6.0135906,236.871,5,5,3.73,0.198,113.29
16:12:40.151,168.63276,43.4048035,6.0135903,236.855,5,5,3.73,0.104,113.29
16:12:40.237,168.718499,43.4048034,6.0135901,236.845,5,5,3.73,0.213,113.29
16:12:40.346,168.827568,43.4048033,6.0135898,236.833,5,5,3.73,0.293,113.29
16:12:40.439,168.92061,43.4048033,6.0135897,236.809,5,5,3.73,0.133,113.29
16:12:40.541,169.022469,43.4048031,6.0135894,236.788,5,5,3.73,0.063,113.29
16:12:40.637,169.118466,43.4048031,6.0135892,236.773,5,5,3.73,0.244,113.29
16:12:40.744,169.225724,43.404803,6.0135892,236.714,2,6,2.69,0.6,113.29
16:12:40.837,169.31851,43.4048029,6.0135891,236.672,2,6,2.69,0.913,113.29
16:12:40.935,169.416657,43.404803,6.0135891,236.631,2,6,2.69,1.009,113.29
16:12:41.037,169.518769,43.4048033,6.0135891,236.593,2,6,2.69,1.107,77.58
16:12:41.146,169.627691,43.4048029,6.0135889,236.603,5,5,3.73,0.911,77.58
16:12:41.239,169.720487,43.404803,6.0135888,236.614,5,5,3.73,0.517,77.58
16:12:41.334,169.816216,43.404803,6.0135885,236.625,5,5,3.73,0.419,77.58
16:12:41.436,169.917498,43.4048031,6.0135884,236.635,5,5,3.73,0.393,77.58
16:12:41.546,170.027517,43.4048032,6.0135882,236.646,5,5,3.73,0.378,77.58
16:12:41.637,170.118458,43.4048032,6.0135882,236.604,2,6,2.69,0.376,77.58
16:12:41.737,170.218548,43.4048033,6.0135881,236.619,5,5,3.73,0.441,77.58
16:12:41.836,170.317655,43.4048034,6.0135879,236.637,5,5,3.73,0.454,77.58
16:12:41.946,170.427562,43.4048035,6.0135877,236.655,5,5,3.73,0.411,77.58
16:12:42.040,170.521784,43.4048036,6.0135875,236.675,5,5,3.73,0.391,77.58
16:12:42.147,170.628575,43.4048037,6.0135873,236.693,5,5,3.73,0.361,77.58
16:12:42.235,170.716574,43.4048039,6.0135871,236.711,5,5,3.73,0.28,77.58
16:12:42.344,170.825511,43.404804,6.013587,236.729,5,5,3.73,0.087,77.58
16:12:42.439,170.920605,43.4048041,6.0135868,236.751,5,5,3.73,0.131,77.58
16:12:42.534,171.016093,43.4048042,6.0135866,236.767,5,5,3.73,0.102,77.58
16:12:42.636,171.1175,43.4048043,6.0135864,236.78,5,5,3.73,0.181,77.58
16:12:42.736,171.217491,43.4048045,6.0135862,236.786,5,5,3.73,0.278,77.58
16:12:42.838,171.319755,43.4048046,6.0135861,236.787,5,5,3.73,0.161,77.58
16:12:42.934,171.415647,43.4048047,6.013586,236.79,5,5,3.73,0.043,77.58
16:12:43.036,171.517841,43.4048048,6.0135858,236.793,5,5,3.73,0.057,77.58
16:12:43.152,171.634325,43.4048049,6.0135857,236.793,5,5,3.73,0.172,77.58
16:12:43.239,171.720463,43.4048051,6.0135855,236.793,5,5,3.73,0.093,77.58
16:12:43.353,171.834483,43.4048052,6.0135854,236.789,5,5,3.73,0.083,77.58
16:12:43.446,171.927449,43.4048053,6.0135853,236.788,5,5,3.73,0.085,77.58
16:12:43.544,172.025586,43.4048055,6.0135851,236.793,5,5,3.73,0.031,77.58
16:12:43.638,172.119515,43.4048056,6.0135849,236.805,5,5,3.73,0.022,77.58
16:12:43.734,172.215835,43.4048058,6.0135848,236.816,5,5,3.73,0.2,77.58
16:12:43.835,172.316625,43.4048059,6.0135845,236.836,5,5,3.73,0.311,77.58
16:12:43.943,172.42453,43.404806,6.0135843,236.861,5,5,3.73,0.272,77.58
16:12:44.039,172.520696,43.4048062,6.0135841,236.882,5,5,3.73,0.102,77.58
16:12:44.137,172.618583,43.4048063,6.0135839,236.899,5,5,3.73,0.056,77.58
16:12:44.235,172.716553,43.4048064,6.0135837,236.92,5,5,3.73,0.241,77.58
16:12:44.336,172.817482,43.4048065,6.0135835,236.93,5,5,3.73,0.43,77.58
16:12:44.438,172.919539,43.4048066,6.0135834,236.932,5,5,3.73,0.524,77.58
16:12:44.537,173.01845,43.4048067,6.0135833,236.936,5,5,3.73,0.356,77.58
16:12:44.635,173.116498,43.4048068,6.0135832,236.924,5,5,3.73,0.18,77.58
16:12:44.744,173.22545,43.4048069,6.0135831,236.913,5,5,3.73,0.069,77.58
16:12:44.838,173.319801,43.404807,6.013583,236.914,5,5,3.73,0.23,77.58
16:12:44.934,173.415778,43.4048071,6.0135828,236.924,5,5,3.73,0.276,77.58
16:12:45.033,173.514695,43.4048071,6.0135828,236.924,2,0,,0.344,77.58
16:12:45.145,173.626546,43.4048072,6.0135827,236.924,5,5,3.73,0.669,77.58
16:12:45.238,173.719519,43.4048072,6.0135825,236.913,5,5,3.73,0.489,77.58
16:12:45.333,173.814846,43.4048073,6.0135824,236.908,5,5,3.73,0.278,77.58
16:12:45.436,173.917441,43.4048074,6.0135822,236.898,5,5,3.73,0.117,77.58
16:12:45.535,174.016543,43.4048074,6.0135822,236.889,5,5,3.73,0.054,77.58
16:12:45.639,174.120399,43.4048075,6.013582,236.879,5,5,3.73,0.098,77.58
16:12:45.737,174.218607,43.4048075,6.0135819,236.877,5,5,3.73,0.146,77.58
16:12:45.835,174.316559,43.4048075,6.0135818,236.874,5,5,3.73,0.119,77.58
16:12:45.945,174.426451,43.4048075,6.0135817,236.869,5,5,3.73,0.102,77.58
16:12:46.038,174.519714,43.4048075,6.0135815,236.868,5,5,3.73,0.135,77.58
16:12:46.137,174.618624,43.4048075,6.0135814,236.863,5,5,3.73,0.139,77.58
16:12:46.236,174.717441,43.4048075,6.0135814,236.848,5,5,3.72,0.061,77.58
16:12:46.345,174.826387,43.4048076,6.0135813,236.828,5,5,3.72,0.117,77.58
16:12:46.438,174.91967,43.4048076,6.0135813,236.812,5,5,3.72,0.091,77.58
16:12:46.535,175.016436,43.4048076,6.0135812,236.8,5,5,3.72,0.044,77.58
16:12:46.633,175.114394,43.4048076,6.0135812,236.8,2,0,,0.144,77.58
16:12:46.733,175.214384,43.4048076,6.0135812,236.8,2,0,,0.196,77.58
16:12:46.837,175.318715,43.4048076,6.0135811,236.787,5,5,4.21,0.109,77.58
16:12:46.933,175.41487,43.4048077,6.0135811,236.763,5,5,4.21,0.076,77.58
16:12:47.033,175.514749,43.4048077,6.0135811,236.763,2,0,,0.148,77.58
16:12:47.146,175.627544,43.4048077,6.0135811,236.763,2,0,,0.133,77.58
16:12:47.238,175.719403,43.4048078,6.0135812,236.737,5,5,4.21,0.146,77.58
16:12:47.333,175.814672,43.4048078,6.0135812,236.737,2,0,,0.213,77.58
16:12:47.436,175.917423,43.4048077,6.0135813,236.702,5,5,3.61,0.194,77.58
16:12:47.545,176.026524,43.4048077,6.0135813,236.677,5,5,3.61,0.248,77.58
16:12:47.638,176.119374,43.4048077,6.0135813,236.667,5,5,3.61,0.37,77.58
16:12:47.733,176.215049,43.4048077,6.0135812,236.664,5,5,3.61,0.543,77.58
16:12:47.834,176.316363,43.4048076,6.013581,236.685,5,5,3.61,0.383,77.58
16:12:47.944,176.425483,43.4048076,6.0135808,236.712,5,5,3.61,0.143,77.58
16:12:48.039,176.52063,43.4048076,6.0135807,236.714,5,5,4.11,0.311,77.58
16:12:48.148,176.629537,43.4048076,6.0135807,236.708,5,5,4.11,0.48,77.58
16:12:48.235,176.716384,43.4048076,6.0135807,236.686,5,5,4.11,0.363,77.58
16:12:48.345,176.826414,43.4048077,6.0135808,236.665,5,5,4.11,0.409,77.58
16:12:48.438,176.920367,43.4048077,6.0135808,236.645,5,5,4.11,0.432,77.58
16:12:48.534,177.015543,43.4048077,6.0135808,236.635,5,5,4.1,0.524,77.58
16:12:48.636,177.117647,43.4048077,6.0135807,236.624,5,5,4.1,0.444,77.58
16:12:48.744,177.225506,43.4048078,6.0135808,236.6,5,5,4.1,0.493,77.58
16:12:48.837,177.318656,43.4048078,6.0135806,236.607,2,6,1.88,0.407,77.58
16:12:48.934,177.415647,43.4048077,6.0135805,236.617,2,6,1.88,0.18,77.58
16:12:49.033,177.514577,43.4048077,6.0135805,236.617,2,0,,0.191,77.58
16:12:49.144,177.625604,43.4048077,6.0135801,236.662,5,4,,0.472,77.58
16:12:49.238,177.71946,43.4048076,6.0135799,236.682,5,5,3.72,0.419,77.58
16:12:49.336,177.817509,43.4048076,6.0135796,236.709,5,5,3.72,0.3,77.58
16:12:49.436,177.917399,43.4048076,6.0135793,236.734,5,5,3.72,0.198,77.58
16:12:49.544,178.025437,43.4048076,6.0135793,236.713,2,6,1.42,0.078,77.58
16:12:49.638,178.120336,43.4048076,6.0135791,236.722,5,5,3.72,0.015,77.58
16:12:49.733,178.214478,43.4048075,6.0135789,236.737,5,5,3.72,0.13,77.58
16:12:49.836,178.317408,43.4048075,6.0135787,236.737,5,5,3.72,0.207,77.58
16:12:49.945,178.426563,43.4048075,6.0135785,236.753,5,5,3.72,0.37,77.58
16:12:50.038,178.519564,43.4048076,6.0135785,236.728,2,6,1.42,0.346,77.58
16:12:50.149,178.630592,43.4048076,6.0135785,236.701,2,6,1.42,0.337,77.58
16:12:50.233,178.715317,43.4048076,6.0135785,236.677,2,6,1.42,0.361,77.58
16:12:50.343,178.824402,43.4048076,6.0135785,236.652,2,6,1.42,0.307,77.58
16:12:50.436,178.917531,43.4048077,6.0135785,236.629,2,6,1.42,0.148,77.58
16:12:50.533,179.014809,43.4048077,6.0135785,236.608,2,6,1.33,0.152,77.58
16:12:50.634,179.116317,43.4048077,6.0135785,236.591,2,6,1.33,0.161,77.58
16:12:50.744,179.225586,43.4048078,6.0135784,236.576,2,6,1.33,0.081,77.58
16:12:50.837,179.319345,43.4048078,6.0135784,236.56,2,6,1.33,0.115,77.58
16:12:50.936,179.417547,43.4048078,6.0135784,236.545,2,6,1.33,0.206,77.58
16:12:51.035,179.516598,43.4048078,6.0135783,236.531,2,6,1.33,0.233,77.58
16:12:51.135,179.616543,43.4048079,6.0135783,236.518,2,6,1.33,0.276,77.58
16:12:51.237,179.718452,43.4048079,6.0135782,236.508,2,6,1.33,0.131,77.58
16:12:51.333,179.814811,43.4048079,6.0135782,236.496,2,6,1.33,0.096,77.58
16:12:51.434,179.916309,43.4048079,6.0135781,236.476,2,6,1.42,0.078,77.58
16:12:51.543,180.025373,43.4048079,6.0135781,236.458,2,6,1.42,0.104,77.58
16:12:51.635,180.117337,43.404808,6.013578,236.441,2,6,1.42,0.046,77.58
16:12:51.732,180.214204,43.4048079,6.013578,236.426,2,6,1.42,0.102,77.58
16:12:51.833,180.314378,43.4048079,6.013578,236.412,2,6,1.49,0.17,77.58
16:12:51.942,180.423606,43.4048079,6.0135779,236.4,2,6,1.49,0.226,77.58
16:12:52.036,180.517661,43.4048079,6.0135778,236.389,2,6,1.49,0.181,77.58
16:12:52.144,180.625442,43.4048079,6.0135778,236.377,2,6,1.49,0.111,77.58
16:12:52.233,180.71439,43.4048079,6.0135777,236.363,2,6,1.49,0.094,77.58
16:12:52.332,180.81436,43.4048078,6.0135777,236.349,2,6,1.49,0.041,77.58
16:12:52.433,180.915269,43.4048078,6.0135777,236.349,2,0,,0.009,77.58
16:12:52.532,181.013463,43.4048078,6.0135777,236.349,2,0,,0.059,77.58
16:12:52.630,181.112316,43.4048078,6.0135777,236.349,2,0,,0.232,77.58
16:12:52.740,181.221409,43.4048078,6.0135777,236.349,2,0,,0.2,77.58
16:12:52.834,181.315477,43.4048078,6.0135777,236.349,2,0,,0.257,77.58
16:12:52.932,181.413484,43.4048078,6.0135777,236.349,2,0,,0.263,77.58
16:12:53.032,181.5136,43.4048078,6.0135777,236.349,2,0,,0.215,77.58
16:12:53.167,181.648472,43.4048078,6.0135777,236.349,2,0,,0.13,77.58
16:12:53.233,181.715263,43.4048078,6.0135777,236.349,2,0,,0.135,77.58
16:12:53.345,181.82651,43.4048079,6.0135776,236.345,5,6,1.49,0.124,77.58
16:12:53.441,181.92293,43.4048079,6.0135775,236.34,5,4,,0.12,77.58
16:12:53.542,182.023418,43.404808,6.0135774,236.336,5,4,,0.026,77.58
16:12:53.634,182.115479,43.404808,6.0135774,236.336,2,0,,0.024,77.58
16:12:53.731,182.213328,43.404808,6.0135774,236.336,2,0,,0.078,77.58
16:12:53.830,182.311383,43.404808,6.0135774,236.336,2,0,,0.089,77.58
16:12:53.940,182.421515,43.404808,6.0135774,236.336,2,0,,0.048,77.58
16:12:54.033,182.514509,43.404808,6.0135774,236.336,2,0,,0.119,77.58
16:12:54.145,182.626402,43.404808,6.0135772,236.326,2,6,1.49,0.117,77.58
16:12:54.229,182.711266,43.404808,6.0135772,236.326,2,0,,0.1,77.58
16:12:54.339,182.821296,43.404808,6.0135772,236.326,2,0,,0.08,77.58
16:12:54.433,182.915353,43.404808,6.0135772,236.326,2,0,,0.07,77.58
16:12:54.531,183.013359,43.404808,6.0135772,236.326,2,0,,0.063,77.58
16:12:54.630,183.112252,43.404808,6.0135772,236.326,2,0,,0.07,77.58
16:12:54.738,183.220325,43.404808,6.0135772,236.326,2,0,,0.08,77.58
16:12:54.833,183.315241,43.404808,6.0135772,236.326,2,0,,0.139,77.58
16:12:54.943,183.424428,43.404808,6.0135772,236.326,2,0,,0.152,77.58
16:12:55.031,183.512495,43.404808,6.0135772,236.326,2,0,,0.196,77.58
16:12:55.140,183.622358,43.404808,6.0135772,236.326,2,0,,0.12,77.58
16:12:55.232,183.714257,43.404808,6.0135772,236.326,2,0,,0.254,77.58
16:12:55.330,183.812365,43.404808,6.0135772,236.326,2,0,,0.304,77.58
16:12:55.429,183.911354,43.404808,6.0135772,236.326,2,0,,0.193,77.58
16:12:55.539,184.020408,43.404808,6.0135772,236.326,2,0,,0.044,77.58
16:12:55.633,184.115228,43.404808,6.0135772,236.326,2,0,,0.069,77.58
16:12:55.730,184.21223,43.404808,6.0135772,236.326,2,0,,0.089,77.58
16:12:55.830,184.312391,43.404808,6.0135772,236.326,2,0,,0.148,77.58
16:12:55.930,184.412304,43.404808,6.0135772,236.326,2,0,,0.087,77.58
16:12:56.034,184.515508,43.404808,6.0135772,236.326,2,0,,0.219,77.58
16:12:56.142,184.624343,43.404808,6.0135772,236.326,2,0,,0.224,77.58
16:12:56.230,184.71225,43.404808,6.0135772,236.326,2,0,,0.113,77.58
16:12:56.339,184.821315,43.404808,6.0135772,236.326,2,0,,0.107,77.58
16:12:56.432,184.914358,43.404808,6.0135772,236.326,2,0,,0.282,77.58
16:12:56.532,185.013679,43.4048081,6.013577,236.324,5,6,1.49,0.202,77.58
16:12:56.633,185.115207,43.4048082,6.0135768,236.326,5,4,3.19,0.265,77.58
16:12:56.742,185.224212,43.4048083,6.0135766,236.326,5,4,3.19,0.081,77.58
16:12:56.833,185.315208,43.4048083,6.0135766,236.326,2,0,,0.222,77.58
16:12:56.932,185.413413,43.4048083,6.0135766,236.326,2,0,,0.083,77.58
16:12:57.032,185.51349,43.4048083,6.0135766,236.326,2,0,,0.074,77.58
16:12:57.138,185.620363,43.4048083,6.0135766,236.326,2,0,,0.048,77.58
16:12:57.234,185.715559,43.4048083,6.0135766,236.326,2,0,,0.076,77.58
16:12:57.331,185.813347,43.4048083,6.0135766,236.326,2,0,,0.07,77.58
16:12:57.430,185.912181,43.4048083,6.0135766,236.326,2,0,,0.111,77.58
16:12:57.540,186.022238,43.4048083,6.0135766,236.326,2,0,,0.033,77.58
16:12:57.633,186.1152,43.4048082,6.0135763,236.343,2,6,1.49,0.1,77.58
16:12:57.733,186.215191,43.4048082,6.0135761,236.357,2,6,1.49,0.028,77.58
16:12:57.841,186.322911,43.4048084,6.0135753,236.49,5,5,,0.065,77.58
16:12:57.948,186.430363,43.4048085,6.0135748,236.603,5,6,3.71,0.074,77.58
16:12:58.043,186.524515,43.4048086,6.0135742,236.715,5,6,3.71,0.031,77.58
16:12:58.141,186.622404,43.4048088,6.0135737,236.812,5,6,3.71,0.026,77.58
16:12:58.238,186.72026,43.4048089,6.0135733,236.896,5,6,3.71,0.028,77.58
16:12:58.347,186.829256,43.4048091,6.0135729,236.978,5,6,3.71,0.006,77.58
16:12:58.442,186.92341,43.4048093,6.0135726,237.055,5,6,3.71,0.002,77.58
16:12:58.541,187.023238,43.4048095,6.0135723,237.128,5,6,3.71,0.002,77.58
16:12:58.637,187.119321,43.4048096,6.0135721,237.155,2,13,0.77,0.007,77.58
16:12:58.757,187.239191,43.4048099,6.0135717,237.222,5,6,3.71,0.009,77.58
16:12:58.840,187.322176,43.4048101,6.0135715,237.245,2,13,0.76,0.03,77.58
16:12:58.939,187.421228,43.4048102,6.0135714,237.267,2,13,0.76,0.035,77.58
16:12:59.038,187.519477,43.4048104,6.0135713,237.294,2,13,0.77,0.041,77.58
16:12:59.137,187.619315,43.4048106,6.0135712,237.318,2,13,0.77,0.054,77.58
16:12:59.239,187.721316,43.4048107,6.0135711,237.34,2,13,0.78,0.056,77.58
16:12:59.339,187.820512,43.4048108,6.0135711,237.361,2,13,0.78,0.044,77.58
16:12:59.439,187.921172,43.404811,6.0135707,237.448,5,6,3.71,0.037,77.58
16:12:59.547,188.029273,43.4048112,6.0135703,237.531,2,14,0.73,0.039,77.58
16:12:59.638,188.120271,43.4048113,6.0135701,237.569,2,14,0.75,0.044,77.58
16:12:59.739,188.221293,43.4048114,6.0135701,237.609,2,14,0.73,0.052,77.58
16:12:59.837,188.319254,43.4048115,6.01357,237.653,2,14,0.72,0.056,77.58
16:12:59.946,188.428312,43.4048116,6.01357,237.698,2,14,0.72,0.043,79.01
16:13:00.044,188.525458,43.4048117,6.0135698,237.752,2,14,0.72,0.265,78.64
16:13:00.154,188.636347,43.4048118,6.0135696,237.805,2,14,0.72,0.163,78.64
16:13:00.241,188.72281,43.4048118,6.0135694,237.857,2,14,0.72,0.1,78.64
16:13:00.338,188.820153,43.4048119,6.0135692,237.909,2,14,0.73,0.057,78.64
16:13:00.438,188.920136,43.404812,6.013569,237.951,2,14,0.73,0.039,78.64
16:13:00.547,189.029262,43.4048121,6.0135688,237.992,2,14,0.73,0.022,78.64
16:13:00.636,189.118152,43.4048122,6.0135686,238.035,2,14,0.73,0.002,78.64
16:13:00.745,189.227142,43.4048123,6.0135685,238.076,2,14,0.73,0.026,78.64
16:13:00.838,189.32023,43.4048124,6.0135683,238.114,2,14,0.73,0.037,78.64
16:13:00.950,189.432334,43.4048125,6.0135679,238.205,2,14,0.67,0.05,78.64
16:13:01.039,189.521325,43.4048126,6.0135675,238.292,2,14,0.67,0.05,78.64
16:13:01.148,189.62946,43.4048128,6.013567,238.385,2,14,0.66,0.035,78.64
16:13:01.239,189.721172,43.4048129,6.0135668,238.446,2,14,0.69,0.019,78.64
16:13:01.339,189.821174,43.404813,6.0135667,238.496,2,14,0.7,0.004,78.64
16:13:01.436,189.918239,43.4048131,6.0135666,238.545,2,14,0.7,0.02,78.64
16:13:01.546,190.028276,43.4048132,6.0135664,238.591,2,14,0.7,0.037,78.64
16:13:01.648,190.130145,43.4048134,6.0135661,238.669,2,14,0.64,0.035,78.64
16:13:01.747,190.229132,43.4048134,6.0135659,238.716,2,14,0.67,0.002,78.64
16:13:01.829,190.311137,43.4048134,6.0135659,238.716,2,0,,0.007,78.64
16:13:01.940,190.422139,43.4048134,6.0135659,238.719,2,6,1.49,0.011,78.64
16:13:02.032,190.514355,43.4048134,6.0135659,238.719,2,0,,0.015,78.64
16:13:02.143,190.62536,43.4048135,6.0135658,238.72,2,6,1.49,0.017,78.64
16:13:02.239,190.721232,43.4048135,6.0135658,238.72,2,0,,0.02,78.64
16:13:02.338,190.820129,43.4048135,6.0135658,238.72,2,0,,0.193,78.64
16:13:02.432,190.91419,43.4048135,6.0135658,238.72,2,0,,0.422,78.64
16:13:02.540,191.022174,43.4048135,6.0135658,238.72,2,0,,0.419,78.64
16:13:02.629,191.111117,43.4048135,6.0135658,238.72,2,0,,0.154,78.64
16:13:02.738,191.220128,43.4048135,6.0135658,238.72,2,0,,0.063,78.64
16:13:02.832,191.314113,43.4048135,6.0135658,238.72,2,0,,0.243,78.64
16:13:02.940,191.422125,43.4048135,6.0135658,238.72,2,0,,0.424,78.64
16:13:03.029,191.511399,43.4048135,6.0135658,238.72,2,0,,0.254,78.64
16:13:03.148,191.630251,43.4048135,6.0135658,238.72,2,0,,0.448,78.64
16:13:03.233,191.715189,43.4048135,6.0135658,238.72,2,0,,0.633,78.64
16:13:03.368,191.850147,43.4048134,6.0135661,238.734,2,15,0.55,0.678,78.64
16:13:03.439,191.921089,43.4048134,6.0135663,238.743,2,0,,0.795,78.64
16:13:03.538,192.020247,43.4048133,6.0135666,238.755,2,0,,0.639,78.64
16:13:03.641,192.123088,43.4048133,6.0135668,238.769,2,15,0.55,0.611,78.64
16:13:03.741,192.223118,43.4048133,6.013567,238.781,2,0,,0.435,78.64
16:13:03.829,192.311085,43.4048133,6.0135672,238.793,2,0,,0.482,78.64
16:13:03.947,192.429095,43.4048133,6.0135674,238.808,2,15,0.55,0.483,78.64
16:13:04.032,192.514356,43.4048132,6.0135676,238.821,2,0,,0.656,78.64
16:13:04.130,192.612203,43.4048132,6.0135678,238.834,2,0,,0.778,78.64
16:13:04.238,192.720276,43.4048133,6.0135679,238.845,2,15,0.55,0.669,78.64
16:13:04.338,192.820141,43.4048133,6.0135681,238.86,2,0,,0.659,78.64
16:13:04.431,192.913074,43.4048133,6.0135684,238.874,2,0,,0.656,78.64
16:13:04.551,193.033238,43.4048134,6.0135684,238.881,2,15,0.55,0.48,78.64
16:13:04.630,193.112084,43.4048134,6.0135686,238.895,2,0,16.74,0.415,78.64
16:13:04.739,193.221089,43.4048134,6.0135687,238.909,2,0,16.74,0.332,78.64
16:13:04.841,193.323072,43.4048134,6.0135686,238.915,2,15,0.6,0.187,78.64
16:13:04.942,193.42407,43.4048132,6.0135686,238.947,2,6,1.48,0.522,78.65
16:13:05.032,193.514373,43.404813,6.0135687,238.98,2,6,1.42,0.259,78.66
16:13:05.140,193.621411,43.4048128,6.0135686,239.008,2,6,1.42,0.313,78.67
16:13:05.234,193.716223,43.4048126,6.0135686,239.04,2,6,1.42,0.42,78.68
16:13:05.333,193.815297,43.4048124,6.0135687,239.071,2,6,1.42,0.435,78.69
16:13:05.432,193.914075,43.4048122,6.0135687,239.103,2,6,1.42,0.541,78.7
16:13:05.540,194.022255,43.404812,6.0135688,239.135,2,6,1.42,0.328,78.71
16:13:05.634,194.116065,43.4048118,6.0135687,239.164,2,6,1.42,0.328,78.72
16:13:05.733,194.215059,43.4048115,6.0135687,239.192,2,6,1.42,0.439,78.73
16:13:05.831,194.313407,43.4048113,6.0135688,239.217,2,6,1.42,0.589,78.74
16:13:05.941,194.423075,43.4048111,6.0135688,239.242,2,6,1.42,0.702,78.75
16:13:06.035,194.517404,43.4048109,6.013569,239.263,2,6,1.42,0.609,78.76
16:13:06.143,194.625178,43.4048107,6.0135691,239.284,2,6,1.42,0.309,78.77
16:13:06.232,194.714104,43.4048105,6.013569,239.305,2,6,1.42,0.156,78.78
16:13:06.340,194.822088,43.4048103,6.0135689,239.324,2,6,1.42,0.107,78.78
16:13:06.434,194.916326,43.4048101,6.0135687,239.341,2,6,1.42,0.22,78.79
16:13:06.532,195.014098,43.4048099,6.0135685,239.359,2,6,1.48,0.332,78.79
16:13:06.631,195.113177,43.4048098,6.0135683,239.365,2,6,1.42,0.454,78.79
16:13:06.741,195.223143,43.4048097,6.0135682,239.37,2,6,1.42,0.544,78.79
16:13:06.833,195.315064,43.4048096,6.013568,239.375,2,6,1.42,0.537,78.79
16:13:06.931,195.412649,43.4048095,6.0135679,239.381,2,6,1.48,0.483,78.79
16:13:07.032,195.514341,43.4048094,6.0135678,239.387,2,6,1.48,0.233,78.79
16:13:07.141,195.623166,43.4048093,6.0135677,239.39,2,6,1.42,0.274,78.79
16:13:07.235,195.717296,43.4048093,6.0135676,239.393,2,6,1.42,0.137,78.79
16:13:07.332,195.81408,43.4048092,6.0135675,239.397,2,6,1.42,0.056,78.79
16:13:07.431,195.91311,43.4048092,6.0135673,239.403,2,6,1.42,0.254,78.79
16:13:07.532,196.014076,43.4048092,6.0135672,239.41,2,6,1.42,0.143,78.79
16:13:07.634,196.116148,43.4048092,6.0135671,239.417,2,6,1.42,0.157,78.79
16:13:07.731,196.212475,43.4048092,6.013567,239.424,2,6,1.42,0.285,78.79
16:13:07.831,196.313021,43.4048092,6.0135669,239.43,2,6,1.42,0.265,78.79
16:13:07.942,196.424023,43.4048093,6.0135668,239.436,2,6,1.42,0.344,78.79
16:13:08.035,196.517388,43.4048093,6.0135667,239.437,2,6,1.42,0.519,78.79
16:13:08.151,196.633174,43.4048093,6.0135666,239.44,2,6,1.42,0.532,78.79
16:13:08.232,196.714076,43.4048094,6.0135666,239.438,2,6,1.42,0.237,78.79
16:13:08.340,196.822046,43.4048095,6.0135666,239.436,2,6,1.48,0.143,78.79
16:13:08.434,196.916066,43.4048095,6.0135665,239.434,2,6,1.48,0.213,78.79
16:13:08.531,197.012832,43.4048096,6.0135664,239.429,2,6,1.42,0.702,78.79
16:13:08.631,197.113087,43.4048096,6.0135667,239.424,2,6,1.48,0.546,78.78
16:13:08.739,197.221021,43.4048096,6.0135669,239.419,2,6,1.48,0.363,78.78
16:13:08.833,197.315059,43.4048098,6.0135669,239.412,2,6,1.48,0.202,78.78
16:13:08.944,197.426013,43.4048099,6.0135669,239.402,2,6,1.42,0.307,78.78
16:13:09.032,197.514402,43.40481,6.0135669,239.388,2,6,1.42,0.189,78.78
16:13:09.141,197.623236,43.40481,6.0135668,239.373,2,6,1.42,0.063,78.78
16:13:09.233,197.71509,43.4048101,6.0135668,239.355,2,6,1.42,0.08,78.78
16:13:09.344,197.826266,43.4048102,6.0135667,239.338,2,6,1.42,0.209,78.78
16:13:09.432,197.914056,43.4048102,6.0135666,239.327,2,6,1.42,0.287,78.78
16:13:09.541,198.023061,43.4048103,6.0135665,239.316,2,6,1.42,0.313,78.78
16:13:09.634,198.116381,43.4048104,6.0135664,239.308,2,6,1.42,0.189,78.78
16:13:09.742,198.224359,43.4048104,6.0135663,239.302,2,6,1.42,0.102,78.78
16:13:09.833,198.315304,43.4048104,6.0135662,239.297,2,6,1.42,0.037,78.78
16:13:09.940,198.422185,43.4048104,6.0135661,239.289,2,6,1.42,0.054,78.78
16:13:10.033,198.515383,43.4048105,6.013566,239.285,2,5,2.62,0.05,78.78
16:13:10.145,198.627156,43.4048106,6.0135659,239.28,2,6,1.42,0.169,78.78
16:13:10.230,198.712261,43.4048106,6.0135658,239.277,2,5,2.62,0.272,78.78
16:13:10.340,198.822008,43.4048106,6.0135657,239.273,2,5,2.62,0.306,78.78
16:13:10.440,198.922141,43.4048107,6.013566,239.243,2,14,0.69,0.241,78.78
16:13:10.541,199.023031,43.4048108,6.0135659,239.248,2,6,1.43,0.17,78.78
16:13:10.629,199.111063,43.4048108,6.0135658,239.255,5,6,1.43,0.17,78.78
16:13:10.749,199.230984,43.4048109,6.0135659,239.25,5,6,4.09,0.133,78.78
16:13:10.839,199.321054,43.404811,6.0135661,239.228,5,6,4.09,0.115,78.78
16:13:10.947,199.429086,43.4048111,6.0135664,239.205,5,6,4.08,0.096,78.78
16:13:11.037,199.519209,43.4048112,6.0135667,239.18,5,6,4.08,0.091,78.78
16:13:11.148,199.630293,43.4048113,6.0135669,239.157,5,6,4.05,0.048,78.78
16:13:11.248,199.730213,43.4048113,6.0135673,239.143,5,5,1.35,0.041,78.78
16:13:11.358,199.840101,43.4048113,6.0135676,239.117,5,6,3.56,0.024,78.78
16:13:11.440,199.921645,43.4048113,6.0135676,239.087,5,6,3.56,0.028,78.78
16:13:11.550,200.031622,43.4048113,6.0135675,239.064,5,6,3.56,0.028,78.78
16:13:11.646,200.128034,43.4048113,6.0135676,239.036,5,6,3.59,0.03,78.78
16:13:11.740,200.222006,43.4048112,6.0135677,238.999,5,6,3.59,0.033,78.78
16:13:11.836,200.318006,43.4048112,6.0135677,238.955,5,6,3.59,0.026,78.78
16:13:11.945,200.426971,43.4048112,6.0135683,238.923,5,6,3.59,0.02,78.78
16:13:12.049,200.531354,43.4048113,6.0135693,238.898,5,6,3.59,0.009,78.78
16:13:12.159,200.641266,43.4048113,6.0135696,238.866,5,6,3.59,0.006,78.78
16:13:12.246,200.727901,43.4048113,6.0135698,238.842,5,6,3.59,0.004,78.78
16:13:12.352,200.83409,43.4048113,6.0135698,238.819,5,6,3.59,0.017,78.78
16:13:12.439,200.920955,43.4048114,6.01357,238.777,5,6,3.59,0.015,78.78
16:13:12.550,201.03199,43.4048114,6.0135702,238.737,5,6,3.59,0.015,78.78
16:13:12.637,201.118943,43.4048114,6.0135704,238.699,5,6,3.59,0.009,78.78
16:13:12.746,201.227938,43.4048114,6.0135705,238.663,5,6,3.59,0.006,78.78
16:13:12.849,201.331019,43.4048114,6.0135713,238.674,5,6,3.59,0.007,78.78
16:13:12.960,201.441948,43.4048113,6.0135724,238.703,5,6,3.59,0.017,78.78
16:13:13.045,201.527217,43.4048112,6.0135737,238.715,5,6,3.59,0.019,78.78
16:13:13.180,201.662279,43.4048111,6.0135749,238.723,5,6,3.59,0.02,78.78
16:13:13.247,201.728947,43.404811,6.013576,238.735,5,6,3.59,0.019,78.78
16:13:13.373,201.854907,43.4048109,6.0135771,238.737,5,6,3.59,0.019,78.78
16:13:13.459,201.940968,43.4048109,6.0135778,238.708,5,6,3.59,0.015,78.78
16:13:13.555,202.037064,43.4048109,6.0135784,238.68,5,6,3.59,0.013,78.78
16:13:13.649,202.131015,43.4048108,6.0135791,238.653,5,6,3.59,0.011,78.78
16:13:13.760,202.241954,43.4048108,6.0135791,238.634,5,6,3.59,0.004,78.78
16:13:13.855,202.33691,43.4048108,6.0135791,238.612,5,6,3.59,0.002,78.78
16:13:13.962,202.444019,43.4048107,6.01358,238.649,5,6,3.59,0.006,78.78
16:13:14.050,202.532199,43.4048107,6.0135804,238.641,5,6,3.59,0.004,78.78
16:13:14.158,202.640078,43.4048107,6.0135803,238.622,5,6,3.59,0.006,78.78
16:13:14.237,202.719196,43.4048107,6.0135803,238.6,5,6,3.59,0.007,78.78
16:13:14.346,202.828137,43.4048107,6.0135804,238.572,5,6,3.59,0.007,78.78
16:13:14.449,202.930983,43.4048108,6.0135805,238.535,5,6,3.59,0.007,78.78
16:13:14.556,203.038112,43.4048108,6.0135807,238.502,5,6,3.59,0.007,78.78
16:13:14.656,203.137921,43.4048108,6.0135808,238.469,5,6,3.59,0.006,78.78
16:13:14.754,203.235958,43.4048109,6.0135809,238.437,5,6,3.59,0.006,78.78
16:13:14.847,203.328949,43.4048109,6.0135811,238.413,5,6,3.59,0.004,78.78
16:13:14.958,203.440009,43.4048109,6.013581,238.397,5,6,3.59,0.002,78.78
16:13:15.045,203.527182,43.4048109,6.013581,238.388,5,6,3.59,0.004,78.78
16:13:15.159,203.641014,43.4048109,6.0135809,238.377,5,6,3.59,0.004,78.78
16:13:15.249,203.731105,43.4048109,6.0135809,238.359,5,6,3.59,0.002,78.78
16:13:15.359,203.841082,43.4048108,6.0135808,238.341,5,6,3.59,0.0,78.78
16:13:15.445,203.926921,43.4048108,6.0135808,238.32,5,6,3.59,0.0,78.78
16:13:15.555,204.036957,43.4048108,6.0135806,238.3,5,6,3.59,0.002,78.78
16:13:15.647,204.128911,43.4048108,6.0135807,238.271,5,6,3.59,0.004,78.78
16:13:15.755,204.237,43.4048108,6.0135808,238.229,5,6,3.59,0.007,78.78
16:13:15.830,204.312276,43.4048108,6.0135807,238.208,5,5,3.59,0.009,78.78
16:13:15.938,204.419956,43.4048108,6.0135807,238.184,5,5,3.59,0.009,78.78
16:13:16.031,204.513363,43.4048108,6.0135807,238.165,5,5,3.59,0.009,78.78
16:13:16.143,204.625043,43.4048108,6.0135807,238.148,5,5,3.59,0.011,78.78
16:13:16.232,204.714078,43.4048109,6.0135806,238.142,5,5,3.59,0.011,78.78
16:13:16.340,204.822045,43.4048109,6.0135806,238.133,5,5,3.59,0.078,78.78
16:13:16.434,204.915953,43.4048109,6.0135806,238.122,5,5,3.59,0.193,78.78
16:13:16.543,205.025044,43.4048109,6.0135805,238.114,5,5,3.59,0.265,78.78
16:13:16.632,205.113884,43.4048109,6.0135805,238.106,5,5,3.59,0.282,78.78
16:13:16.740,205.221977,43.4048109,6.0135805,238.089,5,5,3.59,0.306,78.78
16:13:16.834,205.315956,43.404811,6.0135804,238.091,5,5,3.59,0.244,78.78
16:13:16.943,205.42488,43.404811,6.0135803,238.096,5,5,3.59,0.187,78.78
16:13:17.032,205.514174,43.404811,6.0135802,238.099,5,5,3.59,0.189,78.78
16:13:17.140,205.622051,43.404811,6.0135802,238.098,5,5,3.59,0.107,78.78
16:13:17.235,205.716992,43.404811,6.0135801,238.111,5,5,3.59,0.094,78.78
16:13:17.344,205.82623,43.404811,6.0135801,238.101,5,5,3.59,0.044,78.78
16:13:17.429,205.910937,43.404811,6.0135801,238.101,2,0,,0.056,78.78
16:13:17.538,206.020044,43.404811,6.0135801,238.101,2,0,,0.139,78.78
16:13:17.631,206.112909,43.404811,6.0135801,238.101,2,0,,0.257,78.78
16:13:17.741,206.222914,43.404811,6.0135801,238.101,2,0,,0.246,78.78
16:13:17.829,206.310918,43.404811,6.0135801,238.101,2,0,,0.246,78.78
16:13:17.938,206.419866,43.404811,6.0135801,238.101,2,0,,0.363,78.78
16:13:18.034,206.516242,43.404811,6.0135801,238.099,2,5,3.55,0.324,78.78
16:13:18.142,206.62407,43.404811,6.01358,238.097,2,5,3.55,0.261,78.78
16:13:18.231,206.712903,43.404811,6.01358,238.098,2,5,3.55,0.12,78.78
16:13:18.340,206.821941,43.4048109,6.0135799,238.103,2,5,3.55,0.146,78.78
16:13:18.434,206.915927,43.4048109,6.0135799,238.107,2,5,3.55,0.08,78.78
16:13:18.540,207.022137,43.4048108,6.0135798,238.111,2,5,3.54,0.165,78.78
16:13:18.631,207.112862,43.4048107,6.0135797,238.115,2,5,3.54,0.33,78.78
16:13:18.740,207.221854,43.4048107,6.0135796,238.119,2,5,3.54,0.367,78.78
16:13:18.832,207.313978,43.4048106,6.0135796,238.124,2,5,3.54,0.2,78.78
16:13:18.943,207.424879,43.4048105,6.0135795,238.128,2,5,3.54,0.133,78.78
16:13:19.048,207.530247,43.4048104,6.0135793,238.129,2,14,0.69,0.102,78.78
16:13:19.138,207.619942,43.4048104,6.0135793,238.129,2,0,,0.081,78.78
16:13:19.231,207.71297,43.4048104,6.0135793,238.129,2,0,,0.074,78.78
16:13:19.358,207.840059,43.4048104,6.0135792,238.132,2,15,0.62,0.122,78.78
16:13:19.446,207.927804,43.4048103,6.0135792,238.132,2,15,0.64,0.115,78.78
16:13:19.552,208.03389,43.4048103,6.0135792,238.131,2,15,0.64,0.137,78.78
16:13:19.639,208.120868,43.4048103,6.0135793,238.128,2,15,0.68,0.139,78.78
16:13:19.751,208.232831,43.4048102,6.0135793,238.13,2,16,0.61,0.172,78.78
16:13:19.848,208.329839,43.4048102,6.0135793,238.137,5,16,0.59,0.167,78.78
16:13:19.961,208.442828,43.4048102,6.0135794,238.172,5,6,6.21,0.193,78.78
16:13:20.032,208.514192,43.4048101,6.0135793,238.175,2,5,3.54,0.189,78.78
16:13:20.141,208.623271,43.4048101,6.0135793,238.175,2,0,,0.181,78.78
16:13:20.229,208.710972,43.4048101,6.0135793,238.175,2,0,,0.172,78.78
16:13:20.338,208.820028,43.4048101,6.0135793,238.175,2,0,,0.165,78.78
16:13:20.447,208.92908,43.4048101,6.0135791,238.198,5,4,0.98,0.131,78.78
16:13:20.555,209.036896,43.4048101,6.013579,238.212,5,4,1.08,0.109,78.78
16:13:20.629,209.11087,43.4048101,6.013579,238.212,2,0,4.17,0.109,78.78
16:13:20.736,209.217826,43.4048101,6.013579,238.212,2,0,,0.109,78.78
16:13:20.830,209.312032,43.4048101,6.013579,238.212,2,0,,0.107,78.78
16:13:20.939,209.420845,43.4048101,6.013579,238.212,2,0,,0.107,78.78
16:13:21.029,209.511106,43.4048101,6.013579,238.212,2,0,,0.109,78.78
16:13:21.159,209.641083,43.4048101,6.0135787,238.226,5,4,1.03,0.143,78.78
16:13:21.247,209.728819,43.40481,6.0135783,238.24,5,4,0.96,0.074,78.78
16:13:21.357,209.839049,43.40481,6.0135779,238.255,5,4,0.98,0.104,78.78
16:13:21.447,209.928872,43.4048099,6.0135775,238.268,5,4,0.98,0.115,78.78
16:13:21.554,210.035877,43.4048098,6.0135773,238.272,5,7,2.1,0.137,78.78
16:13:21.647,210.128902,43.4048098,6.0135772,238.272,5,7,2.1,0.152,78.78
16:13:21.756,210.23781,43.4048097,6.013577,238.274,5,7,2.1,0.15,78.78
16:13:21.846,210.327885,43.4048097,6.0135768,238.272,5,7,2.1,0.124,78.78
16:13:21.956,210.437799,43.4048096,6.0135765,238.281,5,7,2.1,0.102,78.78
16:13:22.047,210.529297,43.4048095,6.0135764,238.278,5,7,2.1,0.083,78.78
16:13:22.151,210.633052,43.4048095,6.0135762,238.292,5,7,2.1,0.048,78.78
16:13:22.246,210.727748,43.4048094,6.0135761,238.29,5,7,2.1,0.044,78.78
16:13:22.360,210.841824,43.4048094,6.013576,238.287,5,7,2.1,0.026,78.78
16:13:22.451,210.932901,43.4048093,6.0135759,238.282,5,7,2.1,0.015,78.78
16:13:22.559,211.041119,43.4048093,6.0135759,238.275,5,7,2.1,0.011,78.78
16:13:22.647,211.128791,43.4048092,6.0135757,238.277,5,7,2.1,0.009,78.78
16:13:22.758,211.239799,43.4048092,6.0135756,238.278,5,7,2.06,0.007,78.78
16:13:22.849,211.330864,43.4048092,6.0135755,238.274,5,7,2.06,0.019,78.78
16:13:22.957,211.438793,43.4048092,6.0135755,238.27,5,7,2.06,0.022,78.78
16:13:23.048,211.530071,43.4048091,6.0135755,238.267,5,7,2.06,0.026,78.78
16:13:23.183,211.664944,43.4048091,6.0135755,238.26,5,7,2.06,0.026,78.78
16:13:23.252,211.733854,43.4048091,6.0135755,238.251,5,7,2.06,0.03,78.78
16:13:23.366,211.847978,43.4048091,6.0135755,238.24,5,7,2.06,0.031,78.78
16:13:23.457,211.938906,43.4048091,6.0135755,238.228,5,7,2.06,0.033,78.78
16:13:23.558,212.039922,43.4048091,6.0135755,238.216,5,7,2.06,0.033,78.78
16:13:23.650,212.131832,43.404809,6.0135755,238.204,5,7,2.06,0.037,78.78
16:13:23.759,212.240807,43.404809,6.0135755,238.194,5,7,2.06,0.039,78.78
16:13:23.839,212.320805,43.404809,6.0135755,238.186,5,7,2.06,0.041,78.78
16:13:23.948,212.429762,43.404809,6.0135755,238.18,5,7,2.06,0.043,78.78
16:13:24.047,212.529139,43.4048089,6.0135755,238.159,5,15,0.66,0.044,78.78
16:13:24.158,212.639875,43.4048087,6.0135764,238.162,5,7,2.06,0.046,78.78
16:13:24.246,212.727773,43.4048085,6.0135771,238.173,5,7,2.06,0.048,78.78
16:13:24.357,212.839075,43.4048083,6.0135777,238.183,5,7,2.06,0.048,78.78
16:13:24.448,212.929966,43.404808,6.0135783,238.201,5,7,2.06,0.05,78.78
16:13:24.557,213.039054,43.4048078,6.0135788,238.216,5,7,2.06,0.056,78.78
16:13:24.647,213.128766,43.4048076,6.0135793,238.234,5,7,2.06,0.056,78.78
16:13:24.755,213.2368,43.4048073,6.0135798,238.252,5,7,2.06,0.056,78.78
16:13:24.849,213.330743,43.4048072,6.0135802,238.265,5,7,2.1,0.057,78.78
16:13:24.955,213.436851,43.404807,6.01358,238.259,5,7,2.1,0.059,78.78
16:13:25.039,213.521027,43.4048069,6.0135799,238.252,5,7,2.1,0.059,78.78
16:13:25.155,213.636933,43.4048068,6.0135797,238.244,5,7,2.1,0.063,78.78
16:13:25.241,213.722761,43.4048067,6.0135796,238.233,5,7,2.1,0.063,78.78
16:13:25.358,213.839827,43.4048067,6.0135794,238.223,5,7,2.1,0.067,78.78
16:13:25.439,213.92074,43.4048066,6.0135794,238.207,5,7,2.1,0.07,78.78
16:13:25.548,214.029814,43.4048066,6.0135793,238.195,5,7,2.1,0.076,78.78
16:13:25.643,214.124778,43.4048066,6.0135793,238.171,5,7,2.1,0.085,78.78
16:13:25.756,214.237837,43.4048065,6.0135797,238.164,5,7,2.1,0.089,78.78
16:13:25.846,214.327885,43.4048065,6.0135802,238.157,5,7,2.1,0.091,78.78
16:13:25.957,214.438777,43.4048064,6.0135806,238.159,5,7,2.1,0.093,78.78
16:13:26.052,214.534018,43.4048063,6.013581,238.156,5,7,2.1,0.098,78.78
16:13:26.161,214.642954,43.4048064,6.013581,238.12,5,7,2.1,0.104,78.78
16:13:26.247,214.728735,43.4048064,6.0135812,238.085,5,7,2.1,0.109,78.78
16:13:26.356,214.837724,43.4048064,6.0135813,238.046,5,7,2.1,0.115,78.78
16:13:26.449,214.930799,43.4048065,6.0135813,238.007,5,7,2.1,0.12,78.78
16:13:26.557,215.038984,43.4048065,6.0135814,237.975,5,7,2.1,0.124,78.78
16:13:26.648,215.129714,43.4048065,6.0135816,237.968,5,7,2.1,0.128,78.78
16:13:26.755,215.236862,43.4048064,6.0135818,237.977,5,7,2.1,0.13,78.78
16:13:26.847,215.328855,43.4048064,6.0135817,237.966,5,7,2.1,0.133,78.78
16:13:26.956,215.437739,43.4048063,6.0135817,237.955,5,7,2.1,0.137,78.78
16:13:27.055,215.536995,43.4048063,6.0135816,237.945,5,7,2.1,0.137,78.78
16:13:27.153,215.63491,43.4048063,6.0135818,237.935,5,7,2.1,0.137,78.78
16:13:27.248,215.729807,43.4048062,6.013582,237.932,5,7,2.1,0.139,78.78
16:13:27.356,215.837761,43.4048062,6.0135822,237.928,5,7,2.1,0.139,78.78
16:13:27.448,215.929797,43.4048061,6.0135823,237.922,5,7,2.1,0.139,78.78
16:13:27.552,216.033815,43.4048061,6.0135823,237.909,5,7,2.1,0.137,78.78
16:13:27.648,216.129704,43.4048061,6.0135824,237.933,5,7,2.1,0.135,78.78
16:13:27.758,216.239779,43.4048061,6.0135825,237.962,5,7,2.1,0.135,78.78
16:13:27.846,216.327629,43.4048061,6.0135825,237.954,5,7,2.1,0.135,78.78
16:13:27.955,216.436626,43.404806,6.0135824,237.947,5,7,2.1,0.135,78.78
16:13:28.047,216.52891,43.404806,6.0135824,237.943,5,7,2.1,0.133,78.78
16:13:28.151,216.632949,43.4048059,6.0135823,237.944,5,7,2.1,0.133,78.78
16:13:28.239,216.720685,43.4048059,6.0135823,237.945,5,7,2.1,0.133,78.78
16:13:28.347,216.828698,43.4048058,6.0135823,237.944,5,7,2.1,0.133,78.78
16:13:28.441,216.922934,43.4048058,6.0135823,237.944,5,6,6.4,0.133,78.78
16:13:28.545,217.026771,43.4048058,6.0135825,237.958,5,6,6.4,0.131,78.78
16:13:28.645,217.126704,43.4048057,6.0135828,237.97,5,6,6.4,0.13,78.78
16:13:28.757,217.23868,43.4048056,6.0135829,237.993,5,6,6.4,0.13,78.78
16:13:28.841,217.32268,43.4048056,6.0135831,238.004,5,6,6.4,0.128,78.78
16:13:28.960,217.441673,43.4048056,6.0135835,238.045,5,6,6.4,0.128,78.78
16:13:29.049,217.531036,43.4048056,6.013584,238.103,5,6,6.4,0.128,78.78
16:13:29.159,217.640779,43.4048055,6.0135844,238.162,5,6,6.4,0.126,78.78
16:13:29.250,217.731682,43.4048055,6.0135849,238.215,5,6,6.4,0.126,78.78
16:13:29.359,217.840856,43.4048055,6.0135853,238.263,5,6,6.4,0.124,78.78
16:13:29.450,217.93184,43.4048056,6.0135857,238.311,5,6,6.4,0.122,78.78
16:13:29.560,218.041789,43.4048056,6.0135861,238.361,5,6,6.4,0.12,78.78
16:13:29.648,218.129665,43.4048056,6.0135864,238.394,5,6,6.4,0.119,78.78
16:13:29.747,218.228679,43.4048057,6.0135867,238.425,5,6,6.4,0.117,78.78
16:13:29.846,218.327725,43.4048057,6.0135869,238.458,5,6,6.4,0.117,78.78
16:13:29.958,218.439878,43.4048057,6.0135872,238.486,5,6,6.4,0.115,78.78
16:13:30.048,218.529929,43.4048058,6.0135875,238.512,5,6,6.4,0.111,78.78
16:13:30.159,218.641124,43.4048058,6.0135879,238.512,5,6,6.4,0.109,78.78
16:13:30.248,218.73002,43.4048059,6.0135884,238.497,5,6,6.4,0.107,78.78
16:13:30.356,218.837852,43.4048059,6.0135886,238.524,5,6,6.4,0.106,78.78
16:13:30.451,218.933016,43.4048059,6.0135889,238.544,5,6,6.4,0.104,78.78
16:13:30.561,219.042755,43.4048059,6.0135892,238.565,5,6,6.41,0.102,78.78
16:13:30.649,219.130655,43.404806,6.0135894,238.581,5,6,6.41,0.1,78.78
16:13:30.757,219.238638,43.4048059,6.0135897,238.567,5,6,6.41,0.098,78.78
16:13:30.848,219.329727,43.4048059,6.0135898,238.555,5,6,6.41,0.096,78.78
16:13:30.956,219.437785,43.4048059,6.01359,238.538,5,6,6.41,0.094,78.78
16:13:31.044,219.526036,43.4048059,6.0135901,238.523,5,7,2.8,0.094,78.78
16:13:31.155,219.636763,43.4048059,6.0135903,238.508,5,7,2.8,0.093,78.78
16:13:31.248,219.729753,43.4048059,6.0135905,238.498,5,7,2.8,0.093,78.78
16:13:31.362,219.84367,43.4048059,6.0135909,238.515,5,6,6.41,0.093,78.78
16:13:31.445,219.926636,43.4048059,6.0135911,238.529,5,7,2.8,0.091,78.78
16:13:31.556,220.037803,43.404806,6.0135914,238.537,5,7,2.8,0.089,78.78
16:13:31.650,220.131668,43.404806,6.0135915,238.526,5,6,6.41,0.087,78.78
16:13:31.757,220.238658,43.404806,6.0135917,238.503,5,6,6.41,0.087,78.78
16:13:31.846,220.327608,43.404806,6.0135918,238.484,5,6,6.41,0.085,78.78
16:13:31.955,220.436573,43.404806,6.0135918,238.456,5,6,6.41,0.085,78.78
16:13:32.046,220.52802,43.4048061,6.0135918,238.428,5,6,6.41,0.083,78.78
16:13:32.160,220.641845,43.4048061,6.0135918,238.405,5,6,6.41,0.083,78.78
16:13:32.254,220.735721,43.4048061,6.0135919,238.378,5,6,6.41,0.083,78.78
16:13:32.355,220.836603,43.4048062,6.0135921,238.337,5,7,2.8,0.085,78.78
16:13:32.450,220.931644,43.4048062,6.0135922,238.316,5,6,6.41,0.081,78.78
16:13:32.549,221.030821,43.4048063,6.0135924,238.296,5,6,6.41,0.08,78.78
16:13:32.646,221.127656,43.4048064,6.0135925,238.287,5,6,6.41,0.078,78.78
16:13:32.756,221.237651,43.4048064,6.0135926,238.287,5,6,6.41,0.076,78.78
16:13:32.847,221.328652,43.4048065,6.0135926,238.29,5,6,6.41,0.076,78.78
16:13:32.960,221.4417,43.4048065,6.0135927,238.301,5,6,6.41,0.072,78.78
16:13:33.046,221.527917,43.4048065,6.0135928,238.281,5,6,6.41,0.072,78.78
16:13:33.177,221.658807,43.4048065,6.0135929,238.248,5,6,6.41,0.07,78.78
16:13:33.248,221.729696,43.4048066,6.0135929,238.225,5,7,2.81,0.069,78.78
16:13:33.346,221.827643,43.4048066,6.0135929,238.215,5,7,2.81,0.069,78.78
16:13:33.454,221.935732,43.4048066,6.0135929,238.197,5,7,2.81,0.065,78.78
16:13:33.555,222.036639,43.4048066,6.0135928,238.184,5,8,2.05,0.063,78.78
16:13:33.648,222.129843,43.4048067,6.0135928,238.168,5,7,2.09,0.061,78.78
16:13:33.757,222.238608,43.4048067,6.0135927,238.146,5,7,2.09,0.061,78.78
16:13:33.839,222.320588,43.4048068,6.0135926,238.123,5,7,2.09,0.059,78.78
16:13:33.947,222.428613,43.4048068,6.0135925,238.11,5,7,2.09,0.059,78.78
16:13:34.043,222.524892,43.4048069,6.0135925,238.084,5,6,3.65,0.057,78.78
16:13:34.151,222.632697,43.4048069,6.0135925,238.075,5,6,3.65,0.057,78.78
16:13:34.244,222.725691,43.4048069,6.0135925,238.066,5,6,3.65,0.056,78.78
16:13:34.356,222.837642,43.4048069,6.0135924,238.067,5,6,3.65,0.056,78.78
16:13:34.448,222.929727,43.4048069,6.0135923,238.075,5,6,3.65,0.054,78.78
16:13:34.559,223.040802,43.404807,6.0135923,238.088,5,6,3.65,0.052,78.78
16:13:34.646,223.127707,43.404807,6.0135921,238.11,5,6,3.65,0.052,78.78
16:13:34.755,223.236578,43.404807,6.013592,238.135,5,6,3.65,0.05,78.78
16:13:34.847,223.328647,43.404807,6.0135919,238.156,5,6,3.65,0.05,78.78
16:13:34.956,223.437752,43.404807,6.0135919,238.151,5,5,1.41,0.05,78.78
16:13:35.046,223.52787,43.404807,6.013592,238.16,5,5,1.32,0.048,78.78
16:13:35.155,223.636542,43.404807,6.013592,238.156,5,5,1.46,0.046,78.78
16:13:35.241,223.722723,43.4048071,6.0135921,238.128,5,5,,0.046,78.78
16:13:35.349,223.830793,43.4048071,6.0135922,238.122,2,15,0.7,0.046,78.78
16:13:35.438,223.919565,43.4048072,6.0135923,238.08,5,5,,0.046,78.78
16:13:35.549,224.030466,43.4048072,6.0135924,238.036,5,5,1.52,0.046,78.78
16:13:35.639,224.120706,43.4048072,6.0135924,238.028,2,13,0.83,0.046,78.78
16:13:35.749,224.230589,43.4048072,6.0135924,238.013,2,13,0.8,0.048,78.78
16:13:35.839,224.32073,43.4048072,6.0135924,238.017,2,14,0.72,0.048,78.78
16:13:35.945,224.426606,43.4048073,6.0135924,238.029,2,14,0.77,0.048,78.78
16:13:36.039,224.520933,43.4048073,6.0135924,238.04,2,14,0.77,0.048,78.78
16:13:36.148,224.629764,43.4048073,6.0135924,238.051,2,14,0.77,0.048,78.78
16:13:36.236,224.717654,43.4048074,6.0135924,238.06,2,14,0.77,0.048,78.78
16:13:36.345,224.826577,43.4048074,6.0135924,238.067,2,14,0.77,0.048,78.78
16:13:36.438,224.919552,43.4048074,6.0135924,238.063,2,13,0.86,0.048,78.78
16:13:36.546,225.027876,43.4048074,6.0135923,238.058,2,13,0.86,0.048,78.78
16:13:36.630,225.111556,43.4048074,6.0135923,238.044,2,6,2.18,0.048,78.78
16:13:36.737,225.218731,43.4048074,6.0135923,238.029,2,6,2.18,0.048,78.78
16:13:36.833,225.314554,43.4048074,6.0135924,237.964,5,3,,0.048,78.78
16:13:36.929,225.411319,43.4048074,6.0135925,237.897,5,5,4.12,0.048,78.78
16:13:37.032,225.513922,43.4048074,6.0135926,237.835,5,5,4.12,0.048,78.78
16:13:37.142,225.623653,43.4048074,6.0135927,237.754,5,5,4.12,0.052,78.78
16:13:37.242,225.723574,43.4048074,6.0135929,237.676,5,5,4.12,0.131,78.78
16:13:37.344,225.825538,43.4048074,6.013593,237.598,5,5,4.12,0.104,78.78
16:13:37.431,225.912531,43.4048073,6.0135931,237.536,5,5,4.12,0.059,78.78
16:13:37.541,226.022634,43.4048073,6.013593,237.524,5,4,4.14,0.226,78.78
16:13:37.633,226.114648,43.4048073,6.0135932,237.46,5,5,4.12,0.081,78.78
16:13:37.743,226.224585,43.4048073,6.0135932,237.396,5,5,4.12,0.2,78.78
16:13:37.829,226.310531,43.4048073,6.0135932,237.396,2,0,,0.185,78.78
16:13:37.938,226.41951,43.4048073,6.0135932,237.396,2,0,,0.228,78.78
16:13:38.031,226.512817,43.4048073,6.0135932,237.396,2,0,,0.206,78.78
16:13:38.147,226.628643,43.4048073,6.0135932,237.396,2,0,,0.076,78.78
16:13:38.238,226.719616,43.4048073,6.0135932,237.396,2,0,,0.165,78.78
16:13:38.337,226.818504,43.4048073,6.0135932,237.396,2,0,,0.106,78.78
16:13:38.430,226.911741,43.4048073,6.0135932,237.396,2,0,,0.089,78.78
16:13:38.530,227.011528,43.4048073,6.0135932,237.396,2,0,,0.065,78.78
16:13:38.632,227.113832,43.4048072,6.0135933,237.35,5,4,4.14,0.278,78.78
16:13:38.741,227.22276,43.4048072,6.0135933,237.318,5,5,4.12,0.185,78.78
16:13:38.834,227.315503,43.4048072,6.0135934,237.285,5,5,4.12,0.152,78.78
16:13:38.944,227.425517,43.4048071,6.0135935,237.244,5,5,4.12,0.154,78.78
16:13:39.040,227.521485,43.4048071,6.0135935,237.207,5,5,4.12,0.057,78.78
16:13:39.142,227.623716,43.404807,6.0135935,237.177,5,5,4.12,0.031,78.78
16:13:39.239,227.720554,43.4048067,6.0135933,237.13,5,6,2.18,0.019,78.78
16:13:39.342,227.82351,43.4048064,6.0135931,237.078,5,5,4.12,0.069,78.78
16:13:39.431,227.912585,43.4048061,6.0135929,237.04,5,5,4.12,0.05,78.78
16:13:39.540,228.021706,43.4048059,6.0135927,236.999,5,5,4.12,0.044,78.78
16:13:39.633,228.114671,43.4048056,6.0135925,236.953,5,5,4.12,0.017,78.78
16:13:39.742,228.223561,43.4048054,6.0135923,236.907,5,5,4.12,0.061,78.78
16:13:39.831,228.312613,43.4048052,6.0135922,236.865,5,5,4.12,0.085,78.78
16:13:39.940,228.421601,43.4048049,6.013592,236.827,5,5,4.12,0.115,78.78
16:13:40.034,228.515788,43.4048047,6.0135918,236.787,5,5,4.12,0.1,78.78
16:13:40.141,228.622608,43.4048045,6.0135917,236.751,5,5,4.12,0.215,78.78
16:13:40.239,228.720656,43.4048043,6.0135915,236.712,5,5,4.12,0.059,78.78
16:13:40.340,228.821561,43.4048041,6.0135914,236.664,5,5,4.12,0.043,78.78
16:13:40.433,228.914568,43.4048039,6.0135912,236.618,5,5,4.12,0.037,78.78
16:13:40.543,229.024526,43.4048037,6.0135911,236.574,5,6,1.49,0.048,78.78
16:13:40.632,229.113704,43.4048035,6.013591,236.533,5,6,1.49,0.033,78.78
16:13:40.738,229.219602,43.4048035,6.013591,236.533,2,0,,0.069,78.78
16:13:40.835,229.316668,43.4048033,6.0135908,236.494,5,6,1.49,0.093,78.78
16:13:40.943,229.424578,43.4048031,6.0135907,236.467,5,6,1.49,0.035,78.78
16:13:41.034,229.515761,43.4048029,6.0135905,236.439,5,6,1.49,0.017,78.78
16:13:41.142,229.623699,43.4048028,6.0135904,236.415,5,6,1.49,0.067,78.78
16:13:41.235,229.716485,43.4048025,6.0135903,236.384,5,6,1.49,0.033,78.78
16:13:41.344,229.825701,43.4048024,6.0135901,236.358,5,6,1.49,0.015,78.78
16:13:41.443,229.924458,43.4048022,6.01359,236.329,5,6,1.49,0.054,78.78
16:13:41.541,230.022502,43.404802,6.0135898,236.306,5,6,1.49,0.08,78.78
16:13:41.635,230.116665,43.4048018,6.0135897,236.286,5,6,1.49,0.124,78.78
16:13:41.733,230.214615,43.4048015,6.0135895,236.273,5,7,1.37,0.074,78.78
16:13:41.833,230.314554,43.4048013,6.0135894,236.248,5,7,1.37,0.089,78.78
16:13:41.942,230.423553,43.4048011,6.0135892,236.233,5,7,1.37,0.05,78.78
16:13:42.035,230.516833,43.4048009,6.013589,236.206,5,7,1.37,0.069,78.78
16:13:42.152,230.633654,43.4048008,6.0135889,236.174,5,7,1.37,0.033,78.78
16:13:42.239,230.720588,43.4048006,6.0135888,236.13,5,5,11.77,0.052,78.78
16:13:42.342,230.823479,43.4048005,6.0135887,236.084,5,5,11.77,0.15,78.78
16:13:42.434,230.915503,43.4048003,6.0135886,236.038,5,5,11.77,0.274,78.78
16:13:42.543,231.024487,43.4048002,6.0135885,235.991,5,5,11.77,0.165,78.78
16:13:42.639,231.12079,43.4048001,6.0135885,235.941,5,5,11.77,0.139,78.78
16:13:42.742,231.223492,43.4047999,6.0135884,235.888,5,5,11.77,0.087,78.78
16:13:42.835,231.316453,43.4047998,6.0135883,235.848,5,5,11.77,0.191,78.78
16:13:42.945,231.426535,43.4047997,6.0135882,235.819,5,5,11.77,0.263,78.78
16:13:43.039,231.521099,43.4047995,6.0135881,235.795,5,5,11.77,0.202,78.78
16:13:43.169,231.650607,43.4047993,6.0135879,235.78,5,5,11.78,0.191,78.78
16:13:43.235,231.716525,43.4047992,6.0135879,235.75,5,5,11.78,0.059,78.78
16:13:43.344,231.825519,43.4047991,6.0135878,235.72,5,5,11.78,0.115,78.78
16:13:43.452,231.933525,43.4047991,6.0135877,235.693,5,5,11.78,0.298,78.78
16:13:43.542,232.023447,43.4047989,6.0135875,235.692,5,4,,0.289,78.78
16:13:43.634,232.115616,43.4047988,6.0135874,235.684,5,4,,0.213,78.78
16:13:43.741,232.222941,43.4047987,6.0135873,235.662,5,4,,0.111,78.78
16:13:43.841,232.322434,43.4047986,6.0135872,235.642,5,4,,0.078,78.78
16:13:43.939,232.420505,43.4047985,6.0135871,235.628,5,4,,0.054,78.78
16:13:44.034,232.515813,43.4047984,6.013587,235.618,5,4,,0.035,78.78
16:13:44.143,232.624567,43.4047983,6.0135869,235.605,5,4,,0.028,78.78
16:13:44.241,232.72245,43.4047982,6.0135867,235.602,5,4,,0.035,78.78
16:13:44.341,232.822467,43.4047981,6.0135866,235.598,5,4,,0.041,78.78
16:13:44.433,232.914492,43.404798,6.0135864,235.597,5,4,,0.083,78.78
16:13:44.543,233.024427,43.4047979,6.0135863,235.591,5,4,,0.128,78.78
16:13:44.641,233.122408,43.4047977,6.0135862,235.591,5,4,4.13,0.146,78.78
16:13:44.742,233.223483,43.4047976,6.013586,235.597,5,4,4.13,0.091,78.78
16:13:44.834,233.315528,43.4047975,6.0135859,235.589,5,4,,0.154,78.78
16:13:44.943,233.424416,43.4047974,6.0135858,235.578,5,4,,0.176,78.78
16:13:45.041,233.522703,43.4047973,6.0135856,235.574,5,4,,0.17,78.78
16:13:45.141,233.622592,43.4047972,6.0135855,235.57,5,4,,0.046,78.78
16:13:45.233,233.714526,43.4047971,6.0135854,235.559,5,4,,0.033,78.78
16:13:45.343,233.824465,43.404797,6.0135854,235.52,5,4,,0.167,78.78
16:13:45.440,233.921449,43.4047969,6.0135853,235.488,5,3,,0.139,78.78
16:13:45.539,234.020513,43.4047968,6.0135853,235.475,5,3,,0.235,78.78
16:13:45.634,234.115417,43.4047967,6.0135853,235.453,5,3,,0.222,78.78
16:13:45.743,234.224627,43.4047966,6.0135853,235.458,5,4,4.12,0.074,78.78
16:13:45.839,234.32048,43.4047966,6.0135853,235.477,5,4,,0.119,78.78
16:13:45.940,234.421521,43.4047965,6.0135851,235.504,5,4,,0.154,78.78
16:13:46.034,234.51575,43.4047964,6.0135851,235.524,5,4,,0.163,78.78
16:13:46.145,234.626517,43.4047964,6.013585,235.541,5,4,4.12,0.22,78.78
16:13:46.241,234.722412,43.4047964,6.013585,235.55,5,4,,0.167,78.78
16:13:46.341,234.822378,43.4047963,6.013585,235.568,5,4,,0.094,78.78
16:13:46.434,234.915441,43.4047963,6.0135848,235.629,5,5,6.57,0.167,78.78
16:13:46.543,235.024496,43.4047962,6.0135846,235.692,5,6,2.18,0.087,78.78
16:13:46.632,235.113411,43.4047962,6.0135845,235.742,5,6,2.18,0.165,78.78
16:13:46.740,235.221629,43.4047961,6.0135844,235.808,5,6,2.18,0.133,78.78
16:13:46.834,235.315492,43.4047961,6.0135842,235.859,5,6,2.18,0.107,78.78
16:13:46.943,235.424471,43.404796,6.0135841,235.911,5,5,3.65,0.104,78.78
16:13:47.032,235.513716,43.404796,6.013584,235.966,5,5,3.65,0.115,78.78
16:13:47.141,235.622642,43.4047959,6.0135839,236.021,5,5,3.65,0.156,78.78
16:13:47.235,235.71638,43.4047959,6.0135838,236.068,5,5,3.65,0.191,78.78
16:13:47.343,235.824662,43.4047958,6.0135838,236.077,5,5,3.65,0.243,78.78
16:13:47.439,235.920983,43.4047957,6.0135839,236.047,5,5,3.65,0.257,78.78
16:13:47.539,236.020458,43.4047958,6.0135838,236.058,2,8,1.18,0.287,78.78
16:13:47.633,236.114385,43.4047958,6.0135838,236.074,2,8,1.18,0.367,78.78
16:13:47.743,236.224663,43.4047959,6.0135837,236.085,2,8,1.16,0.237,78.78
16:13:47.837,236.318502,43.404796,6.0135837,236.05,5,4,,0.248,78.78
16:13:47.944,236.42542,43.4047961,6.0135837,235.993,5,6,4.02,0.235,78.78
16:13:48.038,236.519671,43.4047962,6.0135837,235.934,5,6,4.02,0.135,78.78
16:13:48.147,236.628468,43.4047963,6.0135836,235.899,5,6,4.02,0.019,78.78
16:13:48.235,236.716413,43.4047963,6.0135834,235.878,2,14,0.76,0.111,78.78
16:13:48.344,236.825565,43.4047963,6.0135831,235.882,2,14,0.73,0.154,78.78
16:13:48.447,236.928477,43.4047963,6.0135824,235.95,2,15,0.65,0.165,78.78
16:13:48.554,237.0354,43.4047963,6.0135818,236.017,2,15,0.65,0.141,78.78
16:13:48.647,237.128456,43.4047964,6.0135817,236.0,2,15,0.71,0.109,78.78
16:13:48.745,237.226533,43.4047964,6.0135816,235.982,2,16,0.67,0.08,78.78
16:13:48.846,237.327413,43.4047965,6.0135817,235.991,2,15,0.64,0.043,78.78
16:13:48.954,237.43544,43.4047965,6.0135816,235.976,5,4,1.18,0.0,78.78
16:13:49.038,237.519651,43.4047966,6.0135811,236.014,2,15,0.66,0.037,78.78
16:13:49.155,237.636592,43.4047966,6.0135804,236.069,5,5,0.91,0.052,78.78
16:13:49.248,237.729494,43.4047966,6.01358,236.096,2,15,0.61,0.056,78.78
16:13:49.357,237.838448,43.4047966,6.0135795,236.132,2,14,0.66,0.052,78.78
16:13:49.445,237.927279,43.4047967,6.0135791,236.177,5,5,0.97,0.052,78.78
16:13:49.554,238.036376,43.4047967,6.0135787,236.223,5,5,0.99,0.059,78.78
16:13:49.645,238.126391,43.4047967,6.0135785,236.249,2,14,0.71,0.08,78.78
16:13:49.758,238.239534,43.4047967,6.0135785,236.326,5,5,0.77,0.096,78.78
16:13:49.854,238.336386,43.4047967,6.0135786,236.366,2,14,0.69,0.109,78.78
16:13:49.956,238.437371,43.4047967,6.0135788,236.406,5,5,0.9,0.12,78.78
16:13:50.048,238.529662,43.4047967,6.0135792,236.442,2,15,0.63,0.143,78.78
16:13:50.156,238.637486,43.4047967,6.0135796,236.477,2,15,0.67,0.148,78.78
16:13:50.245,238.727271,43.4047967,6.01358,236.481,5,5,1.09,0.159,78.78
16:13:50.354,238.836339,43.4047967,6.0135802,236.51,5,5,0.94,0.161,78.78
16:13:50.447,238.928457,43.4047967,6.0135804,236.538,2,15,0.65,0.169,78.78
16:13:50.554,239.036373,43.4047966,6.0135806,236.572,2,15,0.67,0.176,78.78
16:13:50.640,239.122317,43.4047966,6.0135808,236.606,2,15,0.67,0.178,78.78
16:13:50.748,239.230228,43.4047966,6.013581,236.638,2,15,0.66,0.193,78.78
16:13:50.844,239.326395,43.4047966,6.0135812,236.67,2,15,0.66,0.198,78.78
16:13:50.960,239.441422,43.4047966,6.0135813,236.703,2,16,0.56,0.193,78.78
16:13:51.035,239.516618,43.4047965,6.0135813,236.725,2,8,1.14,0.187,78.78
16:13:51.142,239.623463,43.4047965,6.0135812,236.746,2,8,1.14,0.183,78.78
16:13:51.236,239.717442,43.4047964,6.0135812,236.767,2,8,1.14,0.18,78.78
16:13:51.344,239.825697,43.4047964,6.0135811,236.784,2,8,1.14,0.174,78.78
16:13:51.432,239.914368,43.4047964,6.0135811,236.806,2,8,1.17,0.169,78.78
16:13:51.558,240.039544,43.4047963,6.0135812,236.841,2,16,0.57,0.052,78.78
16:13:51.648,240.130373,43.4047963,6.0135813,236.879,2,16,0.58,0.07,78.78
16:13:51.756,240.237583,43.4047963,6.0135814,236.913,2,16,0.61,0.128,78.78
16:13:51.829,240.311325,43.4047963,6.0135814,236.925,2,7,1.34,0.152,78.78
16:13:51.955,240.436494,43.4047963,6.0135816,236.952,2,15,0.64,0.172,78.78
16:13:52.033,240.514594,43.4047962,6.0135816,236.961,2,7,1.31,0.172,78.78
16:13:52.142,240.6234,43.4047962,6.0135815,236.971,2,7,1.31,0.148,78.78
16:13:52.230,240.712281,43.4047962,6.0135815,236.988,2,8,1.22,0.156,78.78
16:13:52.339,240.820417,43.4047962,6.0135815,237.005,2,8,1.22,0.165,78.78
16:13:52.432,240.914277,43.4047962,6.0135814,237.018,2,7,1.34,0.161,78.78
16:13:52.535,241.017322,43.4047962,6.0135814,237.036,2,8,1.14,0.046,78.78
16:13:52.631,241.113344,43.4047962,6.0135813,237.049,2,7,1.25,0.1,78.78
16:13:52.740,241.221416,43.4047961,6.0135813,237.062,2,7,1.25,0.215,78.78
16:13:52.833,241.314798,43.4047961,6.0135812,237.074,2,7,1.25,0.043,78.78
16:13:52.943,241.424418,43.4047961,6.0135812,237.087,2,7,1.25,0.043,78.78
16:13:53.032,241.51357,43.4047961,6.0135811,237.099,2,7,1.25,0.1,78.78
16:13:53.162,241.64347,43.4047961,6.013581,237.113,2,7,1.25,0.063,78.78
16:13:53.234,241.7163,43.404796,6.013581,237.128,2,8,0.91,0.05,78.78
16:13:53.338,241.819444,43.404796,6.0135809,237.148,5,8,1.14,0.174,78.78
16:13:53.439,241.920886,43.404796,6.0135809,237.163,2,7,1.25,0.156,78.78
16:13:53.540,242.022276,43.404796,6.0135808,237.179,2,8,0.91,0.069,78.78
16:13:53.638,242.120305,43.4047959,6.0135808,237.197,5,3,1.56,0.124,78.78
16:13:53.746,242.228271,43.4047959,6.0135806,237.21,5,3,1.56,0.172,78.78
16:13:53.833,242.315336,43.4047959,6.0135805,237.222,5,3,1.56,0.03,78.78
16:13:53.941,242.423305,43.4047958,6.0135804,237.234,5,3,1.56,0.183,78.78
16:13:54.035,242.516522,43.4047958,6.0135804,237.248,5,4,,0.752,78.78
16:13:54.144,242.625409,43.4047957,6.0135802,237.263,5,5,3.64,0.715,78.78
16:13:54.231,242.713302,43.4047958,6.0135801,237.274,5,5,3.64,0.43,78.78
16:13:54.340,242.822257,43.4047959,6.01358,237.276,5,5,3.64,0.307,78.79
16:13:54.438,242.919428,43.4047958,6.0135797,237.303,5,8,0.96,0.224,78.78
16:13:54.545,243.027239,43.4047958,6.0135793,237.323,5,3,1.56,0.456,78.78
16:13:54.632,243.114311,43.4047956,6.0135791,237.354,2,8,1.01,0.396,78.78
16:13:54.745,243.227296,43.4047956,6.0135791,237.367,2,9,0.84,0.557,78.78
16:13:54.834,243.316331,43.4047955,6.013579,237.386,2,8,1.01,0.707,78.78
16:13:54.942,243.424314,43.4047953,6.0135787,237.418,2,8,1.03,0.663,78.78
16:13:55.031,243.512578,43.4047951,6.0135785,237.449,2,8,1.03,0.63,78.78
16:13:55.140,243.622354,43.404795,6.0135782,237.472,2,8,1.0,0.524,78.78
16:13:55.234,243.716251,43.4047949,6.0135781,237.489,2,8,1.03,0.374,78.78
16:13:55.342,243.82428,43.4047948,6.013578,237.505,2,8,1.03,0.35,78.78
16:13:55.439,243.921105,43.4047948,6.0135779,237.513,2,8,1.0,0.302,78.78
16:13:55.531,244.013348,43.4047949,6.0135782,237.518,2,9,0.9,0.209,78.78
16:13:55.634,244.116252,43.404795,6.0135786,237.512,2,8,1.06,0.137,78.78
16:13:55.742,244.224319,43.4047951,6.013579,237.507,2,8,1.06,0.1,78.78
16:13:55.831,244.312501,43.4047952,6.0135794,237.504,2,8,1.06,0.113,78.78
16:13:55.944,244.426277,43.4047954,6.0135798,237.487,2,9,0.87,0.148,78.78
16:13:56.039,244.520485,43.4047955,6.0135802,237.469,2,9,0.87,0.163,78.78
16:13:56.157,244.63842,43.4047956,6.0135805,237.454,2,9,0.87,0.233,78.78
16:13:56.230,244.712214,43.4047956,6.0135808,237.447,2,8,0.95,0.15,78.78
16:13:56.340,244.821552,43.4047957,6.0135811,237.444,2,8,0.95,0.18,78.78
16:13:56.434,244.916223,43.4047957,6.0135813,237.437,5,8,0.95,0.094,78.78
16:13:56.542,245.024243,43.4047957,6.0135816,237.437,2,7,1.12,0.013,78.78
16:13:56.646,245.128245,43.4047957,6.0135826,237.482,5,5,0.93,0.146,78.78
16:13:56.752,245.23339,43.4047956,6.0135835,237.53,5,5,1.12,0.085,78.78
16:13:56.834,245.315472,43.4047956,6.0135837,237.53,5,4,12.1,0.063,78.78
16:13:56.940,245.422342,43.4047956,6.0135839,237.528,5,5,2.75,0.041,78.78
16:13:57.032,245.513605,43.4047956,6.013584,237.513,5,5,2.75,0.002,78.78
16:13:57.141,245.623307,43.4047957,6.0135841,237.497,5,6,1.71,0.013,78.78
16:13:57.236,245.717443,43.4047957,6.0135843,237.48,5,6,1.71,0.007,78.78
16:13:57.343,245.825241,43.4047958,6.0135844,237.464,5,6,1.71,0.143,78.78
16:13:57.433,245.915251,43.4047959,6.0135846,237.445,5,6,1.71,0.185,78.78
16:13:57.541,246.023339,43.404796,6.0135847,237.426,5,6,1.71,0.093,78.78
16:13:57.636,246.117397,43.4047962,6.0135849,237.406,5,5,2.75,0.15,78.78
16:13:57.747,246.229258,43.4047962,6.013585,237.406,5,5,2.75,0.215,78.78
16:13:57.832,246.314183,43.4047964,6.0135853,237.407,5,4,12.1,0.246,78.78
16:13:57.941,246.423255,43.4047965,6.0135854,237.394,2,7,1.09,0.202,78.78
16:13:58.035,246.516457,43.4047966,6.0135856,237.387,2,7,1.12,0.17,78.78
16:13:58.144,246.6263,43.4047967,6.0135862,237.376,5,5,2.75,0.185,78.77
16:13:58.232,246.714196,43.4047969,6.0135874,237.339,5,5,2.75,0.717,78.77
16:13:58.345,246.827181,43.4047969,6.013588,237.286,5,5,2.75,1.204,87.55
16:13:58.434,246.916169,43.404797,6.0135885,237.256,2,7,1.09,0.604,87.55
16:13:58.542,247.024311,43.4047971,6.0135888,237.233,2,7,1.07,0.506,87.55
16:13:58.631,247.113258,43.4047971,6.0135891,237.21,2,8,0.96,0.604,87.55
16:13:58.740,247.222173,43.404797,6.0135893,237.181,2,8,0.95,0.809,87.55
16:13:58.833,247.315265,43.404797,6.0135896,237.161,2,7,1.12,0.882,87.55
16:13:58.942,247.42432,43.4047969,6.0135898,237.146,2,7,1.12,0.713,87.55
16:13:59.032,247.513499,43.4047978,6.0135904,237.06,5,4,,0.415,87.55
16:13:59.141,247.623271,43.4047979,6.0135906,237.024,5,5,2.08,0.352,87.55
16:13:59.232,247.714275,43.4047982,6.0135906,237.001,2,8,1.04,0.496,87.55
16:13:59.344,247.825414,43.4047984,6.0135905,236.969,2,8,1.01,0.439,87.55
16:13:59.432,247.914191,43.4047982,6.0135911,236.933,5,4,4.1,0.3,87.55
16:13:59.541,248.02318,43.4047983,6.0135913,236.906,5,4,4.1,0.113,87.55
16:13:59.634,248.116275,43.4047983,6.0135915,236.878,5,4,4.1,0.18,87.55
16:13:59.743,248.225227,43.4047983,6.0135917,236.85,5,4,4.1,0.202,87.55
16:13:59.832,248.314142,43.4047983,6.013592,236.825,5,4,4.1,0.283,87.55
16:13:59.940,248.422335,43.4047983,6.0135922,236.807,5,4,4.1,0.307,87.55
16:14:00.036,248.517465,43.4047982,6.0135923,236.792,5,4,4.1,0.187,87.55
16:14:00.144,248.626242,43.4047982,6.0135924,236.778,5,4,4.1,0.189,87.55
16:14:00.232,248.714177,43.4047982,6.0135926,236.779,5,4,4.1,0.098,87.55
16:14:00.341,248.823152,43.4047982,6.0135927,236.778,5,4,4.1,0.063,87.55
16:14:00.433,248.915212,43.4047982,6.0135929,236.784,5,4,,0.063,87.55
16:14:00.550,249.032202,43.4047982,6.0135932,236.795,5,5,2.02,0.069,87.55
16:14:00.639,249.121343,43.4047983,6.0135936,236.807,5,5,1.95,0.098,87.55
16:14:00.748,249.230178,43.4047983,6.013594,236.821,5,5,1.95,0.117,87.55
16:14:00.842,249.324348,43.4047983,6.0135943,236.838,5,5,1.95,0.054,87.55
16:14:00.951,249.433257,43.4047984,6.0135946,236.849,5,5,1.95,0.087,87.55
16:14:01.040,249.521574,43.4047984,6.013595,236.871,5,5,1.95,0.13,87.55
16:14:01.147,249.629337,43.4047985,6.0135952,236.882,5,5,1.95,0.05,87.55
16:14:01.242,249.724144,43.4047986,6.0135955,236.897,5,5,1.95,0.041,87.55
16:14:01.350,249.832327,43.4047986,6.0135958,236.908,5,6,1.53,0.03,87.55
16:14:01.440,249.922134,43.4047987,6.0135961,236.93,5,6,1.53,0.131,87.55
16:14:01.548,250.029702,43.4047988,6.0135963,236.948,5,7,1.01,0.128,87.55
16:14:01.644,250.126158,43.4047989,6.0135965,236.97,5,7,1.01,0.126,87.55
16:14:01.752,250.234227,43.4047989,6.0135967,236.996,5,7,1.01,0.059,87.55
16:14:01.840,250.321945,43.404799,6.013597,237.02,5,7,1.01,0.035,87.55
16:14:01.950,250.432242,43.404799,6.0135972,237.047,5,7,1.01,0.094,87.55
16:14:02.044,250.526408,43.4047991,6.0135974,237.074,5,7,1.01,0.18,87.55
16:14:02.160,250.642344,43.4047991,6.0135975,237.104,5,7,1.01,0.163,87.55
16:14:02.240,250.722124,43.4047991,6.0135977,237.137,5,6,1.53,0.061,87.55
16:14:02.349,250.831115,43.4047991,6.0135979,237.172,5,6,1.53,0.093,87.55
16:14:02.443,250.925172,43.4047992,6.013598,237.2,5,6,1.53,0.03,87.55
16:14:02.552,251.034128,43.4047992,6.0135982,237.228,5,6,1.53,0.061,87.55
16:14:02.640,251.122214,43.4047992,6.0135983,237.255,5,6,1.53,0.098,87.55
16:14:02.745,251.227099,43.4047992,6.0135983,237.289,5,6,1.53,0.133,87.55
16:14:02.839,251.321095,43.4047992,6.0135984,237.322,5,6,1.53,0.12,87.55
16:14:02.947,251.429275,43.4047992,6.0135985,237.356,5,6,1.53,0.02,87.55
16:14:03.041,251.523382,43.4047992,6.0135985,237.385,5,7,1.01,0.019,87.55
16:14:03.148,251.630225,43.4047992,6.0135986,237.413,5,8,0.87,0.03,87.55
16:14:03.244,251.726146,43.4047992,6.0135986,237.439,5,8,0.87,0.035,87.55
16:14:03.367,251.848551,43.4047992,6.0135987,237.467,5,8,0.87,0.091,87.55
16:14:03.461,251.9432,43.4047992,6.0135987,237.493,5,8,0.87,0.074,87.55
16:14:03.542,252.024143,43.4047992,6.0135988,237.503,5,8,0.87,0.05,87.55
16:14:03.644,252.126149,43.4047992,6.0135989,237.511,5,8,0.87,0.017,87.55
16:14:03.744,252.226126,43.4047992,6.013599,237.52,5,8,0.87,0.131,87.55
16:14:03.839,252.321264,43.4047992,6.0135991,237.531,5,8,0.87,0.1,87.55
16:14:03.949,252.430731,43.4047992,6.0135992,237.543,5,8,0.87,0.037,87.55
16:14:04.045,252.526572,43.4047993,6.0135993,237.554,5,8,0.87,0.081,87.55
16:14:04.154,252.636264,43.4047993,6.0135994,237.56,5,8,0.87,0.137,87.55
16:14:04.240,252.721656,43.4047993,6.0135995,237.562,5,8,0.87,0.117,87.55
16:14:04.349,252.830759,43.4047994,6.0135996,237.567,5,8,0.87,0.133,87.55
16:14:04.446,252.92809,43.4047994,6.0135997,237.574,5,8,0.87,0.152,87.55
16:14:04.553,253.03527,43.4047995,6.0135998,237.579,5,8,0.87,0.13,87.55
16:14:04.640,253.12197,43.4047995,6.0135999,237.588,5,8,0.87,0.046,87.55
16:14:04.750,253.232056,43.4047996,6.0135999,237.598,5,8,0.87,0.037,87.55
16:14:04.845,253.327082,43.4047996,6.0136,237.607,5,8,0.87,0.004,87.55
16:14:04.954,253.436181,43.4047997,6.0136001,237.617,5,8,0.87,0.037,87.55
16:14:05.040,253.522286,43.4047997,6.0136002,237.625,5,8,0.87,0.057,87.55
16:14:05.152,253.63418,43.4047997,6.0136003,237.633,5,8,0.87,0.035,87.55
16:14:05.245,253.72708,43.4047998,6.0136004,237.645,5,8,0.87,0.03,87.55
16:14:05.354,253.836144,43.4047998,6.0136005,237.655,5,8,0.87,0.031,87.55
16:14:05.440,253.921693,43.4047998,6.0136005,237.665,5,8,0.87,0.044,87.55
16:14:05.549,254.030695,43.4047998,6.0136006,237.678,5,8,0.87,0.076,87.55
16:14:05.646,254.12809,43.4047998,6.0136007,237.688,5,8,0.87,0.106,87.55
16:14:05.754,254.236072,43.4047998,6.0136007,237.697,5,8,0.87,0.03,87.55
16:14:05.840,254.321932,43.4047998,6.0136008,237.706,5,8,0.87,0.078,87.55
16:14:05.948,254.430359,43.4047998,6.0136008,237.714,5,8,0.87,0.091,87.55
16:14:06.045,254.527357,43.4047999,6.0136009,237.72,5,8,0.87,0.05,87.55
16:14:06.153,254.635138,43.4047999,6.0136009,237.727,5,8,0.87,0.109,87.55
16:14:06.240,254.721623,43.4047999,6.013601,237.739,5,8,0.87,0.069,87.55
16:14:06.350,254.832057,43.4047999,6.013601,237.744,5,8,0.87,0.028,87.55
16:14:06.445,254.927189,43.4047999,6.0136011,237.748,5,8,0.87,0.028,87.55
16:14:06.554,255.036057,43.4047999,6.0136011,237.751,5,8,0.87,0.063,87.55
16:14:06.640,255.12201,43.4047999,6.0136012,237.752,5,8,0.87,0.048,87.55
16:14:06.749,255.230718,43.4047999,6.0136012,237.753,5,8,0.87,0.048,87.55
16:14:06.844,255.326167,43.4047999,6.0136012,237.751,5,8,0.87,0.059,87.55
16:14:06.954,255.436068,43.4047999,6.0136013,237.752,5,8,0.87,0.078,87.55
16:14:07.040,255.522111,43.4048,6.0136014,237.751,5,8,0.87,0.033,87.55
16:14:07.151,255.633339,43.4048,6.0136014,237.751,5,8,0.87,0.076,87.55
16:14:07.245,255.727061,43.4048,6.0136015,237.749,5,8,0.87,0.104,87.55
16:14:07.354,255.836056,43.4048,6.0136015,237.743,5,8,0.87,0.146,87.55
16:14:07.440,255.921651,43.4048001,6.0136016,237.739,5,8,0.87,0.119,87.55
16:14:07.548,256.030039,43.4048001,6.0136016,237.733,5,8,0.87,0.057,87.55
16:14:07.645,256.127053,43.4048001,6.0136017,237.731,5,8,0.87,0.024,87.55
16:14:07.753,256.23504,43.4048002,6.0136018,237.732,5,8,0.87,0.078,87.55
16:14:07.840,256.321782,43.4048002,6.0136018,237.733,5,8,0.87,0.004,87.55
16:14:07.949,256.430785,43.4048002,6.0136018,237.731,5,8,0.87,0.054,87.55
16:14:08.045,256.527327,43.4048003,6.0136019,237.729,5,8,0.87,0.115,87.55
16:14:08.157,256.639157,43.4048003,6.0136019,237.727,5,8,0.87,0.12,87.55
16:14:08.253,256.735037,43.4048003,6.013602,237.726,5,8,0.87,0.039,87.55
16:14:08.349,256.830737,43.4048003,6.0136021,237.725,5,8,0.87,0.059,87.55
16:14:08.445,256.927015,43.4048003,6.0136021,237.73,5,8,0.87,0.067,87.55
16:14:08.554,257.036012,43.4048003,6.0136021,237.732,5,8,0.87,0.076,87.55
16:14:08.640,257.122147,43.4048003,6.0136022,237.732,5,8,0.87,0.1,87.55
16:14:08.749,257.231098,43.4048003,6.0136022,237.735,5,8,0.87,0.091,87.55
16:14:08.845,257.326997,43.4048003,6.0136022,237.734,5,8,0.87,0.126,87.55
16:14:08.954,257.435998,43.4048003,6.0136023,237.734,5,8,0.87,0.072,87.55
16:14:09.040,257.522396,43.4048003,6.0136023,237.733,5,8,0.87,0.083,87.55
16:14:09.149,257.630541,43.4048003,6.0136023,237.736,5,8,0.87,0.009,87.55
16:14:09.245,257.72704,43.4048003,6.0136024,237.736,5,8,0.87,0.013,87.55
16:14:09.353,257.835006,43.4048003,6.0136024,237.74,5,8,0.87,0.037,87.55
16:14:09.440,257.921969,43.4048003,6.0136024,237.744,5,8,0.87,0.037,87.55
16:14:09.549,258.03071,43.4048003,6.0136024,237.743,5,8,0.87,0.069,87.55
16:14:09.642,258.124023,43.4048005,6.0136026,237.792,5,9,0.8,0.063,87.55
16:14:09.754,258.236023,43.4048006,6.0136027,237.831,5,8,0.87,0.035,87.55
16:14:09.840,258.321382,43.4048007,6.0136028,237.854,5,8,0.87,0.156,87.55
16:14:09.949,258.430899,43.4048009,6.013603,237.868,5,8,0.87,0.241,87.55
16:14:10.045,258.527277,43.404801,6.0136031,237.883,5,8,0.87,0.204,87.55
16:14:10.154,258.636154,43.4048012,6.0136033,237.89,5,8,0.87,0.131,87.55
16:14:10.240,258.721914,43.4048013,6.0136034,237.898,5,8,0.87,0.039,87.55
16:14:10.349,258.831137,43.4048015,6.0136036,237.901,5,8,0.87,0.024,87.55
16:14:10.445,258.927298,43.4048016,6.0136038,237.903,5,8,0.87,0.046,87.55
16:14:10.544,259.025973,43.4048017,6.013604,237.901,5,8,0.87,0.017,87.55
16:14:10.640,259.121634,43.4048019,6.0136041,237.907,5,8,0.87,0.061,87.55
16:14:10.749,259.230908,43.404802,6.0136043,237.908,5,8,0.87,0.063,87.55
16:14:10.847,259.328984,43.4048021,6.0136044,237.915,5,8,0.87,0.017,87.55
16:14:10.944,259.425977,43.4048022,6.0136046,237.922,5,8,0.87,0.085,87.55
16:14:11.041,259.522423,43.4048023,6.0136046,237.936,5,8,0.87,0.061,87.55
16:14:11.149,259.631345,43.4048023,6.0136047,237.952,5,8,0.87,0.076,87.55
16:14:11.245,259.726996,43.4048023,6.0136047,237.965,5,8,0.87,0.131,87.55
16:14:11.354,259.836056,43.4048023,6.0136048,237.98,5,8,0.87,0.107,87.55
16:14:11.440,259.922108,43.4048023,6.0136048,237.993,5,8,0.87,0.185,87.55
16:14:11.549,260.031096,43.4048023,6.0136048,238.009,5,8,0.87,0.165,87.55
16:14:11.645,260.12698,43.4048023,6.0136048,238.017,5,8,0.87,0.146,87.55
16:14:11.744,260.225959,43.4048023,6.0136048,238.02,5,8,0.87,0.126,87.55
16:14:11.840,260.321634,43.4048023,6.0136048,238.027,5,8,0.87,0.091,87.55
16:14:11.952,260.434034,43.4048022,6.0136048,238.035,5,8,0.87,0.069,87.55
16:14:12.045,260.527231,43.4048022,6.0136047,238.04,5,8,0.87,0.02,87.55
16:14:12.154,260.636253,43.4048022,6.0136047,238.043,5,8,0.87,0.061,87.55
16:14:12.243,260.725026,43.4048022,6.0136047,238.052,5,8,0.87,0.061,87.55
16:14:12.352,260.834051,43.4048022,6.0136047,238.063,5,8,0.87,0.089,87.55
16:14:12.445,260.927234,43.4048022,6.0136047,238.073,5,8,0.87,0.124,87.55
16:14:12.548,261.02978,43.4048021,6.0136046,238.086,5,8,0.87,0.104,87.55
16:14:12.640,261.121957,43.4048021,6.0136046,238.102,5,8,0.87,0.076,87.55
16:14:12.752,261.234191,43.4048021,6.0136046,238.108,5,8,0.87,0.05,87.55
16:14:12.845,261.326998,43.4048022,6.0136045,238.113,5,8,0.87,0.044,87.55
16:14:12.944,261.425945,43.4048022,6.0136045,238.113,5,8,0.87,0.057,87.55
16:14:13.053,261.53522,43.4048022,6.0136045,238.119,5,8,0.87,0.146,87.55
16:14:13.156,261.637886,43.4048023,6.0136045,238.119,5,8,0.87,0.111,87.55
16:14:13.245,261.727039,43.4048023,6.0136045,238.121,5,8,0.87,0.072,87.55
16:14:13.360,261.842019,43.4048023,6.0136045,238.122,5,8,0.87,0.037,87.55
16:14:13.452,261.934059,43.4048024,6.0136045,238.121,5,8,0.87,0.052,87.55
16:14:13.552,262.03403,43.4048024,6.0136045,238.121,5,8,0.87,0.083,87.55
16:14:13.645,262.126948,43.4048025,6.0136045,238.111,5,8,0.87,0.035,87.55
16:14:13.744,262.22592,43.4048025,6.0136045,238.112,5,8,0.87,0.035,87.55
16:14:13.840,262.321901,43.4048026,6.0136046,238.107,5,8,0.87,0.061,87.55
16:14:13.952,262.434011,43.4048026,6.0136046,238.101,5,8,0.87,0.057,87.55
16:14:14.045,262.527229,43.4048027,6.0136046,238.1,5,8,0.87,0.12,87.55
16:14:14.156,262.638143,43.4048027,6.0136046,238.095,5,8,0.87,0.08,87.55
16:14:14.240,262.721778,43.4048027,6.0136046,238.088,5,8,0.87,0.087,87.55
16:14:14.352,262.833927,43.4048027,6.0136046,238.078,5,8,0.87,0.072,87.55
16:14:14.445,262.926993,43.4048027,6.0136046,238.082,5,8,0.87,0.03,87.55
16:14:14.543,263.025024,43.4048027,6.0136046,238.081,5,8,0.87,0.074,87.55
16:14:14.640,263.122081,43.4048027,6.0136046,238.087,5,8,0.87,0.044,87.55
16:14:14.749,263.230657,43.4048027,6.0136046,238.095,5,8,0.87,0.037,87.55
16:14:14.845,263.32689,43.4048027,6.0136046,238.096,5,8,0.87,0.07,87.55
16:14:14.954,263.435905,43.4048027,6.0136046,238.097,5,8,0.87,0.015,87.55
16:14:15.041,263.522598,43.4048027,6.0136046,238.099,5,8,0.87,0.048,87.55
16:14:15.153,263.635118,43.4048027,6.0136046,238.1,5,8,0.87,0.052,87.55
16:14:15.245,263.727153,43.4048026,6.0136046,238.104,5,8,0.87,0.05,87.55
16:14:15.354,263.836128,43.4048026,6.0136045,238.107,5,8,0.87,0.069,87.55
16:14:15.440,263.922236,43.4048026,6.0136046,238.097,5,8,0.87,0.1,87.55
16:14:15.552,264.034232,43.4048026,6.0136046,238.096,5,8,0.87,0.024,87.55
16:14:15.646,264.127952,43.4048026,6.0136046,238.092,5,8,0.87,0.054,87.55
16:14:15.754,264.23612,43.4048027,6.0136046,238.084,5,8,0.87,0.061,87.55
16:14:15.844,264.326119,43.4048027,6.0136046,238.079,5,8,0.87,0.067,87.55
16:14:15.949,264.430747,43.4048027,6.0136046,238.062,5,8,0.87,0.05,87.55
16:14:16.046,264.528273,43.4048027,6.0136047,238.043,5,8,0.87,0.033,87.55
16:14:16.145,264.627098,43.4048028,6.0136047,238.032,5,8,0.87,0.011,87.55
16:14:16.243,264.725077,43.4048028,6.0136047,238.032,5,8,0.87,0.05,87.55
16:14:16.352,264.834024,43.4048028,6.0136048,238.03,5,8,0.87,0.039,87.55
16:14:16.445,264.926897,43.4048029,6.0136048,238.028,5,8,0.87,0.076,87.55
16:14:16.544,265.025979,43.4048029,6.0136048,238.028,5,8,0.87,0.18,87.55
16:14:16.646,265.127857,43.4048029,6.0136049,238.024,5,8,0.87,0.13,87.55
16:14:16.752,265.233988,43.404803,6.0136049,238.026,5,8,0.87,0.063,87.55
16:14:16.845,265.326901,43.404803,6.0136049,238.025,5,8,0.87,0.024,87.55
16:14:16.954,265.435999,43.404803,6.0136049,238.028,5,8,0.87,0.03,87.55
16:14:17.044,265.526216,43.404803,6.0136049,238.032,5,8,0.87,0.046,87.55
16:14:17.150,265.631664,43.404803,6.013605,238.037,5,8,0.87,0.133,87.55
16:14:17.245,265.727178,43.404803,6.013605,238.041,5,8,0.87,0.043,87.55
16:14:17.344,265.826093,43.404803,6.0136049,238.049,5,8,0.87,0.043,87.55
16:14:17.443,265.925074,43.4048029,6.0136049,238.055,5,8,0.87,0.115,87.55
16:14:17.552,266.034041,43.4048029,6.013605,238.056,5,8,0.87,0.098,87.55
16:14:17.645,266.127064,43.4048029,6.013605,238.058,5,8,0.87,0.02,87.55
16:14:17.744,266.226017,43.4048029,6.013605,238.07,5,8,0.87,0.059,87.55
16:14:17.840,266.322346,43.4048029,6.0136049,238.076,5,8,0.87,0.046,87.55
16:14:17.953,266.434955,43.4048028,6.0136049,238.081,5,8,0.87,0.024,87.55
16:14:18.045,266.527237,43.4048028,6.0136049,238.074,5,7,1.01,0.102,87.55
16:14:18.157,266.639211,43.4048028,6.013605,238.068,5,7,1.01,0.05,87.55
16:14:18.243,266.72508,43.4048028,6.013605,238.065,5,7,1.01,0.054,87.55
16:14:18.352,266.834041,43.4048028,6.0136049,238.065,5,7,1.01,0.048,87.55
16:14:18.445,266.926953,43.4048028,6.0136049,238.066,5,7,1.01,0.056,87.55
16:14:18.544,267.02602,43.4048029,6.0136049,238.066,5,7,1.01,0.03,87.55
16:14:18.643,267.125124,43.4048029,6.0136049,238.074,5,7,1.01,0.019,87.55
16:14:18.749,267.230763,43.4048029,6.0136049,238.068,5,7,1.01,0.057,87.55
16:14:18.845,267.326958,43.4048029,6.0136049,238.061,5,7,1.01,0.08,87.55
16:14:18.945,267.427018,43.4048029,6.0136049,238.062,5,7,1.01,0.12,87.55
16:14:19.044,267.525487,43.4048029,6.0136049,238.064,5,7,1.01,0.087,87.55
16:14:19.153,267.635169,43.4048029,6.0136049,238.06,5,7,1.01,0.046,87.55
16:14:19.245,267.727113,43.404803,6.0136049,238.05,5,7,1.01,0.028,87.55
16:14:19.345,267.826999,43.404803,6.0136049,238.047,5,7,1.01,0.05,87.55
16:14:19.444,267.92599,43.404803,6.0136049,238.044,5,7,1.01,0.041,87.55
16:14:19.552,268.03411,43.4048031,6.0136049,238.042,5,7,1.01,0.08,87.55
16:14:19.645,268.127017,43.4048031,6.0136049,238.029,5,7,1.01,0.057,87.55
16:14:19.745,268.22699,43.4048031,6.013605,238.018,5,7,1.01,0.056,87.55
16:14:19.843,268.325276,43.4048032,6.013605,238.006,5,7,1.01,0.056,87.55
16:14:19.951,268.433355,43.4048032,6.013605,237.992,5,7,1.01,0.061,87.55
16:14:20.045,268.527323,43.4048032,6.013605,237.976,5,7,1.01,0.089,87.55
16:14:20.145,268.627209,43.4048032,6.0136051,237.972,5,7,1.01,0.056,87.55
16:14:20.241,268.722833,43.4048032,6.0136051,237.961,5,7,1.01,0.03,87.55
16:14:20.351,268.833156,43.4048032,6.0136052,237.955,5,7,1.01,0.102,87.55
16:14:20.445,268.927037,43.4048032,6.0136052,237.952,5,7,1.01,0.117,87.55
16:14:20.545,269.027053,43.4048032,6.0136052,237.943,5,7,1.01,0.043,87.55
16:14:20.641,269.122607,43.4048031,6.0136052,237.944,5,7,1.01,0.039,87.55
16:14:20.756,269.237974,43.4048031,6.0136053,237.94,5,7,1.01,0.041,87.55
16:14:20.844,269.326256,43.4048031,6.0136053,237.943,5,7,1.01,0.043,87.55
16:14:20.945,269.427042,43.4048031,6.0136053,237.946,5,7,1.01,0.048,87.55
16:14:21.041,269.522544,43.404803,6.0136053,237.951,5,7,1.01,0.006,87.55
16:14:21.150,269.631402,43.404803,6.0136053,237.951,5,7,1.01,0.076,87.55
16:14:21.244,269.726079,43.404803,6.0136053,237.951,5,7,1.01,0.093,87.55
16:14:21.344,269.826067,43.404803,6.0136053,237.953,5,7,1.01,0.08,87.55
16:14:21.440,269.922003,43.404803,6.0136053,237.961,5,7,1.01,0.043,87.55
16:14:21.551,270.033045,43.4048029,6.0136053,237.969,5,7,1.01,0.022,87.55
16:14:21.646,270.128096,43.4048029,6.0136053,237.983,5,7,1.01,0.069,87.55
16:14:21.744,270.226057,43.4048029,6.0136053,237.984,5,7,1.01,0.091,87.55
16:14:21.843,270.325148,43.4048029,6.0136053,237.984,5,7,1.01,0.115,87.55
16:14:21.952,270.434191,43.4048029,6.0136054,237.978,5,7,1.01,0.124,87.55
16:14:22.046,270.528372,43.4048029,6.0136054,237.969,5,7,1.01,0.128,87.55
16:14:22.155,270.637321,43.4048029,6.0136055,237.97,5,7,1.01,0.154,87.55
16:14:22.240,270.722216,43.404803,6.0136055,237.957,5,7,1.01,0.117,87.55
16:14:22.350,270.831839,43.404803,6.0136056,237.945,5,7,1.01,0.141,87.55
16:14:22.446,270.928074,43.404803,6.0136056,237.94,5,7,1.01,0.165,87.55
16:14:22.545,271.027132,43.404803,6.0136057,237.937,5,7,1.01,0.089,87.55
16:14:22.647,271.129062,43.404803,6.0136057,237.933,5,7,1.01,0.063,87.55
16:14:22.750,271.231811,43.404803,6.0136057,237.933,5,7,1.01,0.022,87.55
16:14:22.846,271.328343,43.404803,6.0136058,237.923,5,7,1.01,0.096,87.55
16:14:22.945,271.427092,43.404803,6.0136058,237.923,5,7,1.01,0.106,87.55
16:14:23.044,271.525571,43.404803,6.0136058,237.914,5,7,1.01,0.089,87.55
16:14:23.151,271.632422,43.4048031,6.0136059,237.911,5,7,1.01,0.05,87.55
16:14:23.245,271.727318,43.4048031,6.0136059,237.913,5,7,1.01,0.106,87.55
16:14:23.362,271.843413,43.4048031,6.0136059,237.91,5,7,1.01,0.143,87.55
16:14:23.454,271.936205,43.404803,6.0136059,237.909,5,7,1.01,0.133,87.55
16:14:23.551,272.033109,43.404803,6.0136059,237.915,5,7,1.01,0.03,87.55
16:14:23.646,272.128165,43.404803,6.0136059,237.914,5,7,1.01,0.026,87.55
16:14:23.745,272.227173,43.404803,6.0136059,237.918,5,7,1.01,0.043,87.55
16:14:23.841,272.322917,43.404803,6.0136059,237.91,5,7,1.01,0.098,87.55
16:14:23.952,272.434197,43.404803,6.013606,237.904,5,7,1.01,0.159,87.55
16:14:24.046,272.527519,43.404803,6.013606,237.891,5,7,1.01,0.169,87.55
16:14:24.155,272.637357,43.404803,6.013606,237.881,5,7,1.01,0.059,87.55
16:14:24.240,272.72237,43.404803,6.0136061,237.874,5,7,1.01,0.057,87.55
16:14:24.350,272.832042,43.404803,6.0136061,237.869,5,7,1.01,0.069,87.55
16:14:24.446,272.928143,43.404803,6.0136061,237.862,5,7,1.01,0.05,87.55
16:14:24.546,273.028134,43.404803,6.0136061,237.857,5,7,1.01,0.015,87.55
16:14:24.641,273.123028,43.404803,6.0136062,237.85,5,7,1.01,0.006,87.55
16:14:24.749,273.231322,43.404803,6.0136062,237.842,5,7,1.01,0.081,87.55
16:14:24.843,273.325143,43.404803,6.0136063,237.914,5,9,0.8,0.106,87.55
16:14:24.945,273.427151,43.4048031,6.0136064,237.966,5,7,1.01,0.135,87.55
16:14:25.042,273.523525,43.4048031,6.0136066,238.008,5,7,1.01,0.104,87.55
16:14:25.153,273.635388,43.4048033,6.0136067,238.042,5,7,1.01,0.13,87.55
16:14:25.246,273.728369,43.4048034,6.0136069,238.07,5,7,1.01,0.156,87.55
16:14:25.345,273.827208,43.4048035,6.013607,238.088,5,7,1.01,0.091,87.55
16:14:25.441,273.923132,43.4048036,6.0136072,238.096,5,7,1.01,0.156,87.55
16:14:25.550,274.032301,43.4048037,6.0136074,238.1,5,7,1.01,0.122,87.55
16:14:25.645,274.127212,43.4048038,6.0136075,238.11,5,7,1.01,0.089,87.55
16:14:25.745,274.227167,43.404804,6.0136076,238.113,5,7,1.01,0.139,87.55
16:14:25.842,274.323505,43.404804,6.0136077,238.124,5,7,1.01,0.163,87.55
16:14:25.950,274.432274,43.4048041,6.0136078,238.118,5,7,1.01,0.148,87.55
16:14:26.047,274.528574,43.4048042,6.0136079,238.12,5,7,1.01,0.15,87.55
16:14:26.162,274.643413,43.4048042,6.013608,238.124,5,7,1.01,0.135,87.55
16:14:26.242,274.723445,43.4048042,6.0136081,238.124,5,7,1.01,0.102,87.55
16:14:26.350,274.832177,43.4048042,6.0136081,238.126,5,7,1.01,0.141,87.55
16:14:26.446,274.928208,43.4048042,6.0136082,238.131,5,7,1.01,0.035,87.55
16:14:26.544,275.026256,43.4048041,6.0136082,238.134,5,7,1.01,0.043,87.55
16:14:26.641,275.123337,43.4048041,6.0136083,238.139,5,7,1.01,0.089,87.55
16:14:26.743,275.225326,43.404804,6.0136083,238.148,5,7,1.01,0.065,87.55
16:14:26.846,275.328201,43.404804,6.0136084,238.157,5,7,1.01,0.061,87.55
16:14:26.945,275.427198,43.4048039,6.0136084,238.165,5,7,1.01,0.03,87.55
16:14:27.043,275.52457,43.4048039,6.0136084,238.177,5,7,1.01,0.041,87.55
16:14:27.150,275.632318,43.4048039,6.0136084,238.191,5,7,1.01,0.046,87.55
16:14:27.244,275.726345,43.4048039,6.0136084,238.196,5,7,1.01,0.085,87.55
16:14:27.344,275.826366,43.4048039,6.0136084,238.198,5,7,1.01,0.087,87.55
16:14:27.442,275.924332,43.4048039,6.0136084,238.203,5,7,1.01,0.113,87.55
16:14:27.551,276.033356,43.4048039,6.0136085,238.212,5,7,1.01,0.083,87.55
16:14:27.645,276.127361,43.4048039,6.0136085,238.22,5,7,1.01,0.083,87.55
16:14:27.743,276.225367,43.4048039,6.0136085,238.237,5,7,1.01,0.078,87.55
16:14:27.841,276.322606,43.4048039,6.0136085,238.247,5,7,1.01,0.054,87.55
16:14:27.950,276.432328,43.4048039,6.0136085,238.249,5,7,1.01,0.035,87.55
16:14:28.046,276.528232,43.404804,6.0136085,238.255,5,7,1.01,0.037,87.55
16:14:28.145,276.627351,43.404804,6.0136085,238.269,5,7,1.01,0.05,87.55
16:14:28.243,276.725351,43.404804,6.0136085,238.276,5,7,1.01,0.054,87.55
16:14:28.352,276.833445,43.4048041,6.0136085,238.273,5,7,1.01,0.03,87.55
16:14:28.445,276.927285,43.4048041,6.0136085,238.278,5,7,1.01,0.02,87.55
16:14:28.544,277.026248,43.4048041,6.0136086,238.278,5,7,1.01,0.022,87.55
16:14:28.643,277.125328,43.4048042,6.0136086,238.276,5,7,1.01,0.067,87.55
16:14:28.750,277.231849,43.4048042,6.0136086,238.283,5,7,1.01,0.063,87.55
16:14:28.846,277.327399,43.4048042,6.0136087,238.278,5,7,1.01,0.081,87.55
16:14:28.944,277.425398,43.4048042,6.0136087,238.276,5,7,1.01,0.061,87.55
16:14:29.044,277.525696,43.4048042,6.0136088,238.271,5,7,1.01,0.059,87.55
16:14:29.152,277.633413,43.4048043,6.0136088,238.258,5,7,1.01,0.054,87.55
16:14:29.245,277.727375,43.4048043,6.0136088,238.245,5,7,1.01,0.098,87.55
16:14:29.345,277.826469,43.4048043,6.0136088,238.24,5,7,1.01,0.093,87.55
16:14:29.443,277.925361,43.4048043,6.0136089,238.227,5,7,1.01,0.02,87.55
16:14:29.552,278.033411,43.4048042,6.0136089,238.213,5,7,1.01,0.057,87.55
16:14:29.646,278.128349,43.4048042,6.013609,238.193,5,7,1.01,0.043,87.55
16:14:29.745,278.226387,43.4048042,6.013609,238.182,5,7,1.01,0.039,87.55
16:14:29.843,278.324382,43.4048041,6.0136091,238.166,5,7,1.01,0.109,87.55
16:14:29.952,278.434288,43.4048041,6.0136091,238.141,5,7,1.01,0.128,87.55
16:14:30.046,278.527729,43.4048041,6.0136092,238.113,5,7,1.01,0.144,87.55
16:14:30.156,278.637429,43.4048041,6.0136093,238.095,5,7,1.01,0.113,87.55
16:14:30.243,278.724398,43.4048041,6.0136093,238.069,5,7,1.01,0.12,87.55
16:14:30.352,278.834394,43.4048041,6.0136094,238.056,5,7,1.01,0.146,87.55
16:14:30.445,278.927352,43.4048041,6.0136094,238.043,5,7,1.01,0.063,87.55
16:14:30.544,279.025487,43.4048041,6.0136094,238.034,5,7,1.01,0.043,87.55
16:14:30.643,279.124446,43.4048041,6.0136094,238.017,5,7,1.01,0.078,87.55
16:14:30.751,279.232395,43.4048041,6.0136095,238.007,5,7,1.01,0.109,87.55
16:14:30.846,279.327601,43.4048041,6.0136095,238.003,5,7,1.01,0.131,87.55
16:14:30.945,279.426421,43.4048041,6.0136095,238.006,5,7,1.01,0.124,87.55
16:14:31.044,279.525693,43.4048041,6.0136095,238.003,5,7,1.01,0.044,87.55
16:14:31.155,279.636445,43.4048042,6.0136095,238.004,5,8,0.87,0.009,87.55
16:14:31.246,279.728388,43.4048042,6.0136094,238.022,5,8,0.87,0.035,87.55
16:14:31.346,279.827508,43.4048042,6.0136094,238.037,5,8,0.87,0.05,87.55
16:14:31.441,279.923145,43.4048042,6.0136094,238.055,5,8,0.87,0.03,87.55
16:14:31.550,280.032184,43.4048042,6.0136094,238.065,5,8,0.87,0.02,87.55
16:14:31.647,280.128395,43.4048042,6.0136093,238.09,5,8,0.87,0.035,87.55
16:14:31.745,280.227336,43.4048042,6.0136092,238.115,5,8,0.87,0.046,87.55
16:14:31.841,280.323337,43.4048042,6.0136092,238.125,5,8,0.87,0.033,87.55
16:14:31.952,280.433371,43.4048042,6.0136092,238.131,5,8,0.87,0.041,87.55
16:14:32.047,280.528793,43.4048042,6.0136092,238.136,5,8,0.87,0.054,87.55
16:14:32.147,280.628466,43.4048043,6.0136092,238.137,5,8,0.87,0.039,87.55
16:14:32.254,280.73636,43.4048043,6.0136092,238.14,5,8,0.87,0.015,87.55
16:14:32.352,280.833652,43.4048043,6.0136092,238.131,5,8,0.87,0.041,87.55
16:14:32.447,280.928433,43.4048043,6.0136093,238.126,5,8,0.87,0.05,87.55
16:14:32.545,281.027361,43.4048043,6.0136093,238.122,5,8,0.87,0.037,87.55
16:14:32.644,281.125426,43.4048043,6.0136093,238.118,5,8,0.87,0.033,87.55
16:14:32.753,281.23463,43.4048043,6.0136093,238.118,5,8,0.87,0.031,87.55
16:14:32.846,281.327405,43.4048043,6.0136093,238.105,5,7,1.01,0.081,87.55
16:14:32.946,281.427861,43.4048043,6.0136093,238.094,5,7,1.01,0.056,87.55
16:14:33.043,281.524475,43.4048043,6.0136093,238.092,5,7,1.01,0.026,87.55
16:14:33.165,281.646636,43.4048043,6.0136093,238.074,5,7,1.01,0.03,87.55
16:14:33.247,281.728598,43.4048043,6.0136094,238.055,5,7,1.01,0.017,87.55
16:14:33.370,281.85167,43.4048043,6.0136094,238.038,5,7,1.01,0.054,87.55
16:14:33.446,281.927412,43.4048044,6.0136094,238.022,5,7,1.01,0.035,87.55
16:14:33.551,282.033123,43.4048044,6.0136094,238.001,5,7,1.01,0.074,87.55
16:14:33.648,282.129451,43.4048044,6.0136094,237.988,5,8,0.87,0.07,87.55
16:14:33.747,282.228396,43.4048045,6.0136095,237.98,5,8,0.87,0.059,87.55
16:14:33.843,282.324401,43.4048045,6.0136095,237.967,5,8,0.87,0.056,87.55
16:14:33.951,282.432987,43.4048045,6.0136095,237.947,5,8,0.87,0.08,87.55
16:14:34.048,282.529828,43.4048046,6.0136096,237.927,5,8,0.87,0.091,87.55
16:14:34.147,282.628523,43.4048046,6.0136096,237.913,5,8,0.87,0.019,87.55
16:14:34.242,282.72427,43.4048047,6.0136096,237.906,5,8,0.87,0.059,87.55
16:14:34.352,282.833423,43.4048047,6.0136097,237.896,5,8,0.87,0.067,87.55
16:14:34.448,282.929574,43.4048047,6.0136097,237.885,5,8,0.87,0.043,87.55
16:14:34.547,283.028482,43.4048047,6.0136097,237.882,5,8,0.87,0.093,87.55
16:14:34.644,283.125731,43.4048048,6.0136097,237.875,5,8,0.87,0.135,87.55
16:14:34.751,283.233122,43.4048048,6.0136098,237.862,5,8,0.87,0.072,87.55
16:14:34.848,283.329461,43.4048049,6.0136098,237.851,5,8,0.87,0.007,87.55
16:14:34.948,283.42949,43.4048049,6.0136098,237.839,5,8,0.87,0.048,87.55
16:14:35.043,283.524514,43.4048049,6.0136098,237.841,5,8,0.87,0.057,87.55
16:14:35.151,283.633093,43.4048049,6.0136099,237.832,5,8,0.87,0.087,87.55
16:14:35.254,283.735404,43.4048049,6.0136099,237.832,5,8,0.87,0.054,87.55
16:14:35.347,283.828601,43.4048049,6.0136098,237.831,5,8,0.87,0.057,87.55
16:14:35.449,283.930445,43.404805,6.0136098,237.834,5,8,0.87,0.017,87.55
16:14:35.546,284.027589,43.404805,6.0136098,237.831,5,8,0.87,0.006,87.55
16:14:35.648,284.129525,43.404805,6.0136098,237.826,5,8,0.87,0.056,87.55
16:14:35.748,284.229496,43.404805,6.0136099,237.815,5,8,0.87,0.043,87.55
16:14:35.843,284.324587,43.404805,6.01361,237.788,5,8,0.87,0.031,87.55
16:14:35.945,284.426456,43.404805,6.01361,237.754,5,8,0.87,0.067,87.55
16:14:36.043,284.524448,43.404805,6.01361,237.754,5,7,1.0,0.091,87.55
16:14:36.153,284.634591,43.404805,6.0136101,237.755,5,7,1.0,0.035,87.55
16:14:36.243,284.724524,43.404805,6.0136101,237.741,5,7,1.0,0.033,87.55
16:14:36.353,284.834558,43.404805,6.0136102,237.724,5,7,1.0,0.089,87.55
16:14:36.447,284.928667,43.404805,6.0136102,237.71,5,7,1.0,0.106,87.55
16:14:36.546,285.027551,43.404805,6.0136103,237.698,5,7,1.0,0.069,87.55
16:14:36.642,285.123913,43.404805,6.0136103,237.693,5,7,1.0,0.028,87.55
16:14:36.752,285.233603,43.404805,6.0136103,237.693,5,7,1.0,0.046,87.55
16:14:36.848,285.329507,43.404805,6.0136103,237.698,5,7,1.0,0.063,87.55
16:14:36.946,285.427488,43.404805,6.0136103,237.694,5,7,1.0,0.08,87.55
16:14:37.046,285.527576,43.4048051,6.0136104,237.68,5,7,1.0,0.115,87.55
16:14:37.147,285.628646,43.4048051,6.0136104,237.679,5,7,1.0,0.143,87.55
16:14:37.249,285.730525,43.4048051,6.0136104,237.681,5,7,1.0,0.189,87.55
16:14:37.348,285.829519,43.4048051,6.0136103,237.685,5,7,1.0,0.2,87.55
16:14:37.441,285.922678,43.4048051,6.0136103,237.699,5,7,1.0,0.213,87.55
16:14:37.551,286.032561,43.4048051,6.0136103,237.725,5,7,1.0,0.224,87.55
16:14:37.642,286.123625,43.4048051,6.0136102,237.754,5,7,1.0,0.215,87.55
16:14:37.742,286.223757,43.4048051,6.0136102,237.788,5,7,1.0,0.141,87.55
16:14:37.840,286.321605,43.4048051,6.0136101,237.823,5,7,1.0,0.048,87.55
16:14:37.950,286.431603,43.4048051,6.0136101,237.855,5,7,1.0,0.094,87.55
16:14:38.050,286.531454,43.4048051,6.01361,237.878,5,7,1.0,0.219,87.55
16:14:38.158,286.63971,43.4048051,6.01361,237.9,5,7,1.0,0.27,87.55
16:14:38.243,286.724729,43.4048051,6.0136099,237.923,5,6,1.52,0.233,87.55
16:14:38.358,286.839553,43.4048051,6.0136098,237.949,5,6,1.52,0.209,87.55
16:14:38.449,286.930728,43.4048051,6.0136097,237.975,5,6,1.52,0.169,87.55
16:14:38.547,287.028689,43.4048051,6.0136097,238.015,5,6,1.52,0.074,87.55
16:14:38.643,287.125018,43.4048051,6.0136096,238.034,5,7,1.0,0.085,87.55
16:14:38.752,287.234076,43.4048052,6.0136096,238.04,5,7,1.0,0.211,87.55
16:14:38.848,287.329664,43.4048052,6.0136096,238.047,5,7,1.0,0.272,87.55
16:14:38.948,287.429533,43.4048052,6.0136095,238.077,5,7,1.0,0.252,87.55
16:14:39.042,287.524047,43.4048053,6.0136095,238.088,5,7,1.0,0.189,87.55
16:14:39.152,287.633606,43.4048053,6.0136096,238.106,5,7,1.0,0.137,87.55
16:14:39.249,287.730555,43.4048053,6.0136096,238.095,5,6,1.52,0.072,87.55
16:14:39.345,287.826671,43.4048053,6.0136097,238.089,5,6,1.52,0.052,87.55
16:14:39.443,287.92479,43.4048054,6.0136098,238.061,5,5,2.0,0.052,87.55
16:14:39.544,288.025707,43.4048054,6.0136099,238.027,5,5,2.0,0.067,87.55
16:14:39.641,288.122722,43.4048053,6.0136099,238.03,5,4,2.31,0.1,87.55
16:14:39.739,288.220565,43.4048053,6.0136099,238.039,5,4,2.31,0.307,87.55
16:14:39.839,288.320554,43.4048053,6.01361,238.048,5,4,2.31,0.459,87.55
16:14:39.943,288.424652,43.4048053,6.01361,238.02,5,5,2.0,0.637,87.55
16:14:40.039,288.520654,43.4048052,6.0136097,238.079,5,9,0.98,0.587,87.55
16:14:40.142,288.623855,43.4048049,6.0136096,238.139,5,5,1.94,0.457,87.55
16:14:40.241,288.722811,43.4048045,6.0136091,238.189,5,5,1.94,0.093,87.55
16:14:40.341,288.822582,43.4048041,6.0136087,238.268,5,5,1.94,0.422,87.55
16:14:40.443,288.924731,43.4048038,6.0136084,238.351,5,5,1.94,0.669,87.55
16:14:40.543,289.024755,43.4048035,6.0136083,238.417,5,5,1.94,0.183,87.55
16:14:40.641,289.122698,43.4048033,6.0136082,238.493,5,5,1.94,0.163,87.55
16:14:40.741,289.222669,43.4048032,6.0136081,238.555,5,5,1.94,0.307,87.55
16:14:40.840,289.321767,43.4048029,6.013608,238.651,5,5,1.94,0.504,87.55
16:14:40.941,289.422579,43.4048028,6.0136078,238.734,5,5,1.94,0.341,87.55
16:14:41.041,289.52264,43.4048026,6.0136076,238.813,5,5,1.94,0.256,87.55
16:14:41.148,289.629909,43.4048024,6.0136074,238.867,5,5,1.94,0.209,87.55
16:14:41.242,289.723756,43.4048023,6.0136072,238.924,5,5,1.94,0.096,87.55
16:14:41.342,289.823891,43.4048022,6.0136071,238.978,5,5,1.94,0.056,87.55
16:14:41.441,289.9226,43.4048021,6.0136069,239.03,5,5,1.94,0.05,87.55
16:14:41.541,290.02267,43.4048021,6.0136068,239.061,5,5,1.94,0.1,87.55
16:14:41.646,290.12778,43.4048021,6.0136066,239.087,5,5,1.94,0.133,87.55
16:14:41.746,290.227628,43.404802,6.0136065,239.113,5,5,1.94,0.174,87.55
16:14:41.843,290.324612,43.4048021,6.0136063,239.127,5,5,1.94,0.104,87.55
16:14:41.945,290.426618,43.4048021,6.0136062,239.131,5,5,1.94,0.054,87.55
16:14:42.048,290.529712,43.4048022,6.013606,239.131,5,5,1.94,0.022,87.55
16:14:42.158,290.639757,43.4048022,6.0136059,239.132,5,5,1.94,0.102,87.55
16:14:42.244,290.725448,43.4048022,6.0136059,239.127,5,6,1.45,0.207,87.55
16:14:42.346,290.827623,43.4048022,6.0136057,239.137,5,5,1.94,0.217,87.55
16:14:42.448,290.929612,43.4048022,6.0136056,239.161,5,5,1.94,0.072,87.55
16:14:42.548,291.029808,43.4048022,6.0136055,239.182,5,6,1.88,0.2,87.55
16:14:42.644,291.125717,43.4048021,6.0136055,239.222,5,6,1.88,0.126,87.55
16:14:42.745,291.226741,43.4048021,6.0136055,239.253,5,6,1.88,0.1,87.55
16:14:42.845,291.326633,43.4048021,6.0136055,239.306,5,6,1.88,0.011,87.55
16:14:42.949,291.430614,43.404802,6.0136055,239.338,5,6,1.88,0.115,87.55
16:14:43.046,291.527726,43.404802,6.0136054,239.385,5,6,1.88,0.081,87.55
16:14:43.156,291.637772,43.4048019,6.0136054,239.435,5,6,1.88,0.065,87.55
16:14:43.249,291.730678,43.4048019,6.0136054,239.494,5,6,1.88,0.017,87.55
16:14:43.364,291.845832,43.4048018,6.0136054,239.552,5,6,1.88,0.011,87.55
16:14:43.456,291.93769,43.4048018,6.0136054,239.607,5,6,1.88,0.07,87.55
16:14:43.546,292.027928,43.4048018,6.0136054,239.649,5,6,1.88,0.07,87.55
16:14:43.649,292.1308,43.4048018,6.0136054,239.699,5,6,1.88,0.061,87.55
16:14:43.748,292.229683,43.4048018,6.0136054,239.727,5,6,1.88,0.1,87.55
16:14:43.843,292.325329,43.4048019,6.0136054,239.762,5,6,1.88,0.087,87.55
16:14:43.946,292.427664,43.4048019,6.0136054,239.8,5,6,1.88,0.043,87.55
16:14:44.049,292.530672,43.4048019,6.0136054,239.832,5,6,1.88,0.037,87.55
16:14:44.158,292.639807,43.4048019,6.0136054,239.857,5,6,1.88,0.031,87.55
16:14:44.244,292.72544,43.4048019,6.0136054,239.879,5,6,1.88,0.035,87.55
16:14:44.346,292.827684,43.4048019,6.0136054,239.91,5,6,1.88,0.048,87.55
16:14:44.449,292.930729,43.4048019,6.0136053,239.936,5,6,1.88,0.096,87.55
16:14:44.547,293.028843,43.4048019,6.0136053,239.96,5,6,1.88,0.104,87.55
16:14:44.642,293.123907,43.4048019,6.0136053,239.984,5,6,1.88,0.074,87.55
16:14:44.741,293.222701,43.4048019,6.0136052,240.002,5,6,1.88,0.041,87.55
16:14:44.845,293.326695,43.4048019,6.0136052,240.02,5,6,1.88,0.109,87.55
16:14:44.944,293.42568,43.4048019,6.0136052,240.046,5,6,1.88,0.078,87.55
16:14:45.043,293.524679,43.4048019,6.0136052,240.066,5,6,1.88,0.006,87.55
16:14:45.152,293.633901,43.4048019,6.0136052,240.076,5,6,1.88,0.048,87.55
16:14:45.244,293.725765,43.4048019,6.0136052,240.084,5,6,1.88,0.119,87.55
16:14:45.348,293.829788,43.4048019,6.0136052,240.093,5,6,1.88,0.044,87.55
16:14:45.443,293.924874,43.404802,6.0136053,240.096,5,6,1.88,0.041,87.55
16:14:45.546,294.027856,43.404802,6.0136053,240.104,5,6,1.88,0.122,87.55
16:14:45.649,294.130823,43.404802,6.0136053,240.109,5,6,1.88,0.102,87.55
16:14:45.748,294.229771,43.404802,6.0136053,240.118,5,6,1.88,0.08,87.55
16:14:45.843,294.325131,43.404802,6.0136054,240.132,5,6,1.88,0.067,87.55
16:14:45.945,294.426719,43.404802,6.0136054,240.135,5,6,1.88,0.067,87.55
16:14:46.049,294.530708,43.404802,6.0136055,240.142,5,6,1.88,0.059,87.55
16:14:46.148,294.629837,43.4048019,6.0136055,240.163,5,6,1.88,0.1,87.55
16:14:46.242,294.723681,43.4048019,6.0136055,240.188,5,6,1.88,0.024,87.55
16:14:46.343,294.824725,43.4048019,6.0136056,240.207,5,6,1.88,0.076,87.55
16:14:46.444,294.925804,43.4048018,6.0136056,240.235,5,6,1.88,0.157,87.55
16:14:46.548,295.029858,43.4048018,6.0136056,240.251,5,6,1.88,0.126,87.55
16:14:46.642,295.123873,43.4048018,6.0136056,240.265,5,6,1.88,0.037,87.55
16:14:46.742,295.223786,43.4048018,6.0136057,240.274,5,6,1.88,0.035,87.55
16:14:46.845,295.326737,43.4048017,6.0136057,240.277,5,6,1.88,0.18,87.55
16:14:46.944,295.425739,43.4048017,6.0136058,240.279,5,6,1.88,0.211,87.55
16:14:47.047,295.528717,43.4048017,6.0136058,240.272,5,6,1.88,0.198,87.55
16:14:47.154,295.636015,43.4048017,6.0136059,240.279,5,6,1.88,0.141,87.55
16:14:47.250,295.731749,43.4048017,6.0136059,240.274,5,6,1.88,0.024,87.55
16:14:47.348,295.829834,43.4048017,6.0136059,240.263,5,6,1.88,0.052,87.55
16:14:47.444,295.925522,43.4048018,6.013606,240.253,5,6,1.88,0.087,87.55
16:14:47.546,296.027741,43.4048018,6.013606,240.245,5,6,1.88,0.113,87.55
16:14:47.649,296.130966,43.4048018,6.0136061,240.222,5,6,1.88,0.089,87.55
16:14:47.748,296.229847,43.4048019,6.0136062,240.198,5,6,1.88,0.083,87.55
16:14:47.842,296.323778,43.4048019,6.0136062,240.179,5,6,1.88,0.07,87.55
16:14:47.942,296.423759,43.4048019,6.0136063,240.179,5,6,1.88,0.061,87.55
16:14:48.049,296.531041,43.404802,6.0136064,240.145,5,6,1.87,0.13,87.55
16:14:48.158,296.639919,43.4048021,6.0136065,240.121,5,6,1.87,0.219,87.55
16:14:48.245,296.726739,43.4048022,6.0136066,240.076,5,6,1.87,0.294,87.55
16:14:48.344,296.825873,43.4048022,6.0136066,240.07,5,6,1.95,0.232,87.55
16:14:48.448,296.929782,43.4048022,6.0136066,240.072,5,6,1.95,0.174,87.55
16:14:48.547,297.02876,43.4048022,6.0136066,240.124,5,6,1.95,0.139,87.55
16:14:48.642,297.123973,43.4048021,6.0136065,240.149,5,5,2.04,0.124,87.55
16:14:48.741,297.223137,43.4048021,6.0136064,240.213,5,5,1.96,0.107,87.55
16:14:48.843,297.324877,43.4048021,6.0136063,240.249,5,5,2.04,0.274,87.55
16:14:48.941,297.422883,43.4048021,6.0136063,240.272,5,5,2.04,0.467,87.55
16:14:49.044,297.525501,43.4048021,6.0136064,240.26,5,6,1.93,0.435,87.55
16:14:49.149,297.630925,43.4048022,6.0136064,240.231,5,5,3.1,0.367,87.55
16:14:49.248,297.729793,43.4048022,6.0136065,240.2,5,5,3.1,0.272,87.55
16:14:49.347,297.828801,43.4048023,6.0136066,240.169,5,6,1.93,0.213,87.55
16:14:49.440,297.921793,43.4048023,6.0136066,240.139,5,5,3.1,0.274,87.55
16:14:49.539,298.020781,43.4048024,6.0136066,240.114,5,5,3.1,0.426,87.55
16:14:49.643,298.125146,43.4048025,6.0136067,240.08,5,5,3.1,0.52,87.55
16:14:49.747,298.228971,43.4048026,6.0136068,240.021,5,5,3.1,0.417,87.55
16:14:49.840,298.32195,43.4048027,6.0136068,239.975,5,5,3.1,0.259,87.55
16:14:49.941,298.422818,43.4048028,6.0136069,239.926,5,5,3.1,0.044,87.55
16:14:50.049,298.530849,43.4048029,6.013607,239.872,5,6,1.93,0.117,87.55
16:14:50.158,298.639956,43.4048029,6.0136071,239.815,5,6,1.93,0.17,87.55
16:14:50.245,298.726783,43.404803,6.0136071,239.763,5,6,1.93,0.141,87.55
16:14:50.345,298.826912,43.4048031,6.0136072,239.705,5,6,1.93,0.076,87.55
16:14:50.446,298.927825,43.4048032,6.0136072,239.651,5,5,3.1,0.106,87.55
16:14:50.546,299.027955,43.4048033,6.0136073,239.595,5,5,3.1,0.083,87.55
16:14:50.644,299.125999,43.4048034,6.0136074,239.542,5,5,3.1,0.039,87.55
16:14:50.739,299.22089,43.4048035,6.0136074,239.496,5,5,3.1,0.052,87.55
16:14:50.847,299.329022,43.4048036,6.0136074,239.453,5,5,3.1,0.094,87.55
16:14:50.946,299.427849,43.4048037,6.0136075,239.402,5,5,3.1,0.12,87.55
16:14:51.044,299.525909,43.4048037,6.0136074,239.382,5,4,4.08,0.102,87.55
16:14:51.153,299.635089,43.4048038,6.0136074,239.35,5,5,3.1,0.022,87.55
16:14:51.246,299.727992,43.4048039,6.0136073,239.342,2,9,1.32,0.052,87.55
16:14:51.346,299.827875,43.4048039,6.0136073,239.333,2,9,1.32,0.102,87.55
16:14:51.442,299.92386,43.4048039,6.0136072,239.328,2,9,1.32,0.169,87.55
16:14:51.544,300.025858,43.404804,6.0136072,239.325,2,9,1.32,0.248,87.55
16:14:51.647,300.129088,43.404804,6.0136071,239.324,2,9,1.32,0.309,87.55
16:14:51.746,300.227997,43.404804,6.013607,239.324,2,9,1.32,0.25,87.55
16:14:51.844,300.325891,43.404804,6.0136069,239.325,2,9,1.32,0.143,87.55
16:14:51.943,300.424863,43.404804,6.0136069,239.326,2,9,1.32,0.059,87.55
16:14:52.047,300.528862,43.4048041,6.0136069,239.321,5,4,4.08,0.022,87.55
16:14:52.148,300.630143,43.4048041,6.0136068,239.316,5,5,3.81,0.057,87.55
16:14:52.246,300.727858,43.4048041,6.0136068,239.318,5,5,3.81,0.069,87.55
16:14:52.346,300.827867,43.4048041,6.0136068,239.314,5,6,1.76,0.113,87.55
16:14:52.444,300.925867,43.4048041,6.0136068,239.314,5,5,2.2,0.196,87.55
16:14:52.543,301.024947,43.4048041,6.0136068,239.307,5,5,2.2,0.237,87.55
16:14:52.642,301.124144,43.4048041,6.0136068,239.303,5,6,1.76,0.109,87.55
16:14:52.742,301.224117,43.4048041,6.0136068,239.295,5,6,1.76,0.017,87.55
16:14:52.849,301.331081,43.4048041,6.0136068,239.288,5,6,1.76,0.159,87.55
16:14:52.947,301.428903,43.4048041,6.0136068,239.278,5,6,1.76,0.194,87.55
16:14:53.046,301.528152,43.4048041,6.0136068,239.271,5,6,1.76,0.144,87.55
16:14:53.182,301.664221,43.4048041,6.0136068,239.256,5,6,1.76,0.024,87.55
16:14:53.248,301.730221,43.4048041,6.0136068,239.242,5,6,1.76,0.139,87.55
16:14:53.357,301.839149,43.4048042,6.0136068,239.224,5,6,1.76,0.167,87.55
16:14:53.452,301.933881,43.4048042,6.0136068,239.2,5,5,3.82,0.241,87.55
16:14:53.541,302.023004,43.4048042,6.0136069,239.164,5,5,3.82,0.378,87.55
16:14:53.643,302.125137,43.4048043,6.013607,239.116,5,5,3.82,0.376,87.55
16:14:53.742,302.223982,43.4048043,6.013607,239.078,5,5,3.82,0.333,87.55
16:14:53.842,302.324046,43.4048043,6.0136071,239.043,5,6,1.85,0.189,87.55
16:14:53.942,302.423937,43.4048044,6.0136071,239.008,5,6,1.85,0.019,87.55
16:14:54.044,302.525917,43.4048044,6.0136072,238.966,5,5,2.84,0.144,87.55
16:14:54.153,302.635111,43.4048044,6.0136073,238.909,5,5,2.84,0.265,87.55
16:14:54.241,302.722907,43.4048045,6.0136074,238.858,5,4,7.86,0.257,87.55
16:14:54.341,302.822929,43.4048045,6.0136074,238.816,5,4,7.86,0.15,87.55
16:14:54.443,302.924972,43.4048045,6.0136075,238.767,5,5,2.84,0.152,87.55
16:14:54.542,303.024052,43.4048045,6.0136075,238.721,5,5,2.84,0.213,87.55
16:14:54.637,303.119073,43.4048045,6.0136075,238.724,2,6,2.14,0.126,87.55
16:14:54.738,303.219985,43.4048045,6.0136075,238.725,2,6,2.14,0.05,87.55
16:14:54.839,303.321089,43.4048045,6.0136074,238.727,2,6,2.16,0.202,87.55
16:14:54.939,303.420962,43.4048046,6.0136074,238.726,2,7,1.52,0.319,87.55
16:14:55.038,303.52002,43.4048046,6.0136074,238.725,2,7,1.52,0.517,87.55
16:14:55.148,303.629439,43.4048046,6.0136073,238.723,2,7,1.52,0.474,87.55
16:14:55.241,303.722942,43.4048048,6.0136067,238.675,5,8,1.42,0.298,87.55
16:14:55.342,303.823918,43.4048049,6.0136062,238.66,5,5,2.22,0.113,87.55
16:14:55.444,303.925946,43.404805,6.0136056,238.613,5,5,2.22,0.146,87.55
16:14:55.536,304.01804,43.4048053,6.0136052,238.579,2,6,1.67,0.226,87.55
16:14:55.639,304.121026,43.4048054,6.0136047,238.595,2,6,1.93,0.476,87.55
16:14:55.737,304.218426,43.4048055,6.0136043,238.607,2,6,1.93,0.509,87.55
16:14:55.837,304.319297,43.4048058,6.0136041,238.541,2,7,1.63,0.624,87.55
16:14:55.938,304.420116,43.4048062,6.0136039,238.417,2,7,1.45,0.102,87.55
16:14:56.040,304.521978,43.4048065,6.0136037,238.26,5,4,6.76,0.354,87.55
16:14:56.153,304.635205,43.4048068,6.0136036,238.145,5,5,2.34,0.469,87.55
16:14:56.239,304.720924,43.4048072,6.0136036,238.026,5,5,2.34,0.476,87.55
16:14:56.340,304.821984,43.4048077,6.0136035,237.915,5,5,2.34,0.376,87.55
16:14:56.441,304.923062,43.4048079,6.0136033,237.788,5,5,2.34,0.237,87.55
16:14:56.542,305.024054,43.4048082,6.0136032,237.676,5,5,2.34,0.337,87.55
16:14:56.639,305.121125,43.4048085,6.0136031,237.603,5,5,2.34,0.517,87.55
16:14:56.738,305.220177,43.4048086,6.013603,237.572,2,8,1.59,0.369,87.55
16:14:56.842,305.324045,43.4048089,6.0136028,237.536,2,7,1.54,0.119,87.55
16:14:56.936,305.418177,43.4048091,6.0136026,237.501,2,7,1.54,0.519,87.55
16:14:57.039,305.520993,43.4048094,6.0136024,237.476,2,7,1.54,0.72,87.55
16:14:57.139,305.621237,43.4048095,6.0136022,237.45,2,7,1.54,0.432,87.55
16:14:57.241,305.722977,43.4048096,6.0136021,237.438,2,7,1.54,0.226,87.55
16:14:57.342,305.824045,43.4048098,6.0136019,237.427,2,7,1.54,0.124,87.55
16:14:57.438,305.920006,43.4048099,6.0136017,237.462,2,7,1.79,0.267,87.55
16:14:57.539,306.021004,43.40481,6.0136014,237.496,2,7,1.79,0.311,87.55
16:14:57.641,306.12335,43.4048102,6.0136012,237.537,2,7,1.79,0.307,87.55
16:14:57.740,306.222052,43.4048102,6.013601,237.579,2,7,1.79,0.28,87.55
16:14:57.839,306.321064,43.4048104,6.0136008,237.623,2,7,1.79,0.243,87.55
16:14:57.943,306.425035,43.4048104,6.0136002,237.724,5,4,3.93,0.263,87.55
16:14:58.048,306.530054,43.4048104,6.0135995,237.79,5,5,19.1,0.226,87.55
16:14:58.146,306.628204,43.4048103,6.0135991,237.84,5,5,19.1,0.457,87.55
16:14:58.243,306.725083,43.4048102,6.0135986,237.89,5,5,19.09,0.674,87.55
16:14:58.342,306.824028,43.4048102,6.0135981,237.937,5,5,19.09,0.809,87.55
16:14:58.445,306.927026,43.4048102,6.0135976,237.99,5,5,19.09,0.835,87.55
16:14:58.544,307.026169,43.4048102,6.0135971,238.046,5,5,19.09,0.624,87.55
16:14:58.642,307.124087,43.4048101,6.0135966,238.081,5,5,19.09,0.583,87.55
16:14:58.759,307.241172,43.404811,6.013596,238.117,5,6,19.08,0.757,83.5
16:14:58.843,307.325175,43.4048117,6.0135955,238.106,5,7,2.14,0.172,72.96
16:14:58.945,307.427087,43.4048124,6.0135953,238.1,5,8,1.68,0.582,73.13
16:14:59.042,307.524145,43.4048127,6.0135951,238.049,5,8,1.68,0.92,66.46
16:14:59.158,307.640181,43.4048134,6.0135947,238.064,5,8,1.64,0.187,77.53
16:14:59.258,307.740017,43.4048138,6.0135944,238.03,5,8,1.64,0.648,76.24
16:14:59.352,307.834205,43.4048138,6.0135941,238.023,5,8,1.64,0.672,76.87
16:14:59.453,307.935057,43.4048139,6.0135939,237.981,5,8,1.64,0.393,73.88
16:14:59.550,308.032052,43.4048143,6.0135936,237.942,5,8,1.64,0.867,70.03
16:14:59.653,308.135188,43.4048147,6.0135933,237.91,5,8,1.64,0.4,62.78
16:14:59.746,308.228147,43.4048147,6.0135931,237.92,5,6,2.21,0.1,62.1
16:14:59.843,308.32537,43.4048147,6.0135928,237.921,5,6,2.21,0.391,64.49
16:14:59.951,308.433122,43.4048155,6.0135925,237.923,5,8,1.64,0.837,62.36
16:15:00.054,308.536086,43.4048162,6.013592,237.941,5,8,1.64,0.583,47.44
16:15:00.165,308.647206,43.4048171,6.0135916,237.972,5,8,1.68,0.972,40.66
16:15:00.253,308.735026,43.4048175,6.0135913,238.006,5,8,1.68,0.511,33.26
16:15:00.352,308.834072,43.4048181,6.013591,238.041,5,8,1.68,0.244,33.33
16:15:00.454,308.93608,43.4048186,6.0135907,238.062,5,8,1.68,0.306,32.64
16:15:00.554,309.036063,43.4048191,6.0135906,238.101,5,7,1.77,0.241,31.91
16:15:00.654,309.136138,43.4048194,6.0135906,238.114,5,7,1.77,0.057,33.25
16:15:00.753,309.235183,43.4048196,6.0135907,238.085,5,7,1.77,0.078,33.25
16:15:00.859,309.341367,43.4048198,6.0135907,238.067,5,7,1.77,0.07,33.25
16:15:00.958,309.44018,43.40482,6.0135908,238.038,5,7,1.77,0.063,33.25
16:15:01.056,309.538178,43.4048203,6.013591,238.005,5,7,1.77,0.074,33.25
16:15:01.167,309.649315,43.4048207,6.013591,237.998,5,7,1.77,0.091,33.25
16:15:01.262,309.744061,43.404821,6.0135907,238.031,5,8,1.68,0.024,33.25
16:15:01.359,309.841118,43.4048211,6.0135906,238.038,5,8,1.68,0.057,33.25
16:15:01.442,309.924089,43.404821,6.0135905,238.06,5,6,2.31,0.078,33.25
16:15:01.544,310.026126,43.404821,6.0135904,238.074,5,6,2.31,0.096,33.25
16:15:01.647,310.1285,43.404821,6.0135903,238.087,5,6,2.31,0.096,33.25
16:15:01.745,310.227313,43.4048209,6.0135902,238.107,5,6,2.31,0.094,33.25
16:15:01.842,310.324153,43.4048208,6.0135901,238.155,5,6,2.31,0.076,33.25
16:15:01.943,310.425282,43.4048207,6.01359,238.185,5,6,2.31,0.069,33.25
16:15:02.061,310.543157,43.4048211,6.0135899,238.158,5,7,1.75,0.5,33.25
16:15:02.159,310.641335,43.4048212,6.0135898,238.154,5,7,1.63,0.493,33.25
16:15:02.241,310.723077,43.4048211,6.0135898,238.177,5,5,2.34,0.367,33.25
16:15:02.343,310.82512,43.4048211,6.0135897,238.197,5,6,2.31,0.27,33.25
16:15:02.463,310.94512,43.4048214,6.0135897,238.172,5,7,1.85,0.341,33.25
16:15:02.545,311.027374,43.4048213,6.0135896,238.199,5,6,2.31,0.293,33.25
16:15:02.643,311.125319,43.4048212,6.0135895,238.227,5,6,2.31,0.267,33.25
16:15:02.744,311.225511,43.4048212,6.0135894,238.253,5,6,2.31,0.252,33.25
16:15:02.845,311.32736,43.4048211,6.0135894,238.284,5,6,2.31,0.239,33.25
16:15:02.948,311.429453,43.4048211,6.0135893,238.31,5,6,2.21,0.237,33.25
16:15:03.064,311.546382,43.4048216,6.0135893,238.273,5,7,1.93,0.42,33.25
16:15:03.192,311.674371,43.404822,6.0135893,238.259,5,6,1.97,0.394,33.25
16:15:03.262,311.744245,43.4048223,6.0135892,238.264,5,6,1.75,0.402,33.25
16:15:03.360,311.84216,43.4048225,6.0135892,238.254,5,7,1.93,0.389,33.25
16:15:03.467,311.949161,43.4048229,6.0135892,238.239,5,7,1.69,0.37,33.25
16:15:03.555,312.037141,43.4048231,6.0135893,238.229,5,7,1.69,0.32,33.25
16:15:03.656,312.138199,43.4048234,6.0135893,238.234,5,7,1.69,0.33,33.25
16:15:03.750,312.232141,43.4048236,6.0135893,238.239,5,6,2.05,0.389,33.25
16:15:03.846,312.328303,43.4048238,6.0135894,238.226,5,6,2.16,0.437,33.25
16:15:03.942,312.424212,43.4048241,6.0135895,238.204,5,5,,0.483,33.25
16:15:04.056,312.538257,43.4048244,6.0135895,238.198,5,4,1.16,0.511,33.25
16:15:04.151,312.633336,43.4048246,6.0135896,238.187,5,4,,0.519,33.25
16:15:04.239,312.721271,43.4048246,6.0135896,238.186,5,5,2.24,0.515,33.25
16:15:04.338,312.820149,43.4048246,6.0135896,238.183,2,7,1.23,0.506,33.25
16:15:04.439,312.921296,43.4048246,6.0135896,238.179,2,7,1.23,0.496,33.25
16:15:04.538,313.020244,43.4048246,6.0135896,238.176,2,7,1.23,0.48,33.25
16:15:04.640,313.122287,43.4048246,6.0135896,238.172,5,5,2.24,0.467,33.25
16:15:04.740,313.222167,43.4048246,6.0135896,238.169,5,5,2.24,0.189,33.25
16:15:04.843,313.325353,43.4048246,6.0135896,238.168,5,5,2.24,0.311,33.25
16:15:04.938,313.419993,43.4048246,6.0135896,238.164,5,5,2.24,0.426,33.25
16:15:05.038,313.520282,43.4048246,6.0135896,238.16,2,7,1.23,0.387,33.25
16:15:05.132,313.614357,43.4048246,6.0135896,238.156,2,7,1.23,0.482,33.25
16:15:05.244,313.726183,43.4048245,6.0135896,238.161,5,6,2.24,0.363,33.25
16:15:05.344,313.82617,43.4048245,6.0135896,238.162,5,6,2.24,0.243,33.25
16:15:05.441,313.923171,43.4048245,6.0135896,238.158,5,6,2.24,0.141,33.25
16:15:05.546,314.028183,43.4048244,6.0135895,238.161,5,7,1.9,0.152,33.25
16:15:05.647,314.1293,43.4048243,6.0135895,238.16,5,7,1.9,0.263,33.25
16:15:05.747,314.229234,43.4048242,6.0135895,238.16,5,7,1.9,0.35,33.25
16:15:05.844,314.326369,43.4048241,6.0135895,238.167,5,7,1.9,0.374,33.25
16:15:05.945,314.427263,43.404824,6.0135895,238.167,5,7,1.9,0.474,33.51
16:15:06.044,314.526291,43.4048238,6.0135895,238.15,5,7,1.9,0.515,33.5
16:15:06.145,314.626425,43.4048237,6.0135896,238.131,5,7,1.9,0.378,33.53
16:15:06.240,314.722232,43.4048237,6.0135896,238.135,5,5,3.25,0.394,33.7
16:15:06.339,314.821346,43.4048238,6.0135896,238.139,5,5,3.25,0.376,33.88
16:15:06.442,314.924205,43.4048238,6.0135895,238.135,5,5,3.25,0.393,33.97
16:15:06.544,315.026221,43.4048238,6.0135894,238.128,5,6,3.25,0.374,33.96
16:15:06.646,315.128372,43.404824,6.0135894,238.163,5,7,1.9,0.259,33.96
16:15:06.746,315.228212,43.404824,6.0135894,238.169,5,7,1.9,0.059,33.96
16:15:06.845,315.326419,43.404824,6.0135893,238.166,5,6,3.25,0.42,33.96
16:15:06.946,315.428266,43.4048241,6.0135893,238.161,5,5,2.68,0.622,34.07
16:15:07.046,315.528234,43.4048242,6.0135893,238.151,5,5,2.68,0.611,34.23
16:15:07.156,315.637558,43.4048243,6.0135893,238.141,5,5,2.68,0.276,34.34
16:15:07.243,315.725229,43.4048243,6.0135892,238.127,5,5,3.35,0.196,34.41
16:15:07.348,315.830251,43.4048243,6.0135892,238.15,5,5,1.99,0.078,34.51
16:15:07.444,315.926332,43.4048243,6.0135891,238.171,5,5,1.99,0.065,34.58
16:15:07.548,316.030227,43.4048243,6.0135891,238.19,5,6,2.83,0.18,34.58
16:15:07.653,316.135302,43.4048245,6.0135889,238.239,5,7,1.64,0.152,34.58
16:15:07.752,316.234323,43.4048246,6.0135888,238.279,5,7,1.64,0.13,34.58
16:15:07.850,316.332368,43.4048246,6.0135888,238.31,5,7,1.64,0.065,34.58
16:15:07.949,316.431325,43.4048247,6.0135887,238.341,5,7,1.64,0.039,34.58
16:15:08.052,316.534308,43.4048247,6.0135886,238.368,5,6,2.83,0.022,34.58
16:15:08.160,316.641496,43.4048247,6.0135885,238.395,5,6,2.83,0.07,34.58
16:15:08.253,316.735154,43.4048247,6.0135885,238.423,5,7,1.64,0.13,34.58
16:15:08.348,316.82939,43.4048247,6.0135885,238.421,5,7,1.64,0.224,34.58
16:15:08.450,316.932238,43.4048248,6.0135885,238.414,5,6,1.64,0.159,34.58
16:15:08.548,317.030329,43.4048248,6.0135885,238.4,5,6,1.64,0.096,34.58
16:15:08.644,317.126325,43.4048249,6.0135885,238.397,5,5,2.83,0.05,34.58
16:15:08.743,317.225306,43.4048249,6.0135885,238.392,5,5,2.83,0.072,34.58
16:15:08.836,317.317367,43.404825,6.0135885,238.39,5,5,2.83,0.107,34.58
16:15:08.950,317.432336,43.4048251,6.0135885,238.375,5,6,1.64,0.069,34.58
16:15:09.047,317.529321,43.4048252,6.0135885,238.358,5,6,1.64,0.187,34.58
16:15:09.149,317.630476,43.4048252,6.0135885,238.342,5,6,1.64,0.244,34.58
16:15:09.239,317.721302,43.4048253,6.0135885,238.329,5,5,2.84,0.356,34.58
16:15:09.349,317.830375,43.4048254,6.0135885,238.317,5,5,2.84,0.235,34.58
16:15:09.447,317.929304,43.4048255,6.0135885,238.305,5,5,2.84,0.078,34.58
16:15:09.547,318.029305,43.4048257,6.0135885,238.284,5,6,1.64,0.056,34.58
16:15:09.641,318.12336,43.4048258,6.0135885,238.253,5,6,1.64,0.133,34.58
16:15:09.749,318.231295,43.404826,6.0135885,238.227,5,7,1.64,0.213,34.58
16:15:09.848,318.330285,43.404826,6.0135885,238.213,5,7,1.7,0.332,34.58
16:15:09.948,318.430341,43.404826,6.0135885,238.2,5,7,1.7,0.241,34.58
16:15:10.041,318.523369,43.404826,6.0135886,238.187,5,7,1.7,0.156,34.58
16:15:10.151,318.632482,43.404826,6.0135886,238.176,5,7,1.7,0.056,34.58
16:15:10.243,318.725329,43.404826,6.0135886,238.169,5,6,3.23,0.117,34.58
16:15:10.344,318.826314,43.404826,6.0135886,238.162,5,6,3.23,0.204,34.58
16:15:10.435,318.917349,43.404826,6.0135889,238.074,5,9,0.98,0.257,34.58
16:15:10.545,319.027363,43.404826,6.0135892,237.99,5,6,3.24,0.18,34.58
16:15:10.646,319.128362,43.4048275,6.0135895,237.786,5,5,1.55,0.126,34.58
16:15:10.747,319.228404,43.4048285,6.0135898,237.625,5,6,2.84,0.152,34.58
16:15:10.840,319.322312,43.4048292,6.0135901,237.498,5,6,2.84,0.089,34.58
16:15:10.939,319.420439,43.4048297,6.0135903,237.38,5,6,2.84,0.048,34.58
16:15:11.049,319.530537,43.4048299,6.0135906,237.197,5,6,2.84,0.106,34.58
16:15:11.150,319.631504,43.4048301,6.0135909,237.033,5,7,1.64,0.167,34.58
16:15:11.242,319.723449,43.4048304,6.0135911,236.876,5,7,1.64,0.174,34.58
16:15:11.351,319.832526,43.4048307,6.0135914,236.703,5,7,1.64,0.183,34.58
16:15:11.448,319.929466,43.404831,6.0135917,236.552,5,7,1.64,0.156,34.58
16:15:11.549,320.031318,43.4048313,6.0135919,236.43,5,7,1.64,0.152,34.58
16:15:11.642,320.123455,43.4048317,6.013592,236.318,5,7,1.64,0.165,34.58
16:15:11.751,320.232448,43.4048322,6.0135922,236.2,5,7,1.64,0.13,34.58
16:15:11.847,320.328425,43.4048325,6.0135923,236.149,5,5,2.84,0.02,34.58
16:15:11.945,320.427373,43.4048329,6.0135923,236.088,5,5,2.84,0.115,34.58
16:15:12.040,320.522381,43.4048332,6.0135924,236.036,5,5,2.84,0.081,34.58
16:15:12.150,320.631527,43.4048335,6.0135924,235.991,5,5,2.84,0.013,34.58
16:15:12.247,320.728462,43.4048338,6.0135925,235.93,5,5,2.84,0.085,34.58
16:15:12.348,320.829391,43.404834,6.0135926,235.866,5,5,2.84,0.063,34.58
16:15:12.440,320.921455,43.4048342,6.0135927,235.787,5,5,2.85,0.096,34.58
16:15:12.550,321.032336,43.4048343,6.0135928,235.705,5,6,1.64,0.126,34.58
16:15:12.648,321.129492,43.4048345,6.0135929,235.628,5,7,1.58,0.076,34.58
16:15:12.749,321.231355,43.4048347,6.013593,235.545,5,7,1.58,0.015,34.58
16:15:12.840,321.322345,43.404835,6.0135931,235.483,5,6,2.27,0.078,34.58
16:15:12.950,321.431486,43.4048353,6.0135932,235.401,5,5,2.85,0.328,34.58
16:15:13.048,321.529519,43.4048354,6.0135934,235.315,5,5,2.85,0.398,34.58
16:15:13.177,321.658503,43.4048354,6.0135936,235.223,5,5,2.85,0.328,34.58
16:15:13.240,321.722325,43.4048353,6.0135937,235.147,5,5,2.85,0.232,34.58
16:15:13.360,321.841595,43.4048353,6.0135939,235.053,5,5,2.85,0.219,34.58
16:15:13.457,321.93838,43.4048351,6.013594,235.037,5,5,3.25,0.048,34.58
16:15:13.544,322.025673,43.4048349,6.0135941,235.027,5,5,3.25,0.206,34.58
16:15:13.638,322.119523,43.4048346,6.0135941,235.026,5,5,3.25,0.257,34.58
16:15:13.747,322.22878,43.4048344,6.0135942,235.022,5,5,3.25,0.037,34.58
16:15:13.845,322.326543,43.4048342,6.0135942,235.016,5,5,3.25,0.059,34.58
16:15:13.945,322.426617,43.4048339,6.0135943,235.018,5,5,3.25,0.15,34.58
16:15:14.038,322.519654,43.4048338,6.0135943,235.014,5,5,3.25,0.152,34.58
16:15:14.157,322.638617,43.4048336,6.0135943,235.036,5,5,3.25,0.156,34.58
16:15:14.248,322.729466,43.4048332,6.0135945,234.962,5,5,2.85,0.244,34.58
16:15:14.348,322.829445,43.4048328,6.0135947,234.933,5,5,2.85,0.326,34.58
16:15:14.441,322.922474,43.4048323,6.0135948,234.87,5,5,2.85,0.15,34.58
16:15:14.551,323.03254,43.4048318,6.013595,234.818,5,6,1.64,0.094,34.58
16:15:14.667,323.148473,43.404832,6.0135956,234.76,5,7,1.64,0.03,34.58
16:15:14.757,323.238557,43.4048321,6.0135961,234.699,5,8,1.47,0.041,34.58
16:15:14.852,323.333452,43.4048321,6.0135964,234.71,5,7,1.51,0.02,34.58
16:15:14.960,323.441624,43.4048321,6.0135967,234.721,5,7,1.51,0.022,34.58
16:15:15.059,323.540519,43.4048321,6.0135969,234.729,5,7,1.51,0.048,34.58
16:15:15.158,323.639677,43.4048322,6.0135972,234.723,5,7,1.51,0.074,34.58
16:15:15.245,323.726395,43.4048324,6.0135973,234.773,5,6,1.75,0.104,34.58
16:15:15.353,323.834667,43.4048327,6.0135973,234.848,5,6,1.75,0.139,34.58
16:15:15.458,323.939432,43.404833,6.0135974,234.937,5,6,1.75,0.163,34.58
16:15:15.559,324.040412,43.4048333,6.0135974,235.067,5,6,1.75,0.161,34.58
16:15:15.650,324.131549,43.4048336,6.0135974,235.229,5,6,1.75,0.137,34.58
16:15:15.759,324.240508,43.4048337,6.0135975,235.288,5,5,1.17,0.122,34.58
16:15:15.857,324.338747,43.4048338,6.0135976,235.333,5,5,1.25,0.098,34.58
16:15:15.960,324.441521,43.4048336,6.0135976,235.427,5,6,1.93,0.083,34.58
16:15:16.053,324.534461,43.4048335,6.0135976,235.513,5,5,0.92,0.08,34.58
16:15:16.163,324.644615,43.4048334,6.0135977,235.599,5,8,1.39,0.069,34.58
16:15:16.262,324.743486,43.4048334,6.0135977,235.677,5,8,1.39,0.063,34.58
16:15:16.367,324.848448,43.4048334,6.013598,235.714,5,8,1.39,0.059,34.58
16:15:16.450,324.931432,43.4048333,6.013598,235.692,5,6,1.73,0.061,34.58
16:15:16.549,325.030438,43.4048332,6.013598,235.677,5,6,1.73,0.061,34.58
16:15:16.646,325.127514,43.404833,6.013598,235.672,5,6,1.92,0.061,34.58
16:15:16.747,325.228461,43.4048329,6.013598,235.66,5,6,1.92,0.061,34.58
16:15:16.838,325.319453,43.4048328,6.0135979,235.627,5,6,2.13,0.057,34.58
16:15:16.947,325.428611,43.4048327,6.0135979,235.587,5,6,2.13,0.1,34.58
16:15:17.045,325.526771,43.4048327,6.0135979,235.534,5,6,2.13,0.1,34.59
16:15:17.143,325.624608,43.4048328,6.0135979,235.479,5,6,2.13,0.106,34.6
16:15:17.237,325.718395,43.4048329,6.013598,235.421,5,6,2.13,0.494,34.61
16:15:17.343,325.824724,43.404833,6.0135981,235.345,5,6,2.13,0.519,34.61
16:15:17.444,325.925546,43.404833,6.0135983,235.262,5,6,2.13,0.482,34.61
16:15:17.544,326.0255,43.4048331,6.0135985,235.18,5,6,2.13,0.356,34.62
16:15:17.637,326.118422,43.4048331,6.0135988,235.086,5,6,2.13,0.333,34.62
16:15:17.753,326.234449,43.4048331,6.0135989,235.039,5,7,2.04,0.522,34.62
16:15:17.849,326.330491,43.4048331,6.013599,235.0,5,7,2.04,0.628,34.63
16:15:17.946,326.427679,43.4048333,6.013599,235.0,5,6,2.59,0.389,34.63
16:15:18.038,326.51963,43.4048335,6.013599,234.985,5,6,2.59,0.226,34.64
16:15:18.159,326.640663,43.4048335,6.013599,234.977,5,6,2.59,0.183,34.64
16:15:18.246,326.727571,43.4048333,6.013599,234.942,5,6,2.13,0.37,34.64
16:15:18.347,326.828585,43.4048332,6.0135988,234.911,5,6,1.81,0.419,34.64
16:15:18.443,326.924465,43.4048331,6.0135988,234.905,5,6,1.85,0.106,34.64
16:15:18.550,327.031701,43.404833,6.0135989,234.875,5,6,2.16,0.228,34.64
16:15:18.655,327.136547,43.4048331,6.013599,234.828,5,7,2.13,0.578,34.64
16:15:18.743,327.224463,43.4048332,6.0135992,234.779,5,7,2.13,0.624,34.77
16:15:18.841,327.322542,43.4048334,6.0135995,234.757,5,7,1.85,0.509,22.93
16:15:18.951,327.432542,43.4048336,6.0135997,234.715,5,7,1.81,0.591,14.52
16:15:19.048,327.529542,43.4048337,6.0135999,234.722,5,6,2.19,1.785,26.96
16:15:19.149,327.630678,43.404834,6.0136004,234.688,5,5,,0.476,35.1
16:15:19.239,327.720477,43.4048342,6.0136006,234.656,5,4,,0.743,34.64
16:15:19.348,327.829619,43.4048337,6.0136006,234.623,5,6,3.93,0.044,41.56
16:15:19.443,327.924494,43.4048338,6.0136009,234.597,5,6,7.28,0.296,43.44
16:15:19.553,328.034482,43.4048336,6.0136009,234.609,5,4,1.05,0.185,42.93
16:15:19.648,328.129679,43.4048334,6.013601,234.611,2,19,0.57,0.13,43.51
16:15:19.758,328.239533,43.4048333,6.0136011,234.609,2,19,0.57,0.22,43.53
16:15:19.860,328.341532,43.4048332,6.0136013,234.623,2,19,0.57,0.156,43.53
16:15:19.959,328.440583,43.4048331,6.0136014,234.619,5,5,0.78,0.17,43.53
16:15:20.051,328.532566,43.404833,6.0136015,234.611,5,5,0.8,0.167,43.53
16:15:20.160,328.64171,43.4048329,6.0136017,234.604,5,5,0.8,0.146,43.53
16:15:20.256,328.737624,43.4048328,6.0136017,234.605,2,18,0.6,0.128,43.53
16:15:20.351,328.832518,43.4048326,6.0136018,234.61,2,18,0.59,0.113,43.53
16:15:20.462,328.943521,43.4048325,6.0136019,234.622,2,18,0.57,0.096,43.53
16:15:20.560,329.041535,43.4048323,6.013602,234.63,2,17,0.61,0.094,43.53
16:15:20.658,329.139582,43.4048322,6.0136021,234.637,5,5,0.93,0.109,43.53
16:15:20.759,329.240504,43.4048322,6.0136021,234.69,5,6,8.49,0.137,43.53
16:15:20.854,329.335499,43.4048321,6.0136023,234.656,5,5,0.86,0.146,43.53
16:15:20.963,329.444594,43.4048321,6.0136025,234.621,5,4,0.86,0.144,43.53
16:15:21.060,329.541623,43.4048321,6.0136028,234.588,5,4,0.86,0.144,43.53
16:15:21.162,329.643864,43.404832,6.013603,234.556,5,4,0.86,0.139,43.53
16:15:21.254,329.735495,43.404832,6.0136032,234.527,2,18,0.59,0.135,43.53
16:15:21.360,329.841622,43.404832,6.0136034,234.496,2,17,0.64,0.131,43.53
16:15:21.460,329.941583,43.4048319,6.0136036,234.466,2,17,0.64,0.128,43.53
16:15:21.553,330.034532,43.4048319,6.0136037,234.44,2,17,0.59,0.128,43.53
16:15:21.658,330.139624,43.4048317,6.0136039,234.45,2,19,0.53,0.124,43.53
16:15:21.765,330.246532,43.4048316,6.013604,234.439,5,19,0.53,0.122,43.53
16:15:21.864,330.34556,43.4048316,6.0136041,234.435,5,5,0.78,0.117,43.53
16:15:21.961,330.442563,43.4048315,6.0136042,234.444,5,5,0.91,0.115,43.53
16:15:22.055,330.536626,43.4048313,6.0136043,234.457,5,18,0.57,0.109,43.53
16:15:22.165,330.646737,43.4048312,6.0136044,234.467,5,6,2.53,0.1,43.53
16:15:22.263,330.744497,43.404831,6.0136046,234.464,5,8,1.53,0.096,43.53
16:15:22.357,330.838564,43.4048309,6.0136047,234.464,5,8,1.53,0.089,43.53
16:15:22.456,330.937557,43.4048307,6.0136048,234.456,5,8,1.53,0.087,43.53
16:15:22.562,331.043618,43.4048305,6.013605,234.45,5,8,1.53,0.087,43.53
16:15:22.667,331.148624,43.4048304,6.0136051,234.454,5,8,1.53,0.085,43.53
16:15:22.759,331.240544,43.4048303,6.0136052,234.462,5,8,1.53,0.083,43.53
16:15:22.860,331.341758,43.4048301,6.0136053,234.47,5,8,1.53,0.085,43.53
16:15:22.966,331.447573,43.4048299,6.0136053,234.48,5,8,1.53,0.087,43.53
16:15:23.066,331.547714,43.4048298,6.0136054,234.488,5,8,1.53,0.089,43.53
16:15:23.169,331.650779,43.4048297,6.0136055,234.494,5,8,1.53,0.089,43.53
16:15:23.260,331.741607,43.4048296,6.0136055,234.505,5,8,1.53,0.091,43.53
16:15:23.372,331.853651,43.4048295,6.0136056,234.5,5,8,1.53,0.091,43.53
16:15:23.475,331.956676,43.4048293,6.0136057,234.498,5,8,1.53,0.089,43.53
16:15:23.560,332.041667,43.4048292,6.0136058,234.495,5,10,1.13,0.085,43.53
16:15:23.657,332.138739,43.4048291,6.0136058,234.485,5,10,1.13,0.085,43.53
16:15:23.767,332.248571,43.4048291,6.0136059,234.479,5,10,1.13,0.091,43.53
16:15:23.867,332.348594,43.404829,6.013606,234.472,5,10,1.13,0.094,43.53
16:15:23.960,332.441672,43.4048289,6.0136061,234.462,5,10,1.13,0.096,43.53
16:15:24.060,332.54181,43.4048288,6.0136062,234.455,5,10,1.13,0.1,43.53
16:15:24.169,332.650771,43.4048287,6.0136063,234.446,5,10,1.13,0.102,43.53
16:15:24.258,332.739568,43.4048286,6.0136063,234.448,5,9,1.4,0.102,43.53
16:15:24.359,332.840593,43.4048284,6.0136064,234.449,5,10,1.03,0.1,43.53
16:15:24.456,332.937671,43.4048283,6.0136064,234.452,5,10,1.03,0.098,43.53
16:15:24.564,333.045718,43.4048282,6.0136064,234.457,5,10,1.03,0.096,43.53
16:15:24.665,333.146704,43.404828,6.0136064,234.469,5,9,1.17,0.094,43.53
16:15:24.771,333.252716,43.404828,6.0136064,234.48,5,10,0.99,0.094,43.53
16:15:24.858,333.339575,43.4048279,6.0136065,234.487,5,10,0.99,0.093,43.53
16:15:24.970,333.451678,43.4048278,6.0136065,234.496,5,10,0.99,0.093,43.53
16:15:25.061,333.542878,43.4048278,6.0136066,234.5,5,10,0.99,0.091,43.53
16:15:25.177,333.658838,43.4048277,6.0136067,234.486,5,10,0.99,0.089,43.53
16:15:25.256,333.737568,43.4048277,6.0136068,234.472,5,10,0.99,0.089,43.53
16:15:25.365,333.846675,43.4048276,6.0136069,234.46,5,10,0.95,0.091,43.53
16:15:25.463,333.944618,43.4048276,6.013607,234.447,5,10,0.95,0.091,43.53
16:15:25.558,334.039643,43.4048276,6.0136072,234.437,5,10,0.95,0.091,43.53
16:15:25.653,334.134676,43.4048271,6.0136083,234.308,5,19,0.58,0.091,43.53
16:15:25.762,334.243638,43.4048267,6.0136092,234.225,5,9,1.18,0.089,43.53
16:15:25.850,334.33161,43.4048259,6.0136095,234.23,5,8,1.66,0.089,43.53
16:15:25.956,334.437922,43.4048252,6.0136098,234.257,5,8,1.66,0.087,43.53
16:15:26.060,334.541714,43.404824,6.0136099,234.392,5,8,1.13,0.087,43.53
16:15:26.168,334.649922,43.4048229,6.01361,234.509,5,10,0.97,0.089,43.53
16:15:26.268,334.74966,43.4048222,6.0136101,234.609,5,10,0.98,0.089,43.53
16:15:26.366,334.84765,43.404822,6.0136104,234.607,5,11,0.9,0.089,43.53
16:15:26.463,334.944625,43.4048219,6.0136109,234.599,5,11,0.9,0.089,43.53
16:15:26.573,335.054874,43.4048218,6.0136113,234.596,5,11,0.9,0.087,43.53
16:15:26.673,335.154698,43.4048218,6.0136117,234.582,5,11,0.9,0.085,43.53
16:15:26.763,335.244649,43.4048218,6.0136121,234.604,5,11,0.9,0.083,43.53
16:15:26.862,335.34372,43.4048217,6.0136126,234.623,5,11,0.9,0.08,43.53
16:15:26.963,335.444641,43.4048217,6.0136129,234.647,5,11,0.9,0.078,43.53
16:15:27.062,335.543931,43.4048217,6.0136132,234.678,5,10,0.94,0.076,43.53
16:15:27.183,335.664873,43.4048215,6.0136134,234.81,5,10,0.94,0.074,43.53
16:15:27.263,335.744738,43.4048213,6.0136135,234.933,5,10,0.94,0.072,43.53
16:15:27.361,335.842671,43.4048211,6.0136136,235.046,5,10,0.94,0.07,43.53
16:15:27.459,335.940667,43.4048211,6.0136135,235.117,5,10,0.94,0.069,43.53
16:15:27.557,336.03864,43.4048212,6.0136136,235.084,5,9,1.17,0.067,43.53
16:15:27.657,336.138725,43.4048213,6.0136137,235.059,5,9,1.17,0.065,43.53
16:15:27.765,336.246775,43.4048214,6.0136138,235.04,5,9,1.17,0.065,43.53
16:15:27.859,336.340656,43.4048214,6.0136139,235.025,5,10,1.06,0.063,43.53
16:15:27.960,336.441655,43.4048215,6.0136141,234.993,5,10,1.06,0.063,43.53
16:15:28.060,336.54177,43.4048216,6.0136143,234.959,5,10,1.06,0.061,43.53
16:15:28.159,336.640868,43.4048217,6.0136144,234.924,5,10,1.06,0.059,43.53
16:15:28.261,336.742652,43.4048218,6.0136147,234.9,5,10,1.06,0.059,43.53
16:15:28.367,336.848766,43.4048217,6.0136149,234.956,5,11,0.95,0.057,43.53
16:15:28.465,336.946753,43.4048216,6.0136151,235.013,5,11,0.95,0.056,43.53
16:15:28.574,337.055673,43.4048215,6.0136153,235.06,5,11,0.95,0.054,43.53
16:15:28.664,337.145744,43.4048213,6.0136154,235.095,5,9,1.13,0.052,43.53
16:15:28.767,337.248688,43.4048212,6.0136156,235.142,5,9,1.13,0.05,43.53
16:15:28.864,337.345686,43.4048211,6.0136157,235.173,5,9,1.13,0.048,43.53
16:15:28.960,337.441684,43.404821,6.0136157,235.215,5,9,1.13,0.046,43.53
16:15:29.059,337.540764,43.4048209,6.0136157,235.249,5,9,1.13,0.046,43.53
16:15:29.170,337.651837,43.4048208,6.0136158,235.282,5,9,1.13,0.046,43.53
16:15:29.260,337.741791,43.4048207,6.0136158,235.308,5,9,1.13,0.044,43.53
16:15:29.369,337.850861,43.4048207,6.0136158,235.349,5,9,1.13,0.044,43.53
16:15:29.459,337.940721,43.4048206,6.0136159,235.385,5,9,1.13,0.043,43.53
16:15:29.561,338.042689,43.4048206,6.0136159,235.43,5,9,1.13,0.043,43.53
16:15:29.662,338.143777,43.4048206,6.013616,235.462,5,9,1.13,0.041,43.53
16:15:29.770,338.251736,43.4048205,6.0136161,235.499,5,9,1.13,0.039,43.53
16:15:29.863,338.344813,43.4048205,6.0136162,235.53,5,9,1.13,0.039,43.53
16:15:29.967,338.44865,43.4048205,6.0136163,235.575,5,9,1.13,0.035,43.53
16:15:30.064,338.545692,43.4048204,6.0136163,235.617,5,9,1.13,0.035,43.53
16:15:30.171,338.652991,43.4048205,6.0136165,235.592,5,9,1.13,0.035,43.53
16:15:30.247,338.728811,43.4048205,6.0136164,235.527,5,9,1.34,0.035,43.53
16:15:30.355,338.836739,43.4048204,6.0136163,235.47,5,9,1.34,0.033,43.53
16:15:30.448,338.92971,43.4048204,6.0136162,235.419,5,9,1.34,0.033,43.53
16:15:30.546,339.027784,43.4048203,6.0136161,235.364,5,9,1.34,0.033,43.53
16:15:30.660,339.141774,43.4048204,6.0136162,235.337,5,9,1.13,0.031,43.53
16:15:30.760,339.241855,43.4048204,6.0136164,235.309,5,9,1.13,0.031,43.53
16:15:30.861,339.342764,43.4048205,6.0136166,235.284,5,9,1.13,0.031,43.53
16:15:30.971,339.453014,43.4048205,6.0136167,235.263,5,9,1.13,0.03,43.53
16:15:31.063,339.544724,43.4048206,6.0136168,235.235,5,9,1.13,0.028,43.53
16:15:31.169,339.651009,43.4048205,6.0136169,235.255,5,9,1.13,0.028,43.53
16:15:31.264,339.745746,43.4048205,6.013617,235.26,5,8,1.21,0.028,43.53
16:15:31.370,339.851751,43.4048204,6.0136171,235.273,5,9,1.13,0.028,43.53
16:15:31.460,339.941826,43.4048203,6.0136172,235.277,5,8,1.21,0.028,43.53
16:15:31.561,340.042729,43.4048202,6.0136173,235.286,5,9,1.13,0.026,43.53
16:15:31.658,340.139862,43.4048201,6.0136173,235.298,5,9,1.13,0.026,43.53
16:15:31.768,340.249754,43.4048201,6.0136173,235.294,5,8,1.21,0.026,43.53
16:15:31.858,340.339679,43.4048201,6.0136173,235.283,5,8,1.21,0.026,43.53
16:15:31.959,340.440815,43.40482,6.0136173,235.28,5,8,1.21,0.026,43.53
16:15:32.061,340.542832,43.40482,6.0136173,235.28,5,8,1.21,0.026,43.53
16:15:32.172,340.653938,43.40482,6.0136172,235.289,5,11,0.95,0.026,43.53
16:15:32.271,340.75294,43.4048199,6.0136172,235.297,5,11,0.95,0.026,43.53
16:15:32.361,340.842732,43.4048199,6.0136171,235.302,5,11,0.95,0.024,43.53
16:15:32.470,340.951739,43.4048198,6.0136173,235.32,5,11,0.95,0.024,43.53
16:15:32.572,341.054196,43.4048197,6.0136174,235.332,5,11,0.95,0.026,43.53
16:15:32.663,341.144912,43.4048196,6.0136175,235.346,5,11,0.95,0.026,43.53
16:15:32.767,341.248864,43.4048195,6.0136176,235.361,5,12,0.85,0.024,43.53
16:15:32.866,341.347919,43.4048194,6.0136177,235.373,5,12,0.81,0.024,43.53
16:15:32.975,341.456864,43.4048194,6.0136177,235.394,5,12,0.81,0.024,43.53
16:15:33.077,341.558944,43.4048194,6.0136178,235.419,5,12,0.81,0.024,43.53
16:15:33.169,341.651076,43.4048194,6.0136179,235.403,5,12,0.81,0.024,43.53
16:15:33.267,341.748858,43.4048194,6.013618,235.395,5,12,0.81,0.024,43.53
16:15:33.388,341.869795,43.4048194,6.013618,235.379,5,12,0.81,0.024,43.53
16:15:33.486,341.967902,43.4048194,6.0136181,235.37,5,12,0.81,0.024,43.53
16:15:33.556,342.037779,43.4048193,6.013618,235.348,5,11,0.87,0.024,43.53
16:15:33.654,342.135834,43.4048193,6.013618,235.328,5,11,0.87,0.024,43.53
16:15:33.754,342.235876,43.4048192,6.0136179,235.3,5,11,0.87,0.024,43.53
16:15:33.853,342.334868,43.4048192,6.0136179,235.276,5,11,0.87,0.024,43.53
16:15:33.967,342.448851,43.4048192,6.013618,235.26,5,12,0.81,0.022,43.53
16:15:34.065,342.546769,43.4048192,6.0136181,235.234,5,12,0.81,0.022,43.53
16:15:34.166,342.647984,43.4048192,6.0136182,235.211,5,12,0.81,0.022,43.53
16:15:34.263,342.745074,43.4048192,6.0136184,235.185,5,12,0.81,0.022,43.53
16:15:34.366,342.847839,43.4048192,6.0136185,235.163,5,12,0.81,0.022,43.53
16:15:34.468,342.949817,43.4048192,6.0136186,235.146,5,12,0.83,0.022,43.53
16:15:34.566,343.04785,43.4048192,6.0136186,235.132,5,12,0.83,0.022,43.53
16:15:34.667,343.148838,43.4048192,6.0136187,235.115,5,12,0.83,0.022,43.53
16:15:34.769,343.250793,43.4048191,6.0136187,235.137,5,12,0.83,0.022,43.53
16:15:34.867,343.34888,43.404819,6.0136188,235.148,5,12,0.83,0.022,43.53
16:15:34.966,343.44788,43.404819,6.0136188,235.161,5,12,0.83,0.022,43.53
16:15:35.065,343.546794,43.4048189,6.0136188,235.181,5,11,0.89,0.022,43.53
16:15:35.169,343.651156,43.4048188,6.0136187,235.191,5,11,0.89,0.022,43.53
16:15:35.268,343.749987,43.4048188,6.0136186,235.207,5,11,0.89,0.022,43.53
16:15:35.367,343.848959,43.4048187,6.0136185,235.226,5,11,0.89,0.022,43.53
16:15:35.469,343.95088,43.4048187,6.0136184,235.245,5,11,0.89,0.022,43.53
16:15:35.569,344.050818,43.4048187,6.0136183,235.261,5,11,0.89,0.022,43.53
16:15:35.667,344.148941,43.4048186,6.0136182,235.279,5,11,0.89,0.022,43.53
16:15:35.765,344.24682,43.4048186,6.0136182,235.3,5,11,0.89,0.022,43.53
16:15:35.863,344.3449,43.4048186,6.0136182,235.313,5,11,0.84,0.022,43.53
16:15:35.968,344.449806,43.4048185,6.0136182,235.336,5,11,0.84,0.022,43.53
16:15:36.064,344.545897,43.4048185,6.0136182,235.36,5,11,0.84,0.022,43.53
16:15:36.174,344.656074,43.4048185,6.0136182,235.392,5,11,0.84,0.02,43.53
16:15:36.263,344.745027,43.4048185,6.0136182,235.419,5,11,0.84,0.02,43.53
16:15:36.368,344.849793,43.4048184,6.0136182,235.443,5,11,0.84,0.02,43.53
16:15:36.464,344.945907,43.4048184,6.0136181,235.476,5,11,0.84,0.02,43.53
16:15:36.573,345.054817,43.4048184,6.0136181,235.512,5,11,0.84,0.02,43.53
16:15:36.665,345.14687,43.4048183,6.013618,235.555,5,11,0.84,0.02,43.53
16:15:36.768,345.249835,43.4048183,6.013618,235.593,5,11,0.84,0.019,43.53
16:15:36.866,345.347832,43.4048183,6.0136178,235.642,5,10,0.9,0.019,43.53
16:15:36.965,345.446837,43.4048183,6.0136176,235.684,5,10,0.9,0.019,43.53
16:15:37.065,345.546822,43.4048183,6.0136175,235.714,5,10,0.9,0.019,43.53
16:15:37.174,345.656097,43.4048182,6.0136173,235.747,5,10,0.9,0.019,43.53
16:15:37.271,345.75301,43.4048182,6.0136172,235.781,5,10,0.98,0.019,43.53
16:15:37.361,345.843054,43.4048182,6.0136171,235.784,5,10,0.98,0.019,43.53
16:15:37.460,345.941851,43.4048182,6.0136171,235.789,5,10,0.98,0.019,43.53
16:15:37.562,346.043607,43.4048183,6.013617,235.793,5,10,0.98,0.019,43.53
16:15:37.663,346.144976,43.4048183,6.013617,235.784,5,11,0.9,0.019,43.53
16:15:37.772,346.253939,43.4048184,6.0136171,235.77,5,11,0.9,0.019,43.53
16:15:37.861,346.342862,43.4048185,6.0136171,235.758,5,11,0.9,0.02,43.53
16:15:37.961,346.442849,43.4048185,6.0136173,235.732,5,11,0.9,0.02,43.53
16:15:38.059,346.540838,43.4048185,6.0136173,235.698,5,10,1.07,0.02,43.53
16:15:38.168,346.650134,43.4048186,6.0136173,235.702,5,10,1.07,0.02,43.53
16:15:38.269,346.751119,43.4048186,6.0136173,235.701,5,10,1.07,0.022,43.53
16:15:38.360,346.841957,43.4048186,6.0136173,235.682,5,10,1.07,0.022,43.53
16:15:38.451,346.93294,43.4048186,6.0136173,235.663,5,9,1.11,0.022,43.53
16:15:38.549,347.030963,43.4048187,6.0136173,235.648,5,9,1.11,0.022,43.53
16:15:38.649,347.130915,43.4048187,6.0136172,235.63,5,9,1.11,0.022,43.53
16:15:38.753,347.234872,43.4048187,6.0136172,235.608,5,9,1.11,0.022,43.53
16:15:38.856,347.33796,43.4048187,6.0136172,235.58,5,10,0.88,0.022,43.53
16:15:38.955,347.436862,43.4048187,6.0136171,235.558,5,10,0.88,0.033,43.53
16:15:39.054,347.535878,43.4048188,6.0136171,235.53,5,10,0.88,0.096,43.53
16:15:39.163,347.644477,43.4048188,6.013617,235.528,5,10,0.88,0.087,43.53
16:15:39.257,347.738978,43.4048187,6.013617,235.53,5,10,0.88,0.056,43.53
16:15:39.355,347.837075,43.4048188,6.0136169,235.504,5,10,0.88,0.054,43.53
16:15:39.454,347.935961,43.4048188,6.0136169,235.481,5,10,0.88,0.067,43.53
16:15:39.557,348.03888,43.4048188,6.0136168,235.456,5,10,0.88,0.028,43.53
16:15:39.656,348.137935,43.4048188,6.0136168,235.438,5,10,0.88,0.03,43.53
16:15:39.755,348.236872,43.4048188,6.0136167,235.414,5,10,0.88,0.085,43.53
16:15:39.854,348.336056,43.4048188,6.0136167,235.399,5,10,0.88,0.024,43.53
16:15:39.955,348.436986,43.4048188,6.0136166,235.377,5,10,0.88,0.03,43.53
16:15:40.055,348.536893,43.4048188,6.0136165,235.358,5,10,0.88,0.031,43.53
16:15:40.155,348.637082,43.4048188,6.0136164,235.349,5,10,0.88,0.063,43.53
16:15:40.254,348.735888,43.4048188,6.0136164,235.341,5,10,0.88,0.098,43.53
16:15:40.355,348.836903,43.4048188,6.0136163,235.324,5,10,0.88,0.109,43.53
16:15:40.452,348.933923,43.4048188,6.0136162,235.319,5,9,0.93,0.141,43.53
16:15:40.552,349.033983,43.4048188,6.0136161,235.325,5,9,0.93,0.106,43.53
16:15:40.651,349.133026,43.4048187,6.013616,235.33,5,9,0.93,0.059,43.53
16:15:40.755,349.236899,43.4048186,6.0136158,235.339,5,9,0.93,0.017,43.53
16:15:40.849,349.330947,43.404818,6.0136145,235.39,5,11,0.77,0.028,43.53
16:15:40.953,349.435095,43.4048174,6.0136134,235.461,5,9,0.93,0.044,43.53
16:15:41.052,349.53391,43.4048168,6.0136125,235.504,5,9,0.93,0.05,43.53
16:15:41.161,349.643264,43.4048162,6.0136116,235.547,5,9,0.93,0.041,43.53
16:15:41.254,349.736033,43.4048157,6.0136109,235.588,5,9,0.93,0.076,43.53
16:15:41.353,349.834993,43.4048153,6.0136102,235.627,5,9,0.93,0.046,43.53
16:15:41.453,349.934983,43.4048149,6.0136096,235.658,5,9,0.93,0.081,43.53
16:15:41.554,350.035973,43.4048145,6.0136091,235.696,5,9,0.93,0.065,43.53
16:15:41.654,350.136014,43.4048142,6.0136086,235.741,5,9,0.93,0.059,43.53
16:15:41.755,350.236929,43.4048143,6.0136083,235.752,5,9,0.93,0.044,43.53
16:15:41.854,350.336013,43.4048145,6.0136081,235.757,5,10,0.88,0.013,43.53
16:15:41.958,350.439949,43.4048146,6.0136079,235.766,5,10,0.88,0.026,43.53
16:15:42.056,350.537941,43.4048148,6.0136078,235.778,5,10,0.88,0.043,43.53
16:15:42.165,350.64724,43.4048151,6.0136079,235.662,5,10,0.88,0.069,43.53
16:15:42.253,350.73491,43.4048155,6.013608,235.572,5,10,0.88,0.028,43.53
16:15:42.357,350.839098,43.4048157,6.0136081,235.476,5,10,0.88,0.065,43.53
16:15:42.456,350.938084,43.404816,6.0136083,235.386,5,10,0.88,0.072,43.53
16:15:42.556,351.038093,43.4048163,6.0136084,235.3,5,10,0.88,0.03,43.53
16:15:42.655,351.137007,43.4048165,6.0136086,235.231,5,10,0.88,0.033,43.53
16:15:42.757,351.238941,43.4048168,6.0136087,235.166,5,10,0.88,0.039,43.53
16:15:42.857,351.338931,43.404817,6.0136088,235.106,5,10,0.88,0.057,43.53
16:15:42.956,351.437944,43.4048172,6.013609,235.047,5,10,0.88,0.044,43.53
16:15:43.055,351.537031,43.4048174,6.0136092,234.983,5,10,0.88,0.044,43.53
16:15:43.159,351.641286,43.4048175,6.0136092,235.0,5,10,0.88,0.041,43.53
16:15:43.256,351.737927,43.4048176,6.0136092,235.01,5,10,0.88,0.031,43.53
16:15:43.374,351.856217,43.4048177,6.0136093,235.016,5,10,0.88,0.037,43.53
16:15:43.464,351.94601,43.4048178,6.0136093,235.023,5,10,0.88,0.048,43.53
16:15:43.556,352.038055,43.4048179,6.0136094,235.02,5,10,0.88,0.037,43.53
16:15:43.655,352.137113,43.404818,6.0136094,235.023,5,10,0.88,0.054,43.53
16:15:43.754,352.236048,43.4048181,6.0136094,235.031,5,10,0.88,0.059,43.53
16:15:43.853,352.334972,43.4048181,6.0136094,235.038,5,10,0.88,0.089,43.53
16:15:43.957,352.438964,43.4048182,6.0136094,235.036,5,10,0.88,0.187,43.53
16:15:44.054,352.536043,43.4048183,6.0136094,235.033,5,10,0.88,0.122,43.53
16:15:44.165,352.647206,43.4048183,6.0136093,235.032,5,10,0.88,0.043,43.53
16:15:44.262,352.744203,43.4048183,6.0136093,235.027,5,10,0.88,0.03,43.53
16:15:44.355,352.837112,43.4048185,6.0136094,234.967,5,10,0.88,0.104,43.53
16:15:44.454,352.936048,43.4048185,6.0136094,234.914,5,10,0.88,0.052,43.53
16:15:44.553,353.035027,43.4048186,6.0136094,234.863,5,10,0.88,0.046,43.53
16:15:44.653,353.135148,43.4048186,6.0136095,234.814,5,10,0.88,0.048,43.53
16:15:44.756,353.237988,43.4048187,6.0136095,234.77,5,10,0.88,0.037,43.53
16:15:44.855,353.336973,43.4048187,6.0136095,234.729,5,10,0.88,0.08,43.53
16:15:44.955,353.436975,43.4048188,6.0136095,234.696,5,10,0.88,0.009,43.53
16:15:45.055,353.537095,43.4048189,6.0136096,234.66,5,10,0.88,0.085,43.53
16:15:45.158,353.640159,43.4048189,6.0136094,234.694,5,10,0.88,0.143,43.53
16:15:45.256,353.738064,43.4048189,6.0136094,234.72,5,10,0.88,0.102,43.53
16:15:45.356,353.838261,43.4048189,6.0136093,234.746,5,10,0.88,0.093,43.53
16:15:45.455,353.937066,43.404819,6.0136091,234.779,5,10,0.88,0.039,43.53
16:15:45.558,354.040067,43.404819,6.0136091,234.812,5,10,0.88,0.024,43.53
16:15:45.656,354.138074,43.404819,6.013609,234.839,5,10,0.88,0.117,43.53
16:15:45.756,354.238042,43.404819,6.0136088,234.859,5,10,0.88,0.115,43.53
16:15:45.852,354.334079,43.4048189,6.0136087,234.908,5,9,0.93,0.07,43.53
16:15:45.958,354.440267,43.4048188,6.0136085,234.938,5,9,0.93,0.022,43.53
16:15:46.057,354.539108,43.4048187,6.0136084,234.967,5,9,0.93,0.05,43.53
16:15:46.156,354.638279,43.4048185,6.0136082,234.997,5,9,0.93,0.106,43.53
16:15:46.255,354.736997,43.4048185,6.0136081,235.012,5,9,0.93,0.096,43.53
16:15:46.356,354.83822,43.4048184,6.013608,235.009,5,9,0.93,0.076,43.53
16:15:46.456,354.938155,43.4048183,6.0136079,235.026,5,9,0.93,0.063,43.53
16:15:46.555,355.037169,43.4048182,6.0136078,235.053,5,9,0.93,0.133,43.53
16:15:46.652,355.134159,43.4048181,6.0136077,235.086,5,9,1.01,0.131,43.53
16:15:46.755,355.237101,43.404818,6.0136076,235.119,5,9,1.01,0.078,43.53
16:15:46.853,355.335018,43.4048179,6.0136075,235.151,5,9,1.04,0.083,43.53
16:15:46.951,355.433025,43.4048177,6.0136074,235.186,5,8,1.42,0.061,43.53
16:15:47.046,355.528103,43.4048176,6.0136074,235.212,5,7,2.57,0.004,43.53
16:15:47.161,355.643253,43.4048175,6.0136072,235.248,5,8,1.42,0.122,43.53
16:15:47.255,355.737097,43.4048175,6.0136072,235.272,5,10,0.98,0.135,43.53
16:15:47.353,355.835237,43.4048175,6.013607,235.302,5,10,0.98,0.094,43.53
16:15:47.451,355.933088,43.4048174,6.013607,235.333,5,10,0.98,0.211,43.53
16:15:47.552,356.034158,43.4048174,6.0136068,235.385,5,10,0.98,0.024,43.53
16:15:47.656,356.138161,43.4048174,6.0136068,235.396,5,10,1.0,0.25,43.53
16:15:47.753,356.235044,43.4048174,6.0136068,235.378,5,10,0.98,0.32,43.53
16:15:47.850,356.332115,43.4048174,6.0136066,235.379,5,10,0.98,0.172,43.53
16:15:47.952,356.434034,43.4048175,6.0136066,235.372,5,10,0.98,0.043,43.53
16:15:48.056,356.538234,43.4048175,6.0136065,235.355,5,10,0.96,0.163,43.53
16:15:48.166,356.647416,43.4048176,6.0136064,235.358,5,10,0.96,0.178,43.53
16:15:48.254,356.73602,43.4048177,6.0136063,235.346,5,10,0.88,0.18,43.53
16:15:48.357,356.839134,43.4048177,6.0136063,235.306,5,10,1.09,0.143,43.53
16:15:48.454,356.9361,43.4048178,6.0136063,235.309,5,9,0.99,0.107,43.53
16:15:48.554,357.036075,43.4048179,6.0136063,235.303,5,9,0.99,0.067,43.53
16:15:48.654,357.136109,43.4048179,6.0136063,235.302,5,9,0.99,0.141,43.53
16:15:48.757,357.239104,43.4048179,6.0136063,235.329,5,8,1.04,0.139,43.53
16:15:48.855,357.337031,43.4048178,6.0136063,235.358,5,8,1.04,0.211,43.53
16:15:48.952,357.434037,43.4048178,6.0136063,235.359,5,9,0.98,0.219,43.53
16:15:49.051,357.533041,43.4048177,6.0136062,235.4,5,9,1.09,0.193,43.53
16:15:49.153,357.634437,43.4048177,6.0136061,235.456,5,9,0.98,0.156,43.53
16:15:49.257,357.739114,43.4048176,6.0136061,235.473,5,10,0.94,0.109,43.53
16:15:49.355,357.837058,43.4048176,6.0136061,235.468,5,10,0.94,0.191,43.53
16:15:49.450,357.932156,43.4048176,6.0136061,235.493,5,8,1.08,0.359,43.53
16:15:49.553,358.035114,43.4048177,6.0136061,235.513,5,8,1.08,0.513,43.53
16:15:49.651,358.133261,43.4048177,6.0136061,235.535,5,8,1.08,0.65,43.53
16:15:49.746,358.228271,43.4048177,6.0136062,235.515,5,10,0.94,0.319,43.53
16:15:49.849,358.331069,43.4048177,6.0136063,235.484,5,9,0.97,0.156,43.53
16:15:49.951,358.433094,43.4048178,6.0136064,235.447,5,9,0.97,0.093,43.53
16:15:50.051,358.533071,43.4048178,6.0136065,235.407,5,9,0.97,0.039,43.53
16:15:50.161,358.643284,43.4048178,6.0136065,235.375,5,9,0.97,0.03,43.53
16:15:50.249,358.731033,43.4048178,6.0136066,235.351,5,8,1.06,0.113,43.53
16:15:50.353,358.835074,43.4048177,6.0136066,235.327,5,8,1.06,0.156,43.53
16:15:50.452,358.934281,43.4048177,6.0136066,235.299,5,8,1.06,0.08,43.53
16:15:50.552,359.034149,43.4048177,6.0136067,235.267,5,8,1.06,0.026,43.53
16:15:50.650,359.13214,43.4048177,6.0136068,235.236,5,8,1.06,0.089,43.53
16:15:50.751,359.23326,43.4048177,6.0136068,235.208,5,8,1.19,0.041,43.53
16:15:50.852,359.334074,43.4048177,6.0136069,235.179,5,8,1.16,0.044,43.53
16:15:50.952,359.434083,43.4048176,6.013607,235.15,5,8,1.16,0.093,43.53
16:15:51.051,359.533072,43.4048176,6.0136071,235.124,5,8,1.16,0.15,43.53
16:15:51.154,359.636365,43.4048176,6.0136071,235.1,5,8,1.16,0.141,43.53
16:15:51.253,359.735059,43.4048176,6.0136072,235.078,5,8,1.16,0.135,43.53
16:15:51.351,359.83325,43.4048176,6.0136072,235.084,5,8,1.16,0.106,43.53
16:15:51.451,359.933348,43.4048175,6.0136072,235.093,5,8,1.16,0.054,43.53
16:15:51.556,360.038125,43.4048175,6.0136072,235.099,5,8,1.16,0.031,43.53
16:15:51.651,360.133157,43.4048175,6.0136072,235.107,5,8,1.16,0.037,43.53
16:15:51.747,360.228527,43.4048174,6.0136072,235.114,5,8,1.16,0.03,43.53
16:15:51.848,360.330125,43.4048174,6.0136072,235.126,5,8,1.16,0.061,43.53
16:15:51.950,360.432219,43.4048174,6.0136072,235.109,5,8,1.16,0.111,43.53
16:15:52.051,360.533247,43.4048174,6.0136073,235.09,5,8,1.16,0.096,43.53
16:15:52.150,360.63238,43.4048174,6.0136073,235.071,5,8,1.03,0.093,43.53
16:15:52.250,360.732084,43.4048174,6.0136074,235.055,5,8,1.03,0.006,43.53
16:15:52.352,360.83413,43.4048174,6.0136074,235.038,5,8,1.03,0.044,43.53
16:15:52.452,360.934296,43.4048174,6.0136075,235.021,5,8,1.03,0.057,43.53
16:15:52.550,361.032143,43.4048174,6.0136075,235.006,5,8,1.03,0.074,43.53
16:15:52.650,361.132167,43.4048174,6.0136076,234.991,5,8,1.03,0.069,43.53
16:15:52.754,361.236128,43.4048174,6.0136075,235.0,5,8,1.03,0.094,43.53
16:15:52.852,361.333465,43.4048173,6.0136075,235.01,5,8,1.03,0.113,43.53
16:15:52.953,361.435061,43.4048173,6.0136075,235.02,5,8,1.03,0.102,43.53
16:15:53.050,361.532183,43.4048172,6.0136074,235.025,5,8,1.03,0.069,43.53
16:15:53.172,361.653449,43.4048172,6.0136074,235.02,5,8,1.03,0.094,43.53
16:15:53.253,361.735095,43.4048172,6.0136074,235.012,5,8,1.03,0.189,43.53
16:15:53.370,361.851413,43.4048171,6.0136074,235.004,5,7,1.12,0.204,43.53
16:15:53.450,361.932273,43.4048171,6.0136074,235.004,5,7,1.12,0.191,43.53
16:15:53.551,362.032492,43.4048171,6.0136073,235.014,5,7,1.12,0.144,43.53
16:15:53.648,362.130331,43.404817,6.0136072,235.033,5,7,1.12,0.069,43.53
16:15:53.748,362.23009,43.404817,6.0136071,235.059,5,7,1.12,0.141,43.53
16:15:53.847,362.329237,43.4048169,6.013607,235.071,5,7,1.14,0.2,43.53
16:15:53.944,362.426182,43.4048169,6.013607,235.055,5,7,1.14,0.078,43.53
16:15:54.051,362.533148,43.4048169,6.013607,235.039,5,7,1.14,0.063,43.53
16:15:54.158,362.640349,43.4048169,6.0136071,235.025,5,7,1.33,0.098,43.53
16:15:54.243,362.725228,43.4048169,6.0136071,235.015,5,7,1.33,0.052,43.53
16:15:54.344,362.826252,43.4048169,6.0136071,235.01,5,7,1.33,0.089,43.53
16:15:54.444,362.926223,43.4048169,6.0136071,235.005,5,6,2.28,0.285,43.53
16:15:54.548,363.030205,43.4048169,6.0136071,234.995,5,6,1.32,0.267,43.53
16:15:54.648,363.130235,43.4048169,6.0136071,234.991,5,6,1.32,0.248,43.53
16:15:54.764,363.246171,43.4048169,6.0136071,234.979,5,7,1.21,0.044,43.53
16:15:54.849,363.331214,43.4048169,6.0136071,234.962,5,5,,0.067,43.53
16:15:54.956,363.438132,43.4048169,6.013607,234.976,5,6,2.33,0.144,43.53
16:15:55.047,363.529321,43.4048169,6.013607,234.964,5,6,1.57,0.176,43.53
16:15:55.153,363.634438,43.404817,6.013607,234.957,5,6,1.57,0.139,43.53
16:15:55.261,363.743241,43.404817,6.0136069,234.956,5,7,1.19,0.07,43.53
16:15:55.359,363.841304,43.404817,6.0136069,234.96,5,6,1.41,0.004,43.53
16:15:55.442,363.924236,43.404817,6.0136069,234.964,5,4,,0.035,43.53
16:15:55.549,364.031288,43.404817,6.0136069,234.974,2,18,0.65,0.004,43.53
16:15:55.649,364.131296,43.4048171,6.0136069,234.969,2,17,0.63,0.069,43.53
16:15:55.743,364.225299,43.4048171,6.0136069,234.97,2,17,0.65,0.12,43.53
16:15:55.838,364.320235,43.4048171,6.0136069,234.971,2,17,0.65,0.165,43.53
16:15:55.946,364.428363,43.4048171,6.0136069,234.973,2,16,0.7,0.22,43.53
16:15:56.047,364.529159,43.4048176,6.0136068,234.962,2,16,0.63,1.895,43.6
16:15:56.164,364.645617,43.4048177,6.0136065,234.924,2,17,0.58,1.085,32.03
16:15:56.237,364.719172,43.4048177,6.0136062,234.949,2,16,0.63,1.452,28.44
16:15:56.347,364.829255,43.4048175,6.0136057,235.058,2,16,0.64,1.111,25.96
16:15:56.441,364.923175,43.4048174,6.0136056,235.102,2,15,0.72,1.569,22.65
16:15:56.542,365.024371,43.4048172,6.0136054,235.156,2,16,0.66,1.2,25.76
16:15:56.636,365.118356,43.4048171,6.0136052,235.21,2,16,0.67,0.854,26.84
16:15:56.743,365.225306,43.404817,6.013605,235.268,2,15,0.77,1.476,27.76
16:15:56.845,365.327158,43.4048169,6.0136047,235.314,2,14,0.79,1.454,28.7
16:15:56.939,365.421268,43.4048166,6.0136045,235.359,2,15,0.79,1.404,28.49
16:15:57.034,365.516179,43.4048164,6.0136043,235.393,2,15,0.79,1.672,28.38
16:15:57.155,365.637411,43.4048163,6.0136041,235.434,2,17,0.63,1.613,33.17
16:15:57.245,365.727238,43.4048159,6.0136038,235.482,2,17,0.66,1.843,32.67
16:15:57.343,365.825333,43.4048155,6.0136035,235.526,2,17,0.67,2.021,33.16
16:15:57.438,365.920196,43.4048152,6.0136029,235.559,2,17,0.65,1.141,33.55
16:15:57.548,366.029423,43.404815,6.0136025,235.573,2,15,0.66,1.598,32.28
16:15:57.645,366.127184,43.4048147,6.0136022,235.61,2,15,0.73,1.226,32.64
16:15:57.741,366.223275,43.4048145,6.0136018,235.66,2,15,0.7,0.663,34.22
16:15:57.836,366.318201,43.4048145,6.0136015,235.676,2,14,0.7,1.45,35.01
16:15:57.945,366.427187,43.4048143,6.0136011,235.699,2,14,0.7,0.939,35.01
16:15:58.045,366.527136,43.4048143,6.0136008,235.718,2,14,0.7,1.558,35.01
16:15:58.144,366.625664,43.404814,6.0136005,235.743,2,14,0.7,0.83,34.22
16:15:58.234,366.71629,43.4048139,6.0136002,235.768,2,14,0.73,1.396,33.6
16:15:58.345,366.827334,43.4048137,6.0135999,235.781,2,14,0.71,0.987,34.98
16:15:58.432,366.914198,43.4048135,6.0135996,235.788,2,13,0.74,0.713,35.83
16:15:58.541,367.023389,43.4048134,6.0135995,235.797,2,13,0.76,0.659,36.19
16:15:58.636,367.11742,43.4048133,6.0135994,235.808,2,13,0.82,0.915,37.47
16:15:58.743,367.225259,43.4048132,6.0135992,235.844,2,14,0.82,0.48,39.95
16:15:58.831,367.312559,43.4048131,6.013599,235.876,2,13,0.87,0.922,42.09
16:15:58.942,367.424235,43.4048129,6.0135987,235.905,2,15,0.77,0.38,37.04
16:15:59.033,367.515312,43.4048128,6.0135986,235.929,2,14,0.78,1.648,35.84
16:15:59.144,367.625685,43.4048124,6.0135984,235.963,2,13,0.79,0.52,29.02
16:15:59.233,367.715376,43.4048122,6.0135981,236.015,2,14,0.73,0.983,29.1
16:15:59.343,367.824525,43.4048118,6.013598,236.07,2,14,0.73,1.054,25.4
16:15:59.434,367.916237,43.4048116,6.0135978,236.097,2,14,0.79,0.857,25.98
16:15:59.543,368.024742,43.4048116,6.0135977,236.116,2,14,0.79,0.798,27.08
16:15:59.632,368.113553,43.4048115,6.0135976,236.145,2,14,0.79,0.963,27.42
16:15:59.741,368.223344,43.4048113,6.0135974,236.175,2,14,0.79,1.37,27.44
16:15:59.834,368.31628,43.404811,6.0135972,236.215,2,14,0.78,1.083,27.78
16:15:59.943,368.425353,43.4048108,6.013597,236.256,2,14,0.78,1.056,28.6
16:16:00.033,368.515246,43.4048107,6.0135968,236.291,2,14,0.79,0.963,29.9
16:16:00.142,368.623603,43.4048105,6.0135967,236.326,2,14,0.79,0.75,29.3
16:16:00.238,368.720246,43.4048102,6.0135969,236.338,2,16,0.66,1.611,26.97
16:16:00.347,368.829314,43.4048096,6.0135967,236.419,2,17,0.64,0.428,23.7
16:16:00.436,368.918251,43.4048094,6.0135965,236.487,2,17,0.63,1.28,22.65
16:16:00.545,369.027237,43.4048091,6.0135962,236.591,2,17,0.62,0.676,21.48
16:16:00.638,369.119435,43.404809,6.0135961,236.653,2,17,0.65,0.476,23.66
16:16:00.747,369.229344,43.404809,6.0135961,236.692,2,18,0.66,0.583,20.98
16:16:00.835,369.317297,43.4048092,6.0135964,236.72,2,18,0.66,1.145,17.85
16:16:00.953,369.43445,43.4048094,6.0135963,236.792,2,18,0.61,1.363,22.82
16:16:01.040,369.52139,43.4048096,6.0135963,236.856,2,17,0.63,0.763,21.17
16:16:01.148,369.629614,43.4048098,6.0135963,236.916,2,17,0.65,0.706,23.95
16:16:01.235,369.717322,43.40481,6.0135963,236.965,2,17,0.67,0.394,25.15
16:16:01.352,369.834322,43.40481,6.0135962,237.024,2,18,0.6,1.52,27.08
16:16:01.437,369.919271,43.4048104,6.0135965,237.046,2,17,0.71,0.707,26.24
16:16:01.544,370.026266,43.4048106,6.0135963,237.176,2,17,0.66,1.787,28.6
16:16:01.637,370.118464,43.4048108,6.0135967,237.183,2,17,0.65,0.139,30.78
16:16:01.745,370.226651,43.4048109,6.0135967,237.199,2,17,0.65,1.443,30.61
16:16:01.837,370.319259,43.4048112,6.0135971,237.219,2,17,0.68,0.37,32.06
16:16:01.948,370.429393,43.4048113,6.0135973,237.248,2,17,0.68,1.098,32.58
16:16:02.037,370.51926,43.4048111,6.013597,237.283,2,18,0.62,0.628,29.13
16:16:02.165,370.646492,43.4048112,6.0135967,237.376,2,18,0.6,0.4,26.58
16:16:02.239,370.721272,43.4048112,6.0135968,237.402,2,18,0.65,0.181,25.49
16:16:02.357,370.839296,43.4048113,6.0135967,237.49,2,18,0.62,0.913,26.18
16:16:02.449,370.931282,43.4048111,6.0135965,237.495,2,17,0.63,0.122,22.77
16:16:02.554,371.036328,43.404811,6.0135961,237.598,2,19,0.59,0.77,22.48
16:16:02.647,371.128414,43.4048108,6.0135958,237.679,2,18,0.64,0.052,20.5
16:16:02.753,371.235358,43.4048107,6.0135957,237.762,2,19,0.6,0.085,20.43
16:16:02.836,371.318315,43.4048106,6.0135956,237.838,2,18,0.62,0.317,20.56
16:16:02.949,371.430907,43.4048104,6.0135953,237.905,2,18,0.62,0.024,20.03
16:16:03.040,371.521464,43.4048103,6.0135953,237.926,2,18,0.62,1.056,20.05
16:16:03.163,371.644578,43.40481,6.013595,237.991,2,19,0.6,0.969,18.58
16:16:03.248,371.729423,43.4048095,6.0135948,238.088,5,17,0.67,2.095,16.71
16:16:03.366,371.84741,43.4048086,6.0135945,238.192,5,4,,1.413,13.57
16:16:03.452,371.934292,43.4048081,6.0135944,238.26,5,5,,1.672,11.66
16:16:03.548,372.029411,43.4048076,6.0135944,238.31,5,5,,0.874,12.61
16:16:03.638,372.119534,43.4048071,6.0135943,238.346,5,4,,1.528,12.46
16:16:03.753,372.235359,43.4048064,6.0135942,238.402,5,5,0.89,2.482,6.14
16:16:03.849,372.331339,43.4048057,6.0135945,238.425,5,6,4.93,2.308,354.23
16:16:03.957,372.438405,43.4048049,6.0135945,238.476,5,6,4.93,0.926,352.04
16:16:04.037,372.519266,43.4048047,6.0135946,238.483,2,0,,1.132,352.04
16:16:04.136,372.617734,43.4048044,6.0135946,238.491,2,0,,1.506,352.04
16:16:04.243,372.724432,43.404804,6.0135947,238.508,2,18,0.53,1.415,352.0
16:16:04.338,372.819412,43.4048037,6.0135948,238.519,2,0,,2.254,352.0
16:16:04.447,372.929351,43.404801,6.0135953,238.588,5,4,,4.317,349.95
16:16:04.545,373.027314,43.4048,6.0135958,238.577,5,6,4.93,2.898,345.72
16:16:04.640,373.121706,43.4047993,6.0135961,238.548,5,7,1.93,3.495,343.0
16:16:04.759,373.240432,43.4047984,6.0135963,238.584,5,7,1.93,1.626,346.01
16:16:04.837,373.318408,43.404798,6.0135964,238.596,2,0,,2.23,346.01
16:16:04.937,373.419291,43.4047974,6.0135966,238.612,2,0,,2.667,346.01
16:16:05.044,373.526323,43.4047968,6.0135968,238.639,2,18,0.51,2.552,345.82
16:16:05.140,373.621732,43.4047962,6.013597,238.657,2,0,,2.884,345.82
16:16:05.238,373.720349,43.4047955,6.0135973,238.678,2,0,,2.293,345.82
16:16:05.361,373.84251,43.404795,6.0135974,238.701,2,18,0.51,2.148,346.81
16:16:05.431,373.912402,43.4047945,6.0135976,238.718,2,0,,1.724,346.81
16:16:05.539,374.021368,43.4047941,6.0135977,238.729,2,0,,1.556,346.81
16:16:05.652,374.133701,43.4047939,6.0135982,238.76,2,19,0.5,1.178,347.3
16:16:05.737,374.218457,43.4047937,6.0135984,238.773,2,0,,1.476,347.3
16:16:05.831,374.312457,43.4047934,6.0135988,238.791,2,0,,1.313,347.3
16:16:05.962,374.443632,43.4047928,6.0135991,238.77,2,19,0.5,1.535,347.96
16:16:06.036,374.517406,43.4047917,6.0135957,238.678,5,6,4.93,0.793,350.63
16:16:06.146,374.627695,43.4047915,6.0135955,238.621,5,6,4.88,0.52,350.66
16:16:06.244,374.725527,43.4047913,6.0135956,238.591,5,6,4.88,0.326,350.63
16:16:06.347,374.829363,43.4047911,6.0135956,238.546,5,6,4.88,0.282,350.66
16:16:06.444,374.926349,43.404791,6.0135956,238.485,5,6,4.88,0.511,350.64
16:16:06.546,375.027437,43.4047909,6.0135955,238.401,5,6,4.88,0.654,350.7
16:16:06.639,375.120475,43.4047907,6.0135955,238.391,5,6,5.05,0.574,350.72
16:16:06.748,375.229493,43.4047906,6.0135952,238.372,5,6,5.0,0.585,350.78
16:16:06.834,375.316367,43.4047904,6.0135951,238.342,5,5,,0.257,350.8
16:16:06.942,375.423412,43.4047903,6.0135949,238.309,5,5,,0.115,350.82
16:16:07.036,375.517374,43.4047902,6.013595,238.263,2,6,2.42,0.013,350.82
16:16:07.145,375.626762,43.4047901,6.013595,238.215,2,6,2.42,0.102,350.82
16:16:07.241,375.722447,43.4047898,6.0135949,238.275,2,18,0.61,0.55,351.79
16:16:07.349,375.830486,43.4047897,6.013595,238.275,2,18,0.63,0.55,351.79
16:16:07.453,375.935346,43.404789,6.0135947,238.362,5,4,0.87,0.609,351.73
16:16:07.561,376.042477,43.4047885,6.013595,238.42,5,6,27.02,0.696,352.24
16:16:07.648,376.12943,43.404788,6.0135949,238.501,2,19,0.55,0.574,352.09
16:16:07.756,376.237585,43.4047876,6.0135951,238.503,5,5,1.08,0.396,353.63
16:16:07.847,376.328491,43.4047873,6.0135954,238.544,2,18,0.59,0.42,351.72
16:16:07.956,376.438346,43.4047869,6.0135954,238.604,5,4,1.08,0.119,351.39
16:16:08.046,376.528357,43.4047867,6.0135955,238.608,5,5,1.26,0.083,351.34
16:16:08.166,376.647642,43.4047865,6.0135957,238.62,2,16,0.68,0.107,351.34
16:16:08.256,376.737429,43.4047862,6.0135954,238.681,5,5,0.98,0.081,351.34
16:16:08.357,376.838412,43.404786,6.0135951,238.736,5,4,1.51,0.109,351.34
16:16:08.450,376.931379,43.4047858,6.0135953,238.781,2,17,0.59,0.139,351.34
16:16:08.562,377.043466,43.4047855,6.0135952,238.849,2,17,0.56,0.232,351.34
16:16:08.645,377.126405,43.4047853,6.0135952,238.881,2,16,0.61,0.335,351.34
16:16:08.743,377.224462,43.4047852,6.0135952,238.883,2,16,0.62,0.435,351.34
16:16:08.850,377.331419,43.4047851,6.0135951,238.919,2,16,0.59,0.511,351.34
16:16:08.960,377.441443,43.4047849,6.0135951,238.944,2,18,0.58,0.541,351.34
16:16:09.044,377.525418,43.4047847,6.0135951,238.957,2,17,0.62,0.548,351.34
16:16:09.153,377.634656,43.4047845,6.0135951,238.964,2,16,0.66,0.541,351.34
16:16:09.252,377.73339,43.4047843,6.0135952,239.041,2,17,0.53,0.535,351.32
16:16:09.349,377.830379,43.404784,6.0135952,239.048,2,16,0.62,0.872,354.62
16:16:09.441,377.922457,43.4047841,6.0135952,239.035,2,17,0.62,1.228,352.57
16:16:09.550,378.03146,43.4047838,6.0135953,239.029,2,15,0.66,0.27,355.09
16:16:09.639,378.120445,43.4047836,6.0135952,239.048,5,16,0.71,1.295,355.33
16:16:09.757,378.239363,43.4047831,6.0135951,239.045,5,5,0.86,0.511,0.94
16:16:09.848,378.329487,43.4047828,6.0135951,239.039,2,17,0.62,0.817,2.29
16:16:09.956,378.437488,43.4047826,6.0135949,239.042,2,17,0.61,0.056,7.16
16:16:10.046,378.527373,43.4047825,6.0135948,239.029,2,17,0.63,0.3,7.56
16:16:10.158,378.639458,43.4047823,6.0135948,239.018,2,17,0.61,0.939,8.33
16:16:10.248,378.729485,43.404782,6.0135947,239.028,2,17,0.62,0.748,9.87
16:16:10.362,378.843577,43.4047816,6.0135946,239.028,2,17,0.52,1.671,11.36
16:16:10.439,378.920426,43.4047813,6.0135944,239.028,2,16,0.67,0.12,14.47
16:16:10.561,379.042456,43.4047811,6.0135944,239.026,2,19,0.54,1.632,13.54
16:16:10.648,379.129576,43.4047807,6.0135943,239.024,2,17,0.66,0.154,11.68
16:16:10.757,379.238595,43.4047805,6.0135944,239.009,2,17,0.6,0.882,10.89
16:16:10.839,379.32045,43.4047803,6.0135943,239.019,2,16,0.68,0.154,11.82
16:16:10.957,379.439399,43.4047801,6.0135942,239.013,2,17,0.59,1.356,13.03
16:16:11.041,379.522441,43.4047798,6.0135941,239.005,2,16,0.66,0.248,14.95
16:16:11.156,379.637741,43.4047796,6.0135941,239.004,2,17,0.61,1.508,14.13
16:16:11.237,379.718472,43.404779,6.0135943,238.952,2,14,0.77,1.167,10.25
16:16:11.361,379.842644,43.4047782,6.0135943,239.052,2,18,0.56,0.552,16.54
16:16:11.447,379.928478,43.4047778,6.0135946,239.166,2,18,0.6,0.996,19.39
16:16:11.548,380.029436,43.4047773,6.0135946,239.25,2,16,0.66,0.243,24.64
16:16:11.638,380.119582,43.4047771,6.0135949,239.322,2,15,0.7,0.78,23.61
16:16:11.758,380.2395,43.4047768,6.0135951,239.385,2,18,0.58,0.507,26.36
16:16:11.848,380.329565,43.4047765,6.0135954,239.427,2,17,0.61,1.011,27.35
16:16:11.941,380.422423,43.4047761,6.0135957,239.462,2,16,0.67,0.782,27.5
16:16:12.042,380.523976,43.4047757,6.013596,239.51,2,16,0.66,0.924,25.48
16:16:12.148,380.629808,43.4047754,6.0135962,239.576,2,16,0.67,0.896,23.7
16:16:12.240,380.721525,43.4047751,6.0135964,239.627,2,15,0.77,1.13,20.59
16:16:12.337,380.818422,43.4047748,6.0135965,239.673,2,14,0.85,1.204,17.25
16:16:12.436,380.917467,43.4047744,6.0135967,239.718,2,14,0.85,0.98,14.15
16:16:12.545,381.026422,43.4047742,6.0135969,239.757,2,14,0.85,0.917,13.07
16:16:12.638,381.119577,43.4047739,6.0135972,239.796,2,13,0.87,0.852,11.01
16:16:12.747,381.228538,43.4047738,6.0135973,239.83,2,13,0.87,0.409,12.02
16:16:12.835,381.316474,43.4047737,6.0135974,239.87,2,13,0.91,0.126,12.4
16:16:12.945,381.426598,43.4047737,6.0135975,239.893,2,15,0.78,0.724,12.32
16:16:13.039,381.520433,43.4047735,6.0135977,239.931,2,14,0.79,0.32,9.76
16:16:13.164,381.645707,43.4047734,6.0135979,239.955,2,15,0.74,0.689,9.26
16:16:13.236,381.717425,43.4047732,6.013598,239.97,2,14,0.75,0.517,8.08
16:16:13.345,381.826781,43.4047731,6.0135981,239.984,2,14,0.75,0.67,7.58
16:16:13.455,381.936466,43.404773,6.0135983,239.979,2,13,0.77,0.72,5.95
16:16:13.540,382.021702,43.4047727,6.013599,239.924,2,13,0.75,0.574,3.12
16:16:13.637,382.118679,43.4047725,6.0135998,239.858,2,12,0.82,0.639,0.61
16:16:13.746,382.227684,43.4047722,6.0136005,239.794,2,12,0.82,0.582,357.87
16:16:13.840,382.321541,43.4047719,6.0136012,239.727,2,12,0.82,0.806,353.08
16:16:13.937,382.418624,43.4047717,6.0136015,239.708,2,12,0.86,1.57,347.47
16:16:14.043,382.524768,43.4047711,6.0136024,239.751,2,16,0.64,0.895,346.67
16:16:14.147,382.628908,43.4047706,6.0136033,239.798,2,15,0.73,0.776,346.65
16:16:14.240,382.721509,43.4047702,6.0136038,239.8,2,14,0.75,1.228,347.28
16:16:14.337,382.81856,43.4047697,6.0136041,239.834,2,13,0.8,0.88,348.93
16:16:14.436,382.917507,43.4047694,6.0136044,239.856,2,13,0.8,0.937,348.03
16:16:14.560,383.041539,43.4047689,6.0136052,239.899,2,18,0.57,1.217,345.2
16:16:14.641,383.122561,43.4047686,6.0136056,239.885,2,14,0.76,0.824,343.54
16:16:14.741,383.22246,43.4047683,6.0136058,239.89,2,14,0.79,0.567,342.28
16:16:14.838,383.319545,43.4047681,6.0136062,239.872,2,14,0.78,1.322,342.52
16:16:14.953,383.434596,43.4047678,6.0136065,239.884,2,16,0.66,0.474,339.97
16:16:15.040,383.521533,43.4047676,6.0136067,239.871,2,13,0.82,0.87,339.69
16:16:15.150,383.631823,43.4047673,6.0136074,239.901,2,18,0.58,0.754,335.54
16:16:15.244,383.725525,43.4047672,6.0136078,239.868,2,14,0.82,0.883,336.63
16:16:15.347,383.828512,43.404767,6.0136081,239.838,2,13,0.85,0.993,339.94
16:16:15.441,383.922476,43.4047666,6.0136086,239.845,2,14,0.83,1.459,341.45
16:16:15.546,384.027557,43.4047663,6.013609,239.854,2,15,0.82,0.759,345.21
16:16:15.637,384.118612,43.4047661,6.0136091,239.817,2,14,0.92,1.378,346.3
16:16:15.746,384.22749,43.4047657,6.013609,239.834,2,13,0.96,0.117,357.58
16:16:15.839,384.320651,43.4047657,6.0136091,239.833,2,12,1.03,0.489,357.57
16:16:15.935,384.416454,43.4047656,6.0136091,239.836,2,12,1.12,0.743,357.56
16:16:16.037,384.518482,43.4047656,6.0136092,239.839,2,13,0.93,0.843,355.47
16:16:16.148,384.629846,43.4047654,6.0136092,239.84,2,12,1.0,0.217,355.46
16:16:16.238,384.719754,43.4047652,6.0136093,239.831,2,12,1.29,1.119,354.47
16:16:16.349,384.830506,43.4047649,6.0136094,239.81,2,13,0.8,0.322,356.15
16:16:16.438,384.919483,43.4047648,6.0136094,239.775,2,12,1.15,1.217,356.71
16:16:16.546,385.02758,43.4047645,6.0136096,239.761,2,17,0.68,0.343,358.63
16:16:16.639,385.120535,43.4047643,6.0136097,239.738,2,13,0.94,1.226,357.63
16:16:16.741,385.222472,43.4047639,6.0136097,239.743,2,13,0.91,1.156,3.19
16:16:16.841,385.322616,43.4047634,6.0136099,239.801,2,15,0.78,1.424,0.4
16:16:16.948,385.429621,43.4047628,6.0136101,239.856,2,14,0.78,2.295,358.67
16:16:17.041,385.522471,43.4047622,6.0136104,239.859,2,14,0.78,2.013,353.42
16:16:17.138,385.619898,43.4047615,6.0136106,239.912,2,16,0.74,1.83,354.12
16:16:17.237,385.718555,43.4047609,6.0136108,239.945,2,14,0.91,3.021,353.6
16:16:17.339,385.82082,43.40476,6.0136105,239.959,2,16,0.67,1.395,4.63
16:16:17.440,385.921578,43.4047596,6.0136106,239.963,2,13,0.96,1.815,6.14
16:16:17.538,386.019505,43.4047591,6.0136106,239.976,2,13,0.96,1.5,7.9
16:16:17.637,386.118636,43.4047588,6.0136106,239.944,2,13,0.94,1.308,9.31
16:16:17.747,386.228612,43.4047585,6.0136105,239.937,2,15,0.85,1.187,9.39
16:16:17.839,386.3207,43.4047581,6.0136103,239.96,2,12,1.2,2.015,12.72
16:16:17.938,386.419545,43.4047577,6.0136101,239.99,2,12,1.2,1.533,16.28
16:16:18.039,386.52074,43.4047573,6.0136101,240.0,2,16,0.68,0.882,18.06
16:16:18.153,386.634965,43.4047571,6.01361,239.996,2,17,0.7,0.674,24.54
16:16:18.240,386.721629,43.4047569,6.0136098,239.98,2,14,0.9,0.726,28.45
16:16:18.338,386.819821,43.4047567,6.0136097,239.958,2,15,0.81,0.52,29.88
16:16:18.439,386.920599,43.4047566,6.0136097,239.977,2,16,0.72,0.578,32.46
16:16:18.547,387.028574,43.4047565,6.0136097,240.004,2,17,0.66,0.144,31.15
16:16:18.642,387.123558,43.4047565,6.0136099,239.992,2,15,0.76,0.178,31.21
16:16:18.749,387.230776,43.4047565,6.0136101,239.983,5,17,0.63,0.722,31.72
16:16:18.839,387.320687,43.4047563,6.01361,239.979,2,16,0.69,0.798,36.85
16:16:18.949,387.430573,43.4047562,6.0136099,239.974,2,16,0.71,0.878,38.39
16:16:19.043,387.524518,43.404756,6.0136099,239.969,2,16,0.71,0.663,33.94
16:16:19.141,387.622859,43.4047559,6.0136099,239.983,2,17,0.73,0.77,29.19
16:16:19.244,387.726246,43.4047558,6.0136098,240.015,2,15,0.73,0.294,30.17
16:16:19.360,387.841495,43.4047558,6.0136096,240.051,2,19,0.58,0.285,31.07
16:16:19.443,387.924604,43.4047558,6.0136094,240.056,2,16,0.7,0.496,32.11
16:16:19.548,388.029522,43.4047559,6.0136094,240.065,2,18,0.68,0.533,38.71
16:16:19.639,388.120654,43.4047559,6.0136094,240.051,2,16,0.71,0.25,40.56
16:16:19.750,388.231621,43.404756,6.0136095,240.044,2,16,0.71,0.319,40.56
16:16:19.853,388.334527,43.4047562,6.0136095,240.035,2,17,0.71,0.433,40.56
16:16:19.951,388.432659,43.4047564,6.0136097,240.005,2,18,0.67,0.493,40.56
16:16:20.041,388.522646,43.4047566,6.0136099,239.952,2,16,0.73,0.563,40.56
16:16:20.169,388.650832,43.4047568,6.01361,239.939,2,16,0.74,0.606,40.61
16:16:20.248,388.729589,43.4047569,6.0136099,239.931,5,4,1.22,0.896,42.93
16:16:20.340,388.821605,43.4047569,6.0136098,239.93,5,4,,0.45,43.26
16:16:20.438,388.919536,43.404757,6.0136097,239.897,2,14,0.79,0.285,39.91
16:16:20.539,389.020544,43.4047572,6.0136097,239.861,2,14,0.79,0.357,38.54
16:16:20.651,389.132777,43.4047574,6.0136095,239.818,2,16,0.65,0.596,38.08
16:16:20.742,389.223537,43.4047576,6.0136094,239.755,2,15,0.77,0.244,37.23
16:16:20.844,389.325978,43.4047579,6.0136093,239.685,2,15,0.73,0.504,36.87
16:16:20.941,389.422753,43.4047581,6.0136094,239.631,2,15,0.81,0.144,35.26
16:16:21.035,389.516594,43.4047581,6.0136094,239.63,2,0,,0.256,35.26
16:16:21.133,389.614672,43.4047581,6.0136095,239.628,2,0,,0.52,35.26
16:16:21.233,389.714665,43.4047581,6.0136095,239.628,2,0,,0.491,35.26
16:16:21.332,389.813584,43.4047581,6.0136095,239.628,2,0,,0.456,35.26
16:16:21.435,389.916637,43.4047581,6.0136095,239.628,2,0,,0.439,35.26
16:16:21.533,390.014554,43.4047581,6.0136095,239.628,2,0,,0.359,35.26
16:16:21.632,390.11371,43.4047581,6.0136095,239.628,2,0,,0.385,35.26
16:16:21.733,390.214572,43.4047581,6.0136095,239.628,2,0,,0.53,35.26
16:16:21.847,390.328655,43.4047581,6.0136097,239.625,2,17,0.54,0.648,35.27
16:16:21.935,390.416708,43.404758,6.0136098,239.614,2,0,,0.695,35.27
16:16:22.034,390.515612,43.4047579,6.0136101,239.601,2,0,,0.607,35.27
16:16:22.155,390.636795,43.4047578,6.0136103,239.596,2,17,0.53,0.687,35.28
16:16:22.236,390.717522,43.4047577,6.0136105,239.582,2,0,,0.472,35.29
16:16:22.334,390.815571,43.4047576,6.0136106,239.574,2,0,,0.2,35.3
16:16:22.444,390.925661,43.4047576,6.0136107,239.568,2,17,0.54,0.185,35.31
16:16:22.533,391.014563,43.4047576,6.0136108,239.56,2,0,,0.739,35.31
16:16:22.636,391.117625,43.4047575,6.0136105,239.555,2,0,,1.033,35.32
16:16:22.749,391.230665,43.4047577,6.0136109,239.543,2,19,0.51,0.57,35.33
16:16:22.833,391.31481,43.4047576,6.0136107,239.541,2,0,,1.065,35.36
16:16:22.934,391.415657,43.4047575,6.0136104,239.556,2,0,,2.208,31.59
16:16:23.052,391.533641,43.4047573,6.0136105,239.558,2,19,0.53,2.0,31.24
16:16:23.166,391.647884,43.404757,6.0136103,239.408,2,19,0.64,1.861,5.41
16:16:23.234,391.715559,43.4047565,6.0136102,239.421,2,0,,0.841,5.41
16:16:23.352,391.833835,43.4047563,6.0136102,239.427,2,0,,0.324,5.41
16:16:23.447,391.928632,43.4047562,6.0136103,239.438,2,19,0.53,0.224,5.34
16:16:23.535,392.016656,43.4047562,6.0136103,239.44,2,0,,0.585,5.34
16:16:23.635,392.116598,43.4047563,6.0136103,239.435,2,0,,0.948,4.94
16:16:23.755,392.236573,43.4047566,6.0136104,239.431,2,19,0.51,0.743,4.93
16:16:23.837,392.318651,43.4047567,6.0136104,239.427,2,0,,0.185,4.9
16:16:23.935,392.416847,43.4047567,6.0136104,239.428,2,0,,0.804,4.92
16:16:24.054,392.535636,43.4047567,6.0136101,239.437,2,18,0.5,1.243,3.82
16:16:24.144,392.625804,43.4047564,6.0136097,239.448,2,0,,2.093,354.08
16:16:24.237,392.718712,43.4047561,6.0136091,239.47,2,0,,2.482,350.18
16:16:24.351,392.832603,43.4047557,6.0136091,239.483,2,18,0.5,2.38,349.6
16:16:24.435,392.916629,43.4047553,6.0136085,239.511,2,0,,1.996,347.44
16:16:24.534,393.015696,43.4047549,6.0136079,239.515,2,0,,1.558,346.93
16:16:24.653,393.134729,43.4047549,6.0136077,239.522,2,17,0.52,1.474,346.47
16:16:24.735,393.216576,43.4047547,6.0136072,239.532,2,0,,1.709,348.02
16:16:24.835,393.316514,43.4047549,6.0136066,239.554,2,0,,2.428,349.9
16:16:24.946,393.427772,43.4047557,6.0136059,239.481,2,17,0.51,1.472,349.32
16:16:25.048,393.529737,43.4047558,6.0136063,239.368,2,14,0.67,2.109,0.43
16:16:25.143,393.624939,43.4047553,6.0136074,239.382,2,13,0.75,1.346,351.54
16:16:25.234,393.715625,43.4047549,6.0136075,239.391,2,0,,0.791,351.54
16:16:25.348,393.82961,43.4047558,6.0136088,239.362,2,16,0.64,1.217,343.5
16:16:25.444,393.925608,43.4047567,6.0136095,239.277,2,17,0.68,1.252,353.2
16:16:25.540,394.021679,43.4047576,6.0136104,239.205,2,16,0.75,1.778,2.13
16:16:25.645,394.126749,43.4047586,6.0136115,239.111,2,15,0.79,1.415,14.37
16:16:25.744,394.225609,43.4047595,6.0136126,239.032,2,16,0.76,1.3,18.15
16:16:25.849,394.330594,43.4047603,6.0136137,238.955,2,16,0.74,0.941,24.71
16:16:25.935,394.416813,43.4047605,6.0136138,238.949,2,0,,0.178,24.71
16:16:26.035,394.516772,43.4047606,6.0136139,238.949,2,4,,0.046,24.71
16:16:26.145,394.626924,43.4047606,6.013614,238.95,2,4,,0.013,24.71
16:16:26.238,394.719665,43.4047607,6.0136141,238.95,2,4,,1.119,24.71
16:16:26.336,394.817585,43.4047609,6.0136143,238.943,2,0,,0.552,24.72
16:16:26.437,394.918619,43.4047612,6.0136145,238.938,2,4,,1.235,26.78
16:16:26.536,395.017863,43.4047615,6.0136147,238.931,2,0,,1.233,31.18
16:16:26.637,395.118686,43.4047617,6.013615,238.934,2,0,,0.813,31.19
16:16:26.750,395.231735,43.4047619,6.0136155,238.932,2,18,0.51,0.969,31.19
16:16:26.835,395.316688,43.4047621,6.0136158,238.948,2,0,,0.6,31.17
16:16:26.936,395.417789,43.4047619,6.0136157,238.951,2,0,,1.517,33.14
16:16:27.053,395.534799,43.4047617,6.0136158,238.932,2,18,0.51,1.798,32.41
16:16:27.136,395.617744,43.4047612,6.0136154,238.932,2,0,,2.291,22.3
16:16:27.236,395.717661,43.4047607,6.0136151,238.95,2,0,,2.195,25.46
16:16:27.349,395.83081,43.4047605,6.0136157,238.92,2,18,0.51,1.88,24.99
16:16:27.439,395.920634,43.40476,6.0136155,238.94,2,0,,2.263,15.98
16:16:27.538,396.019467,43.4047595,6.013615,238.968,2,0,,2.456,8.93
16:16:27.653,396.134599,43.4047594,6.0136149,238.941,2,18,0.53,2.311,7.64
16:16:27.738,396.219623,43.4047595,6.0136144,238.973,2,5,,2.954,5.11
16:16:27.841,396.3226,43.4047595,6.0136135,238.988,2,5,,2.847,358.25
16:16:27.939,396.420635,43.4047597,6.0136128,238.99,2,5,,1.871,357.69
16:16:28.038,396.519916,43.4047598,6.0136124,238.984,2,5,,1.141,359.0
16:16:28.137,396.618831,43.4047596,6.0136122,238.993,2,0,,1.228,357.05
16:16:28.239,396.720806,43.4047595,6.0136118,239.003,2,0,,1.25,355.69
16:16:28.348,396.829614,43.4047595,6.0136119,239.019,2,18,0.52,0.991,355.69
16:16:28.436,396.917733,43.4047595,6.0136116,239.032,2,0,,0.789,355.69
16:16:28.538,397.019642,43.4047596,6.0136113,239.043,2,0,,1.391,357.61
16:16:28.654,397.135745,43.4047599,6.0136115,239.088,2,18,0.52,1.65,357.53
16:16:28.737,397.218728,43.4047603,6.0136114,239.101,2,0,,1.622,0.05
16:16:28.839,397.320632,43.4047607,6.0136114,239.107,2,6,11.9,0.833,0.05
16:16:28.936,397.417717,43.4047608,6.0136114,239.123,2,6,14.1,0.209,0.05
16:16:29.040,397.521735,43.4047609,6.0136115,239.148,2,0,,0.587,0.05
16:16:29.139,397.621398,43.4047607,6.0136116,239.178,2,0,,1.133,0.6
16:16:29.250,397.731694,43.4047609,6.0136107,238.995,2,18,0.51,0.983,0.19
16:16:29.343,397.824738,43.4047602,6.0136136,239.23,2,16,0.65,2.524,1.31
16:16:29.443,397.924667,43.4047598,6.0136141,239.211,2,15,0.69,1.011,3.6
16:16:29.544,398.025595,43.4047596,6.0136147,239.192,2,15,0.65,1.678,6.9
16:16:29.643,398.124684,43.404759,6.0136155,239.212,2,17,0.67,1.758,7.69
16:16:29.741,398.222758,43.4047586,6.0136157,239.24,2,16,0.67,2.152,9.55
16:16:29.845,398.326902,43.404758,6.0136163,239.227,2,15,0.61,1.152,12.25
16:16:29.944,398.425682,43.4047577,6.0136163,239.196,2,14,0.7,2.402,14.87
16:16:30.042,398.523759,43.404757,6.0136166,239.188,2,14,0.68,0.963,20.07
16:16:30.140,398.622404,43.4047568,6.0136166,239.184,2,14,0.7,1.32,25.09
16:16:30.243,398.724692,43.4047565,6.0136164,239.179,2,12,0.92,0.717,25.09
16:16:30.340,398.821723,43.4047563,6.0136164,239.173,2,11,1.03,0.743,25.09
16:16:30.440,398.921669,43.404756,6.0136166,239.127,2,13,0.72,0.459,30.22
16:16:30.541,399.022706,43.4047561,6.0136164,239.086,2,15,0.69,0.104,34.98
16:16:30.643,399.124762,43.4047561,6.0136162,239.042,2,14,0.82,0.676,34.26
16:16:30.739,399.22047,43.404756,6.0136158,239.005,2,16,0.7,2.098,38.71
16:16:30.839,399.320799,43.4047557,6.0136151,238.984,2,15,0.8,2.063,49.73
16:16:30.944,399.425891,43.4047555,6.0136151,238.922,2,16,0.63,1.893,54.51
16:16:31.043,399.524774,43.4047553,6.0136144,238.882,2,14,0.85,2.174,54.13
16:16:31.144,399.625841,43.404755,6.0136137,238.859,2,13,0.87,1.841,54.14
16:16:31.244,399.725765,43.4047546,6.0136137,238.8,2,16,0.76,0.885,50.97
16:16:31.350,399.831839,43.4047544,6.0136135,238.716,2,17,0.59,1.767,55.56
16:16:31.445,399.926684,43.4047539,6.0136135,238.649,2,16,0.61,0.572,50.06
16:16:31.554,400.035718,43.4047542,6.0136138,238.592,2,17,0.57,1.004,50.11
16:16:31.641,400.122809,43.4047542,6.0136138,238.549,2,14,0.82,0.283,52.73
16:16:31.742,400.223775,43.4047544,6.0136138,238.485,2,17,0.66,0.028,51.37
16:16:31.846,400.327685,43.4047544,6.0136146,238.351,2,16,0.6,0.259,51.21
16:16:31.946,400.427689,43.4047546,6.0136147,238.264,2,16,0.59,0.509,51.5
16:16:32.043,400.524785,43.4047546,6.0136145,238.211,2,16,0.63,0.146,53.78
16:16:32.155,400.636467,43.4047547,6.0136152,238.084,2,16,0.64,0.013,53.78
16:16:32.244,400.725714,43.4047546,6.0136156,238.018,2,15,0.8,0.0,53.78
16:16:32.345,400.826649,43.4047546,6.0136156,237.983,2,14,0.87,0.109,53.78
16:16:32.440,400.921824,43.4047547,6.0136156,237.938,2,13,0.94,0.452,53.78
16:16:32.540,401.021825,43.4047548,6.0136157,237.892,2,13,0.94,0.574,53.78
16:16:32.644,401.125791,43.4047552,6.013616,237.775,2,13,0.89,0.322,53.78
16:16:32.740,401.221686,43.4047553,6.0136161,237.743,2,12,0.99,0.067,53.78
16:16:32.840,401.32169,43.4047554,6.0136161,237.715,2,12,0.99,0.319,53.78
16:16:32.941,401.422698,43.4047554,6.0136161,237.685,2,14,0.81,1.211,53.78
16:16:33.044,401.525877,43.4047553,6.0136158,237.667,2,12,0.88,1.989,53.78
16:16:33.154,401.636016,43.404755,6.0136152,237.657,2,12,0.88,1.993,53.79
16:16:33.241,401.722722,43.4047548,6.0136147,237.656,2,12,0.95,2.317,53.79
16:16:33.364,401.845848,43.4047545,6.0136141,237.658,2,12,0.95,1.711,53.79
16:16:33.449,401.930946,43.4047543,6.0136136,237.655,2,12,0.95,1.23,53.79
16:16:33.538,402.02026,43.4047541,6.0136133,237.647,2,11,0.97,1.076,53.78
16:16:33.639,402.120991,43.404754,6.013613,237.639,2,11,0.97,0.615,53.78
16:16:33.743,402.224956,43.4047542,6.0136131,237.536,2,15,0.71,0.115,58.27
16:16:33.833,402.314849,43.4047544,6.0136133,237.444,2,14,0.73,0.348,60.04
16:16:33.942,402.423914,43.4047544,6.0136132,237.421,2,14,0.77,0.335,60.06
16:16:34.041,402.522782,43.4047544,6.0136131,237.409,2,13,0.9,0.432,60.07
16:16:34.143,402.625046,43.4047547,6.0136123,237.378,2,14,0.78,1.591,66.97
16:16:34.244,402.725809,43.4047549,6.0136116,237.364,2,14,0.85,1.4,72.58
16:16:34.344,402.825792,43.4047554,6.013611,237.292,2,15,0.68,0.367,84.93
16:16:34.443,402.924804,43.4047555,6.0136106,237.222,2,14,0.77,3.487,87.92
16:16:34.541,403.022719,43.4047551,6.0136093,237.213,2,12,0.89,3.267,80.31
16:16:34.643,403.124795,43.404755,6.0136081,237.23,2,11,1.16,3.585,80.3
16:16:34.739,403.22057,43.4047549,6.0136069,237.25,2,11,1.19,3.593,80.3
16:16:34.839,403.320716,43.4047547,6.0136056,237.271,2,9,1.93,4.576,80.29
16:16:34.939,403.42081,43.4047545,6.0136041,237.3,2,10,1.39,5.132,80.28
16:16:35.038,403.519803,43.4047567,6.0136013,237.29,2,15,0.73,5.617,110.24
16:16:35.146,403.627981,43.4047573,6.0135993,237.284,2,13,0.78,6.515,112.71
16:16:35.242,403.723894,43.404758,6.0135974,237.308,2,13,0.84,6.489,116.71
16:16:35.342,403.823936,43.4047587,6.0135955,237.309,2,14,0.74,6.03,114.9
16:16:35.445,403.92678,43.4047594,6.0135935,237.313,2,14,0.75,6.552,116.11
16:16:35.546,404.027689,43.4047601,6.0135912,237.323,2,12,0.87,6.221,113.65
16:16:35.643,404.124848,43.4047605,6.0135895,237.344,2,13,0.98,5.93,113.68
16:16:35.743,404.224752,43.4047611,6.0135876,237.414,2,13,0.93,4.8,114.41
16:16:35.846,404.327825,43.4047616,6.0135861,237.424,2,14,0.77,4.978,110.93
16:16:35.940,404.422086,43.4047621,6.0135845,237.461,2,13,0.78,5.371,112.41
16:16:36.048,404.529999,43.4047628,6.013583,237.504,2,16,0.63,4.786,119.91
16:16:36.142,404.624072,43.4047634,6.0135817,237.531,2,13,0.74,3.978,120.0
16:16:36.246,404.727772,43.404764,6.0135803,237.566,2,14,0.71,4.21,124.94
16:16:36.339,404.820935,43.4047646,6.0135791,237.594,2,13,0.86,3.68,131.33
16:16:36.442,404.923745,43.4047652,6.0135781,237.619,2,12,1.02,3.608,131.33
16:16:36.543,405.024774,43.4047659,6.0135772,237.644,2,14,0.76,3.815,136.15
16:16:36.646,405.127878,43.4047665,6.0135762,237.667,2,13,1.04,2.987,134.49
16:16:36.743,405.224873,43.404767,6.0135752,237.686,2,13,1.08,2.969,134.87
16:16:36.842,405.323745,43.4047675,6.0135744,237.69,2,12,1.2,3.31,134.86
16:16:36.941,405.422748,43.4047681,6.0135736,237.715,2,10,1.37,3.03,134.86
16:16:37.036,405.517732,43.4047687,6.0135729,237.733,2,14,0.76,3.047,139.08
16:16:37.148,405.62985,43.4047693,6.0135722,237.746,2,12,0.85,2.745,138.72
16:16:37.241,405.72294,43.4047697,6.0135715,237.763,2,11,1.2,2.437,138.71
16:16:37.344,405.825753,43.4047703,6.013571,237.757,2,15,0.71,2.08,146.89
16:16:37.443,405.924799,43.4047708,6.0135706,237.761,2,16,0.61,2.304,150.59
16:16:37.555,406.036842,43.4047714,6.0135699,237.745,2,18,0.57,3.2,155.69
16:16:37.655,406.136806,43.4047723,6.0135694,237.75,2,18,0.57,4.189,162.62
16:16:37.738,406.219757,43.4047732,6.0135689,237.775,2,17,0.67,3.758,163.54
16:16:37.836,406.31785,43.4047741,6.0135683,237.766,2,17,0.69,2.987,162.28
16:16:37.945,406.426764,43.4047748,6.0135679,237.737,2,16,0.71,1.785,164.49
16:16:38.043,406.524745,43.4047752,6.0135675,237.721,2,15,0.77,1.68,165.98
16:16:38.151,406.633271,43.4047757,6.013567,237.683,2,17,0.67,2.604,163.62
16:16:38.246,406.727899,43.4047764,6.0135663,237.664,2,18,0.57,2.722,160.8
16:16:38.345,406.826834,43.404777,6.0135654,237.66,2,15,0.78,1.017,153.58
16:16:38.442,406.924026,43.4047772,6.0135648,237.665,2,12,0.9,1.737,150.25
16:16:38.536,407.017769,43.4047776,6.0135644,237.664,2,13,0.96,1.517,154.03
16:16:38.634,407.115938,43.4047776,6.0135639,237.657,2,13,0.95,0.426,151.82
16:16:38.740,407.221879,43.4047773,6.0135637,237.641,2,13,0.95,2.535,149.39
16:16:38.842,407.323765,43.4047767,6.0135639,237.634,2,13,0.98,3.484,143.75
16:16:38.942,407.423771,43.4047759,6.0135643,237.61,2,13,0.98,5.406,145.31
16:16:39.034,407.51586,43.4047748,6.0135651,237.54,2,12,1.05,4.348,145.33
16:16:39.141,407.622857,43.404774,6.0135657,237.475,2,12,1.05,3.054,145.36
16:16:39.240,407.721834,43.4047734,6.0135661,237.422,2,12,1.09,2.659,145.41
16:16:39.351,407.83283,43.4047728,6.0135657,237.345,2,15,0.75,1.652,148.93
16:16:39.445,407.926777,43.4047724,6.0135652,237.256,2,16,0.75,0.822,151.98
16:16:39.553,408.034823,43.4047724,6.0135645,237.174,2,16,0.67,0.335,153.03
16:16:39.644,408.125991,43.4047724,6.0135642,237.173,2,15,0.72,0.072,152.41
16:16:39.742,408.223905,43.4047724,6.0135638,237.146,2,15,0.75,1.241,152.31
16:16:39.838,408.319912,43.4047719,6.0135633,237.083,2,15,0.7,0.246,160.03
16:16:39.941,408.4229,43.4047719,6.013563,237.031,2,14,0.74,1.265,160.72
16:16:40.045,408.526869,43.4047713,6.0135622,236.967,2,16,0.69,1.259,171.56
16:16:40.154,408.636059,43.4047711,6.013561,236.807,2,16,0.59,2.359,177.09
16:16:40.238,408.71973,43.4047706,6.0135601,236.677,2,15,0.7,1.485,183.46
16:16:40.348,408.830057,43.4047704,6.0135588,236.531,2,17,0.63,2.552,190.14
16:16:40.447,408.928881,43.40477,6.0135575,236.401,2,15,0.67,2.604,196.19
16:16:40.557,409.038865,43.4047696,6.0135559,236.245,2,17,0.56,4.084,197.73
16:16:40.638,409.119918,43.4047688,6.0135548,236.12,2,15,0.67,1.785,189.72
16:16:40.754,409.235804,43.4047686,6.0135539,235.973,2,18,0.61,2.817,187.47
16:16:40.847,409.328797,43.4047682,6.0135531,235.828,2,17,0.64,2.004,180.28
16:16:40.951,409.432768,43.4047681,6.0135523,235.705,2,18,0.61,0.974,180.06
16:16:41.044,409.525819,43.404768,6.0135515,235.614,2,17,0.66,0.476,180.93
16:16:41.159,409.641076,43.404768,6.0135507,235.527,2,17,0.56,0.513,179.83
16:16:41.256,409.737787,43.404768,6.0135499,235.425,2,17,0.59,0.88,178.42
16:16:41.347,409.828948,43.404768,6.0135492,235.317,2,16,0.72,0.839,180.39
16:16:41.440,409.921889,43.404768,6.0135483,235.226,2,15,0.84,0.8,186.22
16:16:41.548,410.029747,43.4047679,6.0135475,235.148,2,14,0.96,2.024,185.68
16:16:41.645,410.126845,43.4047676,6.0135462,235.024,2,13,0.98,1.983,191.54
16:16:41.740,410.221888,43.4047675,6.0135449,234.83,2,15,0.74,1.806,189.75
16:16:41.839,410.320738,43.4047674,6.0135439,234.656,2,13,0.95,0.861,184.63
16:16:41.948,410.429791,43.4047673,6.0135429,234.421,2,14,0.73,1.315,183.22
16:16:42.047,410.5288,43.4047671,6.0135423,234.21,2,15,0.69,0.496,178.89
16:16:42.145,410.627125,43.4047672,6.0135416,234.027,2,15,0.74,1.702,182.61
16:16:42.239,410.720841,43.4047668,6.0135409,233.862,2,16,0.68,0.122,184.34
16:16:42.345,410.826885,43.4047667,6.0135403,233.742,2,15,0.7,1.196,184.5
16:16:42.446,410.927855,43.4047665,6.0135397,233.539,2,15,0.69,0.489,183.07
16:16:42.541,411.022877,43.4047664,6.0135391,233.356,2,16,0.64,1.043,182.16
16:16:42.636,411.117909,43.4047663,6.0135385,233.19,2,13,0.77,0.443,181.61
16:16:42.744,411.225859,43.4047663,6.0135381,233.105,2,13,0.78,0.093,182.51
16:16:42.844,411.325808,43.4047662,6.0135374,233.009,2,14,0.8,0.172,182.73
16:16:42.937,411.418901,43.4047662,6.0135366,232.915,2,14,0.8,0.32,183.63
16:16:43.037,411.518908,43.4047662,6.0135359,232.764,2,14,0.76,0.119,184.48
16:16:43.171,411.653275,43.4047664,6.0135353,232.65,2,14,0.78,0.285,184.48
16:16:43.244,411.726007,43.4047665,6.0135347,232.583,2,13,0.78,0.482,184.48
16:16:43.354,411.835861,43.4047666,6.013534,232.526,2,14,0.74,0.485,184.48
16:16:43.454,411.935871,43.4047667,6.0135334,232.469,2,13,0.78,0.422,184.48
16:16:43.548,412.02976,43.4047669,6.0135329,232.417,2,13,0.78,0.304,184.48
16:16:43.645,412.126879,43.404767,6.0135323,232.368,2,13,0.78,0.217,184.48
16:16:43.739,412.220819,43.4047671,6.0135318,232.327,2,13,0.78,0.131,184.48
16:16:43.836,412.317847,43.4047672,6.0135312,232.29,2,13,0.82,0.011,184.48
16:16:43.943,412.424729,43.4047673,6.0135307,232.261,2,13,0.84,0.031,184.48
16:16:44.035,412.516834,43.4047674,6.01353,232.217,2,15,0.8,0.054,184.48
16:16:44.139,412.621098,43.4047675,6.0135293,232.184,2,15,0.8,0.093,184.48
16:16:44.239,412.720929,43.4047675,6.0135288,232.151,2,14,0.76,0.154,184.48
16:16:44.347,412.82884,43.4047676,6.0135283,232.145,2,16,0.7,0.237,184.48
16:16:44.435,412.916968,43.4047676,6.0135278,232.148,2,14,0.79,0.298,184.48
16:16:44.536,413.017837,43.4047677,6.0135273,232.151,2,13,0.84,0.357,184.48
16:16:44.633,413.114918,43.4047678,6.0135268,232.153,2,13,0.84,0.389,184.48
16:16:44.738,413.219879,43.404768,6.0135263,232.135,2,16,0.71,0.444,184.48
16:16:44.844,413.325898,43.4047681,6.0135258,232.139,2,14,0.83,0.441,184.48
16:16:44.940,413.421933,43.4047683,6.0135252,232.123,2,16,0.71,0.406,184.48
16:16:45.034,413.515508,43.4047684,6.0135248,232.136,2,13,0.88,0.346,184.48
16:16:45.147,413.629159,43.4047686,6.0135243,232.111,2,15,0.74,0.35,184.48
16:16:45.239,413.721008,43.4047688,6.0135239,232.095,2,15,0.7,0.28,184.48
16:16:45.341,413.822845,43.4047689,6.0135232,232.053,2,16,0.67,0.224,184.48
16:16:45.441,413.92291,43.4047692,6.0135226,232.031,2,16,0.72,0.198,184.48
16:16:45.549,414.03088,43.4047695,6.0135218,232.0,2,16,0.71,0.189,184.48
16:16:45.637,414.119033,43.4047698,6.0135211,231.989,2,16,0.74,0.189,184.48
16:16:45.739,414.220853,43.4047701,6.0135204,231.979,2,16,0.74,0.202,184.48
16:16:45.840,414.321813,43.4047704,6.0135197,231.969,2,16,0.74,0.204,184.48
16:16:45.949,414.430794,43.4047707,6.013519,231.957,2,15,0.77,0.22,184.55
16:16:46.036,414.518031,43.4047711,6.0135184,231.942,2,14,0.77,0.833,184.61
16:16:46.139,414.620998,43.4047718,6.0135177,231.873,2,16,0.71,0.695,175.75
16:16:46.238,414.719975,43.4047724,6.0135168,231.852,2,15,0.76,2.059,170.0
16:16:46.351,414.833007,43.4047734,6.0135155,231.783,2,15,0.67,1.017,160.86
16:16:46.439,414.920896,43.4047739,6.0135147,231.799,2,16,0.68,0.869,154.92
16:16:46.541,415.022922,43.4047744,6.0135139,231.815,2,16,0.68,0.293,150.7
16:16:46.640,415.121846,43.4047747,6.0135132,231.819,2,15,0.74,0.065,150.13
16:16:46.745,415.226977,43.404775,6.0135127,231.82,2,14,0.84,0.795,150.36
16:16:46.837,415.318848,43.4047751,6.0135121,231.814,2,15,0.74,0.206,150.23
16:16:46.942,415.423864,43.4047755,6.0135113,231.77,2,16,0.66,1.576,150.22
16:16:47.041,415.522884,43.4047755,6.0135108,231.748,2,15,0.66,0.256,149.54
16:16:47.148,415.630178,43.4047758,6.0135101,231.746,2,15,0.7,1.35,151.19
16:16:47.237,415.718958,43.404776,6.0135094,231.701,2,14,0.75,0.287,146.87
16:16:47.343,415.825035,43.4047765,6.0135085,231.676,2,15,0.67,1.354,148.56
16:16:47.438,415.919957,43.4047768,6.0135079,231.633,2,14,0.67,0.156,149.45
16:16:47.536,416.01797,43.4047773,6.0135071,231.585,2,13,0.8,1.159,151.25
16:16:47.637,416.118964,43.4047776,6.0135066,231.547,2,14,0.79,0.846,146.29
16:16:47.739,416.22095,43.404778,6.013506,231.53,2,14,0.84,0.065,141.04
16:16:47.837,416.318885,43.4047784,6.0135053,231.497,2,14,0.91,0.589,140.49
16:16:47.946,416.427954,43.404779,6.0135042,231.47,2,15,0.79,1.619,151.33
16:16:48.036,416.518069,43.4047799,6.0135032,231.464,2,14,0.82,2.826,163.24
16:16:48.140,416.622105,43.4047811,6.0135025,231.467,2,15,0.81,3.817,188.44
16:16:48.239,416.720941,43.4047826,6.0135018,231.454,2,15,0.77,4.243,185.86
16:16:48.339,416.821055,43.4047841,6.0135011,231.463,2,15,0.74,3.837,184.39
16:16:48.444,416.925894,43.4047856,6.0135006,231.418,2,17,0.64,2.676,185.29
16:16:48.541,417.022897,43.4047869,6.0134999,231.41,2,15,0.8,4.128,185.14
16:16:48.640,417.121867,43.4047885,6.0134993,231.422,2,15,0.81,6.289,180.19
16:16:48.744,417.225694,43.4047905,6.0134986,231.44,2,14,0.84,6.901,175.32
16:16:48.836,417.317922,43.4047926,6.0134979,231.471,2,13,0.87,5.947,175.29
16:16:48.939,417.421008,43.4047944,6.0134973,231.494,2,13,0.87,5.141,175.23
16:16:49.038,417.519922,43.4047961,6.0134967,231.511,2,13,0.87,4.863,175.14
16:16:49.146,417.628295,43.4047976,6.0134961,231.527,2,13,0.87,3.913,175.01
16:16:49.236,417.717994,43.4047992,6.013497,231.554,2,14,0.83,4.019,196.02
16:16:49.339,417.820977,43.4048006,6.0134976,231.562,2,14,0.83,3.724,207.65
16:16:49.434,417.915581,43.4048017,6.0134982,231.577,2,13,0.86,4.148,218.83
16:16:49.547,418.028915,43.4048029,6.013499,231.588,2,14,0.82,5.139,229.22
16:16:49.639,418.120928,43.4048041,6.0134998,231.555,2,14,0.81,4.806,230.15
16:16:49.739,418.221001,43.4048052,6.0135004,231.543,2,14,0.84,4.823,226.64
16:16:49.835,418.317049,43.4048063,6.013501,231.563,2,14,0.87,4.547,223.57
16:16:49.937,418.4189,43.4048073,6.0135016,231.59,2,14,0.85,3.398,221.29
16:16:50.040,418.521983,43.4048084,6.0135015,231.611,2,15,0.67,3.819,210.86
16:16:50.142,418.624022,43.4048095,6.0135014,231.625,2,16,0.69,3.317,209.32
16:16:50.241,418.723049,43.4048103,6.0135012,231.636,2,16,0.7,3.328,206.52
16:16:50.341,418.823005,43.4048113,6.0135011,231.61,2,17,0.66,3.556,211.46
16:16:50.446,418.927912,43.4048121,6.0135009,231.583,2,17,0.64,1.578,210.02
16:16:50.542,419.023907,43.4048124,6.0135006,231.528,2,17,0.68,1.632,215.01
16:16:50.642,419.123976,43.4048129,6.0135002,231.498,2,16,0.66,1.343,216.93
16:16:50.751,419.232929,43.4048132,6.0134998,231.464,2,16,0.66,0.8,219.2
16:16:50.839,419.320901,43.4048135,6.0134994,231.436,2,16,0.68,1.15,221.77
16:16:50.941,419.422911,43.4048139,6.0134991,231.413,2,15,0.75,0.707,214.76
16:16:51.043,419.525121,43.4048143,6.0134985,231.4,2,17,0.68,0.189,216.47
16:16:51.140,419.622062,43.4048145,6.013498,231.351,2,17,0.65,0.063,216.43
16:16:51.238,419.720036,43.4048145,6.0134976,231.324,2,16,0.79,0.622,216.38
16:16:51.341,419.823098,43.4048144,6.0134971,231.289,2,16,0.79,0.556,215.43
16:16:51.441,419.922936,43.4048143,6.0134966,231.253,2,15,0.74,1.556,214.08
16:16:51.550,420.031937,43.4048141,6.0134957,231.191,2,18,0.63,1.185,210.84
16:16:51.639,420.121024,43.4048139,6.0134951,231.132,2,16,0.73,0.476,213.81
16:16:51.751,420.232938,43.4048138,6.0134946,231.068,2,18,0.61,0.863,215.24
16:16:51.840,420.321948,43.4048135,6.0134941,231.016,2,17,0.69,1.652,215.1
16:16:51.945,420.426929,43.4048132,6.0134934,230.963,2,16,0.69,0.726,218.68
16:16:52.040,420.522253,43.404813,6.0134929,230.918,2,15,0.72,1.717,218.75
16:16:52.141,420.623155,43.4048126,6.0134921,230.875,2,14,0.8,1.628,221.95
16:16:52.241,420.723218,43.4048123,6.0134913,230.842,2,14,0.81,2.206,226.38
16:16:52.337,420.819174,43.4048118,6.0134905,230.802,2,13,0.85,2.102,224.41
16:16:52.440,420.921828,43.4048115,6.0134895,230.759,2,14,0.75,1.745,229.88
16:16:52.549,421.031167,43.4048114,6.0134884,230.714,2,16,0.67,2.348,238.84
16:16:52.641,421.123017,43.4048114,6.0134872,230.666,2,15,0.76,1.485,252.09
16:16:52.738,421.220013,43.4048114,6.0134862,230.625,2,15,0.79,2.095,258.28
16:16:52.839,421.321128,43.4048114,6.0134852,230.567,2,15,0.7,1.265,267.17
16:16:52.954,421.435976,43.4048115,6.0134843,230.489,2,17,0.61,1.428,271.9
16:16:53.047,421.529,43.4048116,6.0134835,230.434,2,15,0.67,0.361,276.98
16:16:53.161,421.643356,43.4048115,6.0134831,230.413,2,13,0.76,0.672,277.56
16:16:53.241,421.722972,43.4048114,6.0134828,230.351,2,15,0.71,0.769,278.16
16:16:53.351,421.833237,43.4048113,6.0134826,230.339,2,17,0.62,0.865,278.06
16:16:53.452,421.934066,43.4048111,6.0134821,230.325,2,16,0.69,0.624,273.97
16:16:53.540,422.021927,43.4048111,6.0134819,230.328,2,16,0.67,0.043,276.83
16:16:53.640,422.122012,43.4048109,6.0134816,230.305,2,14,0.68,0.287,276.54
16:16:53.749,422.230964,43.4048108,6.0134812,230.298,2,16,0.6,0.58,274.35
16:16:53.848,422.329942,43.4048107,6.013481,230.298,2,16,0.6,0.317,277.85
16:16:53.951,422.432888,43.4048106,6.013481,230.276,2,17,0.61,1.789,280.35
16:16:54.042,422.52395,43.4048103,6.0134813,230.256,2,16,0.71,1.317,300.45
16:16:54.143,422.62527,43.40481,6.0134815,230.241,2,15,0.76,0.963,299.88
16:16:54.236,422.718152,43.4048097,6.0134816,230.22,2,15,0.81,1.972,298.02
16:16:54.338,422.820273,43.4048091,6.0134819,230.215,2,14,0.86,1.852,307.07
16:16:54.448,422.930119,43.4048083,6.0134822,230.157,2,16,0.65,2.211,323.5
16:16:54.543,423.024976,43.4048076,6.0134824,230.149,2,14,0.74,3.019,326.62
16:16:54.642,423.124069,43.4048068,6.0134827,230.115,2,15,0.71,1.987,327.12
16:16:54.751,423.233065,43.4048063,6.0134826,230.071,2,17,0.6,1.552,330.29
16:16:54.839,423.320963,43.4048058,6.0134826,230.066,2,14,0.73,2.058,333.13
16:16:54.940,423.421987,43.4048052,6.0134827,230.081,2,13,0.78,2.991,336.06
16:16:55.039,423.520982,43.4048046,6.0134827,230.103,2,13,0.78,1.224,338.91
16:16:55.137,423.619193,43.4048043,6.0134825,230.11,2,14,0.72,0.548,339.52
16:16:55.239,423.721319,43.4048041,6.0134823,230.123,2,14,0.76,1.056,338.99
16:16:55.350,423.832104,43.4048039,6.0134821,230.124,2,16,0.65,0.43,338.83
16:16:55.443,423.925016,43.404804,6.0134817,230.127,2,15,0.73,0.876,339.44
16:16:55.540,424.021959,43.4048041,6.0134813,230.105,2,15,0.72,1.565,339.68
16:16:55.639,424.121041,43.4048044,6.0134808,230.071,2,15,0.7,1.676,340.35
16:16:55.743,424.225011,43.4048047,6.0134805,230.058,2,15,0.72,2.009,349.96
16:16:55.843,424.324957,43.4048051,6.0134799,230.041,2,14,0.69,2.804,351.74
16:16:55.940,424.422064,43.4048057,6.0134794,230.011,2,17,0.65,1.787,358.66
16:16:56.040,424.52232,43.4048061,6.0134789,230.003,2,16,0.67,1.595,359.47
16:16:56.143,424.625124,43.4048063,6.0134786,230.003,2,16,0.71,0.867,5.16
16:16:56.239,424.721132,43.4048065,6.0134783,230.011,2,16,0.74,0.111,6.37
16:16:56.338,424.820037,43.4048065,6.0134779,230.012,2,16,0.83,0.119,7.12
16:16:56.438,424.920046,43.4048064,6.0134776,230.011,2,13,0.88,0.719,7.09
16:16:56.541,425.022956,43.4048066,6.0134774,230.005,2,13,0.88,1.176,7.07
16:16:56.639,425.120966,43.4048068,6.0134772,229.995,2,12,0.99,0.852,7.02
16:16:56.737,425.219096,43.4048069,6.013477,229.987,2,12,0.99,0.819,6.97
16:16:56.837,425.31908,43.404807,6.0134766,229.977,2,12,0.99,0.602,6.87
16:16:56.953,425.434967,43.4048066,6.0134756,229.958,2,17,0.64,0.583,5.86
16:16:57.040,425.522129,43.4048066,6.013475,229.948,2,15,0.75,0.72,4.74
16:16:57.141,425.623108,43.4048067,6.013474,229.881,2,15,0.69,1.33,2.14
16:16:57.239,425.721077,43.4048069,6.0134731,229.849,2,13,0.75,0.707,354.89
16:16:57.343,425.825095,43.404807,6.0134722,229.776,2,14,0.7,0.92,354.74
16:16:57.443,425.924937,43.4048072,6.0134712,229.746,2,14,0.76,0.594,346.5
16:16:57.546,426.028017,43.4048072,6.0134701,229.742,2,17,0.64,0.248,338.14
16:16:57.639,426.121054,43.4048072,6.0134693,229.743,2,15,0.74,1.006,336.24
16:16:57.742,426.224104,43.4048072,6.0134682,229.71,2,15,0.77,0.876,330.48
16:16:57.843,426.324903,43.4048069,6.0134674,229.69,2,15,0.77,1.067,329.9
16:16:57.939,426.421131,43.4048065,6.013467,229.702,2,15,0.8,0.722,336.86
16:16:58.040,426.521975,43.4048061,6.0134666,229.698,2,16,0.7,0.904,342.21
16:16:58.143,426.625109,43.4048056,6.0134662,229.711,2,15,0.71,0.081,350.18
16:16:58.243,426.724968,43.4048053,6.0134658,229.689,2,15,0.78,0.991,349.39
16:16:58.340,426.822082,43.4048048,6.0134654,229.652,2,17,0.67,0.428,350.17
16:16:58.442,426.924075,43.4048046,6.0134647,229.586,2,17,0.65,0.756,349.27
16:16:58.550,427.032126,43.4048047,6.0134639,229.555,2,16,0.68,1.55,350.2
16:16:58.643,427.125005,43.4048041,6.0134634,229.552,2,15,0.71,1.206,342.52
16:16:58.741,427.223109,43.4048035,6.0134628,229.563,2,16,0.66,2.358,335.53
16:16:58.841,427.323111,43.4048029,6.0134624,229.577,2,16,0.66,1.122,334.28
16:16:58.942,427.424015,43.4048028,6.0134618,229.568,2,16,0.69,0.513,336.13
16:16:59.045,427.527064,43.4048024,6.0134615,229.57,2,18,0.64,1.254,335.16
16:16:59.156,427.637767,43.4048021,6.0134609,229.605,2,18,0.63,0.706,338.99
16:16:59.241,427.723063,43.4048019,6.0134604,229.588,2,16,0.76,0.211,339.57
16:16:59.344,427.826083,43.4048018,6.0134599,229.565,2,16,0.76,0.474,338.68
16:16:59.437,427.919008,43.4048016,6.0134596,229.551,2,13,0.93,0.752,337.47
16:16:59.539,428.021026,43.4048015,6.0134596,229.544,2,13,0.88,0.789,331.85
16:16:59.640,428.121995,43.4048015,6.0134595,229.525,2,14,0.78,0.282,327.15
16:16:59.746,428.228023,43.4048012,6.0134588,229.552,2,15,0.7,0.306,329.01
16:16:59.851,428.333017,43.4048011,6.0134583,229.566,2,15,0.68,0.23,328.18
16:16:59.947,428.428995,43.404801,6.0134578,229.562,2,16,0.71,0.402,326.46
16:17:00.042,428.52407,43.4048008,6.0134574,229.568,2,16,0.77,0.4,329.55
16:17:00.152,428.634388,43.4048007,6.0134569,229.537,2,15,0.69,0.146,329.55
16:17:00.245,428.727078,43.4048007,6.0134566,229.494,2,15,0.77,0.267,329.55
16:17:00.346,428.828097,43.4048006,6.0134562,229.497,2,16,0.69,0.374,329.55
16:17:00.435,428.917168,43.4048006,6.013456,229.496,2,15,0.77,0.372,329.55
16:17:00.552,429.034059,43.4048006,6.0134557,229.501,2,16,0.68,0.433,329.55
16:17:00.650,429.132063,43.4048005,6.0134556,229.494,2,15,0.75,0.415,329.55
16:17:00.750,429.232003,43.4048004,6.0134552,229.51,2,15,0.68,0.461,329.55
16:17:00.839,429.321047,43.4048002,6.013455,229.529,2,14,0.78,0.474,329.55
16:17:00.943,429.425047,43.4048001,6.0134548,229.549,2,13,0.85,0.478,329.55
16:17:01.044,429.526036,43.4047999,6.0134545,229.568,2,13,0.85,0.446,329.55
16:17:01.141,429.623177,43.4047998,6.0134543,229.587,2,13,0.85,0.415,329.55
16:17:01.232,429.714247,43.4047998,6.0134542,229.576,2,12,0.93,0.383,329.55
16:17:01.341,429.822976,43.4047997,6.0134542,229.566,2,11,0.99,0.354,329.55
16:17:01.440,429.921844,43.4047997,6.0134541,229.555,2,10,1.07,0.341,329.55
16:17:01.547,430.029277,43.4047997,6.0134538,229.559,2,14,0.78,0.326,329.55
16:17:01.642,430.124005,43.4047995,6.0134535,229.568,2,13,0.88,0.344,329.55
16:17:01.755,430.237067,43.4047994,6.0134533,229.585,2,14,0.77,0.396,329.55
16:17:01.844,430.326024,43.4047993,6.0134532,229.597,2,12,0.95,0.394,329.55
16:17:01.941,430.423075,43.4047992,6.013453,229.607,2,13,0.93,0.387,329.55
16:17:02.037,430.519106,43.4047991,6.0134528,229.623,2,11,1.05,0.407,329.55
16:17:02.140,430.622173,43.4047989,6.0134527,229.638,2,10,1.39,0.406,329.55
16:17:02.236,430.71832,43.4047989,6.0134527,229.638,2,0,,0.411,329.55
16:17:02.335,430.817023,43.4047989,6.0134527,229.638,2,0,,0.417,329.55
16:17:02.429,430.911003,43.4047989,6.0134527,229.638,2,0,,0.424,329.55
16:17:02.536,431.018184,43.4047989,6.0134527,229.638,2,0,,0.428,329.55
16:17:02.625,431.107244,43.4047989,6.0134527,229.638,2,0,,0.452,329.55
16:17:02.735,431.217166,43.4047989,6.0134527,229.638,2,0,,0.472,329.55
16:17:02.828,431.310028,43.4047989,6.0134527,229.638,2,0,,0.494,329.55
16:17:02.937,431.419074,43.4047989,6.0134527,229.638,2,0,,0.517,329.55
16:17:03.025,431.507146,43.4047989,6.0134527,229.638,2,0,,0.544,329.55
16:17:03.161,431.643359,43.4047989,6.0134527,229.638,2,0,,0.574,329.55
16:17:03.234,431.716183,43.4047988,6.0134528,229.644,2,15,0.9,0.543,329.67
16:17:03.353,431.835032,43.4047986,6.0134529,229.648,2,0,,2.041,329.67
16:17:03.447,431.929025,43.4047982,6.0134533,229.664,2,0,,2.663,329.67
16:17:03.540,432.022082,43.4047976,6.0134537,229.685,2,14,0.92,2.311,330.07
16:17:03.626,432.108147,43.4047971,6.013454,229.703,2,0,,3.063,330.07
16:17:03.727,432.209088,43.4047965,6.0134546,229.727,2,0,,3.439,330.07
16:17:03.830,432.312125,43.4047957,6.0134551,229.762,2,14,1.0,3.084,330.61
16:17:03.943,432.425081,43.404795,6.0134555,229.808,2,11,1.28,3.682,330.67
16:17:04.029,432.511039,43.4047942,6.0134562,229.837,2,0,,2.563,330.67
16:17:04.126,432.608367,43.4047936,6.0134566,229.857,2,0,,2.315,330.67
16:17:04.229,432.711389,43.4047931,6.0134569,229.884,2,13,0.99,2.058,330.96
16:17:04.333,432.81503,43.4047927,6.0134573,229.9,2,0,,3.004,330.96
16:17:04.427,432.909033,43.404792,6.0134578,229.924,2,0,,3.767,330.96
16:17:04.530,433.01228,43.4047912,6.0134583,229.948,2,12,1.06,3.137,331.03
16:17:04.624,433.106105,43.4047905,6.0134589,229.973,2,0,,3.98,331.03
16:17:04.724,433.206134,43.4047896,6.0134595,230.004,2,0,,4.347,331.03
16:17:04.832,433.314063,43.4047887,6.0134602,230.032,2,12,1.16,3.606,331.08
16:17:04.925,433.40713,43.4047879,6.0134608,230.06,2,0,,4.38,331.08
16:17:05.025,433.507048,43.4047869,6.0134615,230.094,2,0,,4.541,331.08
16:17:05.129,433.611301,43.4047859,6.0134622,230.124,2,12,1.16,3.826,331.18
16:17:05.227,433.709432,43.4047851,6.0134628,230.154,2,0,,4.95,331.18
16:17:05.336,433.818185,43.4047841,6.0134631,230.217,2,11,1.07,4.571,331.7
16:17:05.432,433.91407,43.4047831,6.0134633,230.244,2,8,1.28,5.423,332.47
16:17:05.536,434.018147,43.404782,6.0134637,230.31,2,6,14.79,5.954,332.79
16:17:05.628,434.110127,43.4047806,6.0134647,230.356,2,0,,6.551,332.79
16:17:05.726,434.208212,43.4047792,6.0134657,230.408,2,0,,6.941,332.79
16:17:05.829,434.311155,43.4047772,6.0134654,230.451,2,12,1.01,6.271,335.36
16:17:05.924,434.40614,43.4047758,6.0134663,230.501,2,0,,6.189,335.36
16:17:06.027,434.509337,43.4047743,6.0134672,230.549,2,0,,6.123,335.36
16:17:06.130,434.612286,43.404773,6.0134679,230.593,2,12,1.09,5.46,335.49
16:17:06.225,434.707354,43.4047717,6.0134687,230.636,2,0,,5.058,335.49
16:17:06.324,434.80612,43.4047706,6.0134694,230.675,2,0,,5.408,335.49
16:17:06.432,434.914184,43.4047693,6.01347,230.712,2,12,1.06,4.804,335.61
16:17:06.526,435.008162,43.4047682,6.0134707,230.75,2,0,,5.649,335.61
16:17:06.624,435.106293,43.404767,6.0134715,230.794,2,0,,5.899,335.61
16:17:06.730,435.212232,43.4047656,6.0134722,230.835,2,12,1.06,5.341,335.74
16:17:06.828,435.310081,43.4047644,6.013473,230.877,2,0,,6.002,335.74
16:17:06.926,435.408074,43.404763,6.0134738,230.924,2,0,,5.771,335.74
16:17:07.030,435.512073,43.4047616,6.0134744,230.963,2,12,1.06,5.262,335.94
16:17:07.126,435.607668,43.4047604,6.0134752,231.004,2,0,,4.969,335.94
16:17:07.226,435.70839,43.4047593,6.0134758,231.043,2,0,,4.841,335.94
16:17:07.331,435.813245,43.4047581,6.0134763,231.076,2,12,1.06,4.367,336.13
16:17:07.425,435.90709,43.4047572,6.0134769,231.11,2,0,,4.56,336.13
16:17:07.525,436.007164,43.4047561,6.0134776,231.146,2,0,,4.98,336.13
16:17:07.632,436.114225,43.4047549,6.0134779,231.181,2,12,1.06,4.513,336.39
16:17:07.724,436.206208,43.4047538,6.0134786,231.217,2,0,,5.358,336.39
16:17:07.825,436.307086,43.4047526,6.0134793,231.259,2,0,,5.73,336.39
16:17:07.931,436.413077,43.4047512,6.0134798,231.3,2,12,1.06,5.197,336.63
16:17:08.026,436.508166,43.40475,6.0134805,231.341,2,0,,4.011,336.63
16:17:08.127,436.609311,43.4047491,6.013481,231.372,2,0,,3.804,336.63
16:17:08.232,436.713451,43.4047481,6.0134813,231.401,2,12,1.06,3.539,336.84
16:17:08.324,436.806173,43.4047473,6.0134818,231.429,2,0,,4.8,336.84
16:17:08.427,436.908416,43.4047462,6.0134824,231.466,2,0,,5.208,336.84
16:17:08.532,437.014276,43.4047449,6.0134829,231.503,2,12,1.06,4.804,336.99
16:17:08.625,437.107246,43.4047438,6.0134836,231.541,2,0,,5.578,336.99
16:17:08.724,437.206176,43.4047425,6.0134843,231.584,2,0,,5.986,336.99
16:17:08.831,437.313237,43.4047412,6.0134851,231.625,2,11,1.78,5.312,336.98
16:17:08.925,437.407187,43.40474,6.0134858,231.667,2,0,,6.282,336.98
16:17:09.032,437.514176,43.404738,6.0134853,231.714,2,8,1.89,5.919,337.89
16:17:09.126,437.607453,43.4047366,6.0134861,231.761,2,0,3.3,5.643,337.89
16:17:09.228,437.710389,43.4047353,6.0134868,231.805,2,0,,7.156,337.89
16:17:09.331,437.813076,43.4047336,6.0134876,231.862,2,12,1.23,6.06,337.99
16:17:09.426,437.908112,43.4047322,6.0134884,231.91,2,0,,8.002,337.99
16:17:09.532,438.014169,43.4047301,6.0134886,231.974,2,9,1.53,4.561,338.4
16:17:09.628,438.109444,43.4047291,6.0134892,232.01,2,0,,4.606,338.4
16:17:09.726,438.208279,43.404728,6.0134898,232.046,2,0,,4.484,338.4
16:17:09.828,438.310124,43.4047267,6.0134897,232.084,2,10,1.45,3.726,338.74
16:17:09.924,438.406188,43.4047259,6.0134902,232.113,2,0,,3.174,338.74
16:17:10.028,438.51019,43.4047251,6.0134906,232.138,2,0,,2.763,338.74
16:17:10.130,438.611575,43.4047243,6.0134903,232.161,2,10,1.45,2.382,339.09
16:17:10.225,438.706492,43.4047237,6.0134906,232.18,2,0,,2.106,339.09
16:17:10.325,438.807069,43.4047232,6.0134909,232.196,2,0,,2.013,339.09
16:17:10.431,438.913156,43.4047226,6.0134908,232.209,2,9,2.37,1.535,339.29
16:17:10.526,439.008105,43.4047222,6.0134909,232.221,2,0,,1.569,339.29
16:17:10.625,439.10725,43.4047219,6.0134911,232.233,2,0,,1.356,339.29
16:17:10.728,439.210246,43.4047214,6.0134909,232.241,2,9,2.37,1.05,339.49
16:17:10.828,439.310145,43.4047212,6.0134911,232.25,2,0,,1.035,339.49
16:17:10.925,439.407114,43.4047209,6.0134912,232.258,2,0,,1.132,339.49
16:17:11.029,439.511313,43.4047211,6.0134907,232.248,2,10,1.45,1.156,339.68
16:17:11.127,439.608499,43.4047214,6.0134906,232.239,2,0,,0.083,339.68
16:17:11.228,439.710166,43.4047214,6.0134905,232.238,2,0,,0.117,339.68
16:17:11.329,439.811367,43.4047213,6.0134902,232.236,2,9,2.37,0.189,339.86
16:17:11.426,439.908336,43.4047214,6.0134902,232.234,2,0,4.08,0.719,339.86
16:17:11.528,440.009424,43.4047212,6.0134903,232.24,2,0,4.08,0.843,339.86
16:17:11.630,440.112266,43.4047209,6.01349,232.245,2,9,1.96,0.845,340.03
16:17:11.726,440.208237,43.4047207,6.0134901,232.252,2,0,,1.024,340.03
16:17:11.826,440.308135,43.4047205,6.0134903,232.26,2,0,,0.878,340.03
16:17:11.929,440.411181,43.4047202,6.0134899,232.267,2,9,1.96,0.845,340.25
16:17:12.029,440.511042,43.40472,6.01349,232.273,2,0,,0.991,340.25
16:17:12.128,440.609406,43.4047197,6.0134901,232.281,2,0,,1.006,340.25
16:17:12.229,440.7114,43.4047195,6.01349,232.288,2,9,1.96,1.02,340.39
16:17:12.326,440.808128,43.4047192,6.0134901,232.296,2,0,,1.037,340.39
16:17:12.429,440.911142,43.404719,6.0134902,232.304,2,0,,0.978,340.39
16:17:12.530,441.012219,43.4047188,6.0134901,232.308,2,9,1.96,1.006,340.48
16:17:12.626,441.108195,43.4047185,6.0134902,232.316,2,0,,1.406,340.48
16:17:12.725,441.207246,43.4047182,6.0134904,232.327,2,0,,1.643,340.48
16:17:12.832,441.314163,43.4047178,6.0134903,232.337,2,9,1.96,1.513,340.61
16:17:12.926,441.408211,43.4047175,6.0134904,232.349,2,0,,1.609,340.61
16:17:13.026,441.508106,43.4047171,6.0134906,232.361,2,0,,1.561,340.61
16:17:13.161,441.642442,43.4047168,6.0134905,232.37,2,9,1.96,1.424,340.72
16:17:13.227,441.709379,43.4047165,6.0134907,232.381,2,0,,1.652,340.72
16:17:13.344,441.826081,43.4047161,6.0134909,232.394,2,0,,2.035,340.72
16:17:13.440,441.922208,43.4047157,6.0134906,232.403,2,10,1.21,1.937,340.88
16:17:13.526,442.008132,43.4047152,6.0134909,232.419,2,0,,0.785,340.88
16:17:13.628,442.110229,43.404715,6.0134909,232.425,2,0,,1.35,340.88
16:17:13.732,442.214238,43.4047147,6.0134901,232.434,2,12,1.07,1.109,341.29
16:17:13.825,442.307124,43.4047144,6.0134903,232.442,2,0,,1.095,341.29
16:17:13.925,442.40716,43.4047142,6.0134904,232.451,2,0,,1.095,341.29
16:17:14.033,442.515128,43.404714,6.0134894,232.453,2,12,1.07,0.789,341.73
16:17:14.127,442.608432,43.4047138,6.0134895,232.459,2,0,,0.763,341.73
16:17:14.226,442.707411,43.4047136,6.0134896,232.465,2,0,,0.763,341.73
16:17:14.331,442.813098,43.4047136,6.0134888,232.462,2,12,1.07,0.669,342.05
16:17:14.429,442.911169,43.4047135,6.0134889,232.467,2,0,,0.639,342.05
16:17:14.528,443.010118,43.4047133,6.013489,232.472,2,0,,1.241,342.05
16:17:14.632,443.113486,43.4047134,6.0134882,232.463,2,13,0.98,1.169,342.34
16:17:14.725,443.207257,43.4047131,6.0134883,232.472,2,0,,1.163,342.34
16:17:14.828,443.310152,43.4047129,6.0134884,232.482,2,0,,0.356,342.34
16:17:14.931,443.413306,43.4047129,6.0134875,232.471,2,12,1.07,0.302,342.68
16:17:15.026,443.508135,43.4047129,6.0134876,232.473,2,0,,0.315,342.68
16:17:15.126,443.608265,43.4047128,6.0134876,232.476,2,0,,0.365,342.68
16:17:15.235,443.716433,43.4047132,6.013487,232.459,2,13,0.98,0.504,342.68
16:17:15.326,443.808151,43.4047132,6.013487,232.459,2,0,,0.493,342.68
16:17:15.425,443.907144,43.4047132,6.013487,232.459,2,0,,0.493,342.68
16:17:15.527,444.00913,43.4047132,6.013487,232.459,2,0,,0.474,342.68
16:17:15.630,444.112073,43.4047132,6.013487,232.459,2,0,,0.382,342.68
16:17:15.727,444.209263,43.4047132,6.013487,232.459,2,0,,0.017,342.68
16:17:15.827,444.309258,43.4047132,6.013487,232.459,2,0,,0.211,342.68
16:17:15.927,444.409136,43.4047132,6.013487,232.459,2,0,,0.319,342.68
16:17:16.029,444.511383,43.4047132,6.013487,232.459,2,0,,0.38,342.68
16:17:16.127,444.608988,43.4047132,6.013487,232.459,2,0,,0.157,342.68
16:17:16.228,444.709493,43.4047132,6.013487,232.459,2,0,,0.232,342.68
16:17:16.327,444.809157,43.4047132,6.013487,232.459,2,0,,0.469,342.68
16:17:16.419,444.901145,43.4047132,6.013487,232.459,2,0,,1.598,342.68
16:17:16.534,445.016193,43.4047132,6.0134865,232.455,2,13,0.98,1.672,342.87
16:17:16.628,445.110274,43.4047128,6.0134867,232.468,2,0,,2.984,342.87
16:17:16.728,445.21036,43.4047121,6.013487,232.492,2,0,,2.511,342.87
16:17:16.825,445.307225,43.4047118,6.0134865,232.497,2,13,0.98,2.476,343.11
16:17:16.928,445.410238,43.4047112,6.0134868,232.517,2,0,,1.902,343.11
16:17:17.027,445.509344,43.4047107,6.013487,232.532,2,0,,1.922,343.11
16:17:17.132,445.613454,43.4047104,6.0134864,232.536,2,14,0.88,2.171,343.4
16:17:17.222,445.703525,43.4047101,6.0134852,232.521,2,7,5.24,2.108,343.91
16:17:17.329,445.811279,43.4047096,6.0134855,232.538,2,0,,1.059,343.91
16:17:17.428,445.910235,43.4047093,6.0134856,232.546,2,0,,0.952,343.91
16:17:17.538,446.020252,43.4047094,6.0134851,232.541,2,14,0.9,1.354,344.06
16:17:17.631,446.113137,43.4047093,6.0134829,232.519,2,13,1.13,2.661,344.94
16:17:17.741,446.222406,43.4047094,6.0134809,232.495,2,14,0.9,3.852,345.7
16:17:17.836,446.318212,43.4047081,6.0134785,232.489,2,11,1.09,4.424,346.84
16:17:17.935,446.417239,43.4047074,6.0134771,232.504,2,10,1.17,4.258,347.45
16:17:18.024,446.506168,43.4047072,6.0134767,232.516,2,9,1.52,4.467,347.56
16:17:18.138,446.620329,43.4047068,6.0134751,232.5,2,11,1.02,4.574,348.18
16:17:18.237,446.718476,43.4047064,6.0134734,232.476,2,11,1.07,4.486,348.8
16:17:18.336,446.818134,43.4047063,6.0134718,232.452,2,11,1.07,4.523,349.35
16:17:18.428,446.910153,43.4047061,6.0134701,232.425,2,11,1.07,4.5,349.91
16:17:18.527,447.009149,43.4047059,6.0134683,232.403,2,10,3.08,4.874,350.53
16:17:18.638,447.119431,43.4047059,6.0134664,232.372,2,11,2.85,4.834,351.12
16:17:18.736,447.217453,43.4047057,6.0134645,232.342,2,10,2.97,5.482,351.7
16:17:18.827,447.309304,43.4047052,6.0134628,232.328,2,10,2.97,6.812,352.28
16:17:18.938,447.420292,43.4047041,6.0134617,232.325,2,11,2.8,6.888,352.68
16:17:19.032,447.51432,43.4047025,6.0134609,232.337,2,10,2.87,7.615,353.07
16:17:19.132,447.614294,43.4047009,6.01346,232.353,2,10,3.43,7.962,353.51
16:17:19.235,447.7164,43.404699,6.0134594,232.366,2,10,3.55,9.093,353.83
16:17:19.331,447.813373,43.4046966,6.0134591,232.401,2,9,3.65,9.682,354.11
16:17:19.430,447.912229,43.4046941,6.013459,232.438,2,8,4.34,10.067,354.33
16:17:19.523,448.005391,43.4046916,6.0134593,232.517,2,0,,11.043,354.33
16:17:19.633,448.115181,43.4046892,6.0134601,232.569,2,8,5.65,12.695,174.08
16:17:19.732,448.214333,43.4046864,6.0134611,232.44,2,9,3.65,13.023,173.81
16:17:19.828,448.310227,43.4046832,6.0134616,232.338,2,0,,13.01,173.81
16:17:19.928,448.410173,43.4046799,6.0134621,232.237,2,0,,13.01,173.81
16:17:20.039,448.521232,43.4046815,6.0134779,232.071,2,16,0.7,11.794,153.82
16:17:20.130,448.611434,43.4046789,6.0134797,231.979,2,0,,11.797,153.82
16:17:20.231,448.712462,43.4046763,6.0134814,231.888,2,0,,13.325,159.18
16:17:20.340,448.822254,43.4046726,6.0134811,231.774,2,17,0.68,14.153,160.17
16:17:20.421,448.903288,43.4046693,6.0134828,231.665,2,0,,14.216,160.17
16:17:20.529,449.011274,43.4046659,6.0134844,231.554,2,0,,14.833,160.09
16:17:20.641,449.123196,43.4046617,6.0134848,231.437,2,17,0.68,15.868,161.96
16:17:20.730,449.212314,43.4046578,6.0134863,231.361,2,0,,14.794,161.56
16:17:20.832,449.314349,43.4046543,6.0134877,231.266,2,0,,14.222,162.49
16:17:20.943,449.425241,43.4046509,6.0134883,231.186,2,17,0.68,14.192,162.17
16:17:21.032,449.514383,43.4046474,6.0134895,231.092,2,0,,13.375,163.62
16:17:21.131,449.612445,43.4046442,6.0134907,231.002,2,0,,12.725,162.61
16:17:21.246,449.727491,43.4046413,6.0134911,230.973,2,17,0.66,12.349,162.39
16:17:21.332,449.81426,43.4046384,6.0134923,230.899,2,0,,12.397,161.79
16:17:21.431,449.913265,43.4046354,6.0134936,230.836,2,0,,11.801,163.15
16:17:21.542,450.024322,43.4046326,6.0134938,230.845,2,18,0.62,11.601,164.14
16:17:21.637,450.119171,43.4046372,6.0135057,230.648,2,7,6.67,11.308,165.28
16:17:21.734,450.216297,43.4046367,6.013509,230.585,2,7,6.67,10.986,166.65
16:17:21.834,450.316266,43.4046351,6.0135101,230.556,2,7,6.67,10.706,168.47
16:17:21.934,450.41628,43.4046334,6.0135093,230.617,2,8,6.29,10.479,167.01
16:17:22.037,450.519298,43.4046316,6.0135081,230.706,2,8,6.29,10.386,164.91
16:17:22.136,450.617577,43.4046296,6.0135065,230.833,2,8,6.29,10.092,176.83
16:17:22.235,450.716592,43.4046277,6.0135048,230.964,2,8,6.29,9.751,174.24
16:17:22.334,450.816296,43.4046257,6.0135034,231.089,5,8,6.29,9.495,171.16
16:17:22.439,450.92132,43.4046237,6.0135021,231.199,5,8,2.72,9.054,170.64
16:17:22.542,451.024305,43.4046286,6.0134864,230.509,5,6,6.28,9.075,171.55
16:17:22.644,451.126241,43.4046308,6.0134776,230.161,5,9,1.45,8.836,173.37
16:17:22.754,451.235714,43.4046323,6.0134711,229.654,5,9,1.45,8.099,192.71
16:17:22.847,451.328497,43.4046328,6.0134668,229.347,5,10,1.41,7.123,192.9
16:17:22.946,451.428245,43.4046331,6.0134635,229.105,5,10,1.41,6.028,195.95
16:17:23.045,451.52723,43.404633,6.0134607,228.853,5,11,1.22,5.221,199.35
16:17:23.175,451.656614,43.4046326,6.0134584,228.783,5,11,1.22,5.495,202.97
16:17:23.249,451.731284,43.404632,6.0134566,228.753,5,11,1.22,5.41,205.73
16:17:23.358,451.840371,43.4046315,6.0134548,228.691,5,12,1.22,5.243,207.92
16:17:23.457,451.939227,43.4046308,6.0134531,228.688,5,12,1.22,4.956,209.56
16:17:23.549,452.031287,43.4046296,6.0134531,228.669,5,12,1.22,4.619,210.43
16:17:23.656,452.137396,43.4046284,6.013453,228.651,5,13,1.0,4.293,211.2
16:17:23.753,452.235256,43.4046274,6.0134526,228.595,5,13,1.0,4.095,211.98
16:17:23.853,452.335267,43.4046266,6.0134519,228.524,5,13,1.01,3.774,215.82
16:17:23.951,452.433303,43.4046259,6.0134512,228.471,5,13,1.01,3.484,216.23
16:17:24.054,452.536231,43.4046251,6.0134506,228.449,5,13,1.01,3.165,216.58
16:17:24.154,452.635465,43.4046244,6.01345,228.422,5,13,1.01,2.961,217.15
16:17:24.253,452.734438,43.4046237,6.0134492,228.425,5,13,1.01,2.85,217.96
16:17:24.350,452.832337,43.404623,6.0134485,228.409,5,13,1.01,2.858,218.16
16:17:24.453,452.93523,43.4046224,6.0134477,228.388,5,13,1.01,2.763,218.57
16:17:24.558,453.040257,43.4046216,6.0134475,228.435,5,12,1.18,2.413,218.82
16:17:24.662,453.143389,43.4046205,6.0134476,228.559,5,13,1.01,2.145,218.85
16:17:24.760,453.24216,43.4046199,6.0134472,228.6,5,12,1.18,1.937,218.88
16:17:24.857,453.339375,43.4046193,6.0134468,228.635,5,12,1.2,1.624,219.23
16:17:24.954,453.436345,43.4046188,6.0134465,228.661,5,12,1.2,1.363,219.5
16:17:25.055,453.537286,43.4046183,6.0134462,228.696,5,12,1.2,1.235,219.64
16:17:25.166,453.647542,43.4046179,6.0134459,228.735,5,12,1.2,1.133,219.61
16:17:25.252,453.734375,43.4046175,6.0134457,228.773,5,11,1.25,0.907,219.61
16:17:25.351,453.833313,43.4046171,6.0134456,228.815,5,11,1.25,0.73,219.61
16:17:25.451,453.933255,43.4046167,6.0134455,228.859,5,11,1.25,0.628,219.61
16:17:25.554,454.035402,43.4046163,6.0134455,228.911,5,11,1.25,0.494,219.61
16:17:25.660,454.141418,43.404616,6.0134454,228.955,5,11,1.08,0.491,219.61
16:17:25.758,454.240242,43.4046155,6.0134453,229.006,5,11,1.08,0.711,219.61
16:17:25.864,454.345481,43.404615,6.0134453,229.055,5,11,1.08,1.115,218.63
16:17:25.963,454.445369,43.4046146,6.0134451,229.093,5,11,1.08,1.567,219.22
16:17:26.063,454.544994,43.4046141,6.0134449,229.138,5,11,1.08,2.004,219.54
16:17:26.178,454.659689,43.4046136,6.0134447,229.176,5,12,0.93,2.146,220.67
16:17:26.265,454.746412,43.4046131,6.0134444,229.218,5,12,0.93,2.241,222.49
16:17:26.363,454.845334,43.4046125,6.013444,229.262,5,12,0.93,2.33,223.27
16:17:26.463,454.944849,43.4046118,6.0134436,229.312,5,12,0.93,2.789,223.73
16:17:26.565,455.047243,43.404611,6.0134429,229.351,5,12,0.94,3.447,224.15
16:17:26.664,455.145408,43.4046102,6.013442,229.387,5,12,0.94,4.306,223.75
16:17:26.760,455.242265,43.4046092,6.0134409,229.401,5,11,0.96,5.119,225.33
16:17:26.861,455.342442,43.4046081,6.0134397,229.403,5,11,0.96,5.925,226.23
16:17:26.961,455.443317,43.404607,6.0134381,229.407,5,11,0.96,6.725,228.47
16:17:27.063,455.545314,43.4046056,6.0134365,229.447,5,11,0.96,7.541,230.25
16:17:27.173,455.654591,43.4046042,6.0134345,229.466,5,12,0.82,8.321,232.02
16:17:27.257,455.739357,43.4046015,6.0134332,229.95,5,15,0.73,9.034,233.75
16:17:27.361,455.843267,43.4045992,6.0134311,230.307,5,12,0.82,9.801,236.05
16:17:27.461,455.943339,43.4045971,6.0134289,230.599,5,12,0.82,10.234,236.08
16:17:27.563,456.045326,43.4045951,6.0134261,230.802,5,11,0.94,10.679,238.35
16:17:27.661,456.143296,43.4045935,6.0134231,230.974,5,11,0.94,11.134,240.44
16:17:27.760,456.241387,43.4045918,6.0134198,231.085,5,11,0.94,11.384,241.04
16:17:27.861,456.342424,43.4045899,6.0134162,231.129,5,11,0.94,12.671,241.03
16:17:27.961,456.443261,43.4045879,6.0134122,231.157,5,11,0.94,13.677,239.97
16:17:28.061,456.543268,43.404586,6.0134081,231.148,5,11,0.94,14.923,240.24
16:17:28.161,456.643398,43.404584,6.0134037,231.151,5,11,0.94,15.573,240.53
16:17:28.259,456.740418,43.4045818,6.0133991,231.15,5,11,0.94,16.092,239.54
16:17:28.358,456.840306,43.4045794,6.0133942,231.131,5,11,0.94,17.033,238.44
16:17:28.461,456.943293,43.4045772,6.0133889,231.124,5,11,0.94,18.083,238.97
16:17:28.562,457.044272,43.4045748,6.0133834,231.091,5,11,1.02,18.622,239.37
16:17:28.662,457.144322,43.4045721,6.0133777,231.073,5,11,0.99,19.694,238.27
16:17:28.762,457.244247,43.4045692,6.0133719,231.047,5,11,1.04,20.555,237.24
16:17:28.861,457.343366,43.4045663,6.0133658,231.026,5,9,1.92,21.772,236.69
16:17:28.961,457.442412,43.4045632,6.0133596,231.012,5,9,1.92,22.47,236.69
16:17:29.058,457.54036,43.40456,6.0133533,231.023,5,9,1.92,22.859,236.02
16:17:29.169,457.650571,43.4045565,6.0133469,231.017,5,9,1.92,23.465,234.63
16:17:29.255,457.736581,43.4045529,6.0133405,231.014,5,10,1.64,24.08,233.07
16:17:29.353,457.835351,43.4045493,6.0133341,230.985,5,10,1.64,25.576,232.61
16:17:29.452,457.934271,43.404545,6.0133271,230.976,5,9,7.48,22.565,231.14
16:17:29.550,458.031633,43.4045413,6.0133212,230.933,5,8,2.09,26.535,230.86
16:17:29.654,458.135485,43.4045373,6.0133144,230.901,5,8,2.63,23.556,231.12
16:17:29.751,458.233332,43.4045335,6.0133077,230.844,5,8,2.6,26.667,237.47
16:17:29.855,458.337346,43.4045295,6.0133006,230.78,5,9,2.15,25.847,233.11
16:17:29.954,458.435449,43.4045254,6.0132934,230.709,5,9,2.07,27.591,232.47
16:17:30.056,458.538263,43.4045211,6.013286,230.65,5,8,2.8,28.008,232.24
16:17:30.167,458.648615,43.4045166,6.0132785,230.597,5,8,2.8,28.976,232.02
16:17:30.255,458.737374,43.4045121,6.0132708,230.557,5,8,2.8,29.2,227.79
16:17:30.353,458.83527,43.4045071,6.0132629,230.543,5,7,3.19,29.871,236.52
16:17:30.456,458.938335,43.4045026,6.0132548,230.545,5,7,3.19,28.239,233.46
16:17:30.555,459.037295,43.4044981,6.0132467,230.516,5,8,2.6,28.728,232.93
16:17:30.656,459.137442,43.4044934,6.0132381,230.49,5,8,2.55,33.021,233.25
16:17:30.754,459.236265,43.4044884,6.0132288,230.491,5,8,2.6,30.701,234.01
16:17:30.861,459.342462,43.4044839,6.0132198,230.51,5,8,1.79,33.451,235.57
16:17:30.960,459.442337,43.4044793,6.0132101,230.525,5,7,2.4,32.077,237.21
16:17:31.060,459.541538,43.4044755,6.0132004,230.558,5,8,1.52,33.13,239.86
16:17:31.172,459.653646,43.4044716,6.0131901,230.591,5,10,1.23,32.323,241.6
16:17:31.263,459.744434,43.4044679,6.0131803,230.634,5,7,2.56,34.171,242.57
16:17:31.360,459.841409,43.4044642,6.0131696,230.71,5,8,1.46,35.166,244.34
16:17:31.462,459.944274,43.4044606,6.0131581,230.753,5,11,1.08,35.04,246.15
16:17:31.562,460.044345,43.4044571,6.0131465,230.795,5,11,1.04,35.964,247.74
16:17:31.661,460.143322,43.4044539,6.0131347,230.818,5,12,0.96,36.347,249.45
16:17:31.761,460.24327,43.404451,6.0131229,230.824,5,8,1.31,36.047,251.28
16:17:31.860,460.341391,43.4044483,6.0131111,230.804,5,5,0.98,36.41,252.33
16:17:31.960,460.441402,43.4044456,6.0130992,230.808,5,4,0.98,37.021,252.7
16:17:32.056,460.538319,43.4044429,6.0130871,230.805,2,16,0.7,36.633,252.92
16:17:32.158,460.639445,43.4044404,6.013075,230.802,2,17,0.65,36.542,253.29
16:17:32.247,460.728584,43.4044379,6.0130629,230.792,2,11,1.3,36.934,253.42
16:17:32.346,460.828351,43.4044355,6.0130507,230.783,2,11,1.3,36.599,253.61
16:17:32.440,460.921423,43.4044332,6.0130385,230.767,2,11,1.3,36.703,253.89
16:17:32.549,461.031282,43.4044309,6.0130261,230.742,2,11,1.3,37.686,254.14
16:17:32.647,461.129163,43.4044287,6.0130136,230.719,2,11,1.3,38.047,254.2
16:17:32.750,461.231406,43.4044264,6.0130006,230.712,2,12,1.39,38.353,254.67
16:17:32.852,461.334308,43.4044242,6.0129876,230.676,2,12,1.39,38.235,253.59
16:17:32.951,461.432457,43.4044222,6.0129747,230.596,2,12,1.39,37.97,252.39
16:17:33.051,461.532498,43.4044204,6.0129624,230.501,2,12,1.32,36.879,254.58
16:17:33.178,461.659649,43.4044194,6.0129503,230.361,2,11,1.35,35.955,257.5
16:17:33.250,461.732354,43.4044205,6.0129384,230.176,2,11,1.76,34.445,259.3
16:17:33.365,461.847263,43.4044217,6.0129279,230.001,2,10,1.92,32.801,260.22
16:17:33.455,461.937347,43.4044243,6.012919,229.816,2,10,1.93,30.343,266.4
16:17:33.540,462.022269,43.4044304,6.0129128,229.618,2,10,1.8,26.465,265.87
16:17:33.638,462.120293,43.4044367,6.0129066,229.493,2,10,1.8,23.817,266.49
16:17:33.747,462.22937,43.4044426,6.0129004,229.437,2,10,1.8,22.315,285.86
16:17:33.844,462.326285,43.4044471,6.0128939,229.399,2,10,1.8,21.674,285.16
16:17:33.946,462.427418,43.4044539,6.0128889,229.394,2,10,1.8,21.596,284.99
16:17:34.039,462.520635,43.4044671,6.0128876,229.541,5,10,1.8,25.306,316.72
16:17:34.151,462.632539,43.4044759,6.0128844,229.363,5,8,2.23,27.654,319.35
16:17:34.249,462.730543,43.4044865,6.0128827,229.09,5,5,2.31,29.038,339.03
16:17:34.348,462.829654,43.4044972,6.0128806,228.934,5,4,2.31,31.808,338.16
16:17:34.440,462.921517,43.4045099,6.0128759,229.435,5,5,2.31,34.003,341.53
16:17:34.552,463.033433,43.4045218,6.0128742,229.372,5,6,31.74,35.773,341.53
16:17:34.648,463.129872,43.4045344,6.0128722,229.448,5,7,1.8,36.521,344.58
16:17:34.748,463.230335,43.4045465,6.012868,229.758,5,5,1.63,35.681,344.58
16:17:34.842,463.323383,43.4045573,6.0128656,229.751,5,5,1.63,36.055,343.36
16:17:34.949,463.431373,43.4045675,6.0128627,229.886,5,4,1.63,35.342,343.36
16:17:35.048,463.529523,43.4045774,6.01286,229.979,5,4,1.57,33.432,344.16
16:17:35.149,463.630459,43.4045864,6.0128567,230.009,2,11,1.75,32.979,344.16
16:17:35.241,463.722568,43.4045946,6.0128514,229.948,2,11,1.84,32.49,342.55
16:17:35.350,463.831544,43.4046022,6.012844,229.719,2,11,1.84,32.912,339.86
16:17:35.448,463.930356,43.4046095,6.0128398,229.559,2,11,1.84,31.63,339.56
16:17:35.542,464.024296,43.4046157,6.0128337,229.407,2,12,1.32,30.793,339.12
16:17:35.641,464.122597,43.4046205,6.0128265,229.226,2,12,1.32,28.71,338.2
16:17:35.749,464.231349,43.4046254,6.0128208,229.123,2,11,1.84,26.298,338.32
16:17:35.840,464.32143,43.4046295,6.0128146,229.07,2,12,1.21,24.422,337.76
16:17:35.942,464.42438,43.4046327,6.0128075,229.091,2,13,1.01,23.02,333.15
16:17:36.044,464.525558,43.4046344,6.0127992,229.14,2,13,1.0,21.163,332.27
16:17:36.153,464.634455,43.4046343,6.0127901,229.123,2,13,1.0,18.687,331.4
16:17:36.240,464.72168,43.4046325,6.0127799,229.111,2,12,1.19,16.151,321.85
16:17:36.340,464.821395,43.404629,6.0127687,229.166,2,11,1.75,14.349,322.06
16:17:36.439,464.921366,43.4046244,6.0127567,229.249,2,11,1.82,13.97,323.23
16:17:36.550,465.032287,43.4046183,6.0127445,229.354,2,12,1.28,14.642,324.99
16:17:36.648,465.130308,43.4046114,6.0127324,229.486,2,12,1.28,16.581,276.19
16:17:36.741,465.223339,43.4045922,6.0127072,229.996,2,12,1.28,24.302,276.27
16:17:36.840,465.322316,43.4045768,6.0126912,229.935,2,11,1.35,34.868,279.14
16:17:36.950,465.431513,43.4045664,6.0126796,230.247,2,11,1.35,37.775,221.31
16:17:37.040,465.522325,43.4045568,6.0126673,230.551,2,12,1.15,38.033,219.89
16:17:37.146,465.62754,43.4045474,6.0126563,230.723,2,13,1.05,38.46,216.7
16:17:37.243,465.724737,43.4045381,6.0126459,230.96,2,13,1.05,38.781,215.83
16:17:37.352,465.833429,43.4045293,6.0126367,231.19,2,13,1.05,39.153,213.66
16:17:37.440,465.922363,43.4045207,6.0126285,231.361,2,12,1.15,39.572,213.64
16:17:37.544,466.026306,43.4045122,6.0126199,231.652,5,12,1.1,40.122,212.41
16:17:37.646,466.128372,43.4045037,6.0126116,231.801,5,10,1.2,40.653,214.39
16:17:37.754,466.235481,43.4044951,6.0126039,231.76,5,11,1.2,41.035,213.63
16:17:37.844,466.325459,43.4044864,6.0125965,231.595,5,11,1.2,41.429,213.75
16:17:37.947,466.428417,43.4044777,6.0125891,231.379,5,11,1.2,41.796,213.06
16:17:38.045,466.52738,43.4044689,6.0125819,231.072,5,11,1.2,42.109,213.04
16:17:38.156,466.637518,43.4044601,6.0125743,230.884,5,11,1.2,42.503,212.29
16:17:38.245,466.726577,43.4044513,6.0125662,230.722,5,11,1.2,42.892,212.85
16:17:38.348,466.830301,43.4044426,6.0125577,230.55,5,11,1.2,43.426,214.26
16:17:38.448,466.929389,43.4044341,6.0125488,230.439,5,12,1.08,43.87,216.08
16:17:38.548,467.030321,43.4044257,6.0125392,230.377,5,12,1.08,44.02,217.98
16:17:38.648,467.129509,43.4044175,6.0125292,230.313,5,13,0.94,44.398,219.95
16:17:38.752,467.233452,43.4044096,6.0125186,230.272,5,13,0.94,44.581,222.56
16:17:38.850,467.331408,43.4044019,6.0125076,230.229,5,13,0.94,44.855,224.8
16:17:38.959,467.440426,43.4043943,6.0124964,230.215,5,13,0.94,45.002,226.72
16:17:39.059,467.540513,43.4043868,6.0124847,230.222,5,13,0.94,45.367,227.93
16:17:39.159,467.640489,43.4043796,6.0124727,230.232,5,13,0.94,45.752,229.66
16:17:39.250,467.731673,43.4043725,6.0124601,230.248,5,12,0.96,46.052,231.41
16:17:39.349,467.831341,43.4043657,6.0124471,230.263,5,12,0.96,46.23,233.92
16:17:39.448,467.929496,43.4043592,6.0124338,230.268,5,12,0.98,46.469,235.89
16:17:39.557,468.039331,43.4043529,6.0124201,230.274,5,12,0.98,46.665,238.1
16:17:39.650,468.13231,43.4043468,6.0124061,230.273,5,12,0.92,46.93,239.51
16:17:39.749,468.230478,43.404341,6.0123918,230.269,5,12,0.92,46.995,241.42
16:17:39.849,468.330515,43.4043355,6.0123772,230.266,5,12,0.92,47.215,243.1
16:17:39.950,468.431434,43.4043303,6.0123623,230.265,5,12,0.93,47.402,244.83
16:17:40.052,468.533473,43.4043255,6.0123472,230.263,5,13,0.91,47.519,246.65
16:17:40.151,468.632605,43.4043209,6.0123319,230.259,5,13,0.91,47.878,248.42
16:17:40.249,468.730715,43.4043166,6.0123163,230.255,5,13,0.91,48.035,249.58
16:17:40.352,468.83344,43.4043126,6.0123005,230.249,5,13,0.91,48.287,251.06
16:17:40.452,468.933436,43.4043088,6.0122845,230.255,5,13,0.91,48.511,252.21
16:17:40.553,469.03439,43.4043051,6.0122682,230.266,5,12,0.93,49.015,253.01
16:17:40.650,469.131475,43.4043016,6.0122519,230.282,5,12,0.93,49.245,253.81
16:17:40.753,469.234483,43.4042983,6.0122355,230.299,5,12,0.93,49.309,254.85
16:17:40.852,469.333381,43.4042952,6.0122189,230.322,5,12,0.93,49.539,255.82
16:17:40.950,469.431428,43.4042923,6.0122022,230.346,5,12,0.93,49.735,256.85
16:17:41.051,469.532555,43.4042895,6.0121852,230.367,5,12,0.93,50.058,257.75
16:17:41.163,469.644506,43.4042869,6.0121682,230.391,5,12,0.97,50.382,258.03
16:17:41.254,469.735666,43.4042844,6.0121511,230.407,5,12,0.97,50.661,258.55
16:17:41.354,469.835394,43.404282,6.012134,230.425,5,12,0.97,50.56,258.88
16:17:41.452,469.93341,43.4042797,6.0121167,230.438,5,12,0.97,50.715,259.37
16:17:41.554,470.036338,43.4042773,6.0120993,230.444,5,12,0.96,51.026,259.56
16:17:41.653,470.13439,43.404275,6.0120819,230.45,5,12,0.96,51.252,259.35
16:17:41.761,470.242478,43.4042727,6.0120644,230.445,5,12,0.96,51.504,259.9
16:17:41.848,470.330336,43.4042706,6.0120468,230.444,5,11,1.17,51.693,260.48
16:17:41.950,470.43234,43.4042685,6.0120292,230.438,5,10,1.4,52.236,260.89
16:17:42.050,470.531421,43.4042665,6.0120114,230.428,5,10,1.4,52.484,261.16
16:17:42.158,470.639609,43.4042645,6.0119936,230.427,5,10,1.4,52.523,261.52
16:17:42.247,470.728619,43.4042626,6.0119757,230.421,5,10,1.4,52.578,261.57
16:17:42.351,470.832382,43.4042606,6.0119577,230.417,5,10,1.4,52.636,261.58
16:17:42.446,470.927364,43.404259,6.0119391,230.525,5,12,1.22,52.86,261.58
16:17:42.547,471.029365,43.4042573,6.01192,230.672,5,10,1.32,53.404,261.52
16:17:42.648,471.129472,43.4042557,6.0119014,230.8,5,10,1.3,53.547,261.44
16:17:42.750,471.231485,43.404254,6.0118827,230.927,5,10,1.3,53.704,261.47
16:17:42.851,471.332446,43.4042521,6.0118636,231.051,5,10,1.3,53.888,261.52
16:17:42.949,471.431346,43.4042502,6.0118445,231.164,5,10,1.29,54.121,261.35
16:17:43.050,471.531498,43.4042482,6.0118254,231.284,5,10,1.29,54.249,261.01
16:17:43.181,471.662757,43.4042461,6.0118064,231.401,5,10,1.29,54.623,260.86
16:17:43.253,471.734428,43.4042441,6.0117875,231.508,5,10,1.29,54.68,260.87
16:17:43.362,471.844351,43.4042421,6.0117685,231.609,5,11,1.12,55.253,260.93
16:17:43.472,471.953409,43.4042401,6.0117495,231.711,5,11,1.12,55.136,260.86
16:17:43.554,472.035393,43.404238,6.0117305,231.813,5,11,1.12,55.323,260.83
16:17:43.653,472.134368,43.404236,6.0117114,231.898,5,10,1.29,55.832,260.97
16:17:43.751,472.232415,43.4042342,6.0116923,231.963,5,10,1.29,55.553,261.5
16:17:43.850,472.33138,43.4042325,6.011673,232.007,5,10,1.29,56.619,262.22
16:17:43.952,472.434365,43.4042308,6.0116537,232.045,5,10,1.29,55.977,262.66
16:17:44.052,472.533503,43.4042291,6.0116344,232.078,5,10,1.29,57.216,262.78
16:17:44.159,472.640538,43.4042273,6.0116149,232.103,5,10,1.29,55.775,262.26
16:17:44.247,472.7286,43.4042253,6.0115954,232.139,5,10,1.32,58.197,261.93
16:17:44.349,472.831335,43.4042234,6.0115758,232.176,5,10,1.32,55.806,261.96
16:17:44.449,472.930464,43.4042215,6.0115564,232.206,5,11,1.13,57.888,262.12
16:17:44.542,473.023437,43.4042196,6.0115366,232.245,5,11,1.13,55.875,262.24
16:17:44.647,473.128451,43.4042178,6.0115169,232.265,5,11,1.13,59.033,262.51
16:17:44.751,473.232536,43.4042158,6.0114969,232.286,5,11,1.13,56.443,262.27
16:17:44.850,473.331443,43.4042139,6.0114772,232.314,5,11,1.13,59.364,262.27
16:17:44.948,473.429399,43.4042119,6.0114571,232.337,5,11,1.13,57.147,262.17
16:17:45.051,473.533264,43.4042099,6.0114375,232.352,5,11,1.12,59.892,262.29
16:17:45.156,473.637587,43.4042079,6.0114174,232.366,5,11,1.12,57.475,262.19
16:17:45.255,473.736627,43.404206,6.0113976,232.365,5,11,1.12,60.307,262.33
16:17:45.356,473.8374,43.404204,6.0113774,232.361,5,11,1.12,57.753,262.11
16:17:45.444,473.925428,43.404202,6.0113575,232.35,5,10,1.37,60.996,262.22
16:17:45.548,474.030366,43.4042,6.0113372,232.334,5,10,1.37,58.445,262.17
16:17:45.646,474.12836,43.404198,6.0113172,232.31,5,10,1.37,60.603,262.24
16:17:45.742,474.223891,43.404196,6.0112969,232.283,5,9,1.58,58.421,262.01
16:17:45.850,474.33146,43.4041939,6.0112768,232.262,5,9,1.58,60.407,261.94
16:17:45.953,474.434476,43.404192,6.0112563,232.284,5,9,1.58,59.331,262.3
16:17:46.052,474.533655,43.4041902,6.0112357,232.316,5,9,1.58,60.181,262.9
16:17:46.152,474.633599,43.4041887,6.0112152,232.298,5,9,1.58,60.042,263.85
16:17:46.250,474.731603,43.4041871,6.0111945,232.275,5,9,1.45,61.218,262.91
16:17:46.352,474.834337,43.4041853,6.0111737,232.301,5,9,1.45,61.794,263.38
16:17:46.451,474.932458,43.4041836,6.0111529,232.33,5,9,1.45,62.279,263.54
16:17:46.549,475.031359,43.4041819,6.011132,232.373,5,9,2.1,59.923,263.55
16:17:46.650,475.13146,43.4041803,6.0111114,232.381,5,10,1.34,62.205,263.81
16:17:46.752,475.233571,43.4041785,6.0110904,232.397,5,10,1.34,60.338,263.52
16:17:46.851,475.332412,43.4041767,6.0110696,232.402,5,11,1.1,62.161,263.32
16:17:46.962,475.443425,43.4041748,6.0110485,232.422,5,11,1.1,60.505,263.09
16:17:47.052,475.533416,43.4041731,6.0110276,232.439,5,11,1.1,62.172,263.38
16:17:47.164,475.645694,43.4041713,6.0110065,232.448,5,11,1.1,61.449,263.35
16:17:47.253,475.734579,43.4041695,6.0109855,232.458,5,11,1.12,61.646,263.44
16:17:47.356,475.837642,43.4041678,6.0109645,232.469,5,11,1.1,61.12,263.65
16:17:47.463,475.944417,43.4041662,6.0109435,232.474,5,11,1.1,62.87,263.8
16:17:47.556,476.037413,43.4041645,6.0109223,232.473,5,11,1.1,60.966,263.95
16:17:47.656,476.137503,43.4041628,6.0109012,232.491,5,12,0.95,63.379,264.09
16:17:47.757,476.238485,43.4041613,6.0108799,232.502,5,12,0.95,60.181,264.24
16:17:47.855,476.336466,43.4041597,6.0108589,232.507,5,12,0.95,64.376,264.49
16:17:47.959,476.440389,43.4041582,6.0108374,232.495,5,11,1.0,59.457,264.4
16:17:48.057,476.538479,43.4041566,6.0108165,232.519,5,12,0.97,64.735,264.6
16:17:48.164,476.645668,43.4041551,6.0107949,232.48,5,11,1.0,59.271,264.52
16:17:48.253,476.734632,43.4041537,6.010774,232.494,5,12,0.97,64.963,264.73
16:17:48.356,476.838354,43.4041521,6.010752,232.48,5,10,1.52,61.522,264.44
16:17:48.456,476.937411,43.4041507,6.0107311,232.515,5,13,0.93,63.322,264.87
16:17:48.555,477.03637,43.4041492,6.0107098,232.561,5,13,0.93,61.216,264.69
16:17:48.654,477.135621,43.4041477,6.0106886,232.599,5,13,0.93,64.057,264.55
16:17:48.757,477.238661,43.4041461,6.0106671,232.632,5,13,0.93,60.701,264.45
16:17:48.856,477.337684,43.4041446,6.010646,232.642,5,13,0.93,64.681,264.43
16:17:48.954,477.435666,43.4041428,6.0106244,232.668,5,13,0.96,60.544,263.71
16:17:49.054,477.535553,43.4041408,6.0106034,232.679,5,12,1.04,65.027,263.03
16:17:49.157,477.63858,43.4041387,6.0105818,232.734,5,13,0.94,61.749,262.4
16:17:49.255,477.736691,43.4041365,6.0105606,232.778,5,13,0.96,63.931,262.08
16:17:49.353,477.834482,43.4041343,6.0105391,232.809,5,13,0.96,61.196,262.08
16:17:49.446,477.927405,43.4041322,6.0105178,232.819,5,13,0.96,64.839,262.21
16:17:49.550,478.031382,43.4041301,6.0104962,232.844,5,13,0.96,60.92,262.24
16:17:49.649,478.130388,43.404128,6.010475,232.895,5,13,0.96,65.574,262.67
16:17:49.750,478.231484,43.404126,6.0104531,232.924,5,13,0.96,64.79,262.85
16:17:49.847,478.328385,43.4041241,6.0104316,232.952,5,13,0.96,62.64,262.99
16:17:49.948,478.429543,43.4041222,6.0104102,232.969,5,13,0.96,61.285,263.01
16:17:50.049,478.530382,43.4041204,6.0103888,233.002,5,12,1.06,65.237,263.46
16:17:50.165,478.646666,43.4041187,6.0103668,233.075,5,12,1.08,60.964,264.01
16:17:50.253,478.734765,43.4041174,6.0103455,233.103,5,12,1.06,64.6,264.94
16:17:50.356,478.837493,43.4041162,6.0103236,233.136,5,12,0.97,61.375,265.67
16:17:50.454,478.935411,43.4041153,6.0103022,233.207,5,12,1.06,64.681,266.65
16:17:50.554,479.035478,43.4041146,6.0102801,233.242,5,12,0.97,61.479,267.64
16:17:50.655,479.136467,43.4041142,6.0102586,233.304,5,11,1.13,64.103,268.69
16:17:50.755,479.236433,43.4041142,6.0102366,233.339,5,11,1.12,61.923,269.73
16:17:50.854,479.335391,43.4041146,6.0102152,233.367,5,11,1.1,64.246,270.96
16:17:50.954,479.435469,43.4041152,6.0101933,233.419,5,11,1.12,61.886,272.03
16:17:51.055,479.536681,43.4041161,6.0101718,233.464,5,10,1.26,63.857,273.26
16:17:51.163,479.644529,43.4041171,6.0101502,233.453,5,6,3.28,61.479,273.93
16:17:51.258,479.739676,43.4041185,6.0101293,233.496,5,7,3.23,62.275,274.96
16:17:51.356,479.837519,43.4041201,6.0101083,233.5,5,4,0.88,62.405,275.64
16:17:51.452,479.93345,43.4041218,6.010087,233.521,2,17,0.61,60.949,275.98
16:17:51.557,480.038394,43.4041236,6.0100663,233.54,2,17,0.61,59.82,276.39
16:17:51.656,480.137425,43.4041256,6.0100459,233.555,2,17,0.64,59.412,276.98
16:17:51.758,480.239522,43.4041277,6.0100257,233.566,2,18,0.54,59.19,277.18
16:17:51.853,480.334488,43.4041299,6.0100056,233.571,2,17,0.6,57.282,277.52
16:17:51.955,480.436402,43.4041322,6.009986,233.569,2,17,0.6,57.747,277.72
16:17:52.053,480.534405,43.4041344,6.0099665,233.559,2,17,0.62,56.577,277.87
16:17:52.155,480.637157,43.4041367,6.0099474,233.547,2,18,0.56,55.112,277.94
16:17:52.253,480.734706,43.4041395,6.0099287,233.535,2,18,0.56,54.869,278.45
16:17:52.356,480.837431,43.4041421,6.0099102,233.511,2,17,0.62,54.677,278.58
16:17:52.451,480.93242,43.404145,6.0098919,233.484,2,16,0.7,53.219,278.86
16:17:52.554,481.035493,43.404148,6.009874,233.468,2,17,0.6,52.36,279.08
16:17:52.650,481.13139,43.404151,6.0098565,233.47,2,16,0.72,51.228,279.33
16:17:52.757,481.238496,43.4041543,6.0098392,233.471,2,17,0.6,50.904,279.64
16:17:52.854,481.335572,43.4041577,6.0098222,233.504,2,16,0.68,50.321,280.01
16:17:52.952,481.433593,43.4041611,6.0098056,233.552,5,16,0.68,48.176,280.35
16:17:53.052,481.533472,43.4041657,6.0097899,233.511,5,12,0.97,47.102,281.01
16:17:53.180,481.6617,43.4041697,6.0097749,233.474,2,16,0.72,45.557,281.53
16:17:53.253,481.734653,43.4041729,6.00976,233.462,2,16,0.72,44.733,281.79
16:17:53.352,481.833501,43.4041779,6.0097414,233.445,5,4,1.2,42.737,282.45
16:17:53.461,481.942438,43.4041808,6.0097265,233.479,2,15,0.72,44.441,282.62
16:17:53.556,482.037539,43.4041839,6.009712,233.532,2,17,0.61,44.405,282.82
16:17:53.653,482.134412,43.4041874,6.0096969,233.573,2,16,0.72,47.056,283.23
16:17:53.752,482.233456,43.4041907,6.0096819,233.608,2,15,0.72,45.744,283.4
16:17:53.845,482.326416,43.4041948,6.0096663,233.631,2,16,0.73,45.559,283.82
16:17:53.956,482.437484,43.4041985,6.0096523,233.651,2,18,0.63,45.38,284.18
16:17:54.052,482.533468,43.4042022,6.0096387,233.677,2,18,0.64,44.309,284.48
16:17:54.153,482.634596,43.404206,6.0096263,233.708,2,16,0.64,42.972,284.87
16:17:54.261,482.742545,43.4042099,6.0096146,233.733,2,15,0.68,41.214,285.28
16:17:54.352,482.833438,43.4042138,6.0096034,233.714,2,15,0.68,39.474,285.7
16:17:54.451,482.932476,43.4042174,6.0095911,233.713,2,15,0.68,39.101,285.94
16:17:54.545,483.026921,43.4042211,6.0095757,233.729,2,0,0.96,42.74,286.25
16:17:54.641,483.122457,43.4042241,6.0095616,233.742,2,0,1.81,42.74,286.25
16:17:54.751,483.232523,43.4042283,6.0095489,233.752,2,19,0.55,42.409,286.6
16:17:54.843,483.324495,43.4042313,6.0095351,233.765,2,0,1.81,42.155,286.6
16:17:54.942,483.423428,43.4042343,6.0095212,233.777,2,0,1.81,42.155,286.6
16:17:55.043,483.52441,43.4042389,6.0095095,233.787,2,19,0.56,43.418,287.06
16:17:55.144,483.625623,43.404242,6.0094952,233.8,2,0,2.17,43.426,287.06
16:17:55.243,483.724458,43.4042451,6.0094809,233.813,2,0,2.94,43.426,286.63
16:17:55.347,483.82855,43.4042499,6.0094701,233.825,2,18,0.59,43.426,287.15
16:17:55.434,483.915525,43.404253,6.009456,233.838,2,0,2.94,42.983,286.75
16:17:55.543,484.024556,43.4042562,6.0094418,233.851,2,0,2.94,42.963,286.75
16:17:55.640,484.121556,43.4042626,6.0094344,233.641,2,18,0.59,43.403,290.07
16:17:55.741,484.222508,43.4042665,6.0094211,233.576,2,0,2.94,41.929,290.07
16:17:55.837,484.318459,43.4042762,6.0094104,233.182,2,0,2.94,43.122,292.24
16:17:55.953,484.434479,43.404282,6.0094119,233.112,2,18,0.59,41.9,294.84
16:17:56.035,484.516534,43.4042876,6.0094012,232.952,2,0,2.23,38.559,303.65
16:17:56.153,484.634614,43.4042934,6.0093906,232.779,2,0,2.94,38.586,303.65
16:17:56.242,484.723817,43.4042979,6.0094062,232.848,2,18,0.6,35.049,308.83
16:17:56.335,484.816502,43.4043037,6.0093992,232.688,2,0,2.91,30.78,308.83
16:17:56.435,484.916464,43.4042994,6.0094028,232.025,2,0,1.77,23.437,320.7
16:17:56.549,485.03052,43.4043046,6.009428,232.568,2,18,0.61,20.509,321.96
16:17:56.641,485.122438,43.40431,6.0094252,232.47,2,0,1.58,18.724,321.96
16:17:56.749,485.230537,43.4043141,6.0094239,232.289,2,0,1.58,18.14,336.04
16:17:56.850,485.331457,43.4043168,6.0094673,232.957,2,17,0.63,15.268,336.47
16:17:56.945,485.426423,43.40432,6.0094705,232.824,2,0,2.15,18.868,336.47
16:17:57.039,485.520434,43.404324,6.0094745,232.725,2,0,2.15,19.739,336.47
16:17:57.152,485.633697,43.4043267,6.0095969,235.389,2,17,0.63,42.253,43.28
16:17:57.240,485.721765,43.4043188,6.0096058,234.084,2,0,2.17,48.508,46.75
16:17:57.344,485.825501,43.4043226,6.0096199,233.864,2,0,2.17,52.034,70.89
16:17:57.444,485.925499,43.4043248,6.0096523,233.995,2,17,0.66,54.293,78.43
16:17:57.547,486.028549,43.4043273,6.0096739,233.97,2,0,2.17,55.727,78.45
16:17:57.637,486.118519,43.4043297,6.0096976,233.945,2,0,1.81,56.292,78.33
16:17:57.751,486.232604,43.4043327,6.0097306,234.201,2,17,0.63,56.23,77.54
16:17:57.839,486.320433,43.4043351,6.0097528,234.817,2,0,1.81,55.03,75.6
16:17:57.938,486.41944,43.4043385,6.009772,235.114,2,0,1.81,55.078,74.68
16:17:58.045,486.526439,43.4043436,6.0097996,235.198,2,17,0.61,55.023,73.64
16:17:58.147,486.628652,43.4043482,6.0098176,234.667,2,0,1.83,56.208,70.92
16:17:58.239,486.720815,43.4043532,6.0098363,234.531,2,0,1.83,57.225,71.13
16:17:58.355,486.836486,43.4043588,6.0098629,234.604,2,16,0.62,57.09,71.11
16:17:58.436,486.917499,43.4043627,6.0098792,234.431,2,0,1.83,54.788,71.52
16:17:58.546,487.02754,43.4043669,6.0098966,234.352,2,0,1.16,54.11,71.55
16:17:58.646,487.127598,43.4043724,6.0099223,234.404,2,16,0.62,53.865,71.68
16:17:58.739,487.22049,43.4043771,6.0099405,234.124,2,0,1.16,54.925,71.67
16:17:58.837,487.318459,43.4043815,6.0099583,234.158,2,0,1.16,54.945,71.62
16:17:58.955,487.436482,43.404387,6.009984,234.197,2,16,0.62,55.036,71.56
16:17:59.040,487.521515,43.4043913,6.0100022,234.162,2,0,1.16,55.547,72.02
16:17:59.149,487.630611,43.4043955,6.0100204,234.168,2,0,1.16,55.751,72.34
16:17:59.246,487.727825,43.404401,6.0100461,234.201,2,16,0.6,55.958,72.45
16:17:59.345,487.826647,43.404405,6.0100641,234.289,2,0,1.22,55.343,72.08
16:17:59.439,487.920441,43.4044095,6.0100826,234.277,2,0,1.22,56.203,72.26
16:17:59.546,488.027483,43.404415,6.0101082,234.305,2,16,0.6,56.406,72.43
16:17:59.635,488.116499,43.4044193,6.0101268,234.403,2,0,1.96,56.927,72.1
16:17:59.744,488.225559,43.4044237,6.0101453,234.482,2,0,1.96,56.953,71.99
16:17:59.847,488.328446,43.4044294,6.010171,234.513,2,16,0.6,57.127,72.11
16:17:59.937,488.418461,43.4044339,6.0101896,234.448,2,0,1.96,57.369,72.01
16:18:00.035,488.516463,43.4044385,6.0102084,234.385,2,0,1.96,57.634,71.88
16:18:00.155,488.636723,43.4044443,6.010234,234.408,2,16,0.6,57.831,71.81
16:18:00.238,488.719749,43.4044488,6.0102529,234.386,2,0,1.96,58.084,71.83
16:18:00.338,488.819509,43.4044535,6.0102718,234.367,2,0,1.22,58.31,71.62
16:18:00.445,488.926557,43.4044594,6.0102975,234.389,2,16,0.6,58.514,71.56
16:18:00.546,489.027456,43.4044639,6.0103167,234.337,2,0,1.22,58.929,71.97
16:18:00.639,489.120452,43.4044682,6.010336,234.331,2,0,1.22,59.09,72.86
16:18:00.756,489.237611,43.4044739,6.0103618,234.348,2,16,0.6,59.312,73.15
16:18:00.837,489.318471,43.4044778,6.0103814,234.324,2,0,1.22,59.49,74.28
16:18:00.945,489.426484,43.4044818,6.0104009,234.335,2,0,1.22,59.371,74.64
16:18:01.048,489.529492,43.4044869,6.0104268,234.35,2,16,0.6,59.484,75.13
16:18:01.151,489.63275,43.4044915,6.010446,234.324,5,12,0.83,59.173,75.66
16:18:01.242,489.723682,43.4044959,6.0104651,234.21,5,10,1.39,58.434,75.76
16:18:01.354,489.83544,43.4045003,6.0104838,234.079,5,10,1.39,57.562,75.86
16:18:01.445,489.926537,43.4045047,6.0105026,233.792,5,10,1.39,56.432,76.26
16:18:01.554,490.035648,43.4045086,6.0105214,233.741,5,10,1.39,55.888,76.47
16:18:01.639,490.120838,43.4045122,6.0105402,233.697,5,10,1.44,55.267,76.82
16:18:01.748,490.229755,43.4045158,6.0105586,233.535,5,10,1.44,54.545,77.86
16:18:01.845,490.326455,43.4045191,6.0105769,233.49,5,10,1.39,53.878,78.23
16:18:01.943,490.424495,43.4045222,6.010595,233.456,5,10,1.39,53.021,78.93
16:18:02.044,490.525564,43.404525,6.010613,233.443,5,10,1.39,52.402,79.74
16:18:02.146,490.627733,43.4045271,6.0106307,233.433,2,0,2.28,51.941,81.01
16:18:02.239,490.720745,43.4045287,6.0106481,233.426,2,0,2.28,51.21,82.97
16:18:02.350,490.831581,43.4045321,6.0106702,233.433,2,16,0.63,50.784,83.25
16:18:02.436,490.917516,43.4045323,6.0106869,233.435,2,0,2.28,49.248,87.35
16:18:02.545,491.026467,43.4045316,6.0107032,233.433,2,0,2.28,47.854,91.79
16:18:02.651,491.132696,43.4045328,6.0107242,233.437,2,16,0.6,47.219,92.52
16:18:02.738,491.219528,43.4045306,6.0107396,233.44,2,0,1.83,45.959,99.7
16:18:02.837,491.318467,43.4045285,6.0107549,233.433,2,0,2.01,45.726,104.14
16:18:02.957,491.438498,43.4045272,6.0107747,233.436,2,16,0.6,45.526,105.42
16:18:03.039,491.520629,43.4045234,6.0107894,233.429,2,0,2.01,44.646,107.24
16:18:03.174,491.655644,43.4045188,6.0108033,233.422,2,0,2.01,43.822,117.67
16:18:03.246,491.727477,43.4045152,6.0108202,233.411,2,16,0.62,43.616,118.33
16:18:03.355,491.836679,43.4045092,6.0108327,233.404,2,0,1.89,42.642,126.51
16:18:03.454,491.935535,43.4045026,6.0108442,233.397,2,0,1.79,41.54,129.3
16:18:03.546,492.027485,43.4044971,6.0108583,233.391,2,16,0.62,41.509,133.61
16:18:03.636,492.1175,43.4044893,6.0108678,233.383,2,0,2.01,40.035,133.78
16:18:03.744,492.225555,43.4044811,6.0108757,233.375,2,0,2.01,39.164,148.7
16:18:03.846,492.327552,43.4044743,6.0108863,233.37,2,16,0.62,39.346,149.25
16:18:03.938,492.419511,43.4044653,6.0108919,233.362,2,0,2.01,38.266,158.23
16:18:04.035,492.516466,43.4044563,6.0108963,233.354,2,0,2.01,37.703,162.41
16:18:04.150,492.631749,43.4044489,6.0109035,233.345,2,16,0.62,37.962,165.61
16:18:04.233,492.714762,43.4044395,6.0109058,233.337,2,0,,37.829,168.72
16:18:04.330,492.811539,43.40443,6.0109069,233.329,2,0,,37.868,178.88
16:18:04.441,492.922527,43.4044221,6.0109099,233.309,2,15,0.65,38.396,180.1
16:18:04.537,493.018599,43.4044124,6.0109087,233.301,2,0,,38.257,188.58
16:18:04.632,493.113514,43.4044029,6.0109063,233.292,2,0,,38.275,191.52
16:18:04.742,493.223699,43.4043955,6.0109052,233.263,2,15,0.65,38.868,196.61
16:18:04.829,493.310523,43.4043863,6.0109004,233.254,2,0,,38.351,199.88
16:18:04.938,493.419577,43.4043776,6.0108946,233.245,2,0,,38.36,209.87
16:18:05.044,493.525527,43.4043713,6.01089,233.219,2,15,0.65,39.162,211.44
16:18:05.141,493.622714,43.4043634,6.0108818,233.209,2,0,4.34,38.768,220.74
16:18:05.234,493.715766,43.4043561,6.0108728,233.199,2,0,2.2,38.929,224.27
16:18:05.344,493.825733,43.4043513,6.0108655,233.18,2,15,0.65,39.888,228.75
16:18:05.436,493.917598,43.4043452,6.0108543,233.171,2,0,2.42,40.485,232.33
16:18:05.537,494.018555,43.4043397,6.0108425,233.161,2,0,2.42,40.081,240.03
16:18:05.646,494.127492,43.4043365,6.0108333,233.153,2,15,0.65,40.861,240.43
16:18:05.736,494.217529,43.4043322,6.0108204,233.145,2,0,2.42,41.114,246.02
16:18:05.838,494.319535,43.4043283,6.0108072,233.14,2,0,2.42,40.861,247.91
16:18:05.946,494.427481,43.4043262,6.010797,233.141,2,15,0.65,41.4,250.6
16:18:06.037,494.518462,43.4043231,6.0107833,233.136,2,0,1.83,40.67,252.75
16:18:06.145,494.626764,43.4043203,6.0107699,233.131,2,0,1.83,40.525,256.16
16:18:06.246,494.727792,43.4043195,6.0107591,233.138,2,15,0.65,40.901,256.63
16:18:06.338,494.819749,43.4043176,6.0107453,233.133,2,0,1.83,41.048,260.31
16:18:06.431,494.912623,43.404316,6.0107313,233.128,2,0,3.18,41.337,261.65
16:18:06.553,495.034588,43.404316,6.0107201,233.131,2,15,0.67,41.481,263.15
16:18:06.638,495.119621,43.404315,6.0107059,233.127,2,0,1.52,41.766,263.15
16:18:06.739,495.220524,43.4043172,6.0106892,233.066,5,12,1.18,42.077,266.29
16:18:06.841,495.322583,43.4043199,6.0106731,233.013,5,10,1.76,42.313,267.34
16:18:06.942,495.423469,43.4043222,6.0106562,232.97,5,10,1.76,43.14,269.17
16:18:07.044,495.525507,43.404324,6.0106395,232.883,5,10,1.85,43.811,269.66
16:18:07.154,495.635629,43.4043261,6.0106226,232.674,5,10,1.85,44.028,270.65
16:18:07.241,495.72271,43.4043279,6.010606,232.53,5,10,1.85,44.444,269.78
16:18:07.343,495.824747,43.4043294,6.0105892,232.475,5,10,1.76,44.567,268.99
16:18:07.445,495.926558,43.4043307,6.0105726,232.321,5,10,1.85,44.855,268.22
16:18:07.546,496.027531,43.4043325,6.0105559,232.144,5,8,2.72,45.25,267.47
16:18:07.650,496.131481,43.4043345,6.0105398,231.954,5,12,1.04,45.678,267.43
16:18:07.748,496.229645,43.4043362,6.0105237,231.8,5,11,1.13,45.891,266.91
16:18:07.851,496.332502,43.4043386,6.0105072,231.65,5,11,1.13,46.37,266.85
16:18:07.949,496.430565,43.4043405,6.0104907,231.576,5,10,1.31,46.998,266.5
16:18:08.046,496.527529,43.4043416,6.010474,231.558,5,9,1.49,47.532,265.95
16:18:08.155,496.636643,43.4043425,6.0104571,231.431,5,9,1.49,47.726,265.05
16:18:08.247,496.728779,43.4043429,6.0104402,231.249,5,8,2.49,48.613,263.98
16:18:08.344,496.825711,43.404343,6.0104234,231.11,5,7,20.03,49.417,262.6
16:18:08.442,496.923394,43.4043429,6.0104067,230.965,5,7,22.42,49.793,261.72
16:18:08.543,497.024761,43.4043425,6.01039,230.89,5,8,1.54,49.813,261.03
16:18:08.645,497.126543,43.4043418,6.0103737,230.793,5,7,22.44,49.656,260.31
16:18:08.744,497.225894,43.4043409,6.0103566,230.758,5,6,31.85,49.876,260.15
16:18:08.848,497.329482,43.4043398,6.0103399,230.695,5,4,1.06,49.819,259.58
16:18:08.943,497.424732,43.4043386,6.0103231,230.624,2,13,0.98,50.245,258.99
16:18:09.043,497.524637,43.4043372,6.0103063,230.56,2,12,1.07,50.308,258.63
16:18:09.142,497.623744,43.4043356,6.0102897,230.499,2,12,1.07,50.441,258.12
16:18:09.242,497.723775,43.4043341,6.010273,230.435,2,12,1.02,50.032,258.14
16:18:09.341,497.822647,43.4043325,6.0102565,230.374,2,12,1.02,50.287,258.01
16:18:09.446,497.927604,43.4043306,6.0102403,230.31,2,13,0.91,50.711,257.83
16:18:09.545,498.026528,43.4043287,6.010224,230.249,2,13,0.91,51.137,257.84
16:18:09.641,498.122493,43.4043265,6.0102077,230.191,2,12,1.07,50.443,257.86
16:18:09.739,498.220657,43.4043242,6.0101916,230.134,2,12,1.07,50.478,257.83
16:18:09.845,498.326605,43.4043217,6.0101761,230.077,2,14,0.91,49.524,257.8
16:18:09.944,498.425546,43.4043191,6.0101612,230.022,2,14,0.91,48.158,257.75
16:18:10.040,498.521586,43.4043163,6.0101469,229.962,2,13,0.99,47.304,257.66
16:18:10.140,498.621701,43.4043135,6.0101322,229.924,2,13,0.99,46.676,257.56
16:18:10.243,498.724739,43.4043106,6.0101173,229.91,2,13,0.99,45.781,257.5
16:18:10.342,498.823571,43.4043076,6.0101029,229.898,2,13,0.99,44.529,257.41
16:18:10.441,498.922577,43.4043044,6.0100898,229.891,2,13,0.94,41.511,257.31
16:18:10.541,499.02251,43.4043011,6.0100776,229.882,2,13,0.96,39.549,257.1
16:18:10.645,499.126621,43.4042974,6.0100666,229.867,2,13,0.96,37.12,256.77
16:18:10.744,499.225594,43.4042941,6.0100575,229.893,5,13,0.96,33.851,256.43
16:18:10.848,499.329484,43.4042909,6.0100501,229.904,5,8,2.71,29.397,256.01
16:18:10.945,499.426498,43.404288,6.0100435,229.912,2,15,0.78,26.322,255.6
16:18:11.047,499.528497,43.4042857,6.0100375,229.909,2,14,0.87,23.063,255.29
16:18:11.144,499.625665,43.4042836,6.0100324,229.923,2,13,0.99,19.616,255.0
16:18:11.242,499.723801,43.4042824,6.0100284,229.993,2,12,1.02,16.446,254.81
16:18:11.348,499.829731,43.4042806,6.0100247,229.976,2,15,0.65,13.683,254.47
16:18:11.447,499.928782,43.4042797,6.0100203,229.973,2,0,1.0,11.318,254.51
16:18:11.542,500.023611,43.404279,6.0100169,229.969,2,0,1.22,8.96,254.5
16:18:11.642,500.123902,43.4042793,6.0100184,230.001,2,16,0.63,8.756,254.24
16:18:11.742,500.223562,43.4042781,6.0100122,229.993,2,0,1.12,13.01,254.1
16:18:11.842,500.32351,43.4042774,6.0100081,229.99,2,0,1.44,12.218,254.29
16:18:11.948,500.429518,43.4042779,6.0100107,230.015,2,15,0.65,8.653,253.98
16:18:12.046,500.527502,43.4042774,6.0100079,230.014,2,0,1.16,8.53,253.98
16:18:12.156,500.637754,43.4042768,6.0100051,230.012,2,0,1.16,8.53,253.98
16:18:12.249,500.730814,43.4042776,6.0100103,230.052,2,15,0.71,4.545,253.7
16:18:12.348,500.829685,43.4042773,6.0100089,230.051,2,0,1.18,4.261,253.7
16:18:12.451,500.93267,43.404277,6.0100076,230.05,2,0,1.06,4.261,253.7
16:18:12.549,501.030612,43.4042791,6.0100187,230.089,2,16,0.66,1.68,253.34
16:18:12.648,501.129594,43.4042792,6.0100194,230.089,2,0,1.2,2.139,253.34
16:18:12.749,501.23057,43.4042794,6.0100201,230.089,2,0,1.2,2.139,73.34
16:18:12.846,501.327552,43.4042801,6.0100216,230.119,2,16,0.66,9.284,73.18
16:18:12.946,501.427507,43.4042808,6.0100243,230.116,2,0,1.2,9.771,75.43
16:18:13.049,501.530537,43.4042819,6.0100282,230.111,2,0,1.36,13.534,66.57
16:18:13.159,501.640676,43.4042847,6.0100388,230.139,2,16,0.66,18.298,66.97
16:18:13.249,501.730899,43.4042868,6.0100452,230.136,2,0,1.15,19.889,66.14
16:18:13.353,501.834502,43.4042886,6.0100515,230.132,2,0,0.85,19.879,67.92
16:18:13.458,501.939568,43.4042906,6.0100698,230.132,2,17,0.59,26.069,76.02
16:18:13.550,502.031775,43.4042921,6.0100787,230.126,2,0,1.07,25.969,76.89
16:18:13.652,502.133556,43.4042936,6.0100874,230.121,2,0,0.98,26.519,75.48
16:18:13.748,502.229592,43.404294,6.0101162,230.112,2,17,0.59,35.373,83.22
16:18:13.853,502.334545,43.4042941,6.010132,230.099,2,0,1.14,38.453,85.78
16:18:13.952,502.433502,43.4042944,6.01015,230.081,2,0,1.14,40.175,86.08
16:18:14.048,502.529531,43.404296,6.0101728,230.085,2,16,0.63,42.044,86.15
16:18:14.162,502.643682,43.4042965,6.0101942,230.068,2,0,1.04,47.624,85.99
16:18:14.255,502.736804,43.4042979,6.0102079,230.075,2,0,0.95,43.603,85.22
16:18:14.351,502.832503,43.4043001,6.0102291,230.071,2,16,0.62,43.937,85.21
16:18:14.453,502.934821,43.404301,6.0102452,230.065,2,0,0.86,48.767,85.33
16:18:14.551,503.0328,43.4043024,6.0102616,230.053,2,0,0.86,44.872,84.75
16:18:14.650,503.131661,43.4043046,6.010283,230.048,2,16,0.6,45.276,84.73
16:18:14.749,503.230604,43.4043056,6.0102992,230.036,2,0,1.29,49.474,84.93
16:18:14.841,503.322532,43.404307,6.0103159,230.025,2,0,,47.548,84.37
16:18:14.941,503.422545,43.4043094,6.0103381,230.021,2,16,0.6,48.026,84.35
16:18:15.038,503.519529,43.4043106,6.0103545,230.011,2,0,,49.148,84.35
16:18:15.136,503.617852,43.4043118,6.0103712,230.0,2,0,,49.561,84.35
16:18:15.240,503.7219,43.4043142,6.0103941,229.996,2,16,0.6,49.865,84.34
16:18:15.336,503.817548,43.4043154,6.0104111,229.986,2,0,,50.504,84.34
16:18:15.445,503.926635,43.4043167,6.0104283,229.975,2,0,3.7,50.845,83.56
16:18:15.553,504.034625,43.4043192,6.0104516,229.975,2,17,0.55,50.923,83.33
16:18:15.644,504.125529,43.4043207,6.0104689,229.964,2,0,2.79,50.895,82.07
16:18:15.743,504.224688,43.4043225,6.0104862,229.961,2,0,2.79,51.058,81.57
16:18:15.853,504.334608,43.4043255,6.0105095,229.971,2,17,0.55,51.321,81.11
16:18:15.946,504.427522,43.4043276,6.0105269,229.976,2,0,2.79,51.456,80.86
16:18:16.044,504.525553,43.4043298,6.0105443,229.979,2,0,2.79,51.791,80.84
16:18:16.152,504.63375,43.404333,6.0105677,229.992,2,17,0.55,52.104,80.72
16:18:16.248,504.729838,43.4043352,6.0105854,229.996,2,0,2.79,52.48,79.48
16:18:16.344,504.825612,43.4043376,6.0106031,230.005,2,0,3.78,52.675,78.29
16:18:16.451,504.932756,43.4043414,6.0106267,230.027,2,17,0.55,53.045,78.21
16:18:16.543,505.024682,43.4043442,6.0106445,230.037,2,0,2.03,53.01,75.11
16:18:16.647,505.128553,43.4043477,6.0106621,230.041,2,0,2.03,53.323,73.73
16:18:16.755,505.236603,43.4043525,6.0106854,230.069,2,17,0.55,53.714,73.63
16:18:16.844,505.325531,43.4043567,6.010703,230.078,2,0,2.03,54.143,70.55
16:18:16.944,505.425519,43.4043613,6.0107205,230.091,2,0,2.03,54.284,68.88
16:18:17.053,505.534563,43.4043673,6.0107441,230.133,2,17,0.54,54.653,67.78
16:18:17.151,505.632682,43.4043726,6.0107614,230.15,2,0,3.1,54.347,64.87
16:18:17.237,505.718912,43.4043785,6.0107782,230.166,2,0,,54.478,63.13
16:18:17.349,505.830725,43.4043857,6.010802,230.228,2,17,0.54,54.847,62.18
16:18:17.440,505.921815,43.4043923,6.0108185,230.252,2,0,,54.877,59.29
16:18:17.538,506.019702,43.4043994,6.0108347,230.276,2,0,,55.103,57.38
16:18:17.650,506.131561,43.4044078,6.0108582,230.36,2,18,0.53,55.497,56.04
16:18:17.737,506.218586,43.4044157,6.0108739,230.39,2,0,,55.147,54.06
16:18:17.839,506.320613,43.404424,6.0108891,230.419,2,0,,55.14,52.72
16:18:17.951,506.432516,43.4044334,6.0109116,230.512,2,18,0.53,55.467,51.21
16:18:18.038,506.519666,43.4044423,6.0109263,230.544,2,0,,55.303,48.65
16:18:18.145,506.626775,43.4044515,6.0109404,230.578,2,0,,55.399,46.78
16:18:18.252,506.733912,43.404462,6.0109616,230.674,2,18,0.53,55.71,45.47
16:18:18.335,506.817141,43.4044719,6.0109751,230.712,2,0,,55.584,43.54
16:18:18.437,506.918514,43.4044821,6.010988,230.753,2,0,,55.558,41.71
16:18:18.551,507.03262,43.4044935,6.0110078,230.869,2,18,0.53,55.76,40.61
16:18:18.642,507.123682,43.4045042,6.01102,230.916,2,0,4.21,55.458,37.86
16:18:18.742,507.223511,43.4045152,6.0110316,230.966,2,0,4.22,55.649,36.25
16:18:18.852,507.333575,43.4045273,6.0110498,231.081,2,18,0.53,55.791,35.28
16:18:18.939,507.420602,43.4045388,6.0110607,231.135,2,0,4.22,55.803,32.63
16:18:19.043,507.524523,43.4045506,6.0110709,231.19,2,0,4.22,56.088,30.7
16:18:19.154,507.635767,43.4045635,6.0110875,231.292,2,18,0.53,56.216,29.61
16:18:19.241,507.722833,43.4045759,6.0110968,231.346,2,0,4.22,56.601,27.91
16:18:19.340,507.82162,43.4045885,6.0111057,231.4,2,0,4.22,56.851,27.09
16:18:19.456,507.937565,43.404602,6.0111213,231.504,2,18,0.53,57.068,26.01
16:18:19.545,508.026572,43.4046145,6.0111303,231.451,2,0,2.46,57.399,25.87
16:18:19.642,508.123582,43.4046271,6.0111388,231.453,2,0,2.46,57.129,25.61
16:18:19.753,508.234601,43.4046406,6.0111538,231.53,2,17,0.58,57.175,24.82
16:18:19.845,508.326535,43.4046534,6.0111623,231.48,2,0,2.46,57.247,24.94
16:18:19.944,508.42561,43.4046665,6.0111707,231.406,2,0,2.46,57.877,24.87
16:18:20.054,508.535551,43.4046802,6.0111863,231.446,2,17,0.58,57.962,24.17
16:18:20.151,508.632781,43.4046934,6.0111953,231.465,2,0,2.46,58.542,25.29
16:18:20.244,508.725831,43.4047065,6.0112043,231.594,2,0,2.46,58.999,26.29
16:18:20.354,508.835563,43.4047203,6.0112199,231.68,2,17,0.6,59.364,26.7
16:18:20.442,508.92354,43.4047332,6.0112294,231.685,2,0,2.46,59.571,27.6
16:18:20.543,509.024631,43.404746,6.011239,231.634,2,0,2.45,59.403,28.38
16:18:20.657,509.138657,43.4047598,6.0112556,231.705,2,18,0.53,59.625,28.69
16:18:20.746,509.22759,43.4047722,6.0112658,231.682,2,0,2.45,59.107,30.09
16:18:20.844,509.325546,43.4047844,6.011276,231.688,2,0,2.45,58.364,31.06
16:18:20.955,509.436524,43.4047976,6.0112932,231.761,2,18,0.56,58.101,31.62
16:18:21.045,509.526522,43.4048087,6.0113037,231.711,2,0,3.68,56.071,33.15
16:18:21.144,509.625821,43.4048199,6.0113144,231.717,2,0,3.68,55.334,34.69
16:18:21.254,509.735928,43.4048322,6.0113316,231.814,2,17,0.58,54.986,35.28
16:18:21.343,509.824526,43.4048425,6.0113426,231.768,2,0,3.68,53.667,37.03
16:18:21.446,509.92755,43.4048526,6.0113539,231.744,2,0,3.68,52.876,38.8
16:18:21.556,510.037689,43.4048634,6.0113716,231.773,2,17,0.58,52.158,39.41
16:18:21.644,510.125596,43.404872,6.011384,231.636,2,0,2.45,51.417,42.65
16:18:21.745,510.226605,43.4048795,6.011397,231.638,2,0,2.45,50.098,47.1
16:18:21.856,510.337553,43.404888,6.0114163,231.647,2,17,0.58,49.619,48.01
16:18:21.947,510.428543,43.4048944,6.0114295,231.641,2,0,2.45,47.843,55.64
16:18:22.046,510.527573,43.4049003,6.011443,231.616,2,0,2.45,46.807,58.49
16:18:22.154,510.635687,43.4049067,6.0114629,231.636,2,17,0.58,46.272,60.4
16:18:22.248,510.729951,43.4049105,6.0114769,231.615,2,0,2.45,44.676,64.52
16:18:22.347,510.828598,43.4049139,6.011491,231.63,2,0,2.45,43.833,71.56
16:18:22.455,510.93659,43.4049176,6.0115111,231.657,2,17,0.58,43.498,72.36
16:18:22.547,511.028619,43.4049181,6.011525,231.461,2,0,1.32,41.714,81.06
16:18:22.648,511.12981,43.4049186,6.0115393,231.317,2,0,1.32,41.59,85.98
16:18:22.756,511.237661,43.4049195,6.0115592,231.359,2,17,0.58,41.64,89.24
16:18:22.847,511.328566,43.4049182,6.0115726,231.42,2,0,1.32,40.24,95.08
16:18:22.946,511.427619,43.4049161,6.0115859,231.537,2,0,1.32,40.216,103.25
16:18:23.057,511.538635,43.404914,6.0116053,231.613,2,16,0.6,40.637,103.7
16:18:23.147,511.628697,43.4049104,6.0116178,231.676,2,0,1.46,40.162,115.09
16:18:23.242,511.723843,43.4049056,6.0116292,231.717,2,0,2.71,39.503,118.69
16:18:23.371,511.852804,43.404901,6.0116458,231.757,2,16,0.63,39.866,122.5
16:18:23.449,511.930665,43.404895,6.0116556,231.879,2,0,2.71,39.142,126.26
16:18:23.544,512.025697,43.4048884,6.011665,231.949,2,0,2.71,39.172,135.4
16:18:23.650,512.131593,43.4048818,6.0116788,231.981,2,16,0.63,39.512,136.56
16:18:23.743,512.224678,43.4048738,6.011686,231.931,2,0,1.58,39.735,145.82
16:18:23.836,512.317662,43.4048657,6.0116916,231.975,2,0,1.39,39.318,149.02
16:18:23.953,512.434678,43.404858,6.0117012,231.98,2,16,0.63,39.242,155.01
16:18:24.039,512.520639,43.4048486,6.0117059,231.999,2,0,5.93,38.012,160.04
16:18:24.146,512.627705,43.4048393,6.0117092,232.019,2,0,,37.59,164.82
16:18:24.239,512.720841,43.4048308,6.0117161,232.005,2,15,0.66,36.553,167.74
16:18:24.344,512.825473,43.4048219,6.0117188,232.027,2,0,2.16,34.071,167.74
16:18:24.435,512.916569,43.4048136,6.0117213,232.048,2,0,3.52,34.071,167.74
16:18:24.546,513.027658,43.404806,6.0117247,232.051,2,15,0.66,33.092,171.52
16:18:24.635,513.116487,43.4047978,6.0117264,232.072,2,0,2.02,33.105,171.52
16:18:24.732,513.213653,43.4047896,6.0117281,232.092,2,0,2.02,33.105,171.52
16:18:24.847,513.328418,43.4047822,6.0117319,232.103,2,15,0.66,32.225,178.28
16:18:24.934,513.41555,43.4047741,6.011732,232.129,2,0,1.88,32.247,178.28
16:18:25.032,513.513529,43.404766,6.0117318,232.158,2,0,1.88,32.297,181.06
16:18:25.152,513.633721,43.4047591,6.0117244,232.211,2,15,0.66,34.553,189.99
16:18:25.233,513.71501,43.4047512,6.0117193,232.257,2,0,2.2,35.999,200.05
16:18:25.335,513.816742,43.4047443,6.0117109,232.279,2,0,2.2,37.153,204.29
16:18:25.445,513.926629,43.4047381,6.0117056,232.288,2,15,0.66,39.057,225.74
16:18:25.551,514.032672,43.4047348,6.0116974,232.4,5,14,0.77,38.798,222.42
16:18:25.654,514.135698,43.4047316,6.0116896,232.285,5,11,1.1,38.773,231.46
16:18:25.746,514.227627,43.4047274,6.0116831,232.337,5,6,10.51,39.316,228.51
16:18:25.845,514.326581,43.4047222,6.0116768,232.35,5,6,10.51,39.285,231.06
16:18:25.953,514.434567,43.4047166,6.0116703,232.295,5,6,10.51,39.111,231.06
16:18:26.044,514.525556,43.4047106,6.0116638,231.948,5,6,10.51,38.983,215.66
16:18:26.164,514.645758,43.4047038,6.0116587,231.236,5,11,1.1,39.725,212.02
16:18:26.246,514.727871,43.4046968,6.0116527,231.09,5,11,1.1,39.998,210.43
16:18:26.355,514.836795,43.4046893,6.0116474,230.964,5,11,1.1,39.957,209.45
16:18:26.443,514.924621,43.4046814,6.0116431,230.837,5,10,1.21,39.987,205.4
16:18:26.545,515.026669,43.404673,6.0116396,230.699,5,10,1.21,40.161,202.8
16:18:26.646,515.12781,43.4046645,6.011637,230.558,5,10,1.21,39.972,196.1
16:18:26.743,515.22465,43.4046559,6.0116351,230.425,5,10,1.21,39.429,194.41
16:18:26.838,515.31958,43.4046462,6.0116333,230.388,2,0,1.41,39.079,187.88
16:18:26.947,515.428574,43.4046375,6.0116332,230.263,5,10,1.21,38.992,186.84
16:18:27.046,515.527638,43.4046288,6.011634,230.128,5,10,1.22,38.359,180.85
16:18:27.156,515.637802,43.4046204,6.0116357,229.969,5,10,1.34,37.26,179.14
16:18:27.244,515.725881,43.4046123,6.0116388,229.845,5,11,1.18,35.866,173.12
16:18:27.347,515.828587,43.4046046,6.0116427,229.739,5,11,1.09,35.097,170.25
16:18:27.445,515.926595,43.4045971,6.0116476,229.608,5,10,1.2,34.777,161.76
16:18:27.557,516.03857,43.4045899,6.0116533,229.481,5,10,1.2,34.888,159.49
16:18:27.646,516.127821,43.4045832,6.0116598,229.371,5,10,1.12,34.742,151.81
16:18:27.749,516.23082,43.4045768,6.0116671,229.26,5,11,1.07,34.168,149.0
16:18:27.848,516.329609,43.404571,6.011675,229.13,5,11,1.14,33.873,141.21
16:18:27.954,516.435584,43.4045658,6.0116838,229.003,5,9,1.79,33.571,138.56
16:18:28.038,516.519547,43.4045613,6.0116932,228.863,5,9,1.77,32.806,131.26
16:18:28.143,516.624735,43.4045575,6.0117031,228.723,5,9,1.77,32.362,127.72
16:18:28.244,516.725871,43.4045548,6.0117129,228.586,5,9,1.77,31.517,119.04
16:18:28.339,516.820804,43.4045526,6.0117236,228.45,5,10,1.41,31.199,116.64
16:18:28.442,516.923675,43.4045512,6.0117344,228.314,5,10,1.42,31.504,106.31
16:18:28.545,517.026578,43.4045505,6.0117455,228.176,5,10,1.42,31.593,105.44
16:18:28.643,517.125266,43.4045505,6.0117569,228.044,5,10,1.42,31.803,93.84
16:18:28.740,517.221494,43.4045513,6.0117684,227.923,5,10,1.42,31.878,94.45
16:18:28.842,517.323905,43.4045528,6.0117799,227.82,5,10,1.42,32.321,85.56
16:18:28.943,517.424827,43.4045549,6.0117914,227.734,5,10,1.52,33.008,85.68
16:18:29.044,517.525832,43.4045575,6.0118029,227.625,5,6,3.66,33.816,71.79
16:18:29.152,517.633837,43.4045603,6.0118145,227.524,5,6,3.66,34.329,71.16
16:18:29.244,517.725845,43.4045628,6.0118262,227.428,5,6,3.66,34.199,67.6
16:18:29.344,517.825791,43.4045653,6.0118378,227.334,5,8,2.48,34.003,67.84
16:18:29.443,517.924682,43.4045684,6.0118494,227.307,5,8,1.77,34.053,67.13
16:18:29.551,518.032627,43.404572,6.0118614,227.169,5,8,1.84,34.429,65.41
16:18:29.642,518.123669,43.4045762,6.0118732,227.042,5,8,1.84,34.96,62.67
16:18:29.744,518.225721,43.404581,6.0118846,226.878,5,8,1.51,35.516,60.12
16:18:29.843,518.324731,43.4045862,6.0118959,226.724,5,8,1.51,35.997,56.12
16:18:29.952,518.433607,43.4045918,6.0119068,226.567,5,8,1.51,36.71,53.54
16:18:30.041,518.522569,43.4045978,6.0119176,226.416,5,7,2.11,37.377,48.42
16:18:30.150,518.631707,43.4046039,6.0119284,226.266,5,7,2.11,37.851,47.13
16:18:30.240,518.721898,43.4046104,6.0119378,226.237,2,0,1.54,38.179,46.05
16:18:30.351,518.832645,43.4046174,6.0119486,226.401,5,8,1.54,38.748,45.33
16:18:30.442,518.923591,43.4046241,6.0119591,226.407,5,9,1.49,38.948,44.6
16:18:30.544,519.025672,43.4046311,6.0119695,226.346,5,10,1.27,39.003,44.38
16:18:30.643,519.124761,43.4046384,6.0119797,226.269,5,10,1.27,39.457,42.87
16:18:30.753,519.234719,43.4046459,6.0119899,226.182,5,10,1.27,40.012,41.98
16:18:30.849,519.330407,43.4046535,6.0119999,226.098,5,10,1.27,40.387,40.84
16:18:30.944,519.425584,43.4046614,6.0120098,226.012,5,9,1.49,40.803,40.19
16:18:31.043,519.524674,43.4046694,6.0120196,225.927,5,9,1.49,41.229,39.0
16:18:31.153,519.634746,43.4046777,6.0120293,225.845,5,10,1.27,41.563,38.33
16:18:31.242,519.723822,43.4046861,6.012039,225.754,5,10,1.27,42.052,37.41
16:18:31.345,519.826608,43.4046947,6.0120484,225.662,5,10,1.27,42.311,36.62
16:18:31.444,519.925605,43.4047035,6.0120575,225.572,5,10,1.27,42.579,35.12
16:18:31.555,520.036599,43.4047126,6.0120665,225.488,5,10,1.27,42.774,33.47
16:18:31.641,520.122666,43.4047217,6.0120743,225.506,2,0,1.09,43.165,31.76
16:18:31.741,520.222677,43.404731,6.0120819,225.526,2,0,1.16,43.639,30.44
16:18:31.853,520.334635,43.4047403,6.0120927,225.608,2,16,0.59,44.011,29.66
16:18:31.940,520.421604,43.40475,6.0120996,225.629,2,0,1.16,44.113,27.77
16:18:32.040,520.521615,43.4047599,6.0121064,225.65,2,0,1.16,44.492,26.3
16:18:32.158,520.640119,43.4047697,6.0121163,225.735,2,16,0.58,44.863,25.97
16:18:32.242,520.723888,43.4047802,6.0121226,225.758,2,0,1.16,45.45,23.72
16:18:32.351,520.832594,43.4047906,6.0121288,225.78,2,0,1.16,45.846,23.18
16:18:32.451,520.932645,43.404801,6.0121381,225.865,2,16,0.59,46.222,22.04
16:18:32.544,521.025668,43.4048115,6.0121443,225.887,2,0,1.16,46.428,21.77
16:18:32.643,521.124702,43.4048223,6.0121503,225.912,2,0,1.16,46.741,21.53
16:18:32.761,521.242855,43.404833,6.0121593,225.997,2,16,0.59,47.043,21.33
16:18:32.841,521.322626,43.4048439,6.0121653,226.022,2,0,1.54,47.276,21.05
16:18:32.943,521.42472,43.4048549,6.0121712,226.049,2,0,1.54,47.589,21.05
16:18:33.052,521.533799,43.4048658,6.0121802,226.136,2,16,0.59,47.845,20.99
16:18:33.178,521.659744,43.4048769,6.0121865,226.158,2,0,1.16,48.165,21.46
16:18:33.243,521.724891,43.4048881,6.0121936,226.085,5,12,0.86,48.598,22.14
16:18:33.358,521.840256,43.4048992,6.0122001,226.113,2,0,1.16,48.772,23.11
16:18:33.461,521.942602,43.4049104,6.012207,226.139,2,0,1.16,49.126,24.14
16:18:33.564,522.045622,43.4049213,6.0122173,226.242,2,17,0.55,49.43,24.14
16:18:33.644,522.125586,43.4049322,6.0122251,226.267,2,0,1.14,49.65,26.62
16:18:33.755,522.236792,43.4049429,6.0122339,226.299,5,10,1.11,49.813,28.09
16:18:33.854,522.33563,43.4049535,6.0122434,226.35,5,11,1.1,50.104,29.47
16:18:33.964,522.445601,43.404964,6.0122532,226.41,5,11,1.1,50.252,30.97
16:18:34.045,522.52668,43.4049746,6.0122624,226.445,2,0,1.14,50.539,32.59
16:18:34.156,522.637731,43.4049848,6.0122731,226.461,5,11,1.13,50.821,34.04
16:18:34.250,522.73188,43.4049949,6.0122845,226.479,5,10,1.27,51.1,36.55
16:18:34.352,522.833572,43.4050047,6.012297,226.578,5,10,1.27,51.317,38.56
16:18:34.451,522.932716,43.4050143,6.0123099,226.665,5,11,1.13,51.467,40.92
16:18:34.556,523.037627,43.4050235,6.0123233,226.694,5,11,1.13,51.33,42.68
16:18:34.653,523.134638,43.4050325,6.0123373,226.745,5,10,1.51,51.434,45.41
16:18:34.760,523.241869,43.405041,6.0123518,226.786,5,10,1.51,51.863,47.29
16:18:34.851,523.332644,43.4050492,6.0123669,226.815,5,10,1.51,51.987,50.21
16:18:34.952,523.433602,43.4050571,6.0123824,226.844,5,10,1.51,52.336,52.41
16:18:35.052,523.533607,43.4050645,6.0123983,226.847,5,10,1.51,52.439,54.64
16:18:35.164,523.645859,43.4050718,6.0124145,226.853,5,10,1.51,52.638,56.65
16:18:35.250,523.73188,43.4050787,6.0124309,226.888,5,10,1.51,52.763,58.39
16:18:35.354,523.835629,43.405085,6.0124475,226.917,5,10,1.51,52.625,60.15
16:18:35.452,523.933639,43.4050909,6.0124643,226.951,5,10,1.51,51.897,62.43
16:18:35.561,524.042724,43.4050963,6.0124812,226.988,5,10,1.51,51.424,64.58
16:18:35.650,524.131686,43.4051011,6.0124983,227.024,5,10,1.51,50.617,67.04
16:18:35.751,524.232841,43.4051051,6.0125155,227.055,5,10,1.51,49.837,70.04
16:18:35.849,524.330729,43.4051086,6.0125325,227.041,5,10,1.53,48.93,73.89
16:18:35.949,524.430609,43.4051113,6.0125495,227.025,5,10,1.53,48.413,77.1
16:18:36.051,524.532597,43.4051134,6.0125667,227.012,5,10,1.53,48.213,81.02
16:18:36.159,524.640755,43.4051147,6.0125839,226.998,5,10,1.53,48.198,84.25
16:18:36.245,524.726875,43.4051155,6.0126003,226.991,2,0,1.64,48.061,87.86
16:18:36.359,524.840579,43.4051155,6.0126174,226.911,5,10,1.6,47.841,90.88
16:18:36.450,524.931678,43.4051149,6.0126336,226.903,2,0,1.64,47.237,95.2
16:18:36.545,525.026637,43.4051135,6.0126494,226.894,2,0,1.64,46.624,98.6
16:18:36.660,525.141688,43.4051113,6.0126679,226.943,2,17,0.54,46.7,99.55
16:18:36.751,525.232766,43.4051083,6.0126822,226.934,2,0,1.64,44.883,103.73
16:18:36.840,525.321753,43.4051049,6.0126967,226.924,2,0,2.48,44.572,110.11
16:18:36.957,525.438609,43.4051006,6.0127137,226.972,2,17,0.54,44.542,110.32
16:18:37.043,525.524604,43.405096,6.0127271,226.96,2,0,2.48,43.987,116.69
16:18:37.151,525.632759,43.4050907,6.0127401,226.948,2,0,2.48,43.626,120.64
16:18:37.249,525.730973,43.4050845,6.0127554,226.994,2,17,0.54,43.841,122.28
16:18:37.338,525.819706,43.4050781,6.0127677,226.982,2,0,,43.366,122.81
16:18:37.434,525.915662,43.4050711,6.0127791,226.969,2,0,,43.47,134.04
16:18:37.550,526.031644,43.4050631,6.0127921,227.001,2,17,0.55,43.983,134.64
16:18:37.635,526.116608,43.4050549,6.0128022,226.987,2,0,,43.278,142.69
16:18:37.737,526.218742,43.4050461,6.012811,226.973,2,0,,43.276,143.55
16:18:37.849,526.330742,43.4050366,6.0128211,227.004,2,17,0.55,43.935,148.51
16:18:37.935,526.4166,43.4050268,6.0128281,226.99,2,0,2.48,44.292,150.46
16:18:38.036,526.517593,43.4050165,6.0128341,226.976,2,0,2.48,44.542,159.83
16:18:38.159,526.640859,43.4050058,6.0128413,226.996,2,16,0.56,45.409,159.83
16:18:38.242,526.723508,43.4049948,6.0128457,226.981,2,0,1.64,44.848,166.16
16:18:38.342,526.823577,43.4049838,6.0128499,226.874,5,10,1.17,44.704,168.21
16:18:38.444,526.925641,43.4049728,6.0128534,226.765,5,9,1.81,44.837,170.14
16:18:38.548,527.02987,43.404962,6.012857,226.664,5,9,1.81,45.028,171.24
16:18:38.650,527.131709,43.4049509,6.01286,226.53,5,13,1.03,45.465,173.02
16:18:38.748,527.229757,43.4049398,6.0128625,226.386,5,12,1.2,45.735,174.45
16:18:38.847,527.328751,43.4049286,6.0128647,226.193,5,12,1.2,46.044,175.55
16:18:38.950,527.43169,43.4049172,6.012867,226.013,5,12,1.2,46.433,176.06
16:18:39.048,527.529676,43.4049058,6.0128695,225.877,5,11,1.23,46.643,175.46
16:18:39.158,527.639731,43.4048943,6.0128724,225.763,5,11,1.23,46.906,174.58
16:18:39.241,527.72303,43.4048826,6.0128745,225.724,2,0,2.23,47.454,173.22
16:18:39.349,527.830635,43.4048711,6.0128783,225.569,5,10,1.52,47.948,172.53
16:18:39.448,527.92962,43.4048595,6.0128824,225.425,5,11,1.23,48.141,169.42
16:18:39.548,528.02968,43.4048481,6.0128865,225.318,5,11,1.21,48.472,167.86
16:18:39.649,528.130721,43.4048366,6.0128913,225.241,5,11,1.18,48.389,164.56
16:18:39.752,528.233806,43.4048251,6.0128968,225.145,5,11,1.18,49.222,163.19
16:18:39.851,528.332851,43.4048135,6.0129027,225.055,5,11,1.18,49.976,160.89
16:18:39.950,528.43174,43.4048018,6.0129085,224.965,5,11,1.18,50.523,160.78
16:18:40.048,528.529613,43.4047901,6.0129145,224.891,5,11,1.18,50.932,160.51
16:18:40.151,528.632794,43.4047784,6.0129207,224.812,5,10,1.42,51.176,160.67
16:18:40.243,528.724891,43.4047663,6.0129267,224.756,2,0,2.68,51.341,160.4
16:18:40.341,528.822571,43.4047543,6.0129326,224.7,2,0,2.68,51.345,160.29
16:18:40.454,528.935611,43.4047421,6.0129401,224.676,2,15,0.64,51.56,159.37
16:18:40.545,529.026599,43.4047309,6.0129459,224.62,2,0,1.66,49.935,159.4
16:18:40.643,529.124597,43.4047194,6.0129519,224.563,2,0,1.66,49.35,159.25
16:18:40.752,529.233641,43.4047077,6.0129593,224.537,2,14,0.69,49.054,159.04
16:18:40.843,529.324674,43.4046963,6.0129642,224.479,2,0,1.66,48.337,160.44
16:18:40.952,529.433748,43.4046846,6.01297,224.538,5,12,1.15,48.746,162.07
16:18:41.045,529.526613,43.4046729,6.0129749,224.488,2,0,1.45,48.8,164.3
16:18:41.149,529.630796,43.4046612,6.0129786,224.445,5,9,2.28,48.545,167.41
16:18:41.242,529.724009,43.4046494,6.0129815,224.409,2,0,1.45,48.217,170.83
16:18:41.344,529.825851,43.4046377,6.0129831,224.369,2,0,1.7,47.676,173.85
16:18:41.452,529.933623,43.4046257,6.0129852,224.35,2,14,0.77,47.606,175.54
16:18:41.548,530.029647,43.4046152,6.0129833,224.394,5,10,1.39,46.491,177.8
16:18:41.642,530.123714,43.4046039,6.0129818,224.353,2,0,2.03,45.548,187.02
16:18:41.745,530.22669,43.4045927,6.0129793,224.311,2,0,2.03,45.241,190.15
16:18:41.849,530.330696,43.4045816,6.0129769,224.297,2,14,0.77,45.298,192.65
16:18:41.940,530.421671,43.4045707,6.0129728,224.256,2,0,2.87,44.507,197.07
16:18:42.034,530.515612,43.4045602,6.0129677,224.215,2,0,2.87,43.994,201.51
16:18:42.150,530.631759,43.40455,6.0129627,224.201,2,14,0.77,44.037,202.22
16:18:42.240,530.722051,43.4045401,6.0129559,224.161,2,0,2.87,43.066,210.0
16:18:42.341,530.822703,43.4045316,6.0129476,224.123,2,0,1.8,42.411,213.67
16:18:42.440,530.921655,43.4045231,6.0129398,224.109,2,14,0.77,42.505,216.44
16:18:42.544,531.025632,43.4045158,6.0129305,224.072,2,0,2.49,41.079,220.31
16:18:42.643,531.124658,43.4045088,6.0129203,224.039,2,0,2.49,40.953,227.83
16:18:42.751,531.232673,43.4045022,6.0129104,224.026,2,14,0.77,41.109,228.5
16:18:42.834,531.31583,43.4044965,6.0128991,223.997,2,0,2.49,40.624,236.33
16:18:42.944,531.425679,43.4044912,6.0128873,223.967,2,0,2.49,40.744,239.29
16:18:43.051,531.532699,43.4044863,6.0128759,223.957,2,14,0.77,41.083,242.19
16:18:43.171,531.652778,43.4044815,6.0128637,223.921,2,0,2.49,40.916,244.2
16:18:43.236,531.71783,43.4044773,6.0128508,223.884,2,0,2.49,41.013,247.03
16:18:43.364,531.845722,43.4044734,6.0128387,223.875,2,14,0.77,41.288,247.47
16:18:43.451,531.932701,43.4044699,6.0128253,223.839,2,0,2.49,40.761,253.45
16:18:43.540,532.021599,43.4044677,6.0128119,223.812,2,0,2.46,40.546,256.95
16:18:43.641,532.122715,43.4044656,6.0127992,223.803,2,14,0.77,40.738,258.07
16:18:43.743,532.22469,43.4044643,6.0127853,223.77,2,0,2.46,40.914,262.29
16:18:43.831,532.312732,43.4044635,6.0127713,223.742,2,0,2.46,41.168,266.37
16:18:43.947,532.428717,43.404463,6.0127581,223.734,2,14,0.77,41.551,266.82
16:18:44.034,532.515636,43.4044632,6.0127438,223.7,2,0,2.96,41.857,274.44
16:18:44.142,532.623747,43.4044641,6.0127294,223.666,2,0,2.96,42.331,276.22
16:18:44.236,532.717458,43.4044656,6.0127162,223.669,2,15,0.74,42.785,279.01
16:18:44.339,532.820664,43.4044677,6.0127017,223.636,2,0,2.46,42.72,282.79
16:18:44.432,532.913712,43.4044705,6.0126875,223.603,2,0,2.65,42.113,286.23
16:18:44.550,533.0317,43.4044744,6.0126757,223.608,2,16,0.65,42.148,288.2
16:18:44.632,533.113652,43.4044786,6.0126623,223.576,2,0,2.65,41.551,293.83
16:18:44.740,533.221669,43.4044833,6.0126496,223.546,2,0,2.65,41.114,296.19
16:18:44.842,533.323828,43.4044906,6.0126412,223.549,2,16,0.65,40.961,303.73
16:18:44.943,533.424662,43.404497,6.0126302,223.519,2,0,2.65,40.607,306.85
16:18:45.032,533.513669,43.4045045,6.0126207,223.49,2,0,2.65,41.011,320.08
16:18:45.152,533.633627,43.4045132,6.0126145,223.506,2,16,0.65,41.739,322.19
16:18:45.235,533.716947,43.4045222,6.012607,223.479,2,0,2.46,41.164,332.53
16:18:45.343,533.824716,43.4045317,6.012601,223.455,2,0,2.46,41.063,335.77
16:18:45.440,533.921619,43.4045414,6.0125981,223.476,2,16,0.65,41.77,341.05
16:18:45.543,534.024614,43.404551,6.0125961,223.468,2,0,1.56,40.009,346.04
16:18:45.636,534.117619,43.4045609,6.012594,223.487,2,0,1.69,40.179,351.94
16:18:45.751,534.232816,43.404571,6.0125945,223.522,2,17,0.66,40.592,352.23
16:18:45.842,534.323728,43.4045812,6.012594,223.503,2,0,2.46,41.111,355.16
16:18:45.939,534.420713,43.4045915,6.0125941,223.486,2,0,2.46,41.74,355.16
16:18:46.044,534.52564,43.4046017,6.012594,223.531,2,17,0.62,41.544,357.25
16:18:46.142,534.623903,43.4046121,6.0125942,223.514,2,0,2.46,41.985,357.25
16:18:46.231,534.712643,43.4046227,6.0125948,223.497,2,0,2.46,42.433,2.32
16:18:46.352,534.83358,43.4046321,6.0125901,223.553,2,17,0.59,41.37,352.93
16:18:46.434,534.91563,43.404644,6.0125868,223.553,2,0,2.46,43.461,0.09
16:18:46.546,535.02762,43.4046556,6.0125839,223.532,2,0,1.37,44.748,354.48
16:18:46.643,535.124763,43.404661,6.0125766,223.565,2,17,0.59,41.118,347.34
16:18:46.743,535.22472,43.4046672,6.0125697,223.578,2,0,1.36,38.748,344.54
16:18:46.839,535.320667,43.4046715,6.012563,223.765,5,11,1.1,36.09,339.27
16:18:46.949,535.430825,43.4046736,6.0125533,223.846,5,9,1.44,33.812,338.24
16:18:47.037,535.51867,43.4046731,6.0125402,223.949,5,4,1.66,32.206,327.49
16:18:47.146,535.627871,43.4046746,6.01253,224.14,5,4,1.66,31.98,328.14
16:18:47.239,535.720966,43.4046738,6.0125185,224.324,5,4,2.56,31.866,300.47
16:18:47.350,535.832027,43.4046725,6.0125069,224.43,5,4,1.44,31.74,299.64
16:18:47.437,535.918646,43.4046625,6.01249,224.475,5,7,3.29,31.619,276.54
16:18:47.548,536.029659,43.4046605,6.0124798,225.078,5,9,1.33,32.642,271.61
16:18:47.641,536.123014,43.4046575,6.0124698,225.33,5,9,1.33,32.614,254.59
16:18:47.751,536.233011,43.4046545,6.0124607,225.473,5,9,1.33,32.066,252.4
16:18:47.844,536.325643,43.4046509,6.0124517,225.664,5,9,1.33,32.284,245.21
16:18:47.953,536.434594,43.4046469,6.0124429,225.858,5,10,1.2,32.919,243.16
16:18:48.043,536.524821,43.4046425,6.0124347,225.994,5,9,1.45,33.399,238.1
16:18:48.142,536.623921,43.4046377,6.0124267,226.079,5,9,1.45,33.708,236.57
16:18:48.251,536.732941,43.4046325,6.0124189,226.16,5,9,1.45,33.871,232.76
16:18:48.347,536.828738,43.4046268,6.0124113,226.227,5,9,1.45,33.769,230.78
16:18:48.444,536.925622,43.4046208,6.0124041,226.272,5,9,1.45,34.153,227.39
16:18:48.552,537.033672,43.4046144,6.012397,226.376,5,9,1.45,34.669,224.86
16:18:48.635,537.116702,43.4046079,6.0123891,226.38,2,0,1.79,35.129,221.6
16:18:48.743,537.224794,43.4046011,6.0123815,226.383,2,0,1.79,35.518,219.55
16:18:48.855,537.336676,43.404594,6.0123759,226.42,2,18,0.54,36.097,217.31
16:18:48.946,537.427806,43.4045867,6.0123687,226.423,2,0,2.64,36.466,215.63
16:18:49.035,537.516785,43.4045791,6.0123618,226.427,2,0,2.64,36.873,213.57
16:18:49.158,537.639779,43.4045712,6.0123569,226.462,2,17,0.59,37.479,213.42
16:18:49.240,537.72182,43.4045633,6.0123502,226.466,2,0,2.64,37.753,210.94
16:18:49.346,537.827755,43.404555,6.0123437,226.47,2,0,2.64,38.314,210.2
16:18:49.459,537.940604,43.4045466,6.012339,226.505,2,17,0.59,38.923,208.68
16:18:49.547,538.028622,43.404538,6.012333,226.51,2,0,1.32,39.055,207.82
16:18:49.639,538.120705,43.4045293,6.012327,226.515,2,0,1.7,39.374,206.7
16:18:49.761,538.242693,43.4045204,6.0123229,226.551,2,17,0.57,39.829,206.61
16:18:49.848,538.329645,43.4045114,6.0123167,226.556,2,0,1.7,40.416,206.01
16:18:49.945,538.426811,43.4045024,6.0123105,226.559,2,0,1.7,40.663,206.77
16:18:50.052,538.533738,43.4044933,6.012306,226.597,2,17,0.59,41.085,206.13
16:18:50.150,538.631783,43.4044842,6.0122986,226.6,2,0,1.32,41.779,208.77
16:18:50.249,538.730936,43.4044737,6.0122928,226.7,5,13,0.95,41.966,210.17
16:18:50.353,538.834634,43.4044633,6.0122864,226.794,5,12,0.98,42.144,211.89
16:18:50.440,538.921682,43.4044544,6.0122785,226.801,2,0,1.39,42.666,213.34
16:18:50.550,539.031636,43.4044454,6.0122703,226.807,2,0,1.29,42.985,214.38
16:18:50.663,539.144667,43.4044366,6.0122637,226.84,2,17,0.57,43.385,214.74
16:18:50.747,539.228818,43.4044277,6.0122548,226.84,2,0,1.49,43.994,216.54
16:18:50.847,539.328733,43.404419,6.0122454,226.839,2,0,1.49,44.455,218.15
16:18:50.965,539.446793,43.4044104,6.0122376,226.869,2,17,0.57,44.957,218.59
16:18:51.049,539.530816,43.4044023,6.0122269,226.876,2,0,1.49,45.224,222.59
16:18:51.148,539.629809,43.4043943,6.0122162,226.878,2,0,1.49,45.374,224.46
16:18:51.256,539.73796,43.4043864,6.0122067,226.908,2,17,0.57,45.881,225.58
16:18:51.351,539.832607,43.4043787,6.0121953,226.908,2,0,1.44,45.702,228.09
16:18:51.449,539.930659,43.4043713,6.0121832,226.906,2,0,1.44,46.224,230.17
16:18:51.563,540.044656,43.404364,6.0121725,226.933,2,17,0.57,46.704,230.63
16:18:51.644,540.125619,43.4043578,6.0121592,226.942,2,0,1.44,47.048,235.42
16:18:51.752,540.233724,43.4043516,6.0121459,226.949,2,0,1.44,46.615,238.02
16:18:51.863,540.344724,43.4043457,6.0121337,226.979,2,17,0.57,47.0,239.26
16:18:51.949,540.430855,43.4043401,6.0121197,226.983,2,0,1.44,47.041,241.96
16:18:52.041,540.522784,43.4043347,6.0121052,226.981,2,0,1.44,47.367,243.87
16:18:52.161,540.642879,43.4043297,6.0120921,227.006,2,17,0.57,47.789,243.9
16:18:52.248,540.730017,43.4043252,6.0120771,227.011,2,0,1.56,47.58,247.77
16:18:52.347,540.828635,43.4043207,6.0120619,227.02,2,0,1.56,48.102,248.98
16:18:52.452,540.933831,43.4043167,6.0120479,227.044,2,18,0.53,48.528,250.0
16:18:52.555,541.036671,43.4043126,6.0120335,227.176,5,14,0.84,48.198,251.93
16:18:52.665,541.14666,43.4043089,6.0120185,227.282,5,13,0.86,48.502,253.26
16:18:52.763,541.24472,43.4043053,6.0120034,227.412,5,13,0.86,48.878,254.14
16:18:52.854,541.335717,43.404302,6.0119881,227.553,5,12,0.89,48.982,255.26
16:18:52.963,541.444912,43.404299,6.0119727,227.694,5,12,0.89,49.152,256.33
16:18:53.063,541.54478,43.4042962,6.0119571,227.779,5,12,0.89,49.434,257.43
16:18:53.172,541.653792,43.4042942,6.0119424,227.946,5,12,0.89,49.722,258.23
16:18:53.254,541.735929,43.4042923,6.0119276,228.077,5,11,1.06,50.002,258.93
16:18:53.377,541.858808,43.4042905,6.0119126,228.234,5,11,1.06,50.2,259.54
16:18:53.461,541.942663,43.4042889,6.0118975,228.394,5,11,1.06,50.343,260.06
16:18:53.561,542.042636,43.4042873,6.0118821,228.517,5,10,1.15,50.437,260.57
16:18:53.656,542.137621,43.4042859,6.0118667,228.648,5,11,1.11,50.758,261.4
16:18:53.764,542.245716,43.4042846,6.0118512,228.771,5,11,1.11,51.045,262.01
16:18:53.864,542.345683,43.4042835,6.0118356,228.906,5,11,1.11,51.328,262.52
16:18:53.961,542.442807,43.4042812,6.0118194,229.003,5,10,1.58,51.41,262.97
16:18:54.052,542.533915,43.4042789,6.0118033,229.103,5,10,1.34,51.658,263.55
16:18:54.161,542.642767,43.4042765,6.0117867,229.166,5,10,1.34,51.919,264.07
16:18:54.252,542.733935,43.4042746,6.0117703,229.277,5,11,1.32,52.071,264.39
16:18:54.359,542.840734,43.4042727,6.0117538,229.379,5,11,1.32,52.15,264.73
16:18:54.451,542.932722,43.4042698,6.0117379,229.409,5,10,1.62,52.147,264.79
16:18:54.562,543.043633,43.4042667,6.0117221,229.463,5,10,1.62,52.358,264.45
16:18:54.651,543.132794,43.4042636,6.0117061,229.512,5,11,1.32,52.469,264.13
16:18:54.760,543.241693,43.4042606,6.01169,229.553,5,11,1.32,52.689,263.56
16:18:54.854,543.335624,43.4042578,6.0116735,229.554,5,11,1.31,52.865,263.05
16:18:54.963,543.444636,43.404255,6.0116569,229.563,5,11,1.31,53.012,262.65
16:18:55.051,543.532686,43.4042522,6.0116403,229.572,5,11,1.31,53.325,262.52
16:18:55.160,543.641806,43.4042488,6.0116246,229.548,5,11,1.31,53.56,262.27
16:18:55.253,543.734916,43.4042454,6.0116089,229.521,5,12,1.05,53.708,261.99
16:18:55.364,543.845692,43.4042422,6.0115929,229.501,5,12,1.03,53.827,261.97
16:18:55.452,543.93371,43.4042385,6.0115776,229.455,5,12,1.03,54.01,261.9
16:18:55.560,544.041714,43.404235,6.0115621,229.407,5,12,1.03,54.106,262.0
16:18:55.655,544.136622,43.4042317,6.0115462,229.373,5,12,1.03,54.264,262.1
16:18:55.763,544.244703,43.4042284,6.0115301,229.335,5,12,1.03,54.482,262.17
16:18:55.851,544.332636,43.4042253,6.0115137,229.304,5,12,1.03,54.812,262.17
16:18:55.961,544.442627,43.4042222,6.0114972,229.27,5,12,1.03,55.001,262.28
16:18:56.052,544.533846,43.4042192,6.0114804,229.233,5,12,1.03,55.166,262.22
16:18:56.162,544.643812,43.4042164,6.0114634,229.197,5,12,1.03,55.186,262.24
16:18:56.250,544.732018,43.4042135,6.0114463,229.173,5,12,1.03,55.397,262.27
16:18:56.360,544.841751,43.4042107,6.011429,229.151,5,12,1.03,55.617,262.13
16:18:56.452,544.933683,43.404208,6.0114114,229.119,5,12,1.03,55.747,262.22
16:18:56.563,545.044643,43.4042056,6.0113938,229.093,5,12,1.03,55.988,262.68
16:18:56.653,545.134629,43.4042034,6.0113759,229.055,5,12,1.03,56.151,263.96
16:18:56.761,545.242755,43.4042014,6.011358,229.019,5,12,1.03,56.401,264.93
16:18:56.855,545.336625,43.4041995,6.0113398,228.985,5,12,1.03,56.493,265.46
16:18:56.956,545.437686,43.4041977,6.0113216,228.947,5,13,0.9,56.569,265.89
16:18:57.055,545.53684,43.4041959,6.011304,228.867,5,13,0.9,56.673,265.96
16:18:57.163,545.644793,43.4041942,6.0112863,228.775,5,13,0.9,56.825,266.18
16:18:57.257,545.739029,43.4041926,6.0112685,228.716,5,13,0.9,56.995,266.13
16:18:57.356,545.837618,43.404191,6.0112504,228.652,5,13,0.9,57.043,266.24
16:18:57.456,545.93765,43.4041895,6.0112324,228.605,5,13,0.9,57.216,266.14
16:18:57.564,546.045649,43.404188,6.0112142,228.555,5,13,0.9,57.506,266.04
16:18:57.657,546.138717,43.4041865,6.0111959,228.51,5,13,0.9,57.731,265.92
16:18:57.755,546.236729,43.4041849,6.0111783,228.417,5,13,0.9,57.751,265.65
16:18:57.856,546.33773,43.4041834,6.0111605,228.343,5,13,0.9,57.964,265.87
16:18:57.963,546.444661,43.404182,6.0111427,228.275,5,13,0.9,58.168,266.14
16:18:58.057,546.538859,43.4041807,6.0111247,228.209,5,13,0.9,58.305,266.23
16:18:58.157,546.63884,43.4041793,6.0111065,228.16,5,13,0.9,58.482,266.19
16:18:58.254,546.73602,43.404178,6.0110883,228.14,5,13,0.9,58.705,265.97
16:18:58.364,546.84561,43.4041766,6.0110699,228.118,5,13,0.9,58.82,265.63
16:18:58.451,546.932736,43.4041751,6.0110515,228.042,5,14,0.88,58.971,265.42
16:18:58.566,547.047656,43.4041736,6.0110329,227.975,5,12,0.93,59.042,265.23
16:18:58.655,547.136702,43.404172,6.0110142,227.914,5,12,0.93,59.271,265.15
16:18:58.763,547.244731,43.4041705,6.0109954,227.855,5,12,0.93,59.314,265.0
16:18:58.858,547.339655,43.4041689,6.0109765,227.811,5,12,0.93,59.407,264.79
16:18:58.957,547.438645,43.4041673,6.0109575,227.77,5,12,0.93,59.442,264.22
16:18:59.055,547.53686,43.4041655,6.0109385,227.739,5,12,0.93,59.755,263.84
16:18:59.165,547.646894,43.4041637,6.0109193,227.713,5,12,0.93,60.042,263.56
16:18:59.257,547.739032,43.4041619,6.0109,227.694,5,12,0.93,60.133,263.14
16:18:59.357,547.838754,43.4041599,6.0108807,227.678,5,12,0.93,60.183,262.87
16:18:59.455,547.936743,43.4041579,6.0108613,227.647,5,12,0.93,60.277,262.59
16:18:59.556,548.037635,43.4041557,6.0108418,227.617,5,12,0.93,60.357,261.87
16:18:59.658,548.139646,43.4041533,6.0108223,227.604,5,13,0.9,60.533,261.27
16:18:59.759,548.240692,43.4041514,6.0108037,227.567,5,13,0.9,60.618,261.06
16:18:59.857,548.338724,43.4041495,6.0107851,227.526,5,13,0.9,60.844,261.08
16:18:59.966,548.447771,43.4041474,6.0107664,227.493,5,13,0.9,60.92,260.86
16:19:00.059,548.540755,43.4041453,6.0107476,227.463,5,13,0.9,60.923,260.53
16:19:00.167,548.648934,43.4041426,6.0107279,227.452,5,13,0.9,60.918,260.12
16:19:00.257,548.73904,43.40414,6.0107082,227.457,5,13,0.9,61.035,259.87
16:19:00.365,548.846709,43.4041372,6.0106884,227.462,5,13,0.9,61.181,259.54
16:19:00.459,548.940659,43.4041345,6.0106686,227.47,5,13,0.9,61.466,259.37
16:19:00.559,549.040636,43.4041318,6.0106487,227.479,5,13,0.9,61.505,259.52
16:19:00.656,549.137659,43.4041293,6.0106288,227.486,5,12,1.03,61.585,260.26
16:19:00.765,549.246693,43.4041268,6.0106087,227.491,5,12,1.03,61.598,260.85
16:19:00.858,549.339628,43.4041244,6.0105887,227.506,5,12,1.03,61.618,260.92
16:19:00.958,549.439778,43.4041222,6.0105694,227.514,5,12,1.03,61.618,260.8
16:19:01.057,549.538715,43.4041201,6.01055,227.515,5,12,1.03,61.749,260.95
16:19:01.166,549.647833,43.404118,6.0105306,227.531,5,12,1.03,61.831,261.06
16:19:01.259,549.740951,43.404116,6.010511,227.545,5,12,1.03,61.794,261.39
16:19:01.358,549.839619,43.4041141,6.0104914,227.555,5,12,1.03,62.016,261.72
16:19:01.459,549.940656,43.4041121,6.0104717,227.571,5,13,0.9,62.144,261.71
16:19:01.567,550.04874,43.4041101,6.010452,227.589,5,13,0.9,62.223,261.73
16:19:01.660,550.141657,43.4041083,6.0104322,227.606,5,13,0.91,62.248,261.91
16:19:01.758,550.239716,43.4041065,6.0104123,227.627,5,13,0.91,62.398,262.42
16:19:01.857,550.338736,43.4041048,6.0103924,227.65,5,13,0.91,62.396,262.75
16:19:01.965,550.44673,43.4041032,6.0103724,227.672,5,13,0.91,62.388,263.23
16:19:02.058,550.539726,43.4041016,6.0103522,227.679,5,13,0.91,62.411,263.49
16:19:02.156,550.637913,43.4040998,6.0103314,227.699,5,13,0.91,62.559,263.7
16:19:02.255,550.736934,43.404098,6.0103105,227.729,5,13,0.91,62.733,263.54
16:19:02.365,550.846667,43.4040963,6.0102898,227.771,5,13,0.91,62.625,263.22
16:19:02.457,550.938645,43.4040946,6.0102689,227.799,5,13,0.91,62.672,263.76
16:19:02.556,551.037652,43.4040932,6.0102479,227.824,5,13,0.91,62.82,264.46
16:19:02.656,551.137995,43.4040918,6.010227,227.865,5,13,0.91,62.896,264.95
16:19:02.765,551.246699,43.4040907,6.0102061,227.912,5,13,0.91,62.87,265.63
16:19:02.857,551.338665,43.4040898,6.0101851,227.957,5,13,0.91,62.779,266.62
16:19:02.957,551.438636,43.4040891,6.0101641,228.011,5,13,0.91,62.775,267.58
16:19:03.056,551.537787,43.4040888,6.0101431,228.063,5,13,0.91,62.74,268.73
16:19:03.165,551.646825,43.4040889,6.010122,228.117,5,13,0.91,62.829,270.23
16:19:03.257,551.739045,43.4040894,6.0101011,228.178,5,13,0.91,63.033,271.96
16:19:03.371,551.852663,43.4040905,6.01008,228.229,5,13,0.91,63.068,273.82
16:19:03.455,551.936661,43.4040921,6.0100591,228.285,5,13,0.91,62.949,275.96
16:19:03.552,552.03374,43.4040942,6.0100384,228.355,5,13,0.92,62.631,278.29
16:19:03.657,552.138687,43.404097,6.0100177,228.418,5,13,0.91,62.512,280.42
16:19:03.756,552.237701,43.4041005,6.0099982,228.517,5,13,0.91,62.325,282.56
16:19:03.854,552.33576,43.4041046,6.0099788,228.628,5,13,0.91,62.223,284.61
16:19:03.953,552.434731,43.4041092,6.0099596,228.737,5,13,0.91,62.014,286.5
16:19:04.056,552.537661,43.4041144,6.0099408,228.87,5,12,0.95,61.99,288.68
16:19:04.155,552.636833,43.4041201,6.009922,228.978,5,12,0.98,61.883,290.94
16:19:04.254,552.735949,43.4041266,6.0099039,229.079,5,11,1.1,61.986,293.51
16:19:04.351,552.832721,43.4041334,6.0098857,229.18,5,11,1.1,62.059,295.79
16:19:04.455,552.936857,43.4041409,6.0098685,229.334,5,11,1.13,62.036,298.12
16:19:04.552,553.033706,43.4041491,6.0098521,229.527,5,11,1.13,62.205,299.76
16:19:04.652,553.133693,43.4041578,6.0098363,229.694,5,11,1.13,61.848,302.22
16:19:04.750,553.23171,43.4041669,6.0098202,229.815,5,11,1.13,61.568,305.1
16:19:04.852,553.333671,43.4041766,6.0098049,229.945,5,11,1.13,61.29,307.63
16:19:04.950,553.431729,43.4041868,6.0097899,230.036,5,11,1.13,61.26,310.65
16:19:05.051,553.532599,43.4041975,6.0097756,230.126,5,11,1.13,61.131,313.52
16:19:05.158,553.639885,43.4042086,6.0097619,230.212,5,11,1.13,61.144,316.38
16:19:05.254,553.735958,43.4042202,6.0097492,230.336,5,11,1.12,61.06,319.12
16:19:05.352,553.833772,43.4042324,6.0097373,230.461,5,11,1.12,61.022,321.95
16:19:05.452,553.933682,43.4042449,6.0097264,230.585,5,11,1.12,60.964,325.39
16:19:05.549,554.030731,43.4042579,6.0097165,230.697,5,11,1.1,60.46,328.78
16:19:05.652,554.133961,43.4042715,6.0097081,230.775,5,11,1.12,60.097,332.54
16:19:05.750,554.231811,43.4042854,6.0097008,230.832,5,11,1.12,59.768,336.23
16:19:05.857,554.338962,43.4043004,6.0096974,231.007,5,11,1.12,59.683,341.08
16:19:05.958,554.439899,43.4043158,6.0096957,231.213,5,12,0.83,59.451,343.22
16:19:06.058,554.539909,43.4043314,6.0096947,231.427,5,7,2.01,60.657,343.62
16:19:06.167,554.648837,43.4043473,6.0096931,231.627,5,5,1.0,62.301,343.79
16:19:06.254,554.735965,43.4043633,6.0096911,231.82,5,4,1.04,63.551,343.81
16:19:06.343,554.824658,43.4043789,6.0096863,231.882,2,12,0.91,61.477,343.8
16:19:06.445,554.926717,43.4043937,6.0096809,231.936,2,12,0.91,60.492,343.8
16:19:06.544,555.025774,43.4044085,6.0096768,232.029,2,13,0.84,59.968,343.85
16:19:06.643,555.124916,43.4044229,6.0096724,232.118,2,13,0.84,58.603,343.89
16:19:06.746,555.227744,43.4044377,6.009668,232.234,2,13,0.96,56.849,343.97
16:19:06.848,555.329693,43.4044514,6.0096641,232.357,2,13,0.96,56.264,343.57
16:19:06.947,555.428722,43.4044644,6.0096597,232.495,2,12,0.97,55.406,342.37
16:19:07.045,555.526639,43.4044778,6.0096559,232.676,2,13,0.96,55.906,343.36
16:19:07.154,555.635974,43.4044903,6.0096517,232.819,2,14,0.81,54.664,344.43
16:19:07.247,555.729302,43.4045022,6.0096476,233.083,2,13,0.96,53.241,344.45
16:19:07.346,555.827675,43.4045125,6.0096441,233.226,2,12,1.1,50.656,344.36
16:19:07.443,555.924754,43.4045217,6.009642,233.342,2,12,1.1,47.715,344.38
16:19:07.546,556.027648,43.4045354,6.0096393,233.648,5,4,1.45,44.209,344.99
16:19:07.649,556.130765,43.4045445,6.0096404,233.598,5,8,1.32,43.709,345.04
16:19:07.747,556.228692,43.4045524,6.0096437,233.533,5,5,1.45,37.794,348.2
16:19:07.846,556.32768,43.4045593,6.0096508,233.576,5,4,1.45,32.78,348.22
16:19:07.947,556.428654,43.4045652,6.0096616,233.698,5,4,1.45,29.202,0.04
16:19:08.039,556.520641,43.4045708,6.0096713,233.838,5,4,1.45,26.952,0.04
16:19:08.160,556.641897,43.4045754,6.0096823,234.102,5,4,1.43,24.987,0.04
16:19:08.249,556.730936,43.4045788,6.0096966,234.324,5,4,1.43,24.474,30.53
16:19:08.349,556.830801,43.4045816,6.0097124,234.55,5,4,1.43,25.88,30.63
16:19:08.442,556.923701,43.404584,6.0097287,234.652,5,4,1.43,28.556,29.37
16:19:08.553,557.034688,43.404586,6.0097445,234.759,5,4,1.43,31.104,66.62
16:19:08.655,557.13668,43.4045834,6.0097936,234.669,5,6,2.68,44.533,64.87
16:19:08.754,557.235691,43.4045796,6.0098415,233.725,5,4,1.43,56.271,83.68
16:19:08.847,557.328655,43.4045772,6.0098822,233.834,5,4,1.13,58.44,89.07
16:19:08.956,557.43766,43.4045771,6.0099185,234.871,5,5,1.13,59.923,90.28
16:19:09.046,557.527483,43.4045769,6.0099456,235.227,2,10,1.2,58.705,89.58
16:19:09.162,557.643884,43.4045733,6.0100589,235.8,1,18,1.02,50.473,81.9
16:19:09.230,557.711794,43.4045772,6.0100936,235.9,1,18,1.02,51.156,80.5
16:19:09.337,557.818418,43.4045772,6.0100936,235.9,1,18,1.02,51.156,80.5
16:19:09.438,557.919675,43.404582,6.010128,236.0,1,18,1.13,51.408,78.3
16:19:09.532,558.013681,43.404582,6.010128,236.0,1,19,1.13,51.408,78.3
16:19:09.627,558.10906,43.4045883,6.0101622,236.1,1,19,1.13,51.48,74.3
16:19:09.736,558.218092,43.4045883,6.0101622,236.1,1,18,1.13,51.48,74.3
16:19:09.838,558.319713,43.4045953,6.0101961,236.2,1,18,1.13,52.812,73.9
16:19:09.932,558.413748,43.4045953,6.0101961,236.2,1,20,1.08,52.812,73.9
16:19:10.040,558.521648,43.4046022,6.0102595,240.595,1,16,0.67,53.593,71.44
16:19:10.152,558.633867,43.4046047,6.0102737,239.832,5,15,0.71,53.502,70.41
16:19:10.256,558.737964,43.4046106,6.0102907,239.644,5,12,0.94,54.16,69.65
16:19:10.355,558.836787,43.4046158,6.0103081,239.532,5,13,0.84,54.951,68.91
16:19:10.448,558.929714,43.404621,6.0103258,239.367,5,13,0.84,55.166,68.97
16:19:10.561,559.042767,43.4046259,6.0103438,239.215,5,13,0.84,55.338,69.13
16:19:10.662,559.14376,43.4046309,6.0103618,239.072,5,14,0.79,55.501,68.96
16:19:10.759,559.240716,43.404636,6.0103799,238.973,5,14,0.79,55.753,68.58
16:19:10.851,559.332762,43.4046412,6.0103979,238.853,5,14,0.79,55.951,68.28
16:19:10.960,559.441642,43.4046466,6.0104159,238.763,5,14,0.79,56.162,68.0
16:19:11.061,559.542651,43.4046521,6.0104339,238.664,5,14,0.79,56.486,67.88
16:19:11.163,559.644828,43.4046576,6.0104519,238.569,5,14,0.79,56.755,68.02
16:19:11.251,559.733247,43.4046629,6.01047,238.497,5,14,0.79,56.862,68.53
16:19:11.361,559.842859,43.4046683,6.0104882,238.447,5,14,0.79,57.153,69.12
16:19:11.463,559.944675,43.4046736,6.0105065,238.398,5,14,0.79,57.369,69.15
16:19:11.562,560.043639,43.4046789,6.0105249,238.348,5,14,0.79,57.706,69.4
16:19:11.652,560.133657,43.404684,6.0105433,238.327,5,14,0.79,57.751,69.78
16:19:11.763,560.244714,43.404689,6.010562,238.309,5,14,0.79,57.868,70.26
16:19:11.861,560.3427,43.4046941,6.0105807,238.313,5,14,0.79,58.142,70.43
16:19:11.956,560.437736,43.404699,6.0105994,238.31,5,13,0.84,58.334,70.55
16:19:12.053,560.534654,43.4047038,6.0106183,238.335,5,13,0.84,58.681,71.12
16:19:12.159,560.640906,43.4047085,6.0106373,238.327,5,13,0.89,59.001,71.76
16:19:12.257,560.738975,43.404713,6.0106563,238.308,5,13,0.89,59.121,72.61
16:19:12.355,560.836749,43.4047171,6.0106756,238.292,5,13,0.89,59.245,73.89
16:19:12.449,560.930719,43.4047212,6.010695,238.294,5,13,0.89,59.42,74.73
16:19:12.559,561.040673,43.4047252,6.0107145,238.297,5,13,0.89,59.575,74.93
16:19:12.656,561.137726,43.4047293,6.010734,238.306,5,13,0.89,59.594,74.73
16:19:12.757,561.238701,43.4047332,6.0107536,238.301,5,13,0.89,59.547,74.61
16:19:12.849,561.330735,43.4047368,6.0107733,238.294,5,13,0.89,59.723,75.51
16:19:12.959,561.440657,43.4047404,6.0107932,238.301,5,13,0.89,59.988,76.08
16:19:13.058,561.539649,43.4047441,6.0108132,238.281,5,12,1.08,60.253,75.91
16:19:13.168,561.649898,43.4047478,6.0108331,238.275,5,12,1.08,60.262,75.58
16:19:13.252,561.734391,43.4047514,6.010853,238.268,5,12,1.08,60.283,75.94
16:19:13.375,561.856731,43.4047549,6.0108729,238.255,5,12,1.08,60.118,76.31
16:19:13.458,561.939716,43.4047583,6.0108926,238.232,5,12,1.08,59.564,76.48
16:19:13.556,562.037666,43.4047617,6.0109121,238.212,5,13,1.07,58.949,76.57
16:19:13.649,562.130646,43.4047648,6.0109315,238.186,5,13,1.07,57.979,76.9
16:19:13.759,562.2407,43.4047678,6.0109506,238.159,5,13,1.07,57.093,77.8
16:19:13.856,562.337657,43.4047706,6.0109696,238.123,5,13,1.07,56.151,78.27
16:19:13.950,562.43192,43.4047733,6.0109884,238.098,5,13,1.07,55.432,78.86
16:19:14.048,562.529659,43.4047758,6.011007,238.059,5,13,1.07,54.673,79.73
16:19:14.158,562.639686,43.4047779,6.0110254,238.035,5,13,1.07,54.052,80.74
16:19:14.249,562.730894,43.4047796,6.0110436,238.002,5,13,1.07,53.201,82.44
16:19:14.358,562.839901,43.4047807,6.0110615,238.011,5,12,1.0,52.063,85.06
16:19:14.450,562.931624,43.4047811,6.0110792,237.961,5,14,0.9,51.326,88.23
16:19:14.548,563.029666,43.404781,6.0110969,237.925,5,13,1.07,50.824,91.2
16:19:14.647,563.128748,43.4047803,6.0111142,237.906,5,12,1.11,50.648,94.56
16:19:14.751,563.232782,43.404779,6.0111314,237.9,5,13,0.97,50.441,97.13
16:19:14.852,563.33367,43.404777,6.0111479,237.913,5,14,0.9,49.63,100.59
16:19:14.959,563.440758,43.4047742,6.0111641,237.93,5,11,1.13,48.508,104.13
16:19:15.048,563.529674,43.4047708,6.0111795,237.948,5,13,0.97,47.608,108.6
16:19:15.158,563.639823,43.4047668,6.0111945,237.956,5,13,0.97,46.598,111.62
16:19:15.250,563.731859,43.4047622,6.0112086,237.96,5,7,2.35,45.909,116.77
16:19:15.358,563.839759,43.4047569,6.0112217,237.96,5,6,11.98,44.824,119.42
16:19:15.444,563.925761,43.4047509,6.0112336,237.96,5,8,1.74,42.826,126.04
16:19:15.547,564.02876,43.4047444,6.0112443,237.973,5,11,1.12,41.735,129.19
16:19:15.646,564.127762,43.4047373,6.011254,237.97,5,11,1.08,40.466,137.1
16:19:15.755,564.236753,43.4047299,6.0112629,237.967,5,10,1.24,39.774,141.18
16:19:15.844,564.325661,43.4047221,6.0112707,237.954,5,10,1.24,39.37,146.44
16:19:15.946,564.42767,43.404714,6.0112773,237.942,5,8,1.98,38.772,150.55
16:19:16.046,564.527672,43.4047056,6.0112827,237.928,5,9,1.49,38.181,156.59
16:19:16.156,564.637935,43.4046968,6.0112872,237.898,5,9,2.53,37.729,161.13
16:19:16.243,564.724756,43.4046878,6.0112903,237.867,5,10,1.93,37.938,167.89
16:19:16.346,564.827932,43.4046788,6.0112919,237.833,5,10,1.93,37.905,171.68
16:19:16.443,564.924775,43.40467,6.011292,237.789,5,9,2.08,37.481,179.65
16:19:16.553,565.034681,43.4046612,6.0112912,237.731,5,11,1.79,36.764,182.73
16:19:16.644,565.125656,43.4046525,6.0112892,237.671,5,10,1.95,36.683,192.25
16:19:16.746,565.227753,43.404644,6.0112861,237.604,5,11,1.73,36.977,195.57
16:19:16.845,565.326692,43.4046355,6.0112821,237.55,5,11,1.78,37.168,201.86
16:19:16.953,565.434647,43.4046272,6.0112772,237.482,5,11,1.78,37.54,205.47
16:19:17.043,565.524668,43.4046193,6.0112711,237.426,5,11,1.77,37.985,210.15
16:19:17.154,565.635837,43.4046118,6.0112641,237.363,5,11,1.77,38.118,214.39
16:19:17.242,565.723798,43.4046047,6.0112559,237.305,5,10,1.9,38.327,220.57
16:19:17.340,565.821607,43.4045982,6.0112471,237.239,5,7,3.93,38.348,223.73
16:19:17.442,565.923937,43.4045923,6.0112375,237.153,5,10,1.95,38.294,230.68
16:19:17.544,566.025796,43.4045868,6.0112272,237.073,5,10,1.95,38.54,233.73
16:19:17.645,566.126689,43.4045817,6.0112163,236.994,5,10,1.78,39.018,239.52
16:19:17.745,566.226761,43.4045768,6.0112051,236.917,5,10,1.78,39.416,241.51
16:19:17.845,566.326764,43.4045723,6.0111934,236.84,5,10,1.46,39.614,244.22
16:19:17.945,566.426803,43.4045682,6.0111813,236.764,5,11,1.22,39.835,246.72
16:19:18.044,566.525806,43.4045647,6.0111688,236.688,5,11,1.22,39.916,249.57
16:19:18.153,566.63484,43.4045616,6.0111559,236.617,5,11,1.22,39.998,252.61
16:19:18.242,566.723707,43.4045589,6.0111427,236.543,5,11,1.22,40.337,255.68
16:19:18.344,566.826038,43.4045568,6.0111292,236.462,5,11,1.22,40.709,258.71
16:19:18.445,566.9268,43.4045552,6.0111154,236.387,5,11,1.27,41.02,261.91
16:19:18.543,567.02478,43.4045537,6.0111014,236.316,5,11,1.27,41.666,263.98
16:19:18.645,567.12666,43.4045526,6.0110872,236.235,5,11,1.26,42.131,265.65
16:19:18.746,567.227781,43.4045518,6.0110728,236.164,5,11,1.26,42.466,266.77
16:19:18.845,567.326674,43.4045512,6.0110584,236.091,5,11,1.26,42.703,268.15
16:19:18.947,567.428601,43.4045507,6.0110439,236.037,5,11,1.26,42.835,269.22
16:19:19.045,567.526686,43.4045506,6.0110291,235.982,5,11,1.17,43.039,270.63
16:19:19.155,567.636843,43.4045505,6.0110143,235.946,5,11,1.2,43.479,271.3
16:19:19.247,567.728688,43.4045505,6.0109993,235.894,5,11,1.2,43.931,271.42
16:19:19.347,567.828978,43.4045504,6.0109842,235.821,5,8,2.41,44.524,271.12
16:19:19.444,567.925883,43.40455,6.0109686,235.734,5,9,2.34,44.841,270.01
16:19:19.551,568.032838,43.4045494,6.0109531,235.683,5,9,2.34,45.296,268.36
16:19:19.653,568.134685,43.4045487,6.0109374,235.666,5,12,1.1,45.363,267.52
16:19:19.750,568.231816,43.404548,6.0109217,235.631,5,12,1.1,46.18,267.19
16:19:19.850,568.331712,43.4045474,6.0109058,235.589,5,12,1.1,46.507,266.64
16:19:19.951,568.432684,43.4045467,6.0108899,235.56,5,12,1.1,46.778,266.76
16:19:20.049,568.530758,43.4045459,6.0108738,235.512,5,12,1.1,47.132,266.51
16:19:20.159,568.640912,43.404545,6.0108574,235.465,5,12,1.1,47.759,265.83
16:19:20.247,568.728681,43.4045439,6.0108412,235.414,5,10,1.29,48.102,264.57
16:19:20.350,568.831958,43.4045428,6.0108247,235.358,5,13,0.9,49.163,264.59
16:19:20.451,568.932691,43.4045416,6.0108081,235.297,5,13,0.9,48.882,264.07
16:19:20.551,569.032824,43.4045403,6.0107915,235.244,5,13,0.9,49.867,263.98
16:19:20.650,569.131717,43.404539,6.0107747,235.191,5,13,0.9,49.367,263.51
16:19:20.753,569.23472,43.4045373,6.0107579,235.135,5,12,1.07,50.711,262.43
16:19:20.851,569.332676,43.4045353,6.0107411,235.107,5,9,1.38,48.45,260.96
16:19:20.949,569.430669,43.4045329,6.010725,235.111,5,10,1.34,48.33,259.25
16:19:21.048,569.529799,43.4045302,6.0107091,235.105,5,10,1.44,47.345,257.52
16:19:21.151,569.632931,43.4045271,6.0106937,235.1,5,10,1.44,46.437,255.71
16:19:21.247,569.72878,43.404524,6.0106783,235.105,5,6,6.22,46.663,254.8
16:19:21.347,569.828819,43.4045208,6.010663,235.075,5,4,1.18,47.735,254.4
16:19:21.444,569.925921,43.4045175,6.0106474,235.056,2,14,0.78,47.359,254.13
16:19:21.551,570.032719,43.4045141,6.010632,235.04,2,16,0.69,47.146,253.81
16:19:21.651,570.132675,43.4045104,6.0106167,235.033,2,17,0.64,47.335,253.24
16:19:21.752,570.233813,43.4045065,6.0106015,235.034,2,17,0.61,47.428,252.8
16:19:21.848,570.329806,43.4045026,6.0105863,235.052,2,16,0.68,48.202,252.51
16:19:21.951,570.432769,43.4044984,6.0105708,235.075,2,16,0.68,48.808,252.21
16:19:22.049,570.530746,43.4044941,6.0105554,235.107,2,15,0.73,48.495,252.03
16:19:22.157,570.638919,43.4044898,6.0105404,235.138,2,14,0.74,47.6,251.85
16:19:22.249,570.730686,43.4044839,6.0105251,235.177,5,4,0.96,46.467,250.99
16:19:22.345,570.826947,43.4044796,6.0105113,235.202,5,5,2.15,45.144,250.78
16:19:22.445,570.926792,43.4044752,6.0104984,235.222,5,6,2.3,43.446,250.47
16:19:22.542,571.023775,43.4044708,6.0104865,235.245,5,5,2.15,41.168,250.1
16:19:22.642,571.123728,43.4044664,6.0104756,235.247,5,5,2.15,38.66,249.65
16:19:22.745,571.226829,43.4044623,6.0104644,235.273,2,12,1.1,35.858,249.49
16:19:22.843,571.324757,43.4044584,6.010454,235.306,2,13,1.08,35.027,250.33
16:19:22.941,571.422817,43.4044553,6.0104434,235.261,2,14,1.03,33.914,253.14
16:19:23.042,571.523691,43.4044524,6.0104329,235.182,2,13,1.03,33.134,256.71
16:19:23.183,571.66492,43.4044495,6.0104228,235.057,2,14,0.73,32.334,252.41
16:19:23.245,571.726675,43.4044469,6.0104131,234.916,2,14,0.73,31.315,252.39
16:19:23.365,571.846972,43.4044476,6.0104045,234.932,5,4,1.49,29.593,253.5
16:19:23.456,571.937689,43.4044463,6.010397,234.744,5,8,2.55,27.532,253.46
16:19:23.548,572.029719,43.4044456,6.0103901,234.543,2,14,0.73,25.067,253.44
16:19:23.646,572.127666,43.4044454,6.0103849,234.357,2,13,0.81,22.722,267.4
16:19:23.740,572.221791,43.4044461,6.0103781,234.129,2,0,2.3,19.809,267.4
16:19:23.840,572.321678,43.4044473,6.0103719,233.897,2,0,2.3,18.644,260.46
16:19:23.953,572.43469,43.4044447,6.0103997,234.645,2,16,0.58,4.478,282.45
16:19:24.047,572.528662,43.4044466,6.0104206,235.12,5,4,1.5,10.725,278.54
16:19:24.147,572.628816,43.4044469,6.0104268,234.958,5,8,2.18,14.903,281.54
16:19:24.240,572.722008,43.4044488,6.0104318,234.916,2,0,1.69,17.918,284.58
16:19:24.348,572.830025,43.4044484,6.0104413,234.691,5,4,1.69,20.559,59.59
16:19:24.447,572.928948,43.4044476,6.0104525,234.509,5,4,1.69,23.069,61.07
16:19:24.550,573.031805,43.4044373,6.0104808,233.876,5,5,1.45,30.434,63.74
16:19:24.653,573.134732,43.4043868,6.0105749,233.884,5,8,1.17,41.564,81.25
16:19:24.755,573.236715,43.4043834,6.0105916,234.233,5,8,1.17,39.568,86.42
16:19:24.853,573.334749,43.4043814,6.010607,234.376,5,10,0.99,39.611,91.62
16:19:24.952,573.433751,43.4043804,6.0106216,234.435,5,10,0.99,40.351,90.52
16:19:25.052,573.533803,43.4043796,6.0106366,234.484,5,10,0.99,40.864,89.0
16:19:25.158,573.639844,43.4043792,6.0106515,234.54,5,12,0.89,41.309,87.6
16:19:25.251,573.732683,43.4043781,6.0106682,234.671,5,14,0.72,41.766,86.44
16:19:25.355,573.837041,43.4043773,6.0106849,234.782,5,13,0.81,42.381,85.32
16:19:25.455,573.936798,43.4043764,6.0107015,234.878,5,13,0.84,42.863,84.64
16:19:25.563,574.044762,43.4043755,6.0107185,235.016,5,13,0.82,43.322,84.17
16:19:25.667,574.14875,43.4043741,6.010737,235.098,5,14,0.79,43.833,83.93
16:19:25.765,574.246714,43.4043728,6.0107555,235.226,5,14,0.79,44.242,84.13
16:19:25.867,574.348758,43.4043718,6.0107739,235.315,5,14,0.79,44.517,83.89
16:19:25.955,574.436656,43.4043701,6.0107944,235.14,2,12,1.29,44.805,83.28
16:19:26.067,574.548674,43.4043155,6.0108847,235.1,1,24,1.06,44.496,83.9
16:19:26.137,574.618887,43.4043155,6.0108847,235.1,1,24,1.29,44.496,83.9
16:19:26.237,574.718789,43.4043181,6.0109153,235.1,1,24,1.39,45.396,82.7
16:19:26.340,574.821991,43.4043181,6.0109153,235.1,1,24,1.39,45.396,82.7
16:19:26.438,574.919835,43.4043208,6.0109464,235.1,1,24,1.39,46.007,83.2
16:19:26.537,575.01878,43.4043208,6.0109464,235.1,1,24,1.39,46.007,83.2
16:19:26.637,575.118743,43.4043233,6.0109783,235.1,1,24,1.39,46.765,83.8
16:19:26.740,575.221917,43.4043233,6.0109783,235.1,1,24,1.39,46.765,83.8
16:19:26.837,575.318755,43.4043261,6.0110092,235.1,1,23,1.39,47.628,83.7
16:19:26.945,575.426656,43.4043359,6.0110471,233.675,1,14,0.7,48.646,83.39
16:19:27.049,575.530739,43.4043295,6.0110658,233.335,5,14,0.7,49.021,83.06
16:19:27.174,575.655828,43.404331,6.0110823,233.293,5,13,0.8,49.145,82.28
16:19:27.266,575.747699,43.4043327,6.011099,233.348,5,13,0.8,49.517,81.7
16:19:27.364,575.846024,43.4043345,6.0111157,233.432,5,13,0.8,49.943,80.91
16:19:27.464,575.945907,43.4043363,6.0111325,233.59,5,13,0.8,50.247,80.61
16:19:27.568,576.04975,43.4043382,6.0111494,233.708,5,13,0.8,50.506,80.23
16:19:27.666,576.147736,43.4043402,6.0111664,233.849,5,13,0.8,50.871,80.15
16:19:27.764,576.245767,43.4043424,6.0111835,233.967,5,13,0.8,51.167,79.63
16:19:27.864,576.345664,43.4043447,6.0112006,234.066,5,13,0.8,51.432,79.2
16:19:27.968,576.449699,43.4043471,6.0112179,234.153,5,13,0.8,51.721,78.75
16:19:28.067,576.54877,43.4043495,6.0112353,234.234,5,13,0.8,51.95,78.24
16:19:28.164,576.645819,43.4043521,6.0112528,234.301,5,13,0.8,52.273,77.84
16:19:28.264,576.745676,43.4043548,6.0112703,234.343,5,13,0.8,52.562,77.47
16:19:28.366,576.847957,43.4043578,6.0112879,234.369,5,13,0.8,52.706,76.6
16:19:28.465,576.946791,43.404361,6.0113054,234.384,5,13,0.8,52.832,75.18
16:19:28.564,577.045714,43.4043646,6.0113228,234.386,5,13,0.8,52.982,73.45
16:19:28.665,577.146751,43.4043686,6.0113402,234.418,5,13,0.8,53.219,71.75
16:19:28.766,577.247765,43.404373,6.0113575,234.432,5,13,0.8,53.425,69.84
16:19:28.864,577.345653,43.4043777,6.0113749,234.457,5,13,0.81,53.758,68.3
16:19:28.965,577.446759,43.4043828,6.0113921,234.487,5,14,0.72,54.234,66.6
16:19:29.065,577.546881,43.4043882,6.0114092,234.483,5,14,0.73,54.44,65.15
16:19:29.166,577.647837,43.404394,6.0114262,234.493,5,14,0.73,54.765,64.03
16:19:29.264,577.745774,43.4044,6.011443,234.484,5,14,0.73,54.841,62.93
16:19:29.364,577.845952,43.4044063,6.0114597,234.502,5,14,0.73,54.849,61.9
16:19:29.464,577.945821,43.4044128,6.0114762,234.523,5,14,0.73,54.977,60.87
16:19:29.569,578.050683,43.4044197,6.0114925,234.529,5,13,0.75,55.058,59.5
16:19:29.667,578.148662,43.4044271,6.0115084,234.445,5,14,0.73,54.966,57.83
16:19:29.764,578.245761,43.4044349,6.0115241,234.414,5,14,0.73,55.084,56.03
16:19:29.866,578.34791,43.404443,6.0115396,234.389,5,14,0.72,55.449,54.02
16:19:29.968,578.449664,43.4044514,6.0115547,234.4,5,14,0.72,55.629,52.12
16:19:30.068,578.549839,43.4044602,6.0115694,234.416,5,14,0.72,55.63,50.24
16:19:30.175,578.656915,43.4044693,6.0115838,234.444,5,13,0.77,55.751,48.18
16:19:30.264,578.745666,43.4044788,6.0115977,234.507,5,13,0.77,55.801,46.17
16:19:30.364,578.845961,43.4044886,6.0116112,234.585,5,13,0.77,55.73,44.01
16:19:30.463,578.944747,43.4044987,6.0116243,234.663,5,13,0.77,55.845,42.12
16:19:30.562,579.043846,43.4045091,6.0116371,234.754,5,13,0.77,55.938,40.47
16:19:30.662,579.143688,43.4045197,6.0116494,234.847,5,13,0.79,56.032,38.85
16:19:30.763,579.244865,43.4045306,6.0116614,234.947,5,13,0.79,56.032,37.46
16:19:30.862,579.343675,43.4045417,6.011673,235.039,5,13,0.79,56.058,36.06
16:19:30.962,579.443666,43.4045531,6.0116841,235.114,5,13,0.83,56.066,34.48
16:19:31.059,579.540739,43.4045647,6.0116947,235.19,5,13,0.83,55.964,32.66
16:19:31.163,579.644854,43.4045766,6.0117049,235.27,5,13,0.83,56.18,30.89
16:19:31.261,579.742674,43.4045887,6.0117147,235.36,5,13,0.83,56.623,29.69
16:19:31.358,579.840052,43.404601,6.0117242,235.429,5,13,0.83,56.708,28.33
16:19:31.460,579.941768,43.4046134,6.0117333,235.503,5,13,0.83,56.89,27.2
16:19:31.562,580.043777,43.404626,6.0117421,235.566,5,13,0.83,57.019,26.18
16:19:31.660,580.141725,43.4046387,6.0117506,235.627,5,12,0.91,57.029,25.1
16:19:31.759,580.240837,43.4046516,6.0117588,235.703,5,12,0.91,57.232,24.17
16:19:31.855,580.336529,43.4046646,6.0117668,235.769,5,12,0.9,57.418,23.81
16:19:31.961,580.442684,43.4046777,6.0117747,235.798,5,12,0.9,57.431,23.36
16:19:32.061,580.542748,43.4046908,6.0117825,235.841,5,12,0.9,57.543,22.94
16:19:32.169,580.650925,43.4047043,6.0117902,235.851,5,10,1.17,57.786,23.02
16:19:32.258,580.739662,43.4047176,6.0117983,235.85,5,10,1.17,58.501,23.65
16:19:32.360,580.841967,43.4047309,6.0118066,235.843,5,10,1.17,58.51,24.45
16:19:32.459,580.940811,43.404744,6.0118153,235.83,5,10,1.17,58.486,25.52
16:19:32.559,581.041161,43.4047572,6.0118244,235.824,5,10,1.17,58.595,26.94
16:19:32.655,581.136902,43.4047701,6.0118342,235.82,5,9,1.55,58.786,29.07
16:19:32.761,581.242754,43.4047828,6.0118443,235.817,5,9,1.55,59.051,30.97
16:19:32.862,581.34368,43.4047951,6.011855,235.809,5,10,1.23,58.899,32.57
16:19:32.959,581.440659,43.404807,6.0118658,235.804,5,10,1.24,57.858,33.91
16:19:33.055,581.536945,43.4048186,6.0118769,235.802,5,10,1.23,56.658,35.78
16:19:33.186,581.667842,43.4048298,6.0118883,235.797,5,10,1.23,55.797,37.52
16:19:33.260,581.74167,43.4048407,6.0119001,235.783,5,10,1.23,55.297,39.49
16:19:33.378,581.859991,43.404851,6.0119125,235.772,5,10,1.23,54.784,41.99
16:19:33.466,581.947622,43.4048607,6.0119254,235.757,5,11,1.18,54.084,44.93
16:19:33.561,582.04279,43.4048697,6.0119386,235.734,5,11,1.18,53.201,47.33
16:19:33.662,582.143713,43.4048778,6.0119523,235.71,5,11,0.98,52.086,51.38
16:19:33.761,582.242775,43.4048853,6.0119665,235.697,5,11,1.13,50.958,54.24
16:19:33.860,582.341774,43.4048918,6.0119809,235.669,5,11,1.18,49.985,59.33
16:19:33.963,582.444747,43.4048975,6.0119957,235.651,5,11,1.13,49.154,61.62
16:19:34.065,582.546681,43.4049025,6.0120106,235.632,5,11,1.13,48.274,67.96
16:19:34.160,582.641833,43.4049065,6.0120256,235.639,5,10,1.65,47.152,71.1
16:19:34.263,582.744689,43.4049097,6.0120405,235.647,5,10,1.65,45.854,76.39
16:19:34.364,582.846057,43.404912,6.0120553,235.659,5,11,0.99,44.531,79.88
16:19:34.463,582.944648,43.4049134,6.0120698,235.679,5,12,0.85,43.233,84.27
16:19:34.563,583.044869,43.404914,6.0120841,235.689,5,12,0.85,42.142,87.87
16:19:34.663,583.144719,43.4049136,6.0120981,235.657,5,12,0.88,40.914,93.51
16:19:34.761,583.242823,43.4049122,6.0121116,235.598,5,12,0.86,39.996,96.52
16:19:34.860,583.341674,43.40491,6.0121246,235.599,5,10,1.12,39.079,104.38
16:19:34.957,583.438759,43.404907,6.0121369,235.527,5,12,0.92,38.627,107.71
16:19:35.053,583.534761,43.4049032,6.0121486,235.501,5,11,0.89,37.762,116.59
16:19:35.161,583.642844,43.4048988,6.0121594,235.475,5,8,1.37,36.712,118.09
16:19:35.260,583.741702,43.4048938,6.0121694,235.432,5,12,0.86,35.988,128.05
16:19:35.359,583.840916,43.4048879,6.0121786,235.419,5,11,0.89,35.923,131.35
16:19:35.450,583.931824,43.4048816,6.0121868,235.393,5,10,1.08,35.588,138.85
16:19:35.559,584.040767,43.4048747,6.0121938,235.364,5,11,1.0,35.132,141.65
16:19:35.649,584.130719,43.4048673,6.0121999,235.348,5,11,0.95,34.962,151.29
16:19:35.761,584.242749,43.4048596,6.0122048,235.349,5,12,0.92,35.121,154.23
16:19:35.854,584.335666,43.4048516,6.0122087,235.342,5,11,0.95,34.845,162.94
16:19:35.960,584.441672,43.4048435,6.0122114,235.329,5,11,1.04,34.84,166.69
16:19:36.056,584.53766,43.4048352,6.0122128,235.309,5,11,1.04,34.747,174.52
16:19:36.157,584.638856,43.4048268,6.012213,235.282,5,12,1.05,34.823,177.45
16:19:36.250,584.731679,43.4048185,6.012212,235.254,5,11,1.06,34.886,186.4
16:19:36.360,584.842054,43.4048104,6.0122098,235.232,5,12,0.99,34.536,190.07
16:19:36.460,584.941739,43.4048024,6.0122066,235.194,5,12,0.99,34.171,198.85
16:19:36.562,585.043674,43.4047947,6.0122024,235.155,5,12,0.99,34.275,202.84
16:19:36.660,585.141753,43.4047871,6.0121975,235.117,5,14,0.81,34.555,207.88
16:19:36.769,585.250885,43.4047795,6.0121921,235.083,5,14,0.82,34.656,210.44
16:19:36.870,585.351794,43.404772,6.0121863,235.05,5,13,0.8,34.873,212.17
16:19:36.973,585.454686,43.4047646,6.0121801,235.014,5,14,0.77,35.308,213.16
16:19:37.065,585.546659,43.4047573,6.0121733,234.983,5,13,0.78,35.831,214.68
16:19:37.174,585.655839,43.4047501,6.0121661,234.956,5,13,0.78,36.334,216.43
16:19:37.275,585.756799,43.404743,6.0121585,234.951,5,12,0.96,36.59,218.45
16:19:37.375,585.856952,43.4047359,6.0121506,234.946,5,12,0.96,36.89,219.78
16:19:37.466,585.947646,43.4047288,6.0121426,234.947,5,12,0.97,37.351,220.7
16:19:37.575,586.056627,43.4047217,6.0121344,234.951,5,12,0.97,37.764,220.75
16:19:37.673,586.154716,43.4047144,6.0121262,234.954,5,13,0.8,38.11,220.64
16:19:37.775,586.256828,43.4047069,6.0121182,234.947,5,13,0.8,38.449,219.8
16:19:37.869,586.350687,43.4046992,6.0121105,234.939,5,13,0.8,38.727,216.88
16:19:37.976,586.457709,43.4046911,6.0121033,234.928,5,13,0.8,39.183,213.74
16:19:38.066,586.547672,43.4046826,6.0120966,234.919,5,13,0.79,39.535,210.26
16:19:38.174,586.655836,43.4046739,6.0120906,234.909,5,13,0.79,39.875,206.99
16:19:38.268,586.749671,43.4046648,6.0120853,234.898,5,13,0.81,39.996,202.64
16:19:38.376,586.85797,43.4046555,6.0120808,234.885,5,13,0.81,40.19,198.86
16:19:38.461,586.942643,43.4046459,6.0120772,234.865,5,13,0.81,40.431,194.65
16:19:38.571,587.052688,43.4046362,6.0120745,234.837,5,13,0.81,40.796,190.86
16:19:38.664,587.145847,43.4046263,6.0120728,234.811,5,13,0.82,40.79,186.46
16:19:38.775,587.256839,43.4046165,6.0120721,234.775,5,12,0.98,40.377,182.46
16:19:38.861,587.342681,43.4046067,6.0120727,234.738,5,13,0.88,39.899,176.76
16:19:38.969,587.450752,43.4045972,6.0120745,234.7,5,12,0.95,39.535,172.81
16:19:39.066,587.547765,43.4045879,6.0120773,234.657,5,12,0.87,38.786,166.52
16:19:39.175,587.656819,43.4045789,6.012081,234.576,5,14,0.8,38.416,161.92
16:19:39.262,587.743786,43.4045702,6.0120857,234.505,5,14,0.8,37.983,156.83
16:19:39.370,587.85197,43.4045619,6.0120914,234.452,5,13,0.93,37.562,153.15
16:19:39.463,587.944686,43.4045539,6.0120977,234.38,5,13,0.97,37.353,147.44
16:19:39.562,588.04367,43.4045466,6.0121049,234.33,5,12,1.11,37.368,143.94
16:19:39.660,588.141757,43.4045398,6.0121129,234.271,5,10,1.28,36.597,137.91
16:19:39.767,588.248817,43.4045339,6.012122,234.185,5,11,1.15,36.634,134.02
16:19:39.858,588.340001,43.4045287,6.0121317,234.104,5,11,1.1,36.397,125.66
16:19:39.954,588.435693,43.4045241,6.0121419,234.054,5,11,1.08,36.07,122.76
16:19:40.055,588.53668,43.4045203,6.0121525,234.016,5,11,1.03,35.531,113.77
16:19:40.166,588.64784,43.4045173,6.0121634,233.976,5,12,1.01,35.225,110.53
16:19:40.257,588.73867,43.4045151,6.0121747,233.938,5,12,1.01,35.029,103.38
16:19:40.357,588.839026,43.4045136,6.0121864,233.885,5,12,1.0,35.299,100.35
16:19:40.458,588.939625,43.4045129,6.0121981,233.823,5,12,1.0,35.425,92.71
16:19:40.565,589.046772,43.4045131,6.0122101,233.773,5,12,1.0,35.395,89.24
16:19:40.660,589.141752,43.404514,6.012222,233.728,5,12,1.0,35.653,81.79
16:19:40.768,589.249869,43.4045155,6.0122339,233.695,5,12,1.0,35.86,78.17
16:19:40.856,589.33775,43.4045177,6.0122458,233.688,5,12,0.99,36.075,73.27
16:19:40.964,589.445738,43.4045204,6.0122574,233.671,5,12,0.99,36.512,70.16
16:19:41.061,589.542742,43.4045238,6.012269,233.645,5,13,0.98,36.771,66.53
16:19:41.162,589.643829,43.4045278,6.0122803,233.616,5,14,0.83,37.255,62.92
16:19:41.260,589.741754,43.4045323,6.0122915,233.598,5,14,0.83,37.964,59.07
16:19:41.370,589.85196,43.4045373,6.0123024,233.581,5,14,0.85,38.496,56.39
16:19:41.459,589.940715,43.4045425,6.0123132,233.575,5,14,0.86,38.742,54.06
16:19:41.559,590.040764,43.4045481,6.0123238,233.578,5,14,0.79,38.779,52.1
16:19:41.659,590.140782,43.4045541,6.0123342,233.586,5,13,0.81,39.174,49.6
16:19:41.759,590.240875,43.4045605,6.0123442,233.592,5,13,0.81,39.549,48.02
16:19:41.859,590.341136,43.4045672,6.0123539,233.611,5,13,0.81,39.564,45.54
16:19:41.963,590.444664,43.4045743,6.0123633,233.623,5,13,0.84,39.609,43.55
16:19:42.059,590.540663,43.4045817,6.0123724,233.635,5,13,0.86,40.072,40.96
16:19:42.161,590.642918,43.4045889,6.0123814,233.838,5,15,0.71,40.281,39.06
16:19:42.259,590.74075,43.4045968,6.0123898,233.944,5,13,0.82,40.563,36.99
16:19:42.360,590.841963,43.4046052,6.0123977,234.019,5,13,0.82,41.1,34.77
16:19:42.458,590.939695,43.4046137,6.0124053,234.02,5,13,0.82,41.526,32.51
16:19:42.568,591.049679,43.4046226,6.0124126,234.038,5,13,0.82,41.918,30.58
16:19:42.664,591.145763,43.4046318,6.0124196,234.026,5,13,0.79,42.44,28.84
16:19:42.761,591.242778,43.4046411,6.0124264,234.033,5,13,0.79,42.757,27.81
16:19:42.861,591.342742,43.4046506,6.012433,234.046,5,13,0.79,43.005,26.75
16:19:42.971,591.452695,43.4046602,6.0124395,234.046,5,13,0.79,43.178,25.99
16:19:43.062,591.543752,43.4046699,6.012446,234.061,5,13,0.79,43.453,25.35
16:19:43.163,591.644797,43.4046799,6.0124524,234.07,5,13,0.79,43.804,24.96
16:19:43.262,591.7437,43.4046899,6.0124585,234.093,5,13,0.79,44.157,24.39
16:19:43.380,591.861884,43.4047,6.0124647,234.132,5,13,0.79,44.413,23.67
16:19:43.478,591.959641,43.4047104,6.0124707,234.169,5,13,0.79,44.867,23.24
16:19:43.563,592.044659,43.4047207,6.0124767,234.207,5,13,0.79,45.239,22.9
16:19:43.662,592.143762,43.4047311,6.0124827,234.237,5,14,0.75,45.441,22.81
16:19:43.763,592.244755,43.4047416,6.0124889,234.267,5,14,0.75,46.028,23.11
16:19:43.864,592.345694,43.4047521,6.0124953,234.278,5,14,0.75,46.376,23.63
16:19:43.965,592.446746,43.4047627,6.0125018,234.322,5,14,0.75,46.682,23.87
16:19:44.065,592.546659,43.4047733,6.0125083,234.347,5,14,0.75,46.741,24.21
16:19:44.172,592.653923,43.404784,6.012515,234.343,5,14,0.75,46.982,24.38
16:19:44.266,592.7476,43.4047947,6.0125218,234.347,5,14,0.75,47.374,24.59
16:19:44.364,592.845954,43.4048054,6.0125286,234.355,5,14,0.75,47.624,24.74
16:19:44.463,592.944868,43.4048162,6.0125356,234.361,5,14,0.75,47.928,25.09
16:19:44.563,593.044787,43.404827,6.0125428,234.371,5,14,0.75,48.226,25.48
16:19:44.669,593.150899,43.4048378,6.0125501,234.399,5,14,0.75,48.402,25.85
16:19:44.765,593.24698,43.4048486,6.0125575,234.434,5,13,0.8,48.687,26.09
16:19:44.865,593.346891,43.4048595,6.012565,234.462,5,13,0.8,49.122,26.58
16:19:44.965,593.446793,43.4048704,6.0125727,234.489,5,13,0.8,49.385,26.8
16:19:45.067,593.548763,43.4048814,6.0125806,234.51,5,13,0.8,49.565,27.35
16:19:45.175,593.656962,43.4048923,6.0125887,234.523,5,13,0.8,49.767,28.19
16:19:45.264,593.745675,43.4049032,6.0125969,234.54,5,13,0.8,50.0,28.85
16:19:45.364,593.845935,43.404914,6.0126054,234.556,5,13,0.8,50.111,29.58
16:19:45.466,593.947691,43.4049248,6.0126143,234.569,5,13,0.8,50.323,30.73
16:19:45.565,594.046677,43.4049355,6.0126234,234.576,5,13,0.8,50.728,31.94
16:19:45.666,594.147661,43.4049461,6.012633,234.578,5,13,0.79,50.965,33.43
16:19:45.764,594.245887,43.4049564,6.0126433,234.589,5,13,0.79,51.273,35.72
16:19:45.868,594.349861,43.4049665,6.0126541,234.601,5,13,0.79,51.356,38.06
16:19:45.967,594.448769,43.4049764,6.0126653,234.622,5,13,0.79,51.287,40.17
16:19:46.067,594.54866,43.4049859,6.0126771,234.642,5,13,0.8,51.58,42.7
16:19:46.175,594.656829,43.4049952,6.0126893,234.625,5,11,0.96,51.625,44.41
16:19:46.268,594.749754,43.4050042,6.0127022,234.609,5,11,0.96,52.006,47.15
16:19:46.361,594.842979,43.4050127,6.0127157,234.62,5,11,1.09,52.339,49.1
16:19:46.460,594.941629,43.405021,6.0127297,234.631,5,12,1.09,52.601,51.47
16:19:46.571,595.052675,43.4050288,6.0127442,234.66,5,10,1.5,52.897,53.87
16:19:46.663,595.144966,43.405036,6.0127593,234.689,5,9,1.88,53.091,56.78
16:19:46.760,595.241956,43.4050428,6.0127748,234.719,5,9,1.88,53.414,59.95
16:19:46.858,595.339723,43.4050489,6.012791,234.718,5,8,2.28,53.671,63.49
16:19:46.972,595.453726,43.4050541,6.0128076,234.712,5,9,1.61,53.843,66.2
16:19:47.060,595.542229,43.4050588,6.0128246,234.722,5,9,1.64,53.864,69.7
16:19:47.171,595.652805,43.4050629,6.012842,234.726,5,9,1.64,54.025,73.83
16:19:47.261,595.7427,43.4050662,6.0128596,234.724,5,9,1.64,54.008,76.86
16:19:47.357,595.838959,43.4050688,6.0128774,234.725,5,9,1.64,53.832,79.81
16:19:47.460,595.941634,43.4050708,6.0128954,234.714,5,10,1.22,53.652,83.34
16:19:47.558,596.039752,43.4050721,6.0129136,234.694,5,10,1.22,53.595,85.94
16:19:47.656,596.137658,43.4050727,6.0129319,234.687,5,11,1.06,53.845,88.85
16:19:47.758,596.239775,43.4050728,6.0129503,234.663,5,10,1.22,54.19,92.11
16:19:47.860,596.341747,43.405072,6.0129687,234.633,5,11,1.07,54.308,94.78
16:19:47.959,596.440664,43.4050702,6.012987,234.617,5,11,1.17,54.193,98.8
16:19:48.059,596.54075,43.4050674,6.0130048,234.601,5,10,1.4,53.897,103.24
16:19:48.159,596.640656,43.4050638,6.0130225,234.581,5,9,1.45,53.971,105.83
16:19:48.260,596.74181,43.4050593,6.0130394,234.553,5,8,1.61,53.527,110.24
16:19:48.359,596.840953,43.4050541,6.0130557,234.525,5,7,1.83,53.189,112.44
16:19:48.458,596.939719,43.4050482,6.0130712,234.484,5,8,1.7,52.393,119.49
16:19:48.569,597.050825,43.4050416,6.0130859,234.447,5,9,1.1,51.713,121.89
16:19:48.659,597.140773,43.4050342,6.0130999,234.415,5,11,0.91,50.911,126.13
16:19:48.760,597.241744,43.4050261,6.013113,234.378,5,11,0.91,50.686,128.74
16:19:48.858,597.339746,43.4050174,6.0131251,234.339,5,10,1.27,50.484,135.85
16:19:48.955,597.436741,43.4050082,6.0131363,234.248,5,12,1.1,50.098,137.77
16:19:49.061,597.542699,43.4049983,6.0131468,234.165,5,13,1.07,49.756,143.68
16:19:49.168,597.649896,43.4049879,6.0131563,234.1,5,12,1.06,50.198,144.67
16:19:49.255,597.736687,43.4049771,6.0131646,234.061,5,10,1.54,50.597,149.38
16:19:49.353,597.835085,43.404966,6.0131717,234.018,5,11,1.09,50.8,152.02
16:19:49.453,597.934687,43.4049546,6.0131776,233.968,5,11,1.08,50.1,159.66
16:19:49.554,598.035698,43.404943,6.0131825,233.913,5,10,1.18,49.839,161.06
16:19:49.658,598.139792,43.4049311,6.0131866,233.865,5,13,0.87,49.456,167.75
16:19:49.758,598.239858,43.404919,6.0131895,233.82,5,13,0.92,49.397,168.37
16:19:49.859,598.34073,43.4049069,6.0131913,233.778,5,13,0.94,49.613,174.49
16:19:49.959,598.440706,43.4048946,6.0131923,233.721,5,13,0.89,49.61,175.49
16:19:50.058,598.539667,43.4048822,6.0131928,233.67,5,13,0.87,49.841,180.52
16:19:50.167,598.648841,43.4048699,6.0131927,233.616,5,7,4.43,50.05,180.82
16:19:50.254,598.735662,43.4048576,6.0131924,233.552,5,4,1.07,49.452,180.85
16:19:50.358,598.83996,43.4048454,6.0131918,233.491,5,7,1.79,49.065,178.58
16:19:50.453,598.93463,43.4048331,6.0131914,233.407,5,5,1.07,49.009,180.94
16:19:50.553,599.034687,43.4048209,6.0131917,233.312,5,5,1.06,49.022,177.32
16:19:50.660,599.141711,43.4048086,6.0131915,233.227,5,7,5.4,48.604,181.35
16:19:50.757,599.238778,43.4047962,6.0131914,233.144,5,5,1.06,48.908,179.77
16:19:50.856,599.337707,43.4047838,6.0131922,233.065,5,4,1.07,49.071,180.56
16:19:50.958,599.439685,43.4047713,6.013194,232.987,5,5,1.07,49.176,177.67
16:19:51.058,599.539748,43.4047584,6.0132006,232.927,5,4,1.17,50.206,178.24
16:19:51.155,599.636843,43.4047453,6.0132098,232.86,5,4,1.03,52.701,178.24
16:19:51.261,599.742725,43.4047325,6.0132169,232.797,5,4,0.91,53.902,162.97
16:19:51.363,599.84505,43.4047196,6.0132293,232.74,5,6,2.37,54.506,163.02
16:19:51.464,599.945638,43.4047072,6.0132385,232.593,5,8,1.41,54.16,157.47
16:19:51.564,600.045745,43.4046946,6.0132457,232.564,5,9,1.26,52.571,158.43
16:19:51.663,600.144648,43.4046821,6.0132526,232.543,5,10,1.22,52.019,160.97
16:19:51.764,600.245731,43.4046697,6.0132583,232.509,5,12,1.02,51.512,162.03
16:19:51.868,600.349749,43.4046575,6.0132634,232.472,5,13,0.88,51.026,163.6
16:19:51.966,600.447704,43.4046453,6.0132676,232.436,5,13,0.83,50.054,166.05
16:19:52.067,600.548805,43.4046331,6.0132709,232.407,5,14,0.77,49.115,169.82
16:19:52.168,600.649825,43.4046209,6.0132734,232.383,5,15,0.74,48.556,172.88
16:19:52.268,600.749672,43.4046088,6.0132749,232.351,5,15,0.75,48.372,176.93
16:19:52.364,600.846056,43.4045968,6.0132755,232.331,5,14,0.8,47.945,179.83
16:19:52.462,600.943663,43.4045851,6.013275,232.319,5,14,0.8,47.365,183.71
16:19:52.564,601.045791,43.4045736,6.0132734,232.314,5,14,0.8,46.669,187.26
16:19:52.662,601.143692,43.4045623,6.0132708,232.311,5,14,0.8,45.859,191.76
16:19:52.767,601.248729,43.4045515,6.013267,232.299,5,13,0.92,45.187,195.52
16:19:52.866,601.347937,43.404541,6.013262,232.286,5,14,0.8,44.628,200.64
16:19:52.965,601.446799,43.4045309,6.013256,232.265,5,14,0.81,44.344,204.27
16:19:53.055,601.536743,43.4045213,6.0132492,232.249,5,12,0.97,43.939,208.95
16:19:53.179,601.660803,43.4045121,6.0132414,232.242,5,14,0.85,43.783,212.39
16:19:53.272,601.753893,43.4045033,6.0132329,232.222,5,14,0.83,43.846,217.18
16:19:53.383,601.865063,43.4044949,6.0132236,232.206,5,14,0.83,43.648,220.39
16:19:53.470,601.951577,43.4044871,6.0132135,232.209,5,13,0.95,43.663,224.63
16:19:53.564,602.045758,43.4044798,6.0132028,232.208,5,13,0.96,43.557,227.93
16:19:53.666,602.147661,43.4044731,6.0131913,232.207,5,13,0.95,43.407,232.84
16:19:53.766,602.247832,43.4044671,6.0131792,232.2,5,13,0.97,43.365,236.49
16:19:53.856,602.337775,43.4044618,6.0131665,232.197,5,11,1.0,43.383,241.77
16:19:53.971,602.452738,43.4044569,6.0131535,232.192,5,13,0.97,43.703,244.89
16:19:54.067,602.548658,43.4044527,6.0131402,232.184,5,12,1.03,43.441,248.28
16:19:54.177,602.658946,43.4044489,6.0131267,232.173,5,12,1.03,43.403,250.51
16:19:54.269,602.75067,43.4044456,6.0131128,232.157,5,12,1.03,43.128,253.55
16:19:54.367,602.848951,43.4044431,6.0130987,232.141,5,12,1.08,43.17,256.94
16:19:54.470,602.951629,43.4044415,6.0130845,232.126,5,13,0.92,43.033,261.3
16:19:54.564,603.045764,43.4044405,6.01307,232.131,5,11,1.34,42.815,264.84
16:19:54.664,603.14564,43.4044407,6.0130559,232.137,5,11,1.06,42.722,270.92
16:19:54.757,603.238864,43.4044417,6.0130418,232.154,5,8,2.75,42.305,274.16
16:19:54.856,603.337755,43.4044437,6.0130282,232.165,5,8,2.75,41.639,281.2
16:19:54.953,603.434749,43.4044466,6.0130152,232.175,5,8,2.75,40.868,283.77
16:19:55.050,603.531667,43.4044503,6.0130028,232.193,5,8,2.75,40.444,292.98
16:19:55.156,603.637826,43.4044547,6.0129908,232.213,5,8,2.76,40.281,296.46
16:19:55.254,603.735668,43.4044598,6.0129794,232.229,5,9,1.28,39.968,302.39
16:19:55.354,603.835949,43.4044656,6.0129691,232.245,5,7,28.27,39.29,305.58
16:19:55.448,603.929623,43.4044721,6.0129598,232.26,5,7,28.28,38.685,313.69
16:19:55.561,604.042755,43.4044792,6.0129516,232.275,5,8,2.0,37.888,317.16
16:19:55.660,604.141661,43.4044867,6.0129443,232.3,5,8,3.52,37.679,325.92
16:19:55.759,604.240729,43.4044948,6.0129382,232.334,5,8,3.52,37.907,329.78
16:19:55.859,604.340813,43.4045033,6.0129331,232.373,5,9,1.64,38.249,338.46
16:19:55.957,604.438816,43.4045121,6.0129291,232.409,5,9,1.68,38.546,341.07
16:19:56.058,604.53965,43.4045209,6.012926,232.448,5,8,1.67,38.562,348.39
16:19:56.168,604.649918,43.4045301,6.012924,232.527,5,12,0.99,38.198,349.77
16:19:56.249,604.730678,43.4045395,6.0129221,232.584,5,6,5.25,38.007,350.93
16:19:56.355,604.837032,43.4045491,6.0129204,232.635,5,5,1.2,38.877,348.41
16:19:56.456,604.937637,43.4045589,6.0129189,232.691,5,6,1.84,40.196,353.55
16:19:56.556,605.037656,43.4045685,6.0129167,232.744,5,5,1.49,40.694,350.6
16:19:56.646,605.127734,43.4045784,6.0129147,232.789,5,5,1.49,41.235,353.25
16:19:56.755,605.236808,43.4045885,6.0129128,232.826,5,4,1.49,41.453,349.6
16:19:56.857,605.338674,43.4045988,6.0129105,232.874,5,5,1.49,42.283,350.07
16:19:56.946,605.427704,43.4046093,6.0129058,232.912,2,13,0.83,43.996,346.66
16:19:57.045,605.526784,43.4046195,6.0129017,232.955,2,13,0.83,44.687,348.83
16:19:57.155,605.636803,43.4046275,6.0128951,232.996,2,13,0.83,42.94,347.52
16:19:57.253,605.734685,43.4046338,6.0128871,233.037,2,13,0.83,40.103,342.32
16:19:57.346,605.827937,43.4046345,6.0128721,233.094,5,13,0.83,37.855,340.69
16:19:57.451,605.93266,43.4046347,6.0128587,233.125,5,11,0.99,34.751,332.48
16:19:57.556,606.037746,43.4046364,6.0128459,233.177,5,4,1.49,33.714,333.64
16:19:57.655,606.136644,43.404638,6.0128343,233.217,5,4,1.49,32.83,314.11
16:19:57.747,606.228698,43.4046367,6.0128213,233.259,5,4,1.49,31.675,312.03
16:19:57.846,606.327783,43.4046373,6.0128096,233.317,5,4,1.46,31.041,295.45
16:19:57.955,606.436912,43.4046351,6.0127973,233.38,5,4,1.46,30.749,293.55
16:19:58.053,606.534744,43.4046326,6.0127854,233.388,2,13,0.86,31.18,271.08
16:19:58.146,606.627825,43.4046229,6.012771,233.402,5,5,6.92,32.264,267.05
16:19:58.246,606.727689,43.4046179,6.0127596,233.41,5,8,1.43,32.999,252.41
16:19:58.355,606.836953,43.4046143,6.0127499,233.205,5,10,1.17,32.814,249.92
16:19:58.456,606.93775,43.4046104,6.0127405,233.08,5,11,1.13,32.514,240.57
16:19:58.557,607.038666,43.404606,6.0127316,232.992,5,11,1.05,32.762,236.55
16:19:58.648,607.129748,43.4046013,6.0127231,232.97,5,11,1.05,32.812,230.5
16:19:58.757,607.238806,43.4045961,6.0127149,232.933,5,11,1.05,33.029,227.31
16:19:58.859,607.340767,43.4045906,6.0127067,232.926,5,11,1.03,33.508,223.49
16:19:58.953,607.434974,43.4045847,6.0126986,232.929,5,12,0.96,33.742,222.1
16:19:59.055,607.536758,43.4045785,6.0126909,232.944,5,12,0.96,34.082,220.28
16:19:59.163,607.644856,43.4045721,6.0126835,232.956,5,12,0.96,34.371,218.77
16:19:59.247,607.729341,43.4045654,6.0126761,232.976,5,12,0.96,34.836,216.99
16:19:59.353,607.835033,43.4045584,6.0126688,233.007,5,12,0.96,35.447,215.82
16:19:59.455,607.936623,43.4045513,6.0126615,233.039,5,12,0.89,36.168,214.58
16:19:59.566,608.047688,43.4045441,6.0126544,233.072,5,12,0.89,36.631,214.33
16:19:59.664,608.145645,43.4045367,6.0126472,233.106,5,12,0.88,36.871,214.29
16:19:59.766,608.247698,43.4045292,6.0126399,233.133,5,11,0.88,37.368,214.37
16:19:59.859,608.340646,43.4045216,6.0126325,233.169,5,11,0.88,37.796,214.8
16:19:59.968,608.449759,43.4045139,6.012625,233.206,5,12,0.88,38.288,215.23
16:20:00.061,608.542979,43.4045062,6.0126171,233.224,5,10,1.01,38.67,215.92
16:20:00.160,608.641874,43.4044986,6.012609,233.241,5,10,1.01,39.112,217.0
16:20:00.253,608.734663,43.4044909,6.0126007,233.26,5,10,1.01,39.518,217.79
16:20:00.362,608.843973,43.4044831,6.0125923,233.271,5,10,1.01,39.853,218.29
16:20:00.448,608.93001,43.4044754,6.0125838,233.282,5,10,1.01,40.166,218.78
16:20:00.556,609.037648,43.4044676,6.012575,233.287,5,10,1.01,40.477,219.34
16:20:00.655,609.136717,43.4044597,6.0125662,233.294,5,11,0.98,40.903,219.66
16:20:00.764,609.245699,43.4044517,6.0125573,233.298,5,11,0.98,41.307,219.45
16:20:00.864,609.345632,43.4044437,6.0125484,233.3,5,11,0.98,41.705,219.4
16:20:00.965,609.446938,43.4044357,6.0125393,233.31,5,11,0.98,42.107,219.41
16:20:01.056,609.537736,43.4044276,6.01253,233.309,5,11,0.98,42.627,219.47
16:20:01.165,609.646851,43.4044195,6.0125205,233.31,5,11,0.98,43.15,220.3
16:20:01.263,609.744687,43.4044116,6.0125105,233.305,5,11,0.98,43.665,221.72
16:20:01.364,609.845842,43.4044038,6.0125001,233.304,5,11,0.98,43.97,223.48
16:20:01.455,609.936611,43.4043961,6.0124895,233.302,5,11,0.98,44.205,225.47
16:20:01.563,610.044691,43.4043886,6.0124786,233.299,5,11,0.98,44.418,226.88
16:20:01.662,610.143731,43.4043813,6.0124671,233.297,5,11,0.98,44.739,228.95
16:20:01.761,610.24268,43.4043743,6.0124552,233.291,5,11,0.98,45.122,231.35
16:20:01.854,610.335621,43.4043677,6.0124428,233.287,5,11,1.02,45.291,234.02
16:20:01.964,610.445844,43.4043614,6.01243,233.27,5,12,0.84,45.461,236.54
16:20:02.065,610.546722,43.4043555,6.0124169,233.251,5,12,0.84,45.746,239.14
16:20:02.176,610.65783,43.40435,6.0124033,233.224,5,11,1.02,45.922,241.37
16:20:02.257,610.738717,43.4043447,6.0123894,233.204,5,11,1.02,46.098,243.41
16:20:02.368,610.850033,43.4043398,6.0123753,233.18,5,12,1.02,46.12,244.97
16:20:02.467,610.94869,43.4043352,6.0123609,233.151,5,12,1.02,46.42,247.01
16:20:02.560,611.041657,43.4043311,6.0123462,233.119,5,12,1.02,46.433,248.98
16:20:02.659,611.140714,43.4043272,6.0123314,233.095,5,12,0.98,46.422,251.08
16:20:02.768,611.249772,43.4043237,6.0123163,233.067,5,12,0.98,46.556,252.84
16:20:02.866,611.347653,43.4043206,6.0123009,233.039,5,12,0.98,47.069,254.8
16:20:02.958,611.440142,43.4043177,6.0122854,233.017,5,13,0.81,47.506,256.6
16:20:03.061,611.542844,43.4043152,6.0122697,232.995,5,13,0.81,47.646,258.37
16:20:03.197,611.678793,43.4043129,6.0122538,232.968,5,13,0.81,47.746,259.4
16:20:03.270,611.751687,43.4043108,6.0122377,232.947,5,13,0.81,48.108,260.55
16:20:03.379,611.861037,43.4043088,6.0122215,232.928,5,13,0.8,48.239,261.12
16:20:03.477,611.958593,43.4043068,6.0122052,232.902,5,12,1.02,48.489,261.49
16:20:03.567,612.048737,43.404305,6.0121889,232.882,5,12,1.06,48.869,261.61
16:20:03.667,612.148638,43.4043031,6.0121725,232.862,5,13,0.85,48.809,261.54
16:20:03.758,612.240054,43.4043013,6.012156,232.846,5,13,0.85,49.045,261.46
16:20:03.856,612.337986,43.4042995,6.0121393,232.83,5,11,1.14,49.291,261.53
16:20:03.966,612.447999,43.4042977,6.0121225,232.821,5,11,1.25,49.63,261.87
16:20:04.056,612.537634,43.4042961,6.0121056,232.811,5,11,1.25,49.935,262.19
16:20:04.155,612.637129,43.4042945,6.0120886,232.811,5,11,1.25,50.093,262.49
16:20:04.253,612.734924,43.4042929,6.0120717,232.799,5,11,1.25,50.208,262.66
16:20:04.361,612.84296,43.4042912,6.0120545,232.791,5,11,1.25,50.406,262.47
16:20:04.461,612.942617,43.4042895,6.0120373,232.784,5,11,1.25,50.66,262.14
16:20:04.555,613.036744,43.4042878,6.01202,232.783,5,11,1.25,50.993,261.95
16:20:04.655,613.13665,43.404286,6.0120027,232.775,5,12,1.03,51.243,261.71
16:20:04.764,613.245951,43.4042843,6.0119852,232.773,5,12,1.03,51.563,261.84
16:20:04.853,613.334693,43.4042825,6.0119676,232.766,5,12,1.03,51.841,261.87
16:20:04.955,613.436734,43.4042808,6.01195,232.757,5,12,1.03,52.076,261.82
16:20:05.055,613.536843,43.404279,6.0119324,232.753,5,12,1.03,52.289,261.98
16:20:05.164,613.645841,43.4042773,6.0119146,232.734,5,12,1.03,52.478,262.0
16:20:05.257,613.738599,43.4042756,6.0118968,232.723,5,12,1.03,52.673,262.07
16:20:05.355,613.836945,43.404274,6.0118788,232.72,5,12,1.03,53.01,262.8
16:20:05.453,613.93462,43.4042727,6.0118607,232.71,5,12,1.03,53.197,263.86
16:20:05.562,614.043749,43.4042714,6.0118426,232.699,5,12,1.03,53.391,264.58
16:20:05.650,614.132285,43.40427,6.0118244,232.683,5,12,1.03,53.549,264.4
16:20:05.757,614.238693,43.4042686,6.0118062,232.674,5,13,0.9,53.775,263.98
16:20:05.856,614.337762,43.4042673,6.0117878,232.654,5,13,0.9,53.952,264.12
16:20:05.957,614.438642,43.404266,6.0117693,232.636,5,13,0.9,54.332,264.48
16:20:06.056,614.537735,43.4042647,6.0117508,232.625,5,13,0.9,54.593,264.51
16:20:06.166,614.647737,43.4042634,6.0117322,232.626,5,13,0.9,54.769,264.43
16:20:06.257,614.738651,43.404262,6.0117137,232.63,5,13,0.9,54.632,264.21
16:20:06.366,614.847943,43.4042606,6.011695,232.618,5,13,0.9,54.788,264.25
16:20:06.450,614.932127,43.4042593,6.0116763,232.594,5,13,0.91,55.014,264.13
16:20:06.556,615.037696,43.4042579,6.0116575,232.575,5,13,0.91,55.304,263.98
16:20:06.656,615.137651,43.4042564,6.0116387,232.55,5,13,0.91,55.571,263.93
16:20:06.764,615.245869,43.404255,6.0116198,232.525,5,13,0.91,55.714,263.94
16:20:06.851,615.333264,43.4042535,6.0116008,232.498,5,13,0.91,55.916,263.8
16:20:06.956,615.437703,43.4042519,6.0115817,232.474,5,13,0.91,56.156,263.33
16:20:07.056,615.537739,43.4042502,6.0115625,232.441,5,13,0.91,56.451,262.95
16:20:07.165,615.646894,43.4042484,6.0115434,232.418,5,13,0.91,56.718,262.6
16:20:07.253,615.734697,43.4042466,6.0115241,232.391,5,13,0.92,56.71,262.14
16:20:07.356,615.837944,43.4042446,6.0115049,232.357,5,13,0.92,56.951,261.79
16:20:07.454,615.935649,43.4042426,6.0114855,232.33,5,13,0.92,57.129,261.5
16:20:07.554,616.035736,43.4042404,6.0114661,232.306,5,13,0.92,57.473,261.02
16:20:07.652,616.133729,43.4042381,6.0114466,232.28,5,13,0.92,57.705,260.58
16:20:07.754,616.235763,43.4042357,6.0114271,232.247,5,13,0.92,57.914,260.13
16:20:07.855,616.336641,43.4042332,6.0114076,232.222,5,13,0.92,58.103,260.0
16:20:07.953,616.434629,43.4042307,6.011388,232.193,5,13,0.92,58.227,259.76
16:20:08.053,616.534729,43.404228,6.0113684,232.161,5,13,0.91,58.408,259.41
16:20:08.160,616.641943,43.4042252,6.0113487,232.129,5,13,0.91,58.699,259.03
16:20:08.254,616.735761,43.4042225,6.0113289,232.097,5,13,0.91,58.999,259.05
16:20:08.354,616.836025,43.4042198,6.0113091,232.07,5,14,0.87,59.158,259.13
16:20:08.451,616.932726,43.4042171,6.0112892,232.036,5,14,0.87,59.231,259.46
16:20:08.556,617.037632,43.4042145,6.0112692,232.008,5,14,0.87,59.379,259.82
16:20:08.656,617.137634,43.4042118,6.0112492,231.976,5,14,0.87,59.592,259.99
16:20:08.755,617.236723,43.4042091,6.0112291,231.949,5,14,0.87,59.77,259.83
16:20:08.851,617.333224,43.4042064,6.0112089,231.926,5,14,0.87,59.984,259.65
16:20:08.957,617.438673,43.4042036,6.0111887,231.898,5,14,0.87,60.234,259.5
16:20:09.056,617.537818,43.4042008,6.0111685,231.87,5,14,0.87,60.246,259.27
16:20:09.166,617.647865,43.404198,6.0111483,231.846,5,14,0.87,60.347,259.26
16:20:09.253,617.734679,43.4041952,6.0111279,231.833,5,14,0.87,60.466,259.2
16:20:09.358,617.840025,43.4041924,6.0111076,231.828,5,14,0.87,60.744,259.33
16:20:09.458,617.939593,43.4041896,6.0110872,231.825,5,14,0.87,60.723,259.38
16:20:09.556,618.037631,43.404187,6.0110667,231.806,5,14,0.87,60.94,259.8
16:20:09.653,618.134727,43.4041845,6.0110461,231.784,5,14,0.87,61.155,260.42
16:20:09.758,618.239775,43.4041821,6.0110255,231.757,5,14,0.87,61.21,260.95
16:20:09.857,618.338637,43.4041797,6.0110047,231.738,5,14,0.87,61.355,261.46
16:20:09.955,618.436626,43.4041775,6.010984,231.724,5,14,0.88,61.41,261.87
16:20:10.056,618.537752,43.4041754,6.0109632,231.698,5,14,0.88,61.646,262.31
16:20:10.157,618.638832,43.4041733,6.0109423,231.68,5,14,0.88,61.635,262.47
16:20:10.255,618.736666,43.4041714,6.0109214,231.661,5,14,0.9,61.71,262.81
16:20:10.354,618.836001,43.4041695,6.0109004,231.636,5,14,0.9,61.838,263.25
16:20:10.453,618.934423,43.4041678,6.0108793,231.615,5,14,0.9,61.925,263.52
16:20:10.557,619.038646,43.404166,6.0108584,231.6,5,14,0.9,61.868,263.68
16:20:10.656,619.137898,43.4041642,6.0108373,231.582,5,14,0.9,61.855,263.44
16:20:10.756,619.237721,43.4041623,6.0108162,231.567,5,14,0.9,62.051,263.27
16:20:10.853,619.334435,43.4041604,6.0107951,231.564,5,14,0.9,62.144,262.9
16:20:10.959,619.440668,43.4041584,6.010774,231.561,5,14,0.9,62.227,262.63
16:20:11.059,619.540841,43.4041565,6.0107529,231.558,5,14,0.88,62.248,262.33
16:20:11.157,619.638936,43.4041544,6.0107317,231.553,5,14,0.88,62.424,262.19
16:20:11.259,619.740622,43.4041524,6.0107105,231.543,5,14,0.88,62.509,262.2
16:20:11.359,619.841018,43.4041503,6.0106893,231.534,5,14,0.88,62.586,262.05
16:20:11.457,619.938691,43.4041481,6.0106681,231.525,5,14,0.88,62.722,261.73
16:20:11.557,620.038633,43.4041459,6.0106469,231.514,5,14,0.88,62.801,261.58
16:20:11.654,620.135713,43.4041437,6.0106257,231.511,5,14,0.88,62.699,261.36
16:20:11.757,620.23869,43.4041414,6.0106044,231.513,5,14,0.88,62.624,261.45
16:20:11.857,620.338712,43.4041391,6.0105831,231.508,5,14,0.88,62.87,261.54
16:20:11.956,620.437628,43.4041368,6.0105618,231.497,5,14,0.88,62.959,261.51
16:20:12.059,620.540652,43.4041346,6.0105404,231.484,5,14,0.88,63.016,261.65
16:20:12.169,620.650649,43.4041325,6.0105191,231.475,5,14,0.88,63.201,261.82
16:20:12.259,620.740748,43.4041303,6.0104977,231.463,5,14,0.88,63.225,262.13
16:20:12.358,620.839898,43.4041283,6.0104762,231.454,5,14,0.88,63.075,262.43
16:20:12.453,620.93499,43.4041263,6.0104548,231.439,5,14,0.88,63.233,262.59
16:20:12.555,621.03663,43.4041246,6.0104336,231.551,5,17,0.68,63.361,262.75
16:20:12.658,621.139608,43.4041228,6.0104122,231.652,5,14,0.88,63.429,262.85
16:20:12.757,621.238685,43.4041211,6.0103908,231.73,5,14,0.88,63.533,263.26
16:20:12.860,621.341581,43.4041194,6.0103693,231.795,5,14,0.88,63.685,263.71
16:20:12.959,621.440697,43.4041178,6.0103478,231.851,5,14,0.88,63.54,264.4
16:20:13.058,621.539691,43.4041164,6.0103262,231.888,5,14,0.88,63.555,265.17
16:20:13.168,621.649793,43.4041153,6.0103045,231.899,5,14,0.88,63.601,266.11
16:20:13.253,621.734918,43.4041145,6.0102829,231.916,5,14,0.88,63.625,267.24
16:20:13.374,621.856074,43.4041141,6.0102613,231.941,5,14,0.88,63.587,268.78
16:20:13.466,621.947614,43.4041142,6.0102396,231.966,5,14,0.88,63.6,270.57
16:20:13.556,622.037717,43.4041147,6.010218,232.004,5,14,0.88,63.461,272.54
16:20:13.654,622.135704,43.4041158,6.0101965,232.029,5,14,0.88,63.501,274.27
16:20:13.758,622.239659,43.4041172,6.010175,232.059,5,14,0.88,63.335,275.87
16:20:13.857,622.338626,43.4041192,6.0101537,232.085,5,14,0.88,63.194,277.69
16:20:13.956,622.437694,43.4041217,6.0101325,232.118,5,14,0.88,63.037,279.38
16:20:14.053,622.535137,43.4041246,6.0101113,232.142,5,14,0.88,62.992,281.24
16:20:14.158,622.639794,43.4041281,6.0100904,232.164,5,14,0.88,62.957,283.08
16:20:14.258,622.739695,43.4041322,6.0100698,232.2,5,14,0.88,62.827,285.23
16:20:14.357,622.838908,43.4041368,6.0100493,232.246,5,13,0.92,62.601,287.29
16:20:14.454,622.935593,43.404142,6.0100291,232.318,5,12,1.13,62.651,289.46
16:20:14.559,623.040711,43.4041478,6.0100093,232.389,5,13,0.95,62.557,292.28
16:20:14.656,623.137612,43.4041542,6.0099898,232.469,5,11,1.35,62.585,294.68
16:20:14.757,623.238788,43.4041612,6.0099707,232.551,5,11,1.35,62.466,297.5
16:20:14.854,623.336271,43.4041687,6.009952,232.639,5,12,1.08,62.266,299.71
16:20:14.959,623.440605,43.4041766,6.0099337,232.713,5,12,1.08,62.292,301.78
16:20:15.058,623.539614,43.4041851,6.0099159,232.797,5,12,1.08,62.222,303.92
16:20:15.156,623.637864,43.4041939,6.0098986,232.881,5,12,1.08,62.077,305.96
16:20:15.255,623.73675,43.4042033,6.0098818,232.96,5,12,1.08,61.888,308.08
16:20:15.356,623.837929,43.4042132,6.0098656,233.033,5,11,1.35,61.736,310.64
16:20:15.454,623.935739,43.4042237,6.0098502,233.098,5,11,1.37,61.69,313.28
16:20:15.555,624.036632,43.4042346,6.0098355,233.175,5,11,1.35,61.542,316.24
16:20:15.655,624.136635,43.404246,6.0098215,233.256,5,11,1.35,61.342,318.89
16:20:15.756,624.237678,43.4042578,6.0098084,233.356,5,11,1.35,61.236,321.93
16:20:15.855,624.336608,43.40427,6.0097961,233.408,5,11,1.35,61.049,324.95
16:20:15.949,624.430602,43.4042828,6.0097848,233.447,5,11,1.39,60.796,328.48
16:20:16.049,624.530606,43.404296,6.0097749,233.481,5,11,1.39,60.592,332.52
16:20:16.152,624.633835,43.4043095,6.0097665,233.496,5,11,1.39,59.975,336.77
16:20:16.251,624.732675,43.4043233,6.0097596,233.558,5,12,1.16,59.447,341.47
16:20:16.352,624.833639,43.4043373,6.0097542,233.619,5,13,1.04,59.077,346.13
16:20:16.440,624.92162,43.4043515,6.0097504,233.66,5,10,1.24,58.801,350.82
16:20:16.550,625.031706,43.4043658,6.0097479,233.714,5,8,1.54,58.69,355.41
16:20:16.648,625.129613,43.4043802,6.0097469,233.751,5,7,1.33,58.784,359.7
16:20:16.747,625.228663,43.4043948,6.0097475,233.8,5,6,2.92,58.916,3.73
16:20:16.841,625.322618,43.404409,6.0097495,233.852,5,6,16.4,58.777,7.85
16:20:16.949,625.430695,43.4044232,6.0097529,233.905,5,6,16.4,58.645,11.35
16:20:17.049,625.530728,43.404437,6.0097575,233.968,5,6,16.4,58.245,15.1
16:20:17.147,625.628757,43.4044503,6.0097635,234.041,5,8,1.37,57.831,19.76
16:20:17.247,625.728675,43.4044635,6.0097706,234.113,5,5,4.7,57.571,24.01
16:20:17.354,625.836003,43.4044758,6.009779,234.199,5,10,1.22,56.842,28.31
16:20:17.454,625.935811,43.4044864,6.0097887,234.288,5,8,1.75,56.316,31.9
16:20:17.557,626.038729,43.4044956,6.0097993,234.4,5,10,1.23,53.104,39.28
16:20:17.652,626.133596,43.4045046,6.0098108,234.537,5,11,0.92,51.862,42.12
16:20:17.760,626.241674,43.4045131,6.0098234,234.629,5,10,1.03,51.671,48.31
16:20:17.860,626.341643,43.4045209,6.0098368,234.771,5,11,1.03,51.445,51.39
16:20:17.960,626.441705,43.4045282,6.0098507,234.912,5,10,1.13,51.345,56.36
16:20:18.052,626.533736,43.4045348,6.0098652,235.073,5,10,1.13,51.139,58.45
16:20:18.161,626.642743,43.4045406,6.00988,235.235,5,10,1.13,50.752,62.42
16:20:18.251,626.732672,43.4045457,6.0098954,235.372,5,10,1.34,50.321,64.03
16:20:18.361,626.842907,43.40455,6.0099111,235.504,5,11,1.08,50.108,69.11
16:20:18.452,626.933638,43.4045536,6.0099272,235.59,5,11,0.97,50.085,70.66
16:20:18.568,627.049629,43.4045566,6.0099434,235.71,5,11,1.04,50.261,76.83
16:20:18.659,627.14069,43.4045588,6.0099599,235.803,5,12,0.85,50.158,78.01
16:20:18.767,627.248849,43.4045609,6.0099765,235.943,5,13,0.83,50.067,81.75
16:20:18.857,627.338693,43.4045627,6.0099932,236.06,5,11,1.02,50.171,82.09
16:20:18.968,627.449653,43.4045645,6.01001,236.156,5,10,1.23,50.215,83.48
16:20:19.057,627.538608,43.4045664,6.0100268,236.254,5,10,1.21,50.167,81.82
16:20:19.166,627.647859,43.4045686,6.0100437,236.35,5,11,1.02,50.341,80.7
16:20:19.256,627.737555,43.4045711,6.0100605,236.434,5,11,0.95,50.489,79.59
16:20:19.366,627.847876,43.4045735,6.0100774,236.473,5,13,0.85,50.632,78.45
16:20:19.457,627.938783,43.4045761,6.0100944,236.509,5,13,0.85,50.787,78.04
16:20:19.568,628.049763,43.404579,6.0101112,236.538,5,12,0.91,51.032,76.64
16:20:19.665,628.146606,43.4045821,6.0101282,236.579,5,13,0.85,51.113,75.52
16:20:19.773,628.25476,43.4045853,6.0101452,236.614,5,12,1.08,51.354,74.04
16:20:19.861,628.342597,43.4045888,6.0101622,236.643,5,11,1.23,51.489,73.41
16:20:19.971,628.452598,43.4045924,6.0101793,236.665,5,10,1.27,52.034,72.45
16:20:20.063,628.544599,43.4045961,6.0101965,236.68,5,10,1.27,52.317,72.38
16:20:20.173,628.654741,43.4046,6.0102138,236.683,5,11,0.97,52.604,72.35
16:20:20.259,628.740798,43.4046037,6.0102312,236.684,5,11,1.23,53.141,72.44
16:20:20.364,628.845898,43.4046077,6.0102486,236.714,5,11,1.39,53.484,72.41
16:20:20.457,628.938592,43.404612,6.0102658,236.734,5,12,0.91,53.61,71.28
16:20:20.558,629.039635,43.4046167,6.010283,236.743,5,12,0.91,53.728,69.96
16:20:20.656,629.137613,43.4046215,6.0103002,236.722,5,14,0.85,53.878,68.93
16:20:20.765,629.246667,43.4046262,6.0103176,236.708,5,13,0.88,54.29,68.6
16:20:20.854,629.335725,43.404631,6.0103351,236.687,5,13,0.92,54.704,68.86
16:20:20.965,629.446621,43.4046358,6.0103527,236.672,5,14,0.88,55.047,68.68
16:20:21.053,629.534601,43.4046406,6.0103704,236.66,5,14,0.88,55.262,69.04
16:20:21.162,629.643858,43.4046455,6.0103881,236.648,5,14,0.88,55.504,69.25
16:20:21.253,629.734914,43.4046504,6.0104059,236.637,5,14,0.88,55.636,69.22
16:20:21.353,629.834903,43.4046554,6.0104238,236.628,5,14,0.88,55.866,68.97
16:20:21.453,629.93459,43.4046604,6.0104417,236.617,5,14,0.85,56.017,68.39
16:20:21.562,630.043662,43.4046653,6.0104598,236.609,5,14,0.85,56.19,68.68
16:20:21.655,630.136686,43.4046701,6.010478,236.609,5,14,0.83,56.632,69.41
16:20:21.765,630.246659,43.4046748,6.0104962,236.594,5,14,0.86,56.786,69.79
16:20:21.853,630.334684,43.4046796,6.0105146,236.584,5,14,0.86,56.997,70.12
16:20:21.962,630.44369,43.4046843,6.0105331,236.581,5,14,0.86,57.205,70.59
16:20:22.056,630.537677,43.4046889,6.0105518,236.574,5,14,0.86,57.506,70.83
16:20:22.165,630.646771,43.4046935,6.0105704,236.578,5,14,0.86,57.744,71.13
16:20:22.253,630.734808,43.4046981,6.0105892,236.575,5,14,0.86,57.877,71.26
16:20:22.367,630.848897,43.4047026,6.0106081,236.578,5,14,0.81,57.96,71.57
16:20:22.458,630.939883,43.4047071,6.0106271,236.586,5,14,0.81,58.251,72.07
16:20:22.567,631.049072,43.4047114,6.0106463,236.588,5,14,0.81,58.571,72.63
16:20:22.657,631.138809,43.4047156,6.0106655,236.601,5,14,0.81,58.831,73.12
16:20:22.766,631.247866,43.4047197,6.0106848,236.618,5,14,0.81,58.884,73.59
16:20:22.859,631.34085,43.4047235,6.0107042,236.642,5,14,0.81,58.886,74.44
16:20:22.967,631.448729,43.4047275,6.0107237,236.656,5,14,0.81,58.925,74.79
16:20:23.057,631.538602,43.4047315,6.0107432,236.666,5,14,0.81,59.134,74.69
16:20:23.193,631.674857,43.4047354,6.0107629,236.674,5,14,0.81,59.37,74.59
16:20:23.259,631.740848,43.4047392,6.0107826,236.685,5,13,1.01,59.72,74.93
16:20:23.386,631.868003,43.404743,6.0108024,236.702,5,13,1.01,59.879,75.4
16:20:23.476,631.957466,43.4047467,6.0108223,236.713,5,13,1.01,60.057,75.58
16:20:23.558,632.03975,43.4047504,6.0108423,236.724,5,13,1.01,60.283,75.91
16:20:23.658,632.140172,43.4047541,6.0108623,236.735,5,13,1.01,60.388,75.99
16:20:23.767,632.248416,43.4047576,6.0108821,236.75,5,13,1.01,60.16,76.33
16:20:23.859,632.3406,43.4047609,6.0109016,236.755,5,13,1.01,59.108,76.85
16:20:23.968,632.449588,43.4047642,6.0109208,236.759,5,13,1.01,57.671,77.32
16:20:24.058,632.539715,43.4047672,6.0109408,236.637,4,13,1.01,56.573,77.75
16:20:24.167,632.648863,43.40477,6.01096,236.632,4,13,1.01,55.693,78.31
16:20:24.259,632.740814,43.4047727,6.0109787,236.641,4,14,0.83,54.843,78.74
16:20:24.367,632.848904,43.4047752,6.0109971,236.65,4,14,0.83,53.799,79.48
16:20:24.458,632.940136,43.4047773,6.0110153,236.66,4,14,0.83,53.126,80.58
16:20:24.560,633.041564,43.4047789,6.0110333,236.672,4,14,0.83,52.467,82.38
16:20:24.659,633.140616,43.40478,6.0110511,236.679,4,14,0.83,51.604,84.95
16:20:24.768,633.249676,43.4047806,6.0110685,236.689,4,14,0.83,50.597,87.32
16:20:24.859,633.340569,43.4047807,6.0110857,236.7,4,14,0.83,49.582,89.74
16:20:24.960,633.441598,43.4047801,6.0111026,236.725,4,14,0.84,48.722,92.77
16:20:25.059,633.540597,43.4047788,6.0111191,236.755,4,14,0.84,47.906,96.45
16:20:25.166,633.647739,43.404777,6.0111351,236.746,4,14,0.83,46.991,100.04
16:20:25.260,633.741787,43.4047743,6.0111503,236.744,4,14,0.83,45.922,103.87
16:20:25.361,633.842991,43.4047711,6.0111651,236.737,5,14,0.83,44.68,107.8
16:20:25.458,633.939578,43.4047673,6.0111792,236.729,5,14,0.83,43.839,112.24
16:20:25.568,634.049629,43.4047628,6.0111926,236.719,5,14,0.83,43.298,115.59
16:20:25.660,634.14161,43.4047577,6.0112049,236.714,5,13,0.9,42.27,121.05
16:20:25.759,634.24067,43.404752,6.0112163,236.707,5,13,0.9,40.52,124.78
16:20:25.860,634.341609,43.4047457,6.0112267,236.705,5,14,0.85,39.722,131.57
16:20:25.957,634.438597,43.404739,6.0112363,236.714,5,14,0.85,38.946,135.51
16:20:26.059,634.540583,43.4047321,6.0112454,236.703,5,13,0.95,38.316,138.56
16:20:26.169,634.650766,43.4047251,6.0112541,236.717,5,14,0.91,37.499,140.04
16:20:26.258,634.739892,43.4047179,6.011262,236.713,5,14,0.85,36.927,143.06
16:20:26.364,634.845827,43.4047103,6.011269,236.717,5,8,1.55,36.488,147.05
16:20:26.455,634.936814,43.4047021,6.0112745,236.719,5,11,1.15,36.327,152.49
16:20:26.555,635.036715,43.4046937,6.0112788,236.684,5,6,2.37,36.938,156.11
16:20:26.656,635.137597,43.4046849,6.0112816,236.662,5,9,1.8,37.029,166.5
16:20:26.766,635.247708,43.404676,6.0112831,236.661,5,9,2.33,37.083,170.66
16:20:26.855,635.336686,43.4046673,6.0112835,236.645,5,9,2.33,36.786,179.13
16:20:26.955,635.436587,43.4046587,6.0112826,236.626,5,10,1.49,36.373,182.09
16:20:27.055,635.536628,43.4046503,6.0112804,236.601,5,9,1.6,35.734,190.48
16:20:27.163,635.644731,43.4046424,6.0112766,236.56,5,10,1.49,35.123,194.51
16:20:27.257,635.738611,43.4046347,6.0112716,236.487,5,11,1.22,34.903,205.6
16:20:27.355,635.836988,43.4046272,6.0112657,236.461,5,10,1.5,35.419,209.84
16:20:27.454,635.93574,43.4046202,6.0112588,236.42,5,9,1.57,35.744,217.25
16:20:27.557,636.038544,43.4046138,6.0112511,236.357,5,10,1.43,35.658,221.17
16:20:27.657,636.138693,43.404608,6.0112424,236.234,5,11,1.13,35.56,227.98
16:20:27.754,636.235633,43.4046025,6.0112331,236.162,5,10,1.19,35.605,231.23
16:20:27.852,636.333599,43.4045976,6.0112233,236.104,5,10,1.19,35.803,237.57
16:20:27.952,636.433596,43.404593,6.0112129,236.059,4,11,1.11,35.966,239.5
16:20:28.056,636.537608,43.4045886,6.0112022,236.03,4,11,1.09,36.157,243.97
16:20:28.150,636.631759,43.4045846,6.011191,235.994,5,12,1.03,36.527,245.06
16:20:28.255,636.7366,43.4045807,6.0111796,235.958,5,11,1.09,37.049,246.7
16:20:28.357,636.838989,43.4045769,6.011168,235.92,5,12,1.03,37.588,247.97
16:20:28.459,636.94061,43.4045736,6.011156,235.881,5,12,1.03,37.966,249.97
16:20:28.559,637.040655,43.4045704,6.0111437,235.83,4,12,1.03,38.17,251.78
16:20:28.658,637.139751,43.4045676,6.0111311,235.78,4,12,1.03,38.536,253.83
16:20:28.756,637.23775,43.4045649,6.0111183,235.74,4,12,1.03,38.953,255.36
16:20:28.860,637.341597,43.4045625,6.0111054,235.701,4,12,1.01,39.436,257.03
16:20:28.957,637.438592,43.4045603,6.0110921,235.659,4,12,1.01,39.601,258.12
16:20:29.055,637.536659,43.4045583,6.0110786,235.619,4,12,1.07,40.116,259.95
16:20:29.169,637.650755,43.4045566,6.0110649,235.572,4,12,1.06,40.587,261.24
16:20:29.256,637.737592,43.4045551,6.0110512,235.53,4,12,1.11,41.144,262.39
16:20:29.357,637.838895,43.4045537,6.0110372,235.492,4,12,1.14,41.27,263.25
16:20:29.454,637.935774,43.4045524,6.0110231,235.453,4,12,1.14,41.661,264.06
16:20:29.559,638.040607,43.4045512,6.0110088,235.42,4,12,1.14,42.066,264.41
16:20:29.667,638.148509,43.4045501,6.0109945,235.382,4,13,0.84,42.361,265.09
16:20:29.761,638.24278,43.4045492,6.0109799,235.343,4,13,0.84,42.64,265.49
16:20:29.858,638.339664,43.4045481,6.0109651,235.304,4,13,0.87,43.287,265.6
16:20:29.960,638.441677,43.404547,6.0109502,235.284,4,13,0.81,43.718,265.46
16:20:30.062,638.543567,43.404546,6.0109352,235.27,4,13,0.87,44.129,265.35
16:20:30.176,638.657666,43.4045447,6.01092,235.379,4,13,0.85,44.648,265.59
16:20:30.263,638.744567,43.4045434,6.0109048,235.501,4,13,0.85,45.08,265.46
16:20:30.361,638.842877,43.4045423,6.0108894,235.511,4,13,0.85,45.33,265.01
16:20:30.461,638.942672,43.4045412,6.0108738,235.521,4,13,0.87,45.746,264.86
16:20:30.562,639.043622,43.4045401,6.010858,235.512,4,13,0.86,46.474,264.71
16:20:30.658,639.139578,43.404539,6.0108422,235.483,4,13,0.87,46.817,264.88
16:20:30.753,639.234551,43.4045379,6.0108261,235.437,4,13,0.87,47.135,265.14
16:20:30.856,639.337591,43.404537,6.0108101,235.41,4,13,0.88,47.458,265.6
16:20:30.955,639.436614,43.404536,6.0107937,235.376,4,13,0.88,47.645,266.02
16:20:31.054,639.535642,43.4045348,6.0107774,235.386,4,13,0.88,48.021,265.79
16:20:31.163,639.644747,43.4045331,6.0107609,235.351,4,13,0.88,48.13,264.39
16:20:31.256,639.737649,43.4045313,6.0107444,235.297,4,13,0.88,48.534,262.33
16:20:31.357,639.838948,43.4045292,6.0107278,235.312,4,13,0.86,49.08,260.35
16:20:31.457,639.938737,43.4045267,6.0107117,235.293,4,13,0.86,49.171,258.35
16:20:31.557,640.038664,43.4045237,6.0106959,235.258,4,13,0.86,48.443,255.63
16:20:31.659,640.140619,43.4045203,6.0106807,235.248,4,14,0.83,47.089,252.3
16:20:31.751,640.232652,43.4045164,6.0106657,235.202,5,14,0.79,45.774,249.1
16:20:31.856,640.337636,43.4045119,6.0106519,235.169,5,14,0.83,43.929,244.8
16:20:31.959,640.440517,43.4045069,6.0106396,235.126,5,14,0.83,42.32,240.93
16:20:32.060,640.541561,43.4045015,6.0106276,235.075,5,14,0.83,40.924,236.52
16:20:32.169,640.650824,43.4044955,6.0106163,235.032,5,14,0.79,40.153,232.96
16:20:32.260,640.741626,43.4044892,6.0106058,234.987,5,14,0.79,39.825,228.51
16:20:32.362,640.843883,43.4044823,6.010596,234.948,5,14,0.77,39.549,224.92
16:20:32.462,640.943561,43.4044749,6.0105869,234.911,5,14,0.77,39.562,220.25
16:20:32.564,641.045632,43.4044673,6.0105787,234.879,5,14,0.77,39.392,216.76
16:20:32.663,641.144574,43.4044593,6.0105714,234.865,4,14,0.77,39.136,212.34
16:20:32.762,641.243641,43.4044511,6.010565,235.058,4,14,0.77,38.716,209.0
16:20:32.864,641.345572,43.4044428,6.01056,235.061,4,14,0.77,37.853,204.05
16:20:32.961,641.442562,43.4044343,6.0105559,235.035,4,14,0.77,37.027,200.18
16:20:33.059,641.540749,43.4044257,6.010553,235.036,4,13,0.81,36.11,193.47
16:20:33.168,641.649726,43.4044171,6.0105511,235.024,4,13,0.81,35.207,188.42
16:20:33.256,641.737608,43.4044084,6.0105503,234.998,5,15,0.72,34.505,181.28
16:20:33.371,641.853299,43.4043998,6.010551,234.973,5,13,0.96,34.479,176.97
16:20:33.468,641.949691,43.4043914,6.0105527,234.947,5,13,0.95,34.71,167.97
16:20:33.557,642.038594,43.4043832,6.0105556,234.923,5,12,1.11,35.045,163.98
16:20:33.663,642.144572,43.4043752,6.0105596,234.902,5,12,1.11,35.477,157.69
16:20:33.762,642.243658,43.4043676,6.0105646,234.879,5,13,1.04,35.207,154.25
16:20:33.859,642.340582,43.4043603,6.0105707,234.861,5,13,1.04,34.779,147.29
16:20:33.960,642.44151,43.4043536,6.0105778,234.848,5,13,1.05,34.679,143.47
16:20:34.061,642.542552,43.4043475,6.0105858,234.823,5,13,1.05,34.673,135.32
16:20:34.159,642.640798,43.404342,6.0105948,234.797,5,13,1.04,34.777,132.2
16:20:34.260,642.741588,43.4043369,6.0106046,234.776,5,13,1.04,35.46,123.73
16:20:34.352,642.833944,43.4043324,6.010615,234.756,5,13,1.04,36.031,119.89
16:20:34.461,642.942647,43.4043285,6.0106258,234.736,5,13,1.04,36.581,114.56
16:20:34.564,643.045669,43.4043249,6.0106371,234.717,5,13,1.04,36.757,111.81
16:20:34.664,643.145612,43.4043217,6.0106487,234.701,5,13,0.97,36.884,108.75
16:20:34.765,643.246763,43.4043187,6.0106605,234.684,5,13,0.97,36.981,107.04
16:20:34.873,643.354606,43.4043161,6.0106727,234.66,5,13,0.96,37.525,105.1
16:20:34.971,643.452576,43.404314,6.0106852,234.629,4,13,0.91,37.847,102.68
16:20:35.068,643.549651,43.4043122,6.0106979,234.643,4,13,0.91,38.286,100.28
16:20:35.177,643.65884,43.4043108,6.0107108,234.61,4,13,0.91,38.742,98.31
16:20:35.271,643.752775,43.4043098,6.0107238,234.628,4,13,0.91,39.027,95.62
16:20:35.368,643.849864,43.404309,6.0107372,234.613,4,13,0.91,39.327,93.67
16:20:35.467,643.948626,43.4043085,6.0107507,234.617,4,13,0.91,39.668,91.57
16:20:35.571,644.052652,43.4043082,6.0107644,234.599,4,13,0.91,40.207,90.35
16:20:35.675,644.156566,43.4043083,6.0107783,234.602,4,13,0.89,40.674,88.58
16:20:35.772,644.253616,43.4043087,6.0107923,234.577,4,13,0.89,41.144,87.33
16:20:35.868,644.349578,43.4043093,6.0108064,234.567,4,13,0.91,41.533,85.9
16:20:35.966,644.447637,43.4043101,6.0108207,234.544,4,13,0.91,42.007,85.14
16:20:36.071,644.552582,43.4043112,6.0108351,234.526,4,13,0.91,42.463,83.87
16:20:36.181,644.662917,43.4043123,6.0108496,234.513,4,13,0.91,42.879,83.25
16:20:36.270,644.751552,43.4043134,6.0108643,234.595,4,13,0.91,43.224,82.48
16:20:36.368,644.849863,43.4043146,6.0108793,234.679,4,13,0.91,43.691,82.3
16:20:36.473,644.954727,43.4043157,6.0108943,234.706,4,13,0.91,44.248,82.4
16:20:36.570,645.051751,43.4043169,6.0109094,234.677,4,13,0.89,44.746,83.05
16:20:36.669,645.150662,43.4043182,6.0109246,234.662,4,13,0.89,45.048,83.43
16:20:36.769,645.25063,43.4043194,6.0109401,234.663,4,13,0.89,45.291,83.89
16:20:36.872,645.353685,43.4043206,6.0109556,234.664,4,13,0.91,45.652,83.81
16:20:36.971,645.452553,43.4043217,6.0109713,234.653,4,13,0.91,45.98,84.43
16:20:37.072,645.553563,43.4043228,6.0109871,234.651,4,13,0.91,46.424,84.56
16:20:37.182,645.663733,43.404324,6.011003,234.625,4,13,0.91,46.776,84.77
16:20:37.275,645.75656,43.4043251,6.011019,234.616,4,13,0.91,47.198,84.88
16:20:37.371,645.852852,43.4043262,6.0110352,234.642,4,13,0.91,47.639,84.94
16:20:37.470,645.951768,43.4043275,6.0110516,234.641,4,13,0.91,48.015,84.71
16:20:37.571,646.052709,43.4043286,6.0110679,234.674,4,13,0.94,48.348,84.4
16:20:37.678,646.159709,43.4043299,6.0110844,234.693,4,13,0.91,48.615,84.04
16:20:37.772,646.253787,43.4043313,6.011101,234.691,4,13,0.91,48.909,83.48
16:20:37.871,646.352588,43.4043329,6.0111177,234.69,4,13,0.91,49.267,82.7
16:20:37.971,646.452674,43.4043346,6.0111345,234.69,4,13,0.94,49.587,82.07
16:20:38.073,646.554573,43.4043363,6.0111514,234.696,4,13,0.94,49.852,81.53
16:20:38.171,646.652731,43.4043382,6.0111684,234.714,4,13,0.94,50.134,81.13
16:20:38.268,646.749653,43.4043403,6.0111853,234.692,4,13,0.94,50.478,80.45
16:20:38.369,646.850938,43.4043426,6.0112023,234.681,4,14,0.79,50.756,79.81
16:20:38.471,646.952635,43.4043449,6.0112195,234.719,4,14,0.79,50.937,79.08
16:20:38.570,647.051656,43.4043473,6.0112367,234.785,4,14,0.79,51.289,78.55
16:20:38.669,647.150572,43.4043498,6.011254,234.867,4,14,0.79,51.578,77.96
16:20:38.772,647.253832,43.4043525,6.0112714,234.874,4,14,0.77,51.878,77.46
16:20:38.872,647.35363,43.4043555,6.0112887,234.907,4,14,0.77,52.102,76.53
16:20:38.969,647.450562,43.4043588,6.0113061,234.916,4,14,0.77,52.382,75.58
16:20:39.071,647.552556,43.4043622,6.0113233,234.92,4,14,0.77,52.502,74.35
16:20:39.172,647.653732,43.404366,6.0113406,234.927,4,14,0.77,52.645,73.02
16:20:39.270,647.751588,43.4043701,6.0113578,234.927,4,14,0.79,53.001,71.47
16:20:39.371,647.852863,43.4043745,6.0113751,234.901,4,15,0.7,53.267,70.02
16:20:39.471,647.952635,43.4043797,6.0113918,234.88,4,15,0.71,53.391,67.98
16:20:39.571,648.052613,43.4043852,6.0114082,234.85,4,15,0.71,53.514,65.93
16:20:39.670,648.151555,43.4043907,6.0114251,235.016,4,15,0.72,53.727,63.88
16:20:39.770,648.251837,43.4043965,6.0114417,235.09,4,15,0.72,54.078,62.54
16:20:39.868,648.34985,43.4044027,6.0114581,235.136,4,15,0.72,54.301,61.32
16:20:39.968,648.449578,43.4044092,6.0114744,235.158,4,14,0.74,54.408,60.3
16:20:40.059,648.540648,43.4044161,6.0114903,235.186,4,14,0.74,54.456,58.74
16:20:40.168,648.649719,43.4044235,6.0115058,235.211,4,14,0.74,54.44,56.91
16:20:40.266,648.747649,43.4044312,6.0115212,235.245,4,14,0.74,54.399,54.74
16:20:40.365,648.846947,43.4044393,6.0115363,235.296,4,14,0.74,54.499,53.0
16:20:40.459,648.940625,43.4044476,6.0115512,235.286,4,14,0.74,54.721,51.34
16:20:40.570,649.051929,43.4044564,6.0115656,235.292,4,14,0.74,54.958,49.52
16:20:40.669,649.150683,43.4044654,6.0115799,235.376,4,14,0.69,55.11,47.73
16:20:40.768,649.249655,43.4044744,6.011594,235.637,4,14,0.73,55.254,46.07
16:20:40.858,649.339555,43.4044837,6.0116076,235.976,4,13,0.79,55.247,44.27
16:20:40.967,649.448601,43.4044936,6.0116206,236.176,4,13,0.79,55.345,42.39
16:20:41.065,649.546631,43.4045038,6.0116332,236.269,4,13,0.79,55.503,40.56
16:20:41.157,649.638464,43.4045145,6.0116454,236.269,5,14,0.72,55.806,39.04
16:20:41.253,649.734733,43.4045255,6.0116573,236.271,5,13,0.79,56.103,37.73
16:20:41.362,649.843956,43.4045366,6.0116688,236.265,5,13,0.83,56.084,36.36
16:20:41.461,649.942535,43.4045479,6.0116799,236.256,5,13,0.83,55.89,35.05
16:20:41.563,650.044838,43.4045594,6.0116905,236.244,5,13,0.83,55.773,33.47
16:20:41.664,650.145593,43.4045712,6.0117007,236.251,5,13,0.88,55.716,31.75
16:20:41.761,650.242782,43.4045832,6.0117105,236.264,5,12,1.0,55.795,30.1
16:20:41.862,650.343552,43.4045954,6.0117201,236.29,5,12,1.0,56.071,28.91
16:20:41.953,650.43465,43.4046077,6.0117294,236.322,5,12,1.0,56.373,28.02
16:20:42.052,650.533634,43.4046203,6.0117385,236.356,5,12,1.0,56.655,27.29
16:20:42.173,650.654715,43.4046329,6.0117473,236.389,5,12,1.0,56.769,26.45
16:20:42.262,650.743563,43.4046455,6.011756,236.422,5,12,1.0,56.916,25.93
16:20:42.361,650.842857,43.4046583,6.0117645,236.447,5,12,1.0,56.897,25.52
16:20:42.456,650.937538,43.4046713,6.0117729,236.466,5,12,0.89,57.166,25.26
16:20:42.567,651.048692,43.4046842,6.0117814,236.497,5,12,0.89,57.601,24.93
16:20:42.667,651.148652,43.4046972,6.0117899,236.518,5,13,0.85,57.655,25.28
16:20:42.766,651.247736,43.4047102,6.0117986,236.531,5,13,0.85,57.825,25.89
16:20:42.859,651.340796,43.4047232,6.0118073,236.551,5,12,0.9,57.901,26.15
16:20:42.967,651.448694,43.4047362,6.0118161,236.564,5,12,0.9,57.905,26.18
16:20:43.063,651.544557,43.4047493,6.0118251,236.577,5,12,1.02,58.288,26.8
16:20:43.182,651.663738,43.4047621,6.0118346,236.584,5,11,1.04,58.518,28.08
16:20:43.254,651.73572,43.4047749,6.0118446,236.592,5,11,1.04,58.738,29.76
16:20:43.352,651.833803,43.4047874,6.0118549,236.598,5,11,1.04,58.942,31.21
16:20:43.462,651.94386,43.4047997,6.0118657,236.59,5,11,1.03,58.803,32.87
16:20:43.558,652.039612,43.4048116,6.0118769,236.585,5,11,1.03,58.384,34.89
16:20:43.660,652.14159,43.4048231,6.0118885,236.576,5,12,0.83,57.603,36.98
16:20:43.767,652.248726,43.404834,6.0119005,236.562,5,12,0.83,56.545,39.4
16:20:43.867,652.348637,43.4048444,6.011913,236.545,5,12,0.83,55.604,41.99
16:20:43.958,652.440086,43.4048542,6.011926,236.528,5,13,0.8,54.847,44.89
16:20:44.059,652.540688,43.4048633,6.0119394,236.518,5,13,0.82,53.789,47.68
16:20:44.168,652.649799,43.4048718,6.0119533,236.508,5,13,0.82,52.61,51.22
16:20:44.266,652.747546,43.4048795,6.0119674,236.496,5,13,0.85,51.562,54.02
16:20:44.356,652.837849,43.4048864,6.0119818,236.483,5,11,1.06,50.639,57.47
16:20:44.452,652.93364,43.4048923,6.0119963,236.46,5,12,1.07,49.054,60.16
16:20:44.565,653.046816,43.4048974,6.012011,236.432,5,12,1.07,47.535,66.6
16:20:44.655,653.136696,43.4049017,6.012026,236.408,5,12,1.06,46.672,69.96
16:20:44.756,653.237626,43.4049051,6.012041,236.391,5,11,1.09,45.78,75.17
16:20:44.855,653.336559,43.4049077,6.012056,236.374,5,11,1.1,44.915,78.64
16:20:44.962,653.443673,43.4049093,6.0120707,236.356,5,11,1.1,43.885,83.34
16:20:45.056,653.53748,43.4049099,6.0120851,236.339,5,11,1.1,42.474,87.17
16:20:45.162,653.643681,43.4049096,6.0120991,236.321,5,11,1.1,41.226,93.02
16:20:45.254,653.73554,43.4049085,6.0121126,236.315,5,11,1.02,40.248,96.09
16:20:45.363,653.844825,43.4049065,6.0121256,236.311,5,10,1.13,39.125,103.68
16:20:45.449,653.930984,43.4049037,6.0121379,236.307,5,10,1.16,38.248,107.03
16:20:45.554,654.035789,43.4049001,6.0121496,236.297,5,8,1.74,37.475,115.47
16:20:45.652,654.133632,43.4048959,6.0121602,236.279,5,9,1.5,36.336,118.41
16:20:45.763,654.244594,43.4048911,6.0121699,236.26,5,8,1.56,35.262,127.26
16:20:45.859,654.340545,43.4048856,6.0121785,236.242,5,11,1.13,34.186,130.99
16:20:45.953,654.434526,43.4048796,6.0121861,236.219,5,12,0.94,33.673,140.13
16:20:46.052,654.533532,43.404873,6.012193,236.197,5,11,1.11,33.762,143.57
16:20:46.152,654.633789,43.4048658,6.0121989,236.171,5,12,1.04,33.96,151.07
16:20:46.250,654.731765,43.4048582,6.0122037,236.148,5,9,1.61,34.447,155.43
16:20:46.355,654.836916,43.4048503,6.0122073,236.119,5,9,1.56,34.949,163.24
16:20:46.452,654.933503,43.4048422,6.0122096,236.097,5,9,1.56,34.968,167.07
16:20:46.556,655.037553,43.404834,6.012211,236.074,5,8,1.9,35.045,174.57
16:20:46.665,655.1467,43.4048257,6.0122111,236.047,5,10,1.26,35.245,177.92
16:20:46.760,655.241649,43.4048173,6.0122101,236.022,5,9,1.35,35.477,185.86
16:20:46.858,655.339557,43.4048091,6.0122079,235.998,5,9,1.35,35.214,189.28
16:20:46.969,655.450698,43.404801,6.0122048,235.966,4,9,2.29,35.068,196.69
16:20:47.051,655.53261,43.404793,6.0122009,235.943,5,15,0.75,34.549,200.35
16:20:47.167,655.648693,43.4047851,6.0121964,235.919,5,14,0.84,34.632,204.07
16:20:47.259,655.74053,43.4047772,6.0121919,235.896,5,14,0.84,34.258,205.7
16:20:47.358,655.839822,43.4047692,6.0121867,235.867,5,14,0.84,34.847,207.41
16:20:47.458,655.939516,43.4047613,6.012181,235.844,5,14,0.87,35.582,209.41
16:20:47.567,656.048535,43.4047536,6.0121746,235.818,5,14,0.84,36.364,212.02
16:20:47.666,656.147619,43.4047461,6.0121676,235.807,5,13,0.91,36.762,214.61
16:20:47.775,656.256671,43.4047388,6.0121601,235.81,5,13,0.91,37.084,217.72
16:20:47.860,656.341771,43.4047316,6.0121522,235.795,5,12,0.99,37.409,219.72
16:20:47.959,656.441042,43.4047247,6.012144,235.77,4,12,0.99,37.54,221.83
16:20:48.059,656.54072,43.4047176,6.0121361,235.791,4,12,0.99,37.529,222.48
16:20:48.157,656.638798,43.4047099,6.0121285,235.879,4,10,1.13,37.618,221.68
16:20:48.256,656.737562,43.4047019,6.0121211,235.894,4,9,1.24,37.783,218.73
16:20:48.359,656.840813,43.4046938,6.0121139,235.877,4,12,0.99,38.325,215.46
16:20:48.458,656.939589,43.4046857,6.0121067,235.848,4,12,0.99,38.961,212.57
16:20:48.559,657.040532,43.4046772,6.0121,235.839,4,12,0.99,39.325,209.93
16:20:48.661,657.142756,43.4046685,6.0120941,235.824,4,12,0.99,39.425,206.41
16:20:48.762,657.24365,43.4046594,6.0120889,235.798,4,13,0.82,39.746,202.1
16:20:48.862,657.34361,43.40465,6.0120844,235.778,4,13,0.81,40.296,198.76
16:20:48.961,657.442509,43.4046405,6.0120807,235.751,4,13,0.81,40.679,194.82
16:20:49.061,657.542509,43.4046307,6.0120777,235.724,4,13,0.81,40.381,191.26
16:20:49.172,657.653774,43.4046214,6.0120762,235.668,4,13,0.81,39.69,186.54
16:20:49.262,657.743531,43.4046119,6.0120761,235.658,4,12,0.99,38.959,182.3
16:20:49.361,657.842818,43.4046023,6.0120767,235.556,4,12,0.99,38.912,176.52
16:20:49.461,657.942536,43.4045934,6.0120781,235.538,4,12,0.99,38.679,172.71
16:20:49.562,658.043549,43.4045845,6.0120807,235.468,4,12,0.99,37.964,167.17
16:20:49.661,658.142759,43.4045759,6.0120839,235.41,4,12,0.99,37.064,163.15
16:20:49.761,658.242624,43.4045678,6.0120883,235.35,4,13,0.97,36.201,157.41
16:20:49.860,658.341617,43.4045601,6.0120936,235.274,4,13,0.99,35.497,153.39
16:20:49.960,658.441569,43.4045525,6.0120998,235.236,4,13,1.0,35.029,146.71
16:20:50.048,658.529612,43.4045455,6.0121069,235.224,5,13,0.94,34.897,142.28
16:20:50.165,658.646682,43.4045392,6.012115,235.213,5,12,1.01,34.908,135.36
16:20:50.251,658.733038,43.4045338,6.0121242,235.198,5,12,1.1,35.14,131.52
16:20:50.359,658.840807,43.4045289,6.0121338,235.185,5,12,1.02,35.373,123.26
16:20:50.454,658.935578,43.4045247,6.0121443,235.168,5,10,1.16,35.436,118.79
16:20:50.554,659.035525,43.4045214,6.0121552,235.151,5,13,0.99,35.71,110.98
16:20:50.654,659.135724,43.4045188,6.0121665,235.132,5,12,1.0,35.721,106.92
16:20:50.758,659.239833,43.404517,6.012178,235.116,5,12,0.99,35.784,100.34
16:20:50.856,659.337573,43.404516,6.0121898,235.105,5,11,1.11,35.777,96.26
16:20:50.954,659.435508,43.4045157,6.0122015,235.09,5,12,1.02,35.566,90.07
16:20:51.052,659.533602,43.4045161,6.0122134,235.067,5,12,0.98,35.466,86.74
16:20:51.167,659.648645,43.4045172,6.0122253,235.051,5,12,0.97,35.762,81.17
16:20:51.258,659.739584,43.4045189,6.0122372,235.031,5,13,0.96,35.923,77.6
16:20:51.357,659.838814,43.4045211,6.012249,235.029,5,13,0.96,36.379,73.05
16:20:51.456,659.93749,43.404524,6.0122607,235.02,5,13,0.96,36.683,70.34
16:20:51.562,660.043528,43.4045274,6.0122722,234.999,5,13,0.96,36.749,66.95
16:20:51.663,660.144638,43.4045313,6.0122835,234.98,5,13,0.94,37.103,63.35
16:20:51.760,660.241627,43.4045359,6.0122946,234.962,5,12,0.95,37.412,59.77
16:20:51.861,660.342605,43.404541,6.0123055,234.947,5,12,0.95,38.264,57.31
16:20:51.958,660.439591,43.4045463,6.0123162,234.935,5,11,0.98,38.799,53.86
16:20:52.056,660.537564,43.4045521,6.0123267,234.918,5,11,1.03,39.033,51.64
16:20:52.156,660.637773,43.4045583,6.0123369,234.912,5,11,0.98,39.268,48.78
16:20:52.254,660.735686,43.4045648,6.0123466,234.904,4,11,1.02,39.583,46.78
16:20:52.355,660.836796,43.4045715,6.0123564,234.947,4,11,1.08,39.809,44.09
16:20:52.457,660.938476,43.4045783,6.012366,235.108,4,11,1.07,40.216,42.89
16:20:52.555,661.03651,43.4045855,6.0123753,235.164,4,11,1.07,40.611,41.32
16:20:52.647,661.1285,43.4045932,6.0123843,235.193,4,11,1.07,40.85,40.1
16:20:52.757,661.238681,43.4046011,6.0123931,235.219,4,11,1.07,41.248,38.4
16:20:52.852,661.333645,43.4046093,6.0124016,235.195,4,11,1.1,41.513,36.7
16:20:52.952,661.433665,43.4046177,6.0124099,235.2,4,11,1.1,41.79,34.89
16:20:53.052,661.534204,43.4046265,6.0124179,235.216,4,12,1.03,42.127,33.39
16:20:53.177,661.65872,43.4046354,6.0124258,235.201,5,12,0.84,42.607,31.82
16:20:53.252,661.733533,43.4046446,6.0124333,235.188,5,12,0.86,43.059,30.49
16:20:53.373,661.854906,43.4046539,6.0124407,235.163,5,12,0.86,43.081,29.8
16:20:53.462,661.94349,43.4046633,6.0124479,235.134,5,12,0.93,43.513,28.81
16:20:53.557,662.038496,43.4046729,6.0124549,235.111,5,12,0.93,43.7,27.59
16:20:53.659,662.140526,43.4046827,6.0124619,235.086,5,13,0.88,44.181,26.85
16:20:53.756,662.237898,43.4046927,6.0124687,235.07,5,13,0.88,44.465,26.35
16:20:53.854,662.335411,43.4047028,6.0124753,235.062,5,13,0.88,44.789,25.64
16:20:53.962,662.443497,43.404713,6.0124819,235.065,5,13,0.87,45.057,24.75
16:20:54.061,662.542608,43.4047233,6.0124883,235.071,5,13,0.87,45.289,24.24
16:20:54.170,662.651679,43.4047337,6.0124947,235.08,5,13,0.87,45.665,23.73
16:20:54.261,662.742544,43.4047443,6.012501,235.092,5,13,0.87,46.033,23.23
16:20:54.362,662.843816,43.4047549,6.0125073,235.108,5,13,0.87,46.443,22.7
16:20:54.460,662.941567,43.4047656,6.0125135,235.126,5,13,0.87,46.648,22.62
16:20:54.564,663.04555,43.4047764,6.0125197,235.142,5,13,0.87,46.935,22.47
16:20:54.666,663.147504,43.4047873,6.0125258,235.164,5,13,0.75,47.143,21.81
16:20:54.766,663.247792,43.4047983,6.012532,235.182,5,13,0.75,47.548,21.8
16:20:54.868,663.349588,43.4048093,6.0125383,235.207,5,13,0.75,47.952,22.14
16:20:54.967,663.448521,43.4048203,6.0125446,235.239,5,13,0.75,48.195,22.71
16:20:55.068,663.549493,43.4048314,6.012551,235.268,5,13,0.75,48.448,22.95
16:20:55.173,663.654632,43.4048425,6.0125575,235.295,5,13,0.75,48.689,23.23
16:20:55.269,663.750637,43.4048537,6.0125642,235.326,5,13,0.75,48.926,23.8
16:20:55.369,663.850811,43.4048648,6.0125712,235.357,5,13,0.75,49.198,24.57
16:20:55.470,663.951503,43.4048759,6.0125783,235.384,5,13,0.79,49.319,25.21
16:20:55.575,664.05647,43.4048871,6.0125858,235.413,5,12,0.93,49.576,26.1
16:20:55.672,664.153626,43.4048981,6.0125936,235.446,5,12,0.93,49.843,27.18
16:20:55.773,664.25466,43.404909,6.0126017,235.48,5,12,0.93,49.948,28.48
16:20:55.866,664.347741,43.40492,6.0126101,235.515,5,12,0.95,50.261,29.58
16:20:55.974,664.455503,43.4049308,6.0126191,235.555,5,12,0.95,50.604,31.1
16:20:56.073,664.554406,43.4049413,6.0126286,235.592,5,12,0.95,50.923,33.08
16:20:56.181,664.662744,43.4049516,6.0126387,235.628,5,12,0.95,51.011,35.67
16:20:56.272,664.753617,43.4049617,6.0126492,235.664,5,12,0.95,51.039,37.94
16:20:56.373,664.854811,43.4049715,6.0126603,235.685,5,12,0.93,51.117,40.08
16:20:56.466,664.947574,43.4049812,6.0126719,235.716,5,12,1.09,51.439,41.92
16:20:56.565,665.046504,43.4049905,6.012684,235.73,5,12,1.05,51.678,44.01
16:20:56.666,665.147574,43.4049995,6.0126968,235.746,5,12,1.09,51.941,46.25
16:20:56.764,665.245808,43.4050079,6.0127101,235.757,5,12,1.09,52.623,49.27
16:20:56.864,665.345606,43.4050161,6.0127239,235.757,5,12,1.09,52.365,51.19
16:20:56.963,665.444509,43.4050238,6.0127382,235.764,5,11,1.09,52.588,54.08
16:20:57.056,665.537561,43.4050312,6.0127529,235.765,5,11,1.09,52.386,55.99
16:20:57.164,665.645729,43.4050382,6.0127682,235.769,5,9,1.88,52.838,58.72
16:20:57.267,665.748526,43.4050447,6.0127841,235.765,5,9,1.88,53.371,60.89
16:20:57.365,665.846806,43.4050505,6.0128004,235.755,5,8,2.22,53.571,63.91
16:20:57.460,665.941508,43.4050557,6.012817,235.738,5,8,2.22,53.662,66.84
16:20:57.565,666.046513,43.4050601,6.0128342,235.714,5,8,2.22,53.717,71.08
16:20:57.662,666.143492,43.4050638,6.0128516,235.668,5,9,1.95,53.665,74.23
16:20:57.760,666.241638,43.4050668,6.0128694,235.63,5,9,1.95,53.719,77.91
16:20:57.861,666.34255,43.405069,6.0128874,235.599,5,10,1.55,53.865,80.82
16:20:57.962,666.443582,43.4050706,6.0129056,235.571,5,11,1.04,53.889,84.37
16:20:58.061,666.542491,43.4050714,6.0129237,235.547,5,12,1.0,53.799,87.26
16:20:58.158,666.639647,43.4050714,6.0129419,235.521,5,12,1.04,53.521,91.1
16:20:58.252,666.733599,43.4050706,6.0129599,235.489,5,12,1.04,53.284,94.15
16:20:58.361,666.842788,43.4050689,6.0129779,235.459,5,12,1.0,53.319,98.11
16:20:58.459,666.940556,43.4050665,6.0129956,235.429,5,11,1.56,53.212,100.76
16:20:58.558,667.039508,43.405063,6.013013,235.398,5,11,1.56,52.988,106.41
16:20:58.656,667.137484,43.4050587,6.0130298,235.366,5,11,1.61,53.008,108.51
16:20:58.760,667.241627,43.4050537,6.0130463,235.325,5,12,1.15,52.789,114.93
16:20:58.855,667.336642,43.4050478,6.0130621,235.292,5,11,1.15,52.421,115.82
16:20:58.957,667.438531,43.4050414,6.0130771,235.252,5,12,0.96,52.01,122.88
16:20:59.049,667.530495,43.4050343,6.0130914,235.219,5,10,1.23,51.302,123.85
16:20:59.159,667.64074,43.4050266,6.0131047,235.175,5,11,0.97,50.837,130.76
16:20:59.257,667.73855,43.4050181,6.0131172,235.136,5,11,0.97,50.447,131.72
16:20:59.356,667.837748,43.4050091,6.0131286,235.071,5,12,1.05,50.408,138.82
16:20:59.443,667.924564,43.4049995,6.0131394,235.016,5,12,1.01,50.404,139.39
16:20:59.557,668.038587,43.4049895,6.0131492,234.966,5,12,1.01,50.447,146.16
16:20:59.645,668.126491,43.4049788,6.0131579,234.923,5,12,1.02,50.445,147.57
16:20:59.755,668.236641,43.4049677,6.0131653,234.879,5,12,1.07,50.739,154.29
16:20:59.845,668.32658,43.4049565,6.0131715,234.829,5,12,1.07,50.578,156.2
16:20:59.945,668.426673,43.4049448,6.0131767,234.774,5,13,1.0,50.193,163.55
16:21:00.045,668.526581,43.404933,6.0131809,234.72,5,12,1.04,49.965,165.32
16:21:00.156,668.637701,43.4049209,6.0131843,234.671,5,12,1.0,49.941,170.4
16:21:00.247,668.728588,43.4049086,6.0131868,234.621,5,12,1.07,50.195,173.03
16:21:00.348,668.829943,43.4048962,6.0131888,234.569,5,12,1.01,50.447,175.8
16:21:00.445,668.926646,43.4048838,6.0131901,234.517,5,8,1.42,50.565,176.71
16:21:00.559,669.040499,43.4048716,6.0131916,234.455,5,6,5.94,50.074,176.79
16:21:00.654,669.135572,43.4048592,6.0131929,234.396,5,9,2.58,49.208,176.13
16:21:00.759,669.240569,43.4048469,6.0131948,234.349,5,9,1.55,48.867,175.23
16:21:00.848,669.329668,43.4048344,6.0131976,234.302,5,8,3.06,48.678,174.32
16:21:00.956,669.437571,43.4048216,6.0132012,234.25,5,8,3.11,50.278,171.85
16:21:01.049,669.530488,43.4048086,6.0132057,234.169,5,8,2.63,51.749,169.33
16:21:01.159,669.640724,43.404796,6.0132108,234.102,5,8,2.49,52.447,164.81
16:21:01.248,669.729732,43.4047832,6.0132165,234.046,5,12,1.21,52.982,162.63
16:21:01.360,669.841809,43.4047702,6.0132229,234.002,5,12,1.19,53.797,161.3
16:21:01.454,669.935597,43.4047571,6.013229,233.946,5,11,1.2,54.354,162.07
16:21:01.553,670.034482,43.4047442,6.0132346,233.89,5,13,0.84,54.873,162.37
16:21:01.652,670.13349,43.4047313,6.0132405,233.832,5,14,0.8,54.882,161.91
16:21:01.754,670.235493,43.4047184,6.0132464,233.781,5,14,0.8,54.706,161.44
16:21:01.854,670.33558,43.4047053,6.0132525,233.739,5,14,0.8,55.021,161.39
16:21:01.953,670.434615,43.4046922,6.0132585,233.695,5,14,0.8,55.388,161.36
16:21:02.054,670.535482,43.4046791,6.0132643,233.661,5,14,0.8,55.59,162.26
16:21:02.164,670.645694,43.4046659,6.0132694,233.621,5,14,0.79,55.258,163.82
16:21:02.254,670.735528,43.4046525,6.0132739,233.589,5,10,2.13,54.847,166.86
16:21:02.355,670.836812,43.4046394,6.0132769,233.552,5,11,1.18,54.301,169.77
16:21:02.453,670.934508,43.4046262,6.0132791,233.508,5,13,0.99,53.525,172.95
16:21:02.564,671.045524,43.4046133,6.0132802,233.47,5,13,0.99,52.604,177.28
16:21:02.658,671.139477,43.4046005,6.0132803,233.434,5,15,0.79,51.504,180.41
16:21:02.753,671.234669,43.4045878,6.0132795,233.398,5,14,0.87,50.515,184.35
16:21:02.855,671.336673,43.4045753,6.0132777,233.364,5,14,0.86,50.126,187.35
16:21:02.955,671.436445,43.4045631,6.0132748,233.334,5,14,0.85,49.841,191.2
16:21:03.056,671.537685,43.4045513,6.0132709,233.309,5,14,0.83,49.208,194.5
16:21:03.173,671.654505,43.4045398,6.0132658,233.287,5,13,0.97,48.548,199.35
16:21:03.257,671.738495,43.4045288,6.0132597,233.268,5,12,1.19,47.874,202.66
16:21:03.357,671.838841,43.4045182,6.0132527,233.24,5,13,0.98,47.324,207.51
16:21:03.473,671.954543,43.4045081,6.0132448,233.219,5,14,0.89,46.907,210.93
16:21:03.557,672.038489,43.4044986,6.0132359,233.212,5,14,0.89,46.433,215.96
16:21:03.655,672.136472,43.4044896,6.0132263,233.193,5,13,1.03,46.211,219.25
16:21:03.755,672.236405,43.4044811,6.0132158,233.183,5,13,1.03,46.072,223.9
16:21:03.854,672.335733,43.4044733,6.0132046,233.175,5,13,1.07,45.965,227.12
16:21:03.951,672.432695,43.4044662,6.0131926,233.172,5,13,1.07,45.82,232.02
16:21:04.053,672.534869,43.4044601,6.01318,233.156,5,11,1.21,45.246,234.86
16:21:04.161,672.642693,43.4044546,6.013167,233.144,5,12,1.12,44.652,241.63
16:21:04.253,672.734843,43.4044499,6.0131536,233.131,5,12,1.12,44.278,245.25
16:21:04.353,672.834748,43.404446,6.0131397,233.112,5,13,1.04,44.137,250.5
16:21:04.453,672.934492,43.404443,6.0131257,233.092,5,12,1.1,43.678,254.05
16:21:04.563,673.044592,43.4044406,6.0131113,233.069,5,12,1.17,43.389,258.48
16:21:04.659,673.140516,43.4044389,6.0130969,233.046,5,12,1.16,43.331,262.13
16:21:04.758,673.23955,43.4044381,6.0130825,233.027,5,13,0.9,43.039,266.51
16:21:04.854,673.335553,43.4044382,6.0130681,233.021,5,11,1.35,42.474,270.62
16:21:04.950,673.431572,43.4044391,6.0130539,233.019,5,10,1.47,42.415,276.17
16:21:05.053,673.534501,43.4044408,6.01304,233.016,5,9,2.26,41.963,279.82
16:21:05.159,673.640702,43.4044434,6.0130266,233.027,5,7,3.7,41.344,285.58
16:21:05.246,673.727512,43.4044469,6.0130136,233.048,5,8,2.87,41.051,288.97
16:21:05.356,673.837802,43.4044513,6.0130014,233.065,5,8,2.87,40.746,296.54
16:21:05.449,673.930502,43.4044563,6.0129897,233.07,5,8,1.77,40.411,300.13
16:21:05.552,674.033514,43.4044622,6.0129791,233.077,5,8,1.77,39.677,306.81
16:21:05.652,674.133586,43.4044686,6.0129691,233.118,5,8,9.69,39.274,310.45
16:21:05.762,674.2435,43.4044758,6.0129605,233.148,5,9,1.99,39.131,319.58
16:21:05.858,674.339447,43.4044839,6.0129538,233.201,5,8,1.73,38.872,323.16
16:21:05.955,674.43659,43.404492,6.0129481,233.246,5,11,1.16,38.97,332.44
16:21:06.053,674.534505,43.4045003,6.0129434,233.285,5,11,1.1,38.227,335.28
16:21:06.151,674.632809,43.404509,6.0129397,233.342,5,12,0.94,37.76,344.15
16:21:06.255,674.736714,43.4045179,6.0129365,233.382,5,11,1.02,37.462,344.29
16:21:06.356,674.837841,43.4045271,6.0129338,233.419,5,8,1.48,37.899,349.86
16:21:06.455,674.936537,43.4045365,6.0129313,233.454,5,5,1.01,38.64,349.13
16:21:06.557,675.038487,43.4045457,6.0129287,233.495,5,4,0.91,38.87,349.93
16:21:06.656,675.137501,43.4045552,6.0129262,233.539,5,5,0.91,39.411,346.55
16:21:06.754,675.235514,43.4045646,6.0129234,233.585,5,5,0.91,39.927,347.73
16:21:06.853,675.334516,43.4045737,6.0129203,233.631,5,5,1.01,39.488,343.94
16:21:06.954,675.435568,43.4045824,6.0129167,233.679,5,5,1.05,38.683,347.34
16:21:07.050,675.531598,43.404591,6.0129125,233.725,5,5,1.21,37.692,347.34
16:21:07.163,675.644699,43.4045991,6.0129078,233.765,5,5,1.21,36.475,338.94
16:21:07.250,675.731524,43.4046064,6.0129019,233.811,5,6,4.89,34.956,338.94
16:21:07.352,675.833811,43.4046126,6.0128943,233.861,5,4,1.22,33.092,331.32
16:21:07.453,675.934543,43.4046179,6.0128852,233.907,5,4,1.22,32.432,331.32
16:21:07.555,676.036857,43.4046218,6.0128744,233.949,5,5,1.22,31.406,314.71
16:21:07.652,676.133524,43.4046254,6.0128638,233.99,5,6,3.07,31.551,311.57
16:21:07.751,676.232543,43.4046269,6.0128502,234.078,5,6,33.27,31.588,293.08
16:21:07.852,676.33353,43.4046276,6.012836,234.134,5,6,31.35,34.379,289.98
16:21:07.950,676.431739,43.4046284,6.0128241,234.172,5,7,3.05,34.647,281.52
16:21:08.051,676.532503,43.4046285,6.0128126,234.226,5,9,2.05,34.908,278.96
16:21:08.161,676.642608,43.4046276,6.0128005,234.259,5,9,2.05,34.758,266.83
16:21:08.252,676.733524,43.4046258,6.012789,234.295,5,8,2.92,34.827,264.89
16:21:08.345,676.826446,43.4046232,6.0127767,234.296,5,11,1.28,34.695,253.13
16:21:08.448,676.92947,43.4046195,6.0127649,234.275,5,10,1.34,34.725,251.51
16:21:08.545,677.026506,43.4046149,6.0127538,234.21,5,9,1.69,34.773,243.34
16:21:08.647,677.128466,43.4046098,6.0127433,234.168,5,10,1.34,34.584,240.75
16:21:08.748,677.229507,43.404604,6.0127329,234.082,5,10,1.34,34.745,229.59
16:21:08.848,677.329751,43.4045977,6.012723,233.994,5,9,1.69,34.879,228.93
16:21:08.948,677.429741,43.4045911,6.0127135,233.912,5,10,1.65,35.364,222.29
16:21:09.050,677.531616,43.4045844,6.0127044,233.899,5,8,2.24,35.673,222.52
16:21:09.149,677.630599,43.4045778,6.0126956,233.956,5,8,1.94,36.09,219.78
16:21:09.252,677.733502,43.4045711,6.0126866,233.926,5,9,1.58,36.673,219.97
16:21:09.349,677.830844,43.4045643,6.0126772,233.803,5,9,1.56,36.929,221.99
16:21:09.453,677.934518,43.4045569,6.012667,233.526,5,10,1.33,37.09,221.69
16:21:09.554,678.035437,43.4045496,6.0126571,233.248,5,12,1.04,37.403,221.47
16:21:09.653,678.134547,43.4045423,6.0126481,233.077,5,12,1.04,37.803,221.13
16:21:09.753,678.234458,43.404535,6.0126396,232.978,5,12,1.04,38.253,219.93
16:21:09.857,678.338518,43.4045276,6.0126313,232.933,5,12,1.04,38.494,218.94
16:21:09.957,678.438547,43.4045202,6.0126233,232.905,5,13,0.92,38.768,218.2
16:21:10.058,678.539503,43.4045126,6.0126152,232.891,5,13,0.92,39.048,217.49
16:21:10.158,678.639449,43.4045048,6.0126073,232.865,5,13,0.92,39.598,216.61
16:21:10.257,678.738473,43.4044969,6.0125994,232.867,5,12,1.02,39.999,215.91
16:21:10.356,678.837829,43.4044889,6.0125915,232.87,5,12,1.02,40.366,215.28
16:21:10.455,678.936485,43.4044809,6.0125835,232.874,5,12,1.02,40.874,215.73
16:21:10.558,679.039407,43.4044727,6.0125754,232.87,5,12,1.02,41.335,215.96
16:21:10.661,679.142565,43.4044644,6.0125675,232.867,5,13,0.89,41.651,215.22
16:21:10.761,679.242582,43.4044558,6.0125598,232.875,5,13,0.89,41.826,213.62
16:21:10.860,679.341494,43.404447,6.0125525,232.889,5,13,0.89,42.157,211.84
16:21:10.960,679.44159,43.4044381,6.0125451,232.903,5,13,0.89,42.305,210.22
16:21:11.062,679.543585,43.404429,6.0125375,232.933,5,11,0.98,42.872,210.07
16:21:11.171,679.652704,43.40442,6.0125296,232.95,5,11,0.99,43.316,211.03
16:21:11.260,679.741557,43.404411,6.0125212,232.952,5,12,0.92,43.909,212.59
16:21:11.359,679.840796,43.404402,6.0125126,232.96,5,12,0.92,44.352,214.22
16:21:11.461,679.942478,43.4043931,6.0125037,232.966,5,12,0.92,44.809,215.7
16:21:11.565,680.046462,43.4043844,6.012494,232.971,5,12,0.92,45.13,218.54
16:21:11.665,680.146538,43.4043761,6.0124837,232.969,5,12,0.98,45.474,221.73
16:21:11.766,680.247507,43.4043682,6.0124726,232.97,5,13,0.81,45.843,225.96
16:21:11.868,680.349529,43.4043606,6.012461,232.982,5,13,0.8,45.939,228.77
16:21:11.968,680.449605,43.4043533,6.0124491,232.985,5,13,0.8,45.726,231.73
16:21:12.067,680.548603,43.4043463,6.0124367,232.991,5,13,0.8,45.956,233.23
16:21:12.168,680.649635,43.4043395,6.012424,232.994,5,13,0.8,45.98,235.15
16:21:12.270,680.751433,43.4043329,6.0124109,233.003,5,13,0.8,46.437,236.42
16:21:12.368,680.849747,43.4043266,6.0123975,233.01,5,13,0.8,46.769,238.02
16:21:12.467,680.948521,43.4043206,6.0123837,233.017,5,13,0.81,46.946,239.99
16:21:12.567,681.04846,43.404315,6.0123697,233.025,5,13,0.81,46.954,241.92
16:21:12.669,681.150449,43.4043097,6.0123554,233.031,5,13,0.81,46.92,243.65
16:21:12.768,681.249589,43.4043047,6.0123407,233.04,5,13,0.81,47.27,245.76
16:21:12.867,681.34855,43.4043,6.0123258,233.051,5,13,0.81,47.385,247.63
16:21:12.968,681.449485,43.4042958,6.0123107,233.048,5,13,0.81,47.68,249.65
16:21:13.070,681.551485,43.404292,6.0122953,233.031,5,12,0.98,47.93,251.61
16:21:13.168,681.64961,43.4042884,6.0122798,233.019,5,12,0.98,48.243,253.19
16:21:13.264,681.745541,43.4042849,6.012264,232.998,5,12,1.04,48.378,253.8
16:21:13.381,681.862837,43.4042816,6.0122481,232.989,5,12,1.04,48.648,254.82
16:21:13.480,681.961446,43.4042786,6.0122321,232.988,5,12,1.04,48.648,255.79
16:21:13.564,682.045492,43.4042758,6.0122158,232.98,5,12,1.04,48.761,257.28
16:21:13.663,682.144448,43.4042734,6.0121994,232.978,5,12,1.04,49.067,258.66
16:21:13.763,682.244505,43.4042712,6.0121829,232.975,5,12,1.04,49.258,259.84
16:21:13.864,682.345468,43.4042691,6.0121663,232.974,5,12,1.04,49.472,260.66
16:21:13.963,682.444511,43.4042672,6.0121496,232.974,5,12,1.04,49.569,261.38
16:21:14.068,682.54965,43.4042654,6.0121327,232.951,5,12,1.02,49.823,261.88
16:21:14.165,682.646614,43.4042637,6.0121157,232.939,5,12,1.12,49.973,262.47
16:21:14.262,682.744164,43.4042621,6.0120987,232.924,5,12,1.12,50.337,262.82
16:21:14.365,682.846891,43.4042606,6.0120816,232.895,5,12,1.12,50.476,263.05
16:21:14.464,682.945457,43.404259,6.0120644,232.877,5,12,1.12,50.497,262.97
16:21:14.562,683.043495,43.4042574,6.0120472,232.864,5,12,1.12,50.71,262.74
16:21:14.663,683.144405,43.4042558,6.0120299,232.847,5,12,1.12,50.924,262.69
16:21:14.761,683.242753,43.4042543,6.0120124,232.83,5,12,1.12,51.204,262.75
16:21:14.860,683.341561,43.4042527,6.011995,232.8,5,12,1.12,51.476,262.77
16:21:14.961,683.442462,43.4042512,6.0119774,232.781,5,13,1.0,51.6,262.85
16:21:15.064,683.5456,43.4042507,6.01196,232.992,4,13,1.01,51.493,262.9
16:21:15.163,683.644584,43.4042495,6.0119423,233.087,4,14,0.88,51.865,263.14
16:21:15.262,683.743469,43.404248,6.0119246,233.146,4,14,0.88,52.202,262.74
16:21:15.362,683.843792,43.4042464,6.0119068,233.182,4,14,0.88,52.502,262.42
16:21:15.453,683.934546,43.4042447,6.011889,233.213,4,14,0.88,52.628,262.24
16:21:15.564,684.04556,43.4042431,6.0118711,233.237,4,14,0.88,52.804,262.43
16:21:15.656,684.137471,43.4042414,6.0118532,233.255,5,16,0.86,52.908,262.47
16:21:15.751,684.232424,43.4042397,6.0118352,233.273,5,14,0.88,53.049,262.49
16:21:15.863,684.344476,43.4042379,6.0118172,233.29,5,13,1.01,53.125,262.51
16:21:15.964,684.445477,43.4042362,6.0117991,233.307,5,13,0.99,53.238,262.3
16:21:16.064,684.545568,43.4042345,6.0117809,233.321,5,13,0.99,53.604,262.45
16:21:16.166,684.647584,43.4042328,6.0117626,233.333,5,13,0.98,53.982,262.85
16:21:16.267,684.748502,43.4042312,6.0117443,233.34,5,13,0.98,54.093,262.84
16:21:16.365,684.846843,43.4042295,6.0117259,233.345,5,13,0.98,54.252,262.84
16:21:16.464,684.945523,43.4042279,6.0117074,233.341,5,13,1.0,54.486,263.14
16:21:16.566,685.04743,43.4042264,6.0116888,233.337,5,13,1.0,54.63,263.62
16:21:16.669,685.151354,43.4042249,6.0116702,233.337,5,14,0.86,54.777,263.75
16:21:16.768,685.249521,43.4042233,6.0116515,233.341,5,14,0.86,54.982,263.66
16:21:16.867,685.348526,43.4042216,6.0116328,233.338,5,14,0.86,55.149,263.33
16:21:16.968,685.449451,43.40422,6.0116141,233.297,4,14,0.86,55.166,262.95
16:21:17.069,685.550535,43.4042183,6.0115953,233.277,4,14,0.86,55.177,262.71
16:21:17.167,685.648588,43.4042167,6.0115765,233.257,4,14,0.86,55.493,262.74
16:21:17.265,685.74661,43.404215,6.0115576,233.245,4,14,0.87,55.762,263.04
16:21:17.358,685.83975,43.4042134,6.0115386,233.244,5,16,0.8,55.823,263.35
16:21:17.462,685.943602,43.4042118,6.0115195,233.242,5,14,0.87,56.075,263.62
16:21:17.561,686.042523,43.4042101,6.0115003,233.237,5,14,0.87,56.327,263.54
16:21:17.660,686.141476,43.4042084,6.0114812,233.229,5,14,0.87,56.432,263.41
16:21:17.755,686.237288,43.4042068,6.011462,233.215,5,14,0.87,56.538,263.38
16:21:17.862,686.343471,43.4042053,6.0114427,233.199,5,14,0.87,56.814,263.9
16:21:17.959,686.440412,43.4042039,6.0114233,233.175,5,14,0.87,56.888,264.16
16:21:18.060,686.54166,43.4042023,6.0114039,233.152,5,14,0.87,57.014,264.15
16:21:18.169,686.650601,43.4042007,6.0113844,233.125,5,14,0.87,57.236,263.83
16:21:18.261,686.742513,43.4041991,6.0113648,233.092,5,14,0.87,57.575,263.8
16:21:18.360,686.841781,43.4041976,6.0113453,233.065,5,14,0.87,57.501,263.6
16:21:18.459,686.940516,43.4041961,6.0113256,233.041,5,14,0.87,57.755,263.91
16:21:18.561,687.042428,43.4041945,6.0113059,233.024,5,14,0.87,57.877,263.9
16:21:18.661,687.142395,43.4041929,6.0112862,233.009,5,14,0.87,57.979,263.9
16:21:18.759,687.24043,43.4041912,6.0112664,232.991,5,14,0.87,58.169,263.71
16:21:18.860,687.341605,43.4041896,6.0112465,232.978,5,14,0.87,58.386,263.81
16:21:18.961,687.443361,43.404188,6.0112266,232.964,5,14,0.87,58.347,263.66
16:21:19.062,687.543414,43.4041864,6.0112067,232.951,5,14,0.87,58.477,263.86
16:21:19.162,687.643697,43.4041847,6.0111867,232.94,5,14,0.87,58.457,263.68
16:21:19.259,687.740449,43.4041831,6.0111667,232.927,5,14,0.87,58.797,263.86
16:21:19.361,687.842726,43.4041814,6.0111466,232.917,5,14,0.87,58.958,263.78
16:21:19.454,687.935424,43.4041798,6.0111265,232.908,5,14,0.87,59.116,263.74
16:21:19.564,688.045463,43.4041781,6.0111064,232.9,5,14,0.87,59.157,263.73
16:21:19.664,688.145452,43.4041765,6.0110862,232.894,5,14,0.87,59.271,263.59
16:21:19.764,688.245497,43.4041747,6.011066,232.886,5,14,0.87,59.449,263.4
16:21:19.855,688.336391,43.404173,6.0110457,232.878,5,14,0.87,59.575,263.47
16:21:19.964,688.445446,43.4041714,6.0110254,232.871,5,14,0.87,59.642,263.41
16:21:20.063,688.544448,43.4041697,6.011005,232.869,5,14,0.87,59.788,263.62
16:21:20.172,688.653612,43.404168,6.0109847,232.866,5,14,0.87,59.908,263.59
16:21:20.255,688.736522,43.4041663,6.0109642,232.865,5,14,0.87,60.079,263.45
16:21:20.364,688.845799,43.4041646,6.0109438,232.865,5,14,0.87,60.179,263.57
16:21:20.462,688.94367,43.404163,6.0109233,232.866,5,14,0.87,60.183,263.63
16:21:20.556,689.03739,43.4041614,6.0109028,232.867,5,14,0.87,60.177,263.83
16:21:20.665,689.146503,43.4041599,6.0108822,232.868,5,14,0.87,60.336,264.22
16:21:20.764,689.245503,43.4041584,6.0108617,232.87,5,14,0.87,60.434,264.4
16:21:20.864,689.345515,43.4041568,6.010841,232.875,5,14,0.87,60.401,264.32
16:21:20.965,689.446414,43.4041553,6.0108204,232.88,5,14,0.87,60.477,264.15
16:21:21.056,689.537485,43.4041537,6.0107998,232.887,5,14,0.87,60.499,263.96
16:21:21.164,689.645601,43.4041521,6.0107791,232.896,5,14,0.87,60.668,263.87
16:21:21.263,689.744504,43.4041505,6.0107584,232.902,5,14,0.87,60.797,263.79
16:21:21.362,689.843719,43.404149,6.0107377,232.91,5,14,0.87,60.781,264.06
16:21:21.454,689.935417,43.4041475,6.010717,232.922,5,14,0.87,60.827,264.31
16:21:21.563,690.044504,43.404146,6.0106962,232.932,5,14,0.87,60.831,264.32
16:21:21.662,690.143392,43.4041444,6.0106754,232.942,5,14,0.87,60.931,264.14
16:21:21.762,690.243426,43.4041428,6.0106547,232.951,5,14,0.87,60.962,263.9
16:21:21.854,690.335631,43.4041412,6.0106338,232.96,5,14,0.87,60.994,263.77
16:21:21.963,690.444407,43.4041396,6.010613,232.969,5,14,0.87,61.138,263.81
16:21:22.063,690.544383,43.404138,6.0105922,232.975,5,14,0.87,61.185,263.67
16:21:22.155,690.636655,43.4041363,6.0105713,232.982,5,14,0.87,61.236,263.63
16:21:22.254,690.735503,43.4041346,6.0105505,232.988,5,14,0.87,61.24,263.42
16:21:22.363,690.844803,43.4041328,6.0105295,232.993,5,14,0.87,61.399,263.33
16:21:22.461,690.9425,43.404131,6.0105086,232.999,5,14,0.87,61.481,263.21
16:21:22.564,691.045426,43.4041294,6.0104876,233.003,5,14,0.87,61.509,263.35
16:21:22.654,691.135509,43.4041278,6.0104666,233.008,5,14,0.87,61.653,264.0
16:21:22.763,691.2444,43.4041262,6.0104456,233.011,5,14,0.87,61.609,264.32
16:21:22.862,691.34352,43.4041247,6.0104245,233.02,5,14,0.87,61.822,264.43
16:21:22.958,691.439646,43.404123,6.0104034,233.03,5,14,0.87,61.898,264.03
16:21:23.054,691.535624,43.4041214,6.0103823,233.039,5,14,0.87,61.949,263.83
16:21:23.164,691.645651,43.4041198,6.0103612,233.047,5,14,0.87,61.972,263.96
16:21:23.263,691.74475,43.4041184,6.01034,233.058,5,14,0.87,62.02,264.51
16:21:23.383,691.864634,43.4041171,6.0103189,233.071,5,14,0.87,61.988,265.21
16:21:23.473,691.955381,43.4041161,6.0102977,233.09,5,14,0.87,62.072,266.32
16:21:23.565,692.046377,43.4041153,6.0102764,233.109,5,14,0.87,62.023,267.14
16:21:23.664,692.145551,43.4041148,6.0102552,233.134,5,14,0.87,62.07,268.27
16:21:23.765,692.246451,43.4041146,6.0102339,233.161,5,14,0.87,62.035,269.67
16:21:23.856,692.337415,43.4041148,6.0102126,233.19,5,14,0.87,62.114,271.14
16:21:23.963,692.444472,43.4041152,6.0101914,233.224,5,14,0.87,62.151,272.32
16:21:24.063,692.544368,43.404116,6.0101702,233.256,5,14,0.89,62.186,273.44
16:21:24.155,692.636565,43.4041171,6.010149,233.294,5,14,0.9,62.023,274.71
16:21:24.254,692.735563,43.4041187,6.0101279,233.334,5,14,0.9,61.962,276.2
16:21:24.363,692.844728,43.4041208,6.0101069,233.379,5,14,0.9,61.794,278.02
16:21:24.463,692.944527,43.4041235,6.0100861,233.43,5,14,0.9,61.685,280.23
16:21:24.555,693.036649,43.4041267,6.0100656,233.48,5,13,0.97,61.396,282.73
16:21:24.654,693.135696,43.4041306,6.0100452,233.531,5,13,0.97,61.196,284.94
16:21:24.762,693.243701,43.404135,6.0100251,233.59,5,13,0.95,61.214,287.29
16:21:24.861,693.342695,43.4041401,6.0100055,233.644,5,13,0.95,60.949,289.81
16:21:24.953,693.434547,43.404146,6.009986,233.696,5,12,1.08,60.946,293.06
16:21:25.056,693.53745,43.4041525,6.0099672,233.746,5,12,1.02,61.105,295.98
16:21:25.164,693.645592,43.4041597,6.0099488,233.791,5,12,1.02,60.972,298.99
16:21:25.262,693.743474,43.4041675,6.0099311,233.835,5,12,1.02,60.792,301.82
16:21:25.355,693.837279,43.4041758,6.009914,233.877,5,12,1.02,60.634,304.86
16:21:25.454,693.935499,43.4041847,6.0098975,233.916,5,12,1.02,60.283,307.4
16:21:25.562,694.043385,43.404194,6.0098814,233.949,5,12,1.02,59.996,309.6
16:21:25.651,694.132376,43.4042038,6.0098661,233.982,5,12,0.93,59.966,311.65
16:21:25.758,694.240172,43.4042141,6.0098512,234.017,5,11,1.04,59.842,314.17
16:21:25.853,694.334401,43.4042249,6.0098369,234.037,5,12,1.02,60.071,316.63
16:21:25.952,694.433427,43.4042362,6.0098234,234.058,5,12,1.05,59.984,319.2
16:21:26.050,694.53137,43.4042479,6.0098107,234.072,5,12,1.02,59.996,322.28
16:21:26.171,694.652585,43.40426,6.0097989,234.101,5,11,1.24,59.957,325.68
16:21:26.252,694.733494,43.4042726,6.0097881,234.116,5,12,1.04,59.771,328.49
16:21:26.364,694.845847,43.4042857,6.0097782,234.142,5,10,1.42,59.788,332.51
16:21:26.450,694.931465,43.404299,6.0097696,234.166,5,10,1.53,59.473,336.25
16:21:26.553,695.034428,43.4043128,6.0097625,234.2,5,9,1.79,59.303,340.12
16:21:26.648,695.129423,43.4043268,6.0097568,234.238,5,10,1.53,59.184,344.55
16:21:26.754,695.235415,43.404341,6.0097527,234.256,5,9,1.27,59.231,349.06
16:21:26.851,695.332431,43.4043552,6.00975,234.28,5,10,1.21,58.708,353.46
16:21:26.953,695.434398,43.4043695,6.0097486,234.311,5,10,1.55,58.542,357.64
16:21:27.053,695.53447,43.4043838,6.0097487,234.344,5,8,1.96,58.56,1.84
16:21:27.162,695.643582,43.4043981,6.00975,234.371,5,7,1.75,58.553,5.71
16:21:27.250,695.731411,43.4044121,6.0097529,234.4,5,7,2.98,58.132,9.47
16:21:27.352,695.833507,43.4044259,6.009757,234.421,5,7,5.55,57.71,13.85
16:21:27.452,695.93356,43.4044389,6.0097624,234.448,5,8,1.54,56.68,18.25
16:21:27.570,696.051432,43.4044512,6.0097692,234.483,5,8,1.54,54.791,23.82
16:21:27.664,696.145504,43.4044631,6.0097773,234.521,5,11,0.98,53.743,28.72
16:21:27.766,696.2474,43.4044744,6.0097867,234.573,5,10,1.08,53.184,31.9
16:21:27.867,696.348407,43.4044851,6.0097972,234.652,5,11,0.92,52.999,37.85
16:21:27.972,696.453481,43.4044951,6.0098085,234.761,5,11,1.0,52.736,40.38
16:21:28.064,696.545411,43.4045044,6.0098207,234.887,5,10,1.13,52.408,44.88
16:21:28.165,696.646601,43.4045128,6.0098337,234.999,5,10,1.07,52.008,47.75
16:21:28.265,696.74644,43.4045204,6.0098473,235.103,5,10,1.01,51.684,51.6
16:21:28.360,696.841852,43.4045277,6.0098616,235.236,5,11,0.99,51.578,53.67
16:21:28.462,696.943439,43.4045343,6.0098764,235.38,5,11,0.99,51.467,58.55
16:21:28.569,697.050381,43.4045401,6.0098917,235.485,5,11,1.02,51.011,60.68
16:21:28.669,697.15058,43.4045451,6.0099075,235.574,5,13,0.79,50.711,66.09
16:21:28.773,697.254427,43.4045494,6.0099236,235.69,5,14,0.72,50.593,67.96
16:21:28.874,697.355462,43.4045527,6.00994,235.781,5,12,0.81,50.363,73.56
16:21:28.974,697.45537,43.4045552,6.0099566,235.871,5,12,0.81,50.032,75.07
16:21:29.070,697.552359,43.4045572,6.0099732,235.96,5,13,0.79,49.732,82.32
16:21:29.180,697.661603,43.404559,6.0099899,236.032,5,11,0.96,49.406,81.86
16:21:29.268,697.749634,43.4045607,6.0100067,236.092,5,10,1.14,49.472,83.74
16:21:29.371,697.852795,43.4045624,6.0100236,236.156,5,10,1.14,49.676,83.26
16:21:29.466,697.948375,43.4045641,6.0100406,236.258,5,10,1.22,49.898,83.44
16:21:29.565,698.046402,43.4045661,6.0100575,236.341,5,10,1.23,50.174,82.7
16:21:29.668,698.149448,43.4045683,6.0100744,236.406,5,12,0.93,50.176,81.15
16:21:29.770,698.251494,43.4045708,6.0100912,236.483,5,12,1.14,50.484,79.87
16:21:29.869,698.35049,43.4045736,6.0101081,236.535,5,13,0.82,50.598,77.94
16:21:29.969,698.450425,43.4045765,6.010125,236.553,5,14,0.78,50.895,77.03
16:21:30.069,698.550394,43.4045795,6.0101419,236.567,5,14,0.78,51.1,75.77
16:21:30.177,698.658548,43.4045826,6.0101588,236.584,5,14,0.8,51.274,75.27
16:21:30.272,698.753597,43.404586,6.0101759,236.596,5,13,0.84,51.552,74.85
16:21:30.369,698.850807,43.4045894,6.0101927,236.662,4,13,0.97,51.741,73.75
16:21:30.468,698.949426,43.4045934,6.0102095,236.489,4,14,0.8,51.991,72.83
16:21:30.570,699.051377,43.4045979,6.0102264,235.985,4,13,0.84,52.404,72.55
16:21:30.668,699.150375,43.4046023,6.0102433,235.567,4,14,0.75,52.823,71.75
16:21:30.766,699.24743,43.4046068,6.0102602,235.517,4,14,0.75,52.812,70.83
16:21:30.867,699.348524,43.4046114,6.0102772,235.508,4,14,0.75,52.98,69.81
16:21:30.969,699.45039,43.404616,6.0102944,235.508,4,14,0.75,53.295,69.22
16:21:31.066,699.548343,43.4046206,6.0103116,235.503,4,14,0.75,53.815,69.03
16:21:31.168,699.64954,43.4046253,6.0103289,235.494,4,14,0.75,54.165,69.23
16:21:31.267,699.748604,43.40463,6.0103463,235.487,4,14,0.75,54.271,69.45
16:21:31.369,699.850838,43.4046349,6.0103637,235.479,4,14,0.75,54.347,69.18
16:21:31.466,699.948388,43.4046397,6.0103812,235.584,4,14,0.75,54.525,68.8
16:21:31.568,700.049501,43.4046446,6.0103989,235.58,4,14,0.75,54.704,68.25
16:21:31.665,700.147352,43.4046494,6.0104166,235.517,4,14,0.75,55.047,68.73
16:21:31.766,700.24835,43.4046544,6.0104343,235.505,4,14,0.75,55.327,68.84
16:21:31.865,700.346506,43.4046594,6.010452,235.507,4,14,0.75,55.469,68.9
16:21:31.967,700.448394,43.4046643,6.0104699,235.504,4,14,0.75,55.79,68.98
16:21:32.060,700.542337,43.4046693,6.0104877,235.51,4,13,0.79,55.951,69.17
16:21:32.174,700.655522,43.4046743,6.0105057,235.486,4,13,0.79,56.16,69.18
16:21:32.265,700.746671,43.4046792,6.0105238,235.491,4,13,0.79,56.308,69.71
16:21:32.364,700.845607,43.4046841,6.0105419,235.492,4,13,0.79,56.582,69.75
16:21:32.464,700.945563,43.404689,6.0105601,235.492,4,13,0.79,56.658,70.03
16:21:32.567,701.04847,43.4046938,6.0105784,235.59,4,13,0.79,56.799,69.94
16:21:32.665,701.146482,43.4046988,6.0105967,235.672,4,13,0.79,57.032,69.76
16:21:32.765,701.246386,43.4047037,6.0106153,235.647,4,13,0.79,57.281,69.9
16:21:32.865,701.346446,43.4047084,6.0106338,235.637,4,14,0.75,57.608,70.25
16:21:32.969,701.450408,43.4047131,6.0106525,235.639,4,14,0.75,57.74,70.85
16:21:33.065,701.546593,43.4047175,6.0106713,235.654,4,14,0.75,57.869,71.78
16:21:33.201,701.682613,43.4047217,6.0106904,235.66,4,14,0.78,58.045,73.14
16:21:33.264,701.745571,43.4047257,6.0107095,235.659,4,14,0.83,58.049,74.34
16:21:33.382,701.863705,43.4047298,6.0107287,235.667,4,14,0.83,58.405,74.78
16:21:33.475,701.956406,43.4047337,6.0107478,235.672,4,14,0.83,58.377,74.66
16:21:33.564,702.045383,43.4047373,6.0107674,235.692,4,14,0.83,58.621,75.51
16:21:33.664,702.14539,43.4047408,6.0107868,235.718,4,14,0.83,58.749,76.33
16:21:33.766,702.247416,43.4047443,6.0108062,235.735,4,14,0.83,58.938,76.74
16:21:33.865,702.34737,43.4047478,6.0108258,235.889,4,14,0.83,58.982,76.67
16:21:33.964,702.445473,43.4047514,6.0108453,235.923,4,14,0.83,59.175,76.64
16:21:34.046,702.527439,43.4047549,6.010865,235.926,5,15,0.7,59.303,76.7
16:21:34.164,702.645574,43.4047582,6.0108848,235.923,5,13,1.01,59.475,76.84
16:21:34.261,702.742463,43.4047616,6.0109047,235.924,5,13,1.01,59.723,76.94
16:21:34.360,702.841454,43.4047649,6.0109248,235.922,5,13,1.01,59.947,77.0
16:21:34.453,702.934625,43.4047678,6.0109446,235.918,5,13,1.01,59.666,77.89
16:21:34.562,703.043368,43.4047706,6.0109641,235.91,5,13,1.01,58.534,78.93
16:21:34.660,703.141581,43.4047733,6.0109832,235.904,5,13,1.01,56.921,79.39
16:21:34.758,703.240369,43.4047759,6.011002,235.899,5,13,1.01,55.551,79.52
16:21:34.850,703.332392,43.4047783,6.0110208,235.894,5,13,1.04,54.853,80.14
16:21:34.962,703.444347,43.4047803,6.0110395,235.889,5,13,1.02,54.51,81.18
16:21:35.060,703.542341,43.4047818,6.011058,235.883,5,13,1.02,54.054,83.39
16:21:35.159,703.640533,43.4047827,6.0110764,235.875,5,12,1.04,53.493,85.86
16:21:35.252,703.733423,43.4047829,6.0110944,235.869,5,12,1.04,52.684,88.91
16:21:35.351,703.832418,43.4047824,6.0111121,235.862,5,12,1.07,51.778,92.2
16:21:35.460,703.941726,43.4047811,6.0111293,235.857,5,13,1.05,50.598,96.61
16:21:35.560,704.041625,43.4047791,6.011146,235.852,5,12,1.08,49.521,100.32
16:21:35.652,704.133457,43.4047761,6.0111621,235.851,5,11,1.11,48.306,105.15
16:21:35.761,704.243384,43.4047725,6.0111776,235.858,5,13,1.01,47.52,108.57
16:21:35.852,704.333447,43.4047681,6.0111924,235.847,5,13,0.98,46.646,113.65
16:21:35.960,704.441399,43.4047629,6.0112066,235.845,5,8,1.63,46.498,117.45
16:21:36.053,704.535316,43.4047573,6.0112194,235.845,5,9,1.54,44.844,122.44
16:21:36.163,704.644474,43.4047512,6.0112313,235.847,5,9,1.54,43.168,126.57
16:21:36.253,704.734606,43.4047446,6.0112419,235.846,5,7,2.27,41.714,132.63
16:21:36.357,704.839368,43.4047373,6.0112514,235.814,5,8,1.19,40.62,136.24
16:21:36.450,704.931629,43.4047296,6.01126,235.799,5,12,1.01,39.87,143.09
16:21:36.557,705.039343,43.4047214,6.0112677,235.791,5,12,1.01,39.777,147.01
16:21:36.658,705.140346,43.4047127,6.0112745,235.794,5,11,1.07,40.151,152.27
16:21:36.760,705.241448,43.4047037,6.0112801,235.8,5,11,1.18,40.555,155.86
16:21:36.848,705.330358,43.4046945,6.0112844,235.784,5,8,1.6,40.181,162.55
16:21:36.957,705.438407,43.4046851,6.0112873,235.755,5,8,1.63,40.057,165.32
16:21:37.049,705.531341,43.4046756,6.0112892,235.744,5,7,2.16,39.246,173.32
16:21:37.157,705.638456,43.4046663,6.0112893,235.756,5,8,1.84,38.92,176.5
16:21:37.252,705.734353,43.404657,6.0112886,235.732,5,8,1.81,38.383,184.18
16:21:37.358,705.839616,43.404648,6.0112864,235.701,5,8,1.84,37.951,186.79
16:21:37.448,705.929597,43.4046393,6.0112829,235.677,5,7,2.26,37.266,195.89
16:21:37.558,706.04037,43.404631,6.011278,235.655,5,8,1.98,37.059,199.44
16:21:37.656,706.138333,43.4046231,6.011272,235.64,5,12,1.08,37.07,209.85
16:21:37.762,706.244311,43.4046159,6.0112647,235.618,5,12,1.29,37.329,214.45
16:21:37.861,706.343367,43.4046088,6.011257,235.596,5,12,1.28,37.362,220.74
16:21:37.961,706.442464,43.4046021,6.0112486,235.573,5,12,1.28,37.584,224.2
16:21:38.055,706.536405,43.4045957,6.0112395,235.53,5,12,1.28,37.627,228.52
16:21:38.162,706.643613,43.4045899,6.0112296,235.493,5,11,1.42,37.999,231.7
16:21:38.251,706.733347,43.4045846,6.0112191,235.414,5,11,1.31,38.11,236.06
16:21:38.360,706.841456,43.4045797,6.0112081,235.274,5,12,1.04,38.196,239.03
16:21:38.452,706.933744,43.404575,6.0111968,235.203,5,12,1.04,38.466,242.02
16:21:38.564,707.045464,43.4045708,6.011185,235.142,5,12,1.04,38.757,244.63
16:21:38.655,707.136399,43.404567,6.0111729,235.089,5,12,1.0,39.001,247.83
16:21:38.764,707.246361,43.4045637,6.0111604,235.036,5,12,1.0,39.222,250.61
16:21:38.857,707.338462,43.4045608,6.0111476,234.983,5,12,1.0,39.427,254.06
16:21:38.956,707.438353,43.4045584,6.0111345,234.935,5,12,1.0,40.055,256.68
16:21:39.056,707.538331,43.4045564,6.011121,234.887,5,12,1.0,40.52,259.89
16:21:39.168,707.649514,43.4045547,6.0111075,234.843,5,12,0.99,40.835,261.82
16:21:39.262,707.744262,43.4045533,6.0110937,234.804,5,12,0.99,40.918,263.66
16:21:39.359,707.840423,43.4045522,6.0110798,234.766,5,12,0.99,41.09,265.03
16:21:39.457,707.938596,43.4045513,6.0110657,234.727,5,12,0.99,41.401,266.56
16:21:39.558,708.040287,43.4045508,6.0110514,234.696,5,12,1.03,42.1,267.98
16:21:39.654,708.135403,43.4045505,6.0110369,234.659,5,11,1.16,42.518,269.44
16:21:39.751,708.233344,43.4045504,6.0110224,234.621,5,11,1.16,42.92,270.62
16:21:39.851,708.332516,43.4045505,6.0110076,234.587,5,11,1.16,43.194,271.45
16:21:39.961,708.443321,43.4045505,6.0109928,234.551,5,11,1.26,43.387,271.68
16:21:40.053,708.534397,43.4045504,6.0109779,234.517,5,9,1.96,43.626,270.88
16:21:40.152,708.633576,43.4045499,6.0109629,234.484,5,9,1.96,43.574,269.07
16:21:40.250,708.731403,43.404549,6.0109474,234.44,5,10,1.67,43.892,267.13
16:21:40.361,708.842422,43.4045482,6.010932,234.411,5,11,1.26,44.702,265.92
16:21:40.457,708.938595,43.4045476,6.0109164,234.433,4,11,1.24,45.43,265.64
16:21:40.557,709.039364,43.4045469,6.0109008,234.478,4,12,1.0,45.881,265.33
16:21:40.654,709.135401,43.4045461,6.0108852,234.496,4,12,1.0,46.185,265.31
16:21:40.763,709.244438,43.4045451,6.0108692,234.5,4,12,1.0,46.526,265.38
16:21:40.857,709.338602,43.4045441,6.0108533,234.462,4,12,0.99,46.907,265.17
16:21:40.957,709.438399,43.404543,6.0108372,234.437,4,13,0.89,47.265,264.8
16:21:41.054,709.53631,43.404542,6.0108209,234.428,4,13,0.9,47.78,264.96
16:21:41.164,709.645604,43.4045409,6.0108046,234.389,4,13,0.9,48.221,264.87
16:21:41.260,709.741583,43.4045397,6.0107881,234.342,4,13,0.89,48.452,264.8
16:21:41.359,709.840475,43.4045384,6.0107715,234.325,4,13,0.89,48.659,264.03
16:21:41.456,709.937652,43.4045367,6.010755,234.29,4,13,0.89,49.026,262.77
16:21:41.563,710.045321,43.4045349,6.0107382,234.292,4,13,0.89,49.402,260.81
16:21:41.657,710.138368,43.4045324,6.0107218,234.288,4,13,0.85,49.348,258.49
16:21:41.756,710.237467,43.4045296,6.0107058,234.277,4,13,0.85,48.961,256.37
16:21:41.846,710.328365,43.4045263,6.01069,234.245,5,13,0.85,47.846,253.01
16:21:41.957,710.439356,43.4045224,6.010675,234.213,5,11,1.07,46.665,249.89
16:21:42.053,710.53438,43.4045177,6.0106612,234.18,5,12,0.9,45.365,245.48
16:21:42.153,710.634534,43.4045125,6.010648,234.149,5,13,0.86,44.135,241.55
16:21:42.252,710.734307,43.4045068,6.0106353,234.12,5,13,0.86,43.339,237.25
16:21:42.362,710.843509,43.4045006,6.0106232,234.092,5,13,0.85,43.122,233.84
16:21:42.457,710.93861,43.4044939,6.0106117,234.063,5,13,0.85,42.674,230.04
16:21:42.554,711.036291,43.4044868,6.0106011,234.044,5,13,0.85,42.289,226.47
16:21:42.654,711.136338,43.4044791,6.0105914,234.021,5,13,0.9,41.783,221.39
16:21:42.756,711.237395,43.404471,6.0105828,234.011,5,13,0.88,41.44,217.53
16:21:42.858,711.339626,43.4044626,6.0105752,233.994,5,13,0.88,40.827,211.82
16:21:42.957,711.439299,43.4044539,6.0105684,233.972,5,13,0.84,40.327,207.95
16:21:43.058,711.540303,43.4044451,6.0105628,233.953,5,13,0.83,39.638,203.46
16:21:43.186,711.667452,43.4044361,6.0105583,233.92,5,13,0.84,38.646,199.36
16:21:43.258,711.740291,43.4044269,6.0105551,233.996,4,13,0.84,37.899,193.58
16:21:43.374,711.855516,43.4044176,6.0105531,234.049,4,13,0.84,37.083,188.73
16:21:43.457,711.938571,43.4044084,6.0105522,234.026,5,15,0.75,36.729,181.69
16:21:43.552,712.033398,43.4043992,6.0105527,234.004,5,12,1.11,37.097,177.37
16:21:43.655,712.136363,43.4043903,6.0105546,233.981,5,12,1.11,37.333,170.47
16:21:43.751,712.23334,43.4043814,6.0105576,233.958,5,12,1.11,37.649,166.25
16:21:43.852,712.333396,43.4043728,6.0105617,233.93,5,12,1.11,37.903,159.09
16:21:43.961,712.443325,43.4043643,6.0105667,233.899,5,12,1.11,37.879,155.31
16:21:44.057,712.539292,43.4043563,6.0105729,233.868,5,12,1.11,38.092,149.17
16:21:44.164,712.645568,43.4043487,6.01058,233.839,5,12,1.11,37.912,145.4
16:21:44.254,712.736319,43.4043418,6.0105881,233.821,5,12,1.11,37.699,138.36
16:21:44.362,712.843384,43.4043355,6.0105971,233.801,5,12,1.21,37.472,134.67
16:21:44.458,712.939659,43.4043297,6.0106069,233.795,5,13,1.07,37.464,126.78
16:21:44.562,713.044286,43.4043246,6.0106174,233.791,5,13,1.07,37.759,122.53
16:21:44.667,713.149341,43.4043201,6.0106286,233.792,5,13,0.92,37.923,116.85
16:21:44.774,713.256401,43.4043164,6.0106403,233.784,5,14,0.79,38.266,112.36
16:21:44.870,713.352334,43.4043135,6.0106524,233.78,5,14,0.78,38.227,106.67
16:21:44.967,713.449341,43.4043112,6.0106649,233.761,5,14,0.76,38.379,102.9
16:21:45.067,713.548555,43.4043095,6.0106776,233.753,5,13,0.92,38.74,98.83
16:21:45.177,713.658561,43.4043082,6.0106907,233.745,4,13,0.92,38.74,96.06
16:21:45.269,713.750636,43.4043071,6.0107037,233.688,4,13,0.92,39.149,93.51
16:21:45.366,713.848388,43.4043062,6.0107169,233.704,4,13,0.92,39.572,92.01
16:21:45.466,713.947587,43.4043058,6.0107304,233.705,4,13,0.92,39.899,90.25
16:21:45.570,714.052334,43.4043059,6.010744,233.685,4,13,0.92,40.17,88.58
16:21:45.673,714.155301,43.4043062,6.0107579,233.679,4,14,0.74,40.525,86.87
16:21:45.768,714.249621,43.4043068,6.0107719,233.658,4,14,0.74,41.018,85.57
16:21:45.868,714.349468,43.4043076,6.010786,233.646,4,14,0.77,41.526,84.63
16:21:45.976,714.458279,43.4043085,6.0108003,233.635,4,14,0.77,42.116,84.03
16:21:46.071,714.553307,43.4043094,6.0108147,233.618,4,14,0.77,42.57,84.07
16:21:46.169,714.650404,43.4043104,6.0108294,233.613,4,14,0.76,43.055,84.47
16:21:46.272,714.753548,43.4043115,6.0108442,233.627,4,14,0.76,43.594,84.33
16:21:46.380,714.862353,43.4043127,6.010859,233.635,4,14,0.76,43.763,83.92
16:21:46.475,714.956521,43.4043139,6.0108739,233.67,4,14,0.76,43.944,83.45
16:21:46.572,715.054261,43.4043153,6.010889,233.694,4,14,0.76,44.174,82.72
16:21:46.670,715.152281,43.4043165,6.0109043,233.704,4,14,0.77,44.655,82.61
16:21:46.780,715.262335,43.4043179,6.0109196,233.698,4,14,0.76,45.059,82.6
16:21:46.871,715.352453,43.4043193,6.0109351,233.707,4,14,0.76,45.528,82.66
16:21:46.968,715.450355,43.4043207,6.0109507,233.697,4,14,0.76,45.981,82.87
16:21:47.068,715.550281,43.404322,6.0109664,233.702,4,14,0.77,46.328,83.16
16:21:47.181,715.662531,43.4043232,6.0109823,233.703,4,14,0.77,46.706,83.68
16:21:47.270,715.751434,43.4043245,6.0109983,233.709,4,12,0.81,47.257,83.98
16:21:47.360,715.842296,43.4043259,6.0110145,233.716,4,12,0.81,47.596,83.8
16:21:47.460,715.941743,43.4043272,6.0110308,233.731,4,12,0.81,47.854,83.7
16:21:47.570,716.051541,43.4043286,6.0110471,233.752,4,12,0.81,47.983,83.7
16:21:47.666,716.148239,43.4043298,6.0110636,233.79,4,12,0.8,48.283,83.73
16:21:47.762,716.244262,43.4043311,6.0110801,233.789,4,12,0.8,48.702,83.79
16:21:47.861,716.343359,43.4043325,6.0110968,233.792,4,12,0.8,49.104,83.72
16:21:47.970,716.451393,43.404334,6.0111135,233.783,4,12,0.8,49.361,83.37
16:21:48.064,716.545503,43.4043354,6.0111304,233.792,4,12,0.8,49.624,83.14
16:21:48.173,716.654406,43.404337,6.0111474,233.781,4,12,0.8,50.015,83.01
16:21:48.260,716.742315,43.4043385,6.0111644,233.787,4,12,0.8,50.25,82.82
16:21:48.369,716.851268,43.4043402,6.0111815,233.783,4,12,0.8,50.465,82.55
16:21:48.462,716.943637,43.4043419,6.0111988,233.786,4,12,0.81,50.778,82.19
16:21:48.562,717.04345,43.4043436,6.0112162,233.799,4,12,0.81,51.15,82.15
16:21:48.660,717.142302,43.4043452,6.0112336,233.843,4,12,0.81,51.339,81.98
16:21:48.768,717.25027,43.4043473,6.0112512,233.856,4,12,0.81,51.604,81.58
16:21:48.862,717.344293,43.4043493,6.0112687,233.934,4,12,0.81,51.841,80.67
16:21:48.960,717.44226,43.4043517,6.0112862,233.944,4,12,0.81,52.069,79.78
16:21:49.060,717.542262,43.4043543,6.0113037,233.95,4,12,0.81,52.204,78.55
16:21:49.170,717.651403,43.4043572,6.0113212,233.957,4,12,0.81,52.38,77.09
16:21:49.261,717.743259,43.4043604,6.0113387,233.974,4,12,0.81,52.617,75.26
16:21:49.360,717.842266,43.4043641,6.011356,233.977,4,12,0.81,52.858,73.42
16:21:49.458,717.939643,43.4043683,6.0113733,233.981,4,12,0.82,53.014,71.42
16:21:49.559,718.040423,43.4043728,6.0113904,233.97,4,12,0.82,53.034,69.18
16:21:49.660,718.142312,43.4043778,6.0114073,233.992,4,12,0.86,53.347,67.02
16:21:49.760,718.241584,43.4043832,6.011424,234.066,4,13,0.76,53.584,64.97
16:21:49.860,718.342306,43.4043891,6.0114404,234.168,4,13,0.75,53.775,62.59
16:21:49.960,718.442319,43.4043953,6.0114567,234.276,4,13,0.75,53.88,60.5
16:21:50.060,718.542268,43.404402,6.0114725,234.326,4,13,0.76,53.908,58.6
16:21:50.169,718.650516,43.404409,6.0114881,234.403,4,12,0.79,54.071,56.72
16:21:50.258,718.740367,43.4044165,6.0115034,234.431,4,12,0.79,54.243,54.87
16:21:50.358,718.840212,43.4044244,6.0115182,234.442,4,12,0.79,54.193,53.0
16:21:50.460,718.941677,43.4044328,6.0115329,234.488,4,12,0.77,54.11,51.01
16:21:50.557,719.038496,43.4044413,6.0115471,234.536,4,11,0.89,54.18,48.99
16:21:50.656,719.137456,43.4044503,6.011561,234.529,4,11,0.89,54.288,47.31
16:21:50.753,719.235369,43.4044597,6.0115745,234.569,4,11,0.89,54.453,45.4
16:21:50.858,719.339485,43.4044691,6.0115879,234.723,4,11,0.94,54.654,43.6
16:21:50.953,719.435297,43.404479,6.0116007,234.719,5,11,0.94,54.795,41.97
16:21:51.052,719.534292,43.4044893,6.0116131,234.716,5,11,0.94,54.893,40.48
16:21:51.162,719.643412,43.4044998,6.0116251,234.704,5,11,0.94,55.043,39.01
16:21:51.257,719.738521,43.4045104,6.0116367,234.691,5,11,0.87,54.91,37.67
16:21:51.354,719.836364,43.4045214,6.011648,234.683,5,11,0.9,54.854,36.43
16:21:51.455,719.936546,43.4045324,6.011659,234.693,5,11,0.9,54.919,35.12
16:21:51.553,720.034471,43.4045437,6.0116697,234.724,5,11,0.9,54.797,33.84
16:21:51.658,720.140304,43.4045553,6.01168,234.767,5,11,0.87,54.841,32.42
16:21:51.758,720.240248,43.4045641,6.0116903,235.985,4,11,0.87,55.095,30.93
16:21:51.850,720.332201,43.404576,6.0116998,236.039,4,12,0.8,55.278,29.46
16:21:51.947,720.429282,43.4045881,6.0117088,236.115,4,12,0.8,55.249,27.94
16:21:52.050,720.532322,43.4046005,6.0117176,236.154,4,12,0.8,55.523,26.43
16:21:52.150,720.631413,43.404613,6.011726,236.129,4,12,0.8,55.738,25.25
16:21:52.250,720.732199,43.4046256,6.0117344,236.148,4,12,0.8,56.067,24.71
16:21:52.350,720.83224,43.4046382,6.0117428,236.182,4,13,0.77,56.358,24.79
16:21:52.453,720.934641,43.4046509,6.0117512,236.199,4,13,0.77,56.401,24.92
16:21:52.549,721.031286,43.4046636,6.0117593,236.218,4,12,0.89,56.327,24.8
16:21:52.649,721.131399,43.4046765,6.0117676,236.217,4,12,0.88,56.31,24.28
16:21:52.746,721.228256,43.4046892,6.0117759,236.249,4,12,0.89,56.555,24.85
16:21:52.851,721.333343,43.4047021,6.0117845,236.236,4,12,0.89,56.549,25.7
16:21:52.950,721.431406,43.4047147,6.0117935,236.277,4,12,0.89,56.76,26.63
16:21:53.047,721.529291,43.4047275,6.0118023,236.306,4,12,0.89,56.718,27.21
16:21:53.170,721.651415,43.4047402,6.0118114,236.315,4,12,0.88,56.923,27.5
16:21:53.252,721.733377,43.4047528,6.0118208,236.321,4,12,0.88,57.312,28.21
16:21:53.350,721.832313,43.4047653,6.0118305,236.334,4,12,0.88,57.755,29.18
16:21:53.460,721.941571,43.4047778,6.0118408,236.369,4,12,0.89,58.244,30.38
16:21:53.550,722.031405,43.40479,6.0118514,236.375,4,13,0.78,58.449,32.18
16:21:53.650,722.131586,43.404802,6.0118626,236.378,4,13,0.8,58.592,34.02
16:21:53.748,722.230235,43.4048136,6.0118744,236.371,4,13,0.8,58.64,36.25
16:21:53.845,722.326538,43.4048247,6.0118867,236.349,4,13,0.81,58.442,38.69
16:21:53.947,722.429299,43.4048355,6.0118995,236.337,4,13,0.81,57.74,41.3
16:21:54.049,722.531285,43.4048456,6.0119128,236.338,4,13,0.81,56.758,44.18
16:21:54.159,722.640415,43.4048552,6.0119264,236.335,4,13,0.81,55.856,47.05
16:21:54.246,722.728283,43.4048639,6.0119405,236.316,4,13,0.79,54.658,50.11
16:21:54.348,722.830229,43.404872,6.011955,236.314,4,13,0.79,53.714,53.28
16:21:54.450,722.931511,43.4048792,6.0119699,236.286,4,13,0.79,52.715,56.31
16:21:54.549,723.031299,43.4048854,6.011985,236.275,4,13,0.79,51.486,60.89
16:21:54.651,723.13326,43.4048907,6.0120002,236.231,4,13,0.77,49.982,63.99
16:21:54.748,723.230232,43.4048953,6.0120154,236.224,4,13,0.79,48.646,69.02
16:21:54.851,723.332431,43.4048988,6.0120307,236.246,4,13,0.8,47.157,71.5
16:21:54.949,723.431217,43.4049015,6.0120458,236.253,4,13,0.8,45.615,77.67
16:21:55.048,723.530231,43.4049034,6.0120606,236.264,4,13,0.79,44.211,80.08
16:21:55.157,723.639391,43.4049044,6.0120753,236.242,4,13,0.79,43.259,86.33
16:21:55.250,723.732306,43.4049045,6.0120898,236.249,4,13,0.79,42.581,89.31
16:21:55.350,723.832337,43.4049035,6.0121042,236.244,4,13,0.78,42.246,97.0
16:21:55.451,723.933386,43.4049016,6.012118,236.19,4,13,0.78,41.889,100.55
16:21:55.548,724.030352,43.404899,6.0121314,236.161,4,12,0.8,41.377,107.08
16:21:55.651,724.13335,43.4048955,6.012144,236.121,4,12,0.82,40.505,111.68
16:21:55.749,724.231229,43.4048914,6.0121559,236.085,4,12,0.82,39.679,117.55
16:21:55.847,724.329393,43.4048865,6.0121665,236.063,4,12,0.82,38.577,121.88
16:21:55.947,724.429266,43.4048809,6.0121763,236.016,4,12,0.82,37.505,129.51
16:21:56.050,724.532204,43.4048747,6.0121852,236.084,4,12,0.82,36.829,133.81
16:21:56.158,724.64037,43.404868,6.0121931,236.099,4,12,0.82,36.527,141.7
16:21:56.247,724.728525,43.4048611,6.0122003,235.998,4,12,0.82,36.447,145.54
16:21:56.340,724.822315,43.4048531,6.0122066,236.044,4,12,0.82,36.533,151.19
16:21:56.449,724.930621,43.4048449,6.0122114,236.08,5,12,0.82,36.083,153.74
16:21:56.557,725.039339,43.4048363,6.0122153,236.112,5,9,1.13,36.896,163.49
16:21:56.656,725.13835,43.4048284,6.0122174,236.135,5,10,1.02,36.164,167.46
16:21:56.758,725.240233,43.4048203,6.0122183,236.113,5,10,1.03,34.594,175.89
16:21:56.858,725.340319,43.4048121,6.0122178,236.046,5,10,0.94,34.218,180.34
16:21:56.958,725.440228,43.4048039,6.0122163,235.978,5,10,0.94,34.093,188.92
16:21:57.057,725.539256,43.4047958,6.0122138,235.927,5,10,0.94,33.953,191.27
16:21:57.160,725.642365,43.4047878,6.0122105,235.885,5,11,0.88,34.129,199.65
16:21:57.251,725.733298,43.4047799,6.0122064,235.855,5,11,0.88,34.323,201.5
16:21:57.360,725.842217,43.404772,6.0122017,235.827,5,11,0.88,34.703,206.09
16:21:57.458,725.939507,43.4047645,6.0121962,235.796,5,11,0.88,35.068,208.76
16:21:57.562,726.044277,43.4047582,6.0121883,235.641,4,11,0.88,35.371,213.39
16:21:57.654,726.136267,43.4047511,6.0121811,235.627,4,12,0.83,35.851,215.68
16:21:57.753,726.234482,43.4047443,6.0121735,235.666,4,12,0.83,36.249,221.4
16:21:57.852,726.334277,43.4047376,6.0121655,235.665,4,12,0.83,36.581,223.41
16:21:57.950,726.4323,43.4047311,6.0121569,235.632,2,12,0.82,36.323,224.62
16:21:58.044,726.526244,43.4047246,6.0121484,235.605,5,11,1.01,36.125,223.26
16:21:58.158,726.64036,43.4047177,6.0121401,235.579,5,10,1.12,36.46,224.52
16:21:58.257,726.739275,43.4047104,6.0121319,235.552,5,10,1.12,37.084,222.41
16:21:58.356,726.838193,43.4047033,6.0121237,235.526,5,10,1.12,37.512,220.75
16:21:58.451,726.932502,43.404696,6.0121156,235.503,5,10,1.12,37.929,219.51
16:21:58.561,727.043189,43.4046884,6.0121078,235.484,5,10,1.12,38.19,217.36
16:21:58.653,727.135193,43.4046805,6.0121005,235.469,5,10,1.12,38.396,214.69
16:21:58.752,727.233396,43.4046723,6.0120939,235.459,5,10,1.12,38.46,210.53
16:21:58.850,727.331428,43.4046637,6.012088,235.449,5,10,1.12,38.635,207.79
16:21:58.962,727.444245,43.4046547,6.0120829,235.433,4,10,1.12,38.99,201.48
16:21:59.053,727.535153,43.4046454,6.0120789,235.467,4,10,1.12,39.561,197.92
16:21:59.162,727.644197,43.404636,6.0120757,235.468,4,10,1.12,39.903,193.33
16:21:59.252,727.734229,43.4046263,6.0120734,235.479,4,11,0.92,40.12,189.89
16:21:59.362,727.843418,43.4046165,6.0120723,235.505,4,10,1.12,40.025,184.64
16:21:59.448,727.929955,43.4046067,6.0120721,235.487,4,10,1.15,40.129,181.36
16:21:59.553,728.035179,43.4045971,6.0120731,235.427,4,10,1.2,39.953,174.69
16:21:59.642,728.123397,43.4045874,6.012075,235.404,5,11,1.07,39.396,171.26
16:21:59.746,728.22835,43.4045782,6.0120783,235.379,5,11,1.15,38.594,164.73
16:21:59.844,728.326285,43.4045699,6.0120823,235.364,5,11,1.15,37.788,160.91
16:21:59.947,728.429283,43.404562,6.0120874,235.353,5,10,1.41,36.386,153.65
16:22:00.045,728.527347,43.4045545,6.0120942,235.229,4,10,1.37,35.453,150.74
16:22:00.140,728.621514,43.4045473,6.012101,235.202,4,10,1.27,35.131,143.44
16:22:00.239,728.721354,43.4045409,6.0121084,235.187,4,10,1.24,34.916,139.24
16:22:00.341,728.823326,43.4045351,6.012117,235.228,4,10,1.24,34.777,131.93
16:22:00.442,728.923511,43.4045298,6.0121263,235.255,4,10,1.14,34.773,128.56
16:22:00.545,729.027128,43.4045255,6.012136,235.23,4,12,0.96,34.608,119.59
16:22:00.642,729.1234,43.404522,6.0121465,235.279,4,12,0.96,34.619,115.93
16:22:00.745,729.22727,43.4045192,6.0121571,235.259,4,12,0.96,34.784,107.82
16:22:00.842,729.324366,43.4045172,6.0121686,235.262,4,12,0.96,34.619,104.45
16:22:00.942,729.424195,43.4045161,6.0121804,235.109,4,12,0.9,34.725,96.72
16:22:01.041,729.523316,43.4045157,6.012192,235.071,4,12,0.9,34.81,93.37
16:22:01.145,729.627273,43.4045158,6.0122036,235.062,4,12,0.9,34.834,86.14
16:22:01.245,729.72644,43.4045167,6.0122154,235.011,4,12,0.9,34.894,82.97
16:22:01.344,729.826274,43.4045179,6.012227,235.066,4,12,0.9,34.964,78.24
16:22:01.444,729.925558,43.4045198,6.0122388,235.047,4,12,0.92,34.992,75.87
16:22:01.546,730.028195,43.4045222,6.0122504,235.05,4,12,0.9,35.457,72.14
16:22:01.646,730.127406,43.404525,6.0122619,235.043,4,13,0.8,35.931,70.0
16:22:01.745,730.22736,43.4045283,6.0122735,235.048,4,13,0.8,36.283,67.18
16:22:01.844,730.325414,43.4045321,6.0122847,235.042,4,12,0.86,36.62,64.05
16:22:01.947,730.429259,43.4045363,6.0122958,235.022,4,12,0.86,37.02,60.82
16:22:02.048,730.530281,43.404541,6.0123068,234.996,4,13,0.77,37.686,58.28
16:22:02.158,730.640354,43.4045461,6.0123176,234.992,4,13,0.77,38.059,55.08
16:22:02.245,730.727295,43.4045515,6.0123284,234.992,4,13,0.77,38.39,53.6
16:22:02.346,730.828281,43.4045573,6.0123388,234.992,4,13,0.8,38.877,50.71
16:22:02.448,730.929483,43.4045635,6.012349,234.973,4,14,0.73,39.142,48.86
16:22:02.556,731.03817,43.4045699,6.0123589,234.975,4,14,0.73,39.457,46.87
16:22:02.645,731.127177,43.4045768,6.0123685,234.979,4,14,0.73,39.835,45.31
16:22:02.748,731.230224,43.4045839,6.012378,234.981,4,14,0.73,40.059,43.54
16:22:02.848,731.329452,43.4045913,6.012387,234.994,4,14,0.73,40.237,42.05
16:22:02.946,731.428296,43.4045989,6.0123958,235.036,4,14,0.73,40.65,38.78
16:22:03.045,731.527322,43.4046069,6.0124044,235.044,4,14,0.73,40.959,36.94
16:22:03.154,731.636328,43.4046151,6.0124127,235.063,4,14,0.73,41.14,35.38
16:22:03.248,731.730392,43.4046235,6.0124208,235.066,4,14,0.72,41.37,34.24
16:22:03.364,731.846303,43.4046321,6.0124286,235.095,4,14,0.76,41.72,32.55
16:22:03.462,731.943591,43.404641,6.0124363,235.112,4,13,0.81,42.022,31.47
16:22:03.547,732.028517,43.40465,6.0124439,235.126,4,13,0.79,42.453,30.42
16:22:03.650,732.131432,43.4046593,6.0124511,235.051,4,14,0.69,42.846,29.53
16:22:03.747,732.229312,43.4046686,6.0124584,235.059,4,13,0.74,43.252,28.57
16:22:03.846,732.328395,43.404678,6.0124655,235.078,4,13,0.74,43.646,27.98
16:22:03.947,732.429241,43.4046876,6.0124727,235.067,4,13,0.74,43.718,27.72
16:22:04.048,732.530186,43.4046972,6.0124796,235.097,4,13,0.74,43.846,27.44
16:22:04.146,732.627462,43.404707,6.0124866,235.166,4,13,0.76,44.044,26.78
16:22:04.247,732.728537,43.404717,6.0124934,235.181,4,13,0.76,44.335,26.47
16:22:04.349,732.831213,43.404727,6.0125001,235.211,4,13,0.76,44.831,25.42
16:22:04.449,732.930569,43.4047371,6.0125068,235.235,4,13,0.76,45.155,24.94
16:22:04.549,733.031152,43.4047473,6.0125135,235.258,4,13,0.74,45.55,24.68
16:22:04.648,733.1302,43.4047577,6.0125202,235.274,4,13,0.74,45.935,24.6
16:22:04.751,733.232528,43.4047681,6.0125268,235.297,4,13,0.74,46.119,24.34
16:22:04.847,733.328414,43.4047785,6.0125334,235.343,4,13,0.78,46.383,24.42
16:22:04.956,733.438166,43.4047888,6.0125401,235.411,4,13,0.78,46.47,24.42
16:22:05.045,733.527279,43.4047994,6.0125468,235.424,4,13,0.78,46.696,24.49
16:22:05.154,733.636313,43.40481,6.0125536,235.482,4,13,0.78,47.128,24.71
16:22:05.248,733.730192,43.4048206,6.0125606,235.505,4,13,0.75,47.311,24.78
16:22:05.347,733.829322,43.4048314,6.0125675,235.538,4,13,0.75,47.519,24.99
16:22:05.446,733.927485,43.4048422,6.0125747,235.551,4,13,0.79,47.939,25.42
16:22:05.551,734.033231,43.4048529,6.012582,235.59,4,15,0.72,48.078,26.1
16:22:05.649,734.131264,43.4048637,6.0125895,235.614,4,15,0.72,48.248,26.94
16:22:05.749,734.230448,43.4048744,6.0125973,235.644,4,15,0.72,48.445,27.7
16:22:05.848,734.330308,43.404885,6.0126054,235.672,4,15,0.72,48.791,28.73
16:22:05.950,734.432263,43.4048956,6.012614,235.726,4,15,0.72,48.928,30.28
16:22:06.051,734.533341,43.4049059,6.0126229,235.765,4,15,0.71,49.311,32.09
16:22:06.163,734.64441,43.4049162,6.0126321,235.8,4,15,0.66,49.476,33.86
16:22:06.250,734.731477,43.4049265,6.0126416,235.821,4,15,0.67,49.626,34.83
16:22:06.352,734.834152,43.4049366,6.0126516,235.844,4,15,0.67,49.628,35.84
16:22:06.453,734.934464,43.4049465,6.0126618,235.88,4,15,0.66,49.874,37.04
16:22:06.553,735.035162,43.4049562,6.0126725,235.896,4,16,0.65,50.08,38.56
16:22:06.649,735.131178,43.4049659,6.0126836,235.92,4,16,0.72,50.384,40.32
16:22:06.751,735.233326,43.4049751,6.0126953,235.93,4,15,0.73,50.628,42.72
16:22:06.851,735.332412,43.4049841,6.0127074,235.945,4,15,0.73,50.747,44.54
16:22:06.948,735.430263,43.4049928,6.01272,235.926,4,15,0.74,50.974,47.07
16:22:07.047,735.529239,43.4050011,6.012733,235.897,4,14,0.83,50.999,48.84
16:22:07.156,735.637533,43.4050091,6.0127465,235.871,4,14,0.83,51.308,51.17
16:22:07.245,735.727204,43.4050171,6.0127605,235.876,4,13,0.88,51.321,52.95
16:22:07.351,735.833249,43.4050245,6.0127748,235.863,4,15,0.81,51.695,55.56
16:22:07.449,735.930437,43.4050315,6.0127895,235.85,4,14,0.79,51.904,56.93
16:22:07.554,736.036215,43.4050389,6.0128048,235.908,4,15,0.74,52.293,59.5
16:22:07.648,736.13025,43.4050444,6.0128205,235.87,4,14,0.79,52.326,62.13
16:22:07.754,736.236257,43.4050495,6.0128369,235.854,4,13,0.81,52.621,65.2
16:22:07.844,736.326273,43.405054,6.0128535,235.842,4,13,0.81,52.789,68.27
16:22:07.947,736.429296,43.4050584,6.0128706,235.858,4,13,0.81,52.61,72.24
16:22:08.047,736.529158,43.4050617,6.0128879,235.857,4,13,0.81,52.684,75.53
16:22:08.156,736.638303,43.4050643,6.0129054,235.855,4,13,0.81,52.956,79.44
16:22:08.245,736.727225,43.4050661,6.012923,235.824,4,13,0.81,52.862,82.38
16:22:08.348,736.830226,43.4050668,6.012941,235.8,4,13,0.75,52.913,86.13
16:22:08.449,736.930529,43.4050671,6.0129586,235.688,4,13,0.79,52.747,89.28
16:22:08.549,737.031072,43.4050661,6.012976,235.631,4,12,0.88,52.371,94.37
16:22:08.646,737.128163,43.4050642,6.0129932,235.618,4,13,0.99,51.689,97.99
16:22:08.748,737.230155,43.4050613,6.01301,235.625,4,12,1.0,50.836,103.2
16:22:08.845,737.327225,43.4050577,6.0130263,235.591,4,12,1.01,50.448,106.88
16:22:08.942,737.424208,43.4050534,6.0130422,235.509,4,12,1.01,50.452,112.9
16:22:09.043,737.525229,43.4050481,6.0130573,235.458,4,12,1.01,50.148,116.11
16:22:09.152,737.634383,43.4050421,6.013072,235.411,4,11,1.06,49.663,121.37
16:22:09.242,737.724241,43.4050353,6.013086,235.368,4,11,1.0,49.647,124.54
16:22:09.341,737.823184,43.4050279,6.0130992,235.333,4,11,1.0,49.6,128.88
16:22:09.442,737.923443,43.4050198,6.0131119,235.304,4,11,1.0,49.752,132.52
16:22:09.546,738.02824,43.4050111,6.0131237,235.281,4,11,0.97,49.71,136.7
16:22:09.646,738.128244,43.405002,6.0131348,235.258,4,11,0.93,49.878,140.2
16:22:09.744,738.226222,43.4049923,6.0131449,235.192,4,11,0.93,50.024,144.26
16:22:09.843,738.325327,43.4049819,6.013154,235.125,4,11,0.97,50.247,147.49
16:22:09.946,738.42752,43.4049711,6.0131621,235.104,4,11,0.97,50.573,152.67
16:22:10.046,738.528143,43.40496,6.013169,235.037,4,11,0.93,50.471,156.05
16:22:10.144,738.625423,43.4049486,6.0131751,234.996,4,11,0.93,50.41,160.35
16:22:10.243,738.725282,43.4049369,6.0131802,234.955,4,11,0.93,50.224,163.58
16:22:10.346,738.828136,43.4049249,6.0131844,234.913,4,11,0.93,50.211,166.89
16:22:10.446,738.92755,43.4049127,6.0131876,234.81,4,11,0.93,50.439,169.88
16:22:10.552,739.034123,43.4049004,6.0131897,234.753,4,13,0.71,50.48,173.03
16:22:10.649,739.131216,43.404888,6.0131915,234.702,4,12,0.79,50.621,175.53
16:22:10.752,739.234123,43.4048754,6.0131929,234.655,4,12,0.79,50.636,176.74
16:22:10.852,739.334338,43.4048626,6.0131945,234.614,4,12,0.79,50.667,175.95
16:22:10.947,739.429177,43.4048499,6.0131954,234.594,2,12,0.81,51.186,176.83
16:22:11.047,739.529267,43.4048371,6.0131965,234.573,5,12,0.81,51.417,175.31
16:22:11.155,739.63732,43.4048242,6.013198,234.55,5,10,1.12,51.758,176.69
16:22:11.251,739.732421,43.4048121,6.0132004,234.51,5,6,8.06,51.395,175.54
16:22:11.349,739.831273,43.4048001,6.0132031,234.48,5,5,1.32,50.021,173.0
16:22:11.444,739.925533,43.4047879,6.013208,234.487,5,7,3.62,48.706,171.35
16:22:11.553,740.035113,43.4047752,6.0132142,234.452,5,6,4.63,50.171,166.0
16:22:11.652,740.13419,43.4047618,6.013222,234.434,5,7,3.16,52.939,163.45
16:22:11.753,740.235127,43.4047483,6.013229,234.332,5,9,1.53,54.693,161.53
16:22:11.845,740.327318,43.4047355,6.0132353,234.168,5,10,1.32,55.919,161.2
16:22:11.955,740.437341,43.4047226,6.0132414,234.054,5,10,1.3,55.228,161.16
16:22:12.055,740.537138,43.4047097,6.0132476,234.002,5,11,1.02,55.043,160.74
16:22:12.166,740.648305,43.4046967,6.0132539,233.963,5,11,1.02,55.23,160.72
16:22:12.249,740.731218,43.4046836,6.0132602,233.926,5,11,1.01,55.364,160.74
16:22:12.357,740.839177,43.4046703,6.0132663,233.882,5,11,1.04,55.986,161.64
16:22:12.457,740.939397,43.4046569,6.0132715,233.84,5,11,1.04,56.19,163.8
16:22:12.554,741.036116,43.4046431,6.0132762,233.812,5,9,2.18,56.527,166.87
16:22:12.647,741.129147,43.4046295,6.0132793,233.779,5,9,2.17,56.588,170.52
16:22:12.754,741.236122,43.404616,6.0132812,233.731,5,9,2.34,55.834,174.82
16:22:12.853,741.335305,43.4046028,6.0132818,233.685,5,9,1.5,54.18,178.98
16:22:12.953,741.43518,43.40459,6.0132812,233.654,5,10,1.31,52.636,182.05
16:22:13.045,741.527188,43.4045772,6.0132797,233.62,5,10,1.35,51.349,186.58
16:22:13.173,741.655294,43.4045647,6.0132772,233.595,5,10,1.14,50.776,189.75
16:22:13.246,741.728123,43.4045525,6.0132735,233.576,5,10,1.14,50.015,194.16
16:22:13.355,741.837136,43.4045408,6.0132688,233.551,5,10,1.16,49.298,197.66
16:22:13.467,741.948417,43.4045295,6.0132629,233.529,5,11,1.01,48.565,202.14
16:22:13.560,742.042132,43.4045187,6.0132562,233.509,5,12,0.87,47.945,205.49
16:22:13.649,742.131116,43.4045084,6.0132484,233.496,5,12,0.86,47.295,210.5
16:22:13.755,742.237113,43.4044987,6.0132398,233.479,5,11,0.95,46.772,213.8
16:22:13.847,742.328434,43.4044895,6.0132304,233.462,5,10,1.18,46.276,218.59
16:22:13.955,742.437174,43.404481,6.0132203,233.457,5,10,1.14,45.841,221.72
16:22:14.046,742.52811,43.4044732,6.0132094,233.45,5,11,1.13,45.343,227.1
16:22:14.168,742.649416,43.4044661,6.0131977,233.45,5,11,1.12,44.878,230.9
16:22:14.250,742.732147,43.4044599,6.0131854,233.44,5,10,1.18,44.35,236.58
16:22:14.356,742.838114,43.4044545,6.0131727,233.438,5,12,0.92,43.55,239.52
16:22:14.446,742.928401,43.40445,6.0131596,233.426,5,11,0.99,42.948,246.4
16:22:14.556,743.038152,43.4044463,6.0131462,233.409,5,12,0.92,42.494,250.35
16:22:14.649,743.131117,43.4044435,6.0131326,233.392,5,12,0.92,42.118,255.63
16:22:14.758,743.240191,43.4044416,6.0131187,233.372,5,11,1.08,41.84,259.8
16:22:14.857,743.339336,43.4044406,6.0131048,233.353,5,11,1.0,41.74,265.55
16:22:14.954,743.436109,43.4044406,6.0130908,233.345,5,11,1.08,41.577,268.71
16:22:15.048,743.530203,43.4044414,6.0130769,233.352,5,10,1.34,41.535,275.49
16:22:15.157,743.63927,43.4044428,6.0130631,233.346,5,11,1.11,41.576,278.91
16:22:15.244,743.726217,43.4044447,6.0130493,233.347,5,11,1.11,41.635,282.57
16:22:15.352,743.83424,43.4044468,6.0130355,233.353,5,11,1.11,41.911,283.47
16:22:15.447,743.928493,43.4044491,6.0130216,233.359,5,10,1.3,41.681,284.66
16:22:15.548,744.030174,43.4044514,6.0130079,233.381,5,9,1.45,41.468,284.09
16:22:15.645,744.127245,43.4044541,6.012994,233.397,5,10,1.33,40.924,284.95
16:22:15.754,744.236141,43.4044574,6.0129803,233.41,5,7,2.11,42.381,286.05
16:22:15.847,744.329324,43.4044614,6.012967,233.43,5,8,2.07,42.416,289.84
16:22:15.943,744.425249,43.4044661,6.0129541,233.456,5,8,2.19,42.626,292.28
16:22:16.042,744.524161,43.4044716,6.0129415,233.499,5,9,1.75,43.007,298.7
16:22:16.152,744.634186,43.4044776,6.0129293,233.523,5,7,24.08,43.711,301.22
16:22:16.243,744.725385,43.4044842,6.0129179,233.544,5,7,24.09,43.848,307.18
16:22:16.344,744.826179,43.4044914,6.0129077,233.569,5,7,24.09,42.705,309.64
16:22:16.445,744.926608,43.4044991,6.0128985,233.582,5,7,24.1,42.161,315.77
16:22:16.554,745.036367,43.4045074,6.0128906,233.603,5,7,24.1,41.55,319.0
16:22:16.645,745.127112,43.4045159,6.0128835,233.622,5,7,1.76,41.022,326.9
16:22:16.743,745.225103,43.4045249,6.0128782,233.657,5,6,40.59,40.001,330.31
16:22:16.838,745.319836,43.4045342,6.0128746,233.68,5,4,1.33,39.433,339.98
16:22:16.947,745.429249,43.4045437,6.0128717,233.71,2,10,1.24,38.838,343.13
16:22:17.040,745.522154,43.4045533,6.012871,233.737,2,10,1.27,38.729,352.9
16:22:17.151,745.633367,43.4045631,6.012872,233.766,5,4,1.19,39.081,352.68
16:22:17.238,745.720203,43.4045729,6.0128728,233.793,5,11,1.11,39.535,3.31
16:22:17.345,745.827352,43.4045828,6.0128747,233.82,5,11,1.16,40.353,3.31
16:22:17.438,745.920396,43.4045928,6.0128774,233.844,5,4,2.53,41.292,11.63
16:22:17.537,746.019089,43.4046029,6.0128804,233.871,5,7,1.56,42.439,11.63
16:22:17.636,746.118197,43.4046138,6.0128838,233.899,5,4,2.53,43.453,17.49
16:22:17.745,746.227116,43.4046239,6.0128876,233.924,5,5,2.53,44.868,17.49
16:22:17.840,746.322158,43.4046338,6.0128911,233.951,5,5,1.33,45.183,19.58
16:22:17.941,746.422527,43.4046437,6.0128959,233.98,5,5,1.33,44.661,19.58
16:22:18.037,746.519359,43.4046536,6.0129014,234.01,5,5,1.44,44.67,21.87
16:22:18.147,746.629351,43.404663,6.0129064,234.04,2,10,1.27,43.62,21.87
16:22:18.239,746.721165,43.4046723,6.0129118,234.071,2,10,1.27,43.581,26.44
16:22:18.339,746.821107,43.4046808,6.0129155,234.102,2,11,1.04,42.887,26.44
16:22:18.438,746.919489,43.404689,6.0129185,234.134,2,11,1.04,42.031,27.89
16:22:18.547,747.029104,43.4046965,6.0129208,234.167,2,11,0.97,40.948,27.89
16:22:18.639,747.121111,43.4047037,6.0129243,234.203,2,11,0.97,39.405,26.92
16:22:18.742,747.224241,43.4047086,6.012919,234.235,2,13,0.82,38.02,24.95
16:22:18.838,747.320178,43.4047114,6.0129164,234.271,2,13,0.82,33.906,27.41
16:22:18.948,747.429474,43.4047142,6.0129131,234.309,2,13,0.82,30.01,29.83
16:22:19.042,747.524289,43.4047151,6.0129073,234.347,2,13,0.82,26.328,23.44
16:22:19.153,747.635262,43.4047136,6.0128981,234.386,2,13,0.82,21.837,23.44
16:22:19.240,747.722191,43.4047099,6.0128863,234.425,2,13,0.82,16.524,23.44
16:22:19.347,747.829269,43.4047037,6.0128715,234.464,2,13,0.82,10.771,23.44
16:22:19.441,747.923395,43.4046916,6.0128449,234.528,5,13,0.83,7.941,23.44
16:22:19.543,748.025078,43.4046798,6.0128227,234.565,5,10,1.05,12.82,23.44
16:22:19.645,748.127051,43.4046482,6.0127762,234.552,5,11,1.04,27.958,21.76
16:22:19.754,748.23618,43.4046397,6.0127635,234.627,5,9,1.87,36.87,202.58
16:22:19.846,748.328147,43.404629,6.0127477,234.558,5,8,2.44,37.61,258.62
16:22:19.949,748.431203,43.4046169,6.0127304,234.362,5,11,1.04,35.942,259.61
16:22:20.052,748.534145,43.4046075,6.0127194,234.081,5,12,0.89,35.666,214.2
16:22:20.160,748.642311,43.4045987,6.0127098,233.928,5,13,0.88,35.681,212.37
16:22:20.256,748.738243,43.4045897,6.0126999,233.856,5,13,0.88,36.044,210.48
16:22:20.353,748.835082,43.4045798,6.0126883,233.876,5,12,0.89,36.44,209.48
16:22:20.452,748.934384,43.4045701,6.0126781,233.877,5,12,0.97,36.838,208.38
16:22:20.562,749.044132,43.4045603,6.0126684,233.865,5,12,0.97,37.149,207.1
16:22:20.656,749.138102,43.4045505,6.0126591,233.866,5,12,0.95,37.931,206.47
16:22:20.762,749.244167,43.4045402,6.0126489,233.854,5,12,0.95,38.149,206.83
16:22:20.852,749.334118,43.4045301,6.0126395,233.834,5,11,0.98,38.814,206.47
16:22:20.949,749.431183,43.4045203,6.0126301,233.807,5,11,0.98,39.098,207.28
16:22:21.052,749.534138,43.4045105,6.0126205,233.778,5,10,1.18,39.638,208.42
16:22:21.163,749.645267,43.4045006,6.0126096,233.749,5,10,1.18,40.224,210.35
16:22:21.253,749.735257,43.40449,6.0125974,233.723,5,11,0.92,40.564,213.04
16:22:21.361,749.84311,43.4044798,6.0125857,233.703,5,11,0.92,40.487,214.01
16:22:21.454,749.93546,43.40447,6.0125744,233.684,5,11,0.92,40.727,215.44
16:22:21.554,750.036173,43.4044602,6.012563,233.674,5,11,0.92,41.096,216.9
16:22:21.650,750.132248,43.4044507,6.0125518,233.658,5,10,1.16,41.629,218.08
16:22:21.759,750.241229,43.4044414,6.0125406,233.643,5,10,1.16,42.031,219.26
16:22:21.851,750.333165,43.4044324,6.0125293,233.626,5,10,1.16,42.55,220.34
16:22:21.949,750.431138,43.4044237,6.0125178,233.611,5,10,1.16,42.826,222.16
16:22:22.049,750.531127,43.4044154,6.012506,233.597,5,10,1.16,43.02,224.65
16:22:22.159,750.641285,43.4044075,6.0124939,233.582,5,10,1.16,43.333,227.21
16:22:22.248,750.730089,43.4044,6.0124815,233.568,5,10,1.16,43.691,230.03
16:22:22.349,750.83117,43.4043928,6.0124688,233.554,5,10,1.16,43.715,232.38
16:22:22.448,750.930379,43.4043858,6.0124559,233.541,5,10,1.18,43.944,234.47
16:22:22.548,751.030123,43.404379,6.0124428,233.529,5,10,1.18,44.148,235.81
16:22:22.653,751.135087,43.4043725,6.0124295,233.52,5,10,1.17,44.583,237.66
16:22:22.752,751.234064,43.4043664,6.0124157,233.513,5,10,1.17,44.724,239.15
16:22:22.850,751.332281,43.4043605,6.0124018,233.501,5,10,1.18,45.083,241.02
16:22:22.949,751.431381,43.404355,6.0123874,233.495,5,10,1.18,45.298,242.82
16:22:23.054,751.536111,43.4043497,6.0123728,233.489,5,10,1.16,45.489,244.61
16:22:23.151,751.633325,43.4043447,6.0123579,233.486,5,10,1.16,45.724,246.36
16:22:23.252,751.734084,43.4043401,6.0123428,233.486,5,10,1.16,45.939,248.34
16:22:23.371,751.853407,43.4043357,6.0123276,233.49,5,11,0.95,46.165,249.84
16:22:23.470,751.952347,43.4043316,6.0123121,233.509,5,12,0.93,46.407,251.29
16:22:23.554,752.036043,43.4043277,6.0122965,233.529,5,12,0.93,46.639,252.3
16:22:23.652,752.13427,43.4043239,6.0122808,233.547,5,12,0.96,46.748,253.24
16:22:23.751,752.23316,43.4043203,6.012265,233.562,5,12,0.96,47.065,254.05
16:22:23.854,752.336211,43.404317,6.012249,233.578,5,12,0.96,47.185,254.92
16:22:23.955,752.437357,43.4043139,6.0122329,233.591,5,13,0.94,47.508,255.8
16:22:24.056,752.53751,43.4043109,6.0122168,233.604,5,13,0.94,47.835,256.59
16:22:24.164,752.646193,43.4043079,6.0122005,233.617,5,13,0.94,48.176,256.99
16:22:24.256,752.738274,43.4043049,6.0121841,233.632,5,13,0.92,48.359,256.76
16:22:24.354,752.836146,43.404302,6.0121676,233.662,5,13,0.92,48.754,256.75
16:22:24.455,752.937404,43.4042996,6.012151,233.684,5,10,1.32,49.102,258.8
16:22:24.550,753.032145,43.4042977,6.0121342,233.705,5,6,10.89,49.206,261.96
16:22:24.656,753.138185,43.4042968,6.0121174,233.73,5,12,0.94,49.532,265.29
16:22:24.756,753.238075,43.4042959,6.0121006,233.748,5,12,1.15,49.482,266.96
16:22:24.851,753.333103,43.4042954,6.0120839,233.76,5,5,1.39,49.23,268.83
16:22:24.951,753.433147,43.4042952,6.0120674,233.774,5,6,2.83,48.578,267.38
16:22:25.051,753.53331,43.404295,6.0120509,233.786,5,10,1.21,47.633,269.94
16:22:25.158,753.640223,43.404295,6.0120342,233.8,5,4,1.43,47.55,269.43
16:22:25.248,753.730006,43.404295,6.012017,233.812,5,4,2.05,47.748,271.6
16:22:25.346,753.828042,43.4042933,6.0119992,233.839,5,4,2.05,49.747,268.12
16:22:25.450,753.932343,43.4042919,6.0119818,233.854,5,7,4.62,50.561,269.62
16:22:25.552,754.034032,43.4042885,6.0119646,233.864,5,10,1.16,51.074,266.42
16:22:25.652,754.134017,43.404288,6.0119475,233.87,5,10,1.11,50.697,268.52
16:22:25.750,754.232127,43.4042869,6.0119302,233.878,5,10,1.11,50.115,269.17
16:22:25.852,754.334121,43.4042862,6.0119124,233.882,5,7,3.2,50.436,266.96
16:22:25.951,754.433041,43.4042853,6.0118949,233.89,5,4,1.97,51.117,264.87
16:22:26.049,754.531141,43.4042838,6.0118776,233.899,5,8,2.36,50.884,263.99
16:22:26.151,754.633385,43.4042797,6.0118591,233.906,5,13,0.95,50.699,261.54
16:22:26.250,754.732329,43.4042754,6.0118417,233.911,5,11,1.2,50.421,258.81
16:22:26.350,754.832139,43.4042719,6.0118227,233.919,5,11,1.2,51.643,257.47
16:22:26.447,754.929392,43.4042685,6.0118045,233.943,5,7,3.96,52.162,260.01
16:22:26.547,755.02914,43.4042653,6.0117863,233.947,5,6,1.79,52.399,262.36
16:22:26.650,755.132071,43.4042655,6.0117684,233.828,5,10,1.43,52.841,259.79
16:22:26.749,755.231118,43.4042654,6.0117506,233.821,5,8,1.58,51.837,261.91
16:22:26.850,755.332159,43.4042661,6.0117328,233.745,5,10,1.32,51.426,275.03
16:22:26.948,755.430045,43.4042667,6.011715,233.716,5,6,1.96,51.552,273.99
16:22:27.049,755.531163,43.4042678,6.0116972,233.694,5,5,1.97,51.297,277.04
16:22:27.149,755.63122,43.4042689,6.0116794,233.709,5,7,2.17,51.212,276.31
16:22:27.244,755.726052,43.4042697,6.0116618,233.726,5,5,2.03,51.15,278.89
16:22:27.343,755.825052,43.4042705,6.011644,233.737,2,13,0.98,51.169,277.21
16:22:27.444,755.926325,43.4042712,6.0116259,233.752,2,13,1.01,51.495,277.84
16:22:27.543,756.02509,43.4042716,6.0116081,233.774,2,13,1.01,51.363,276.4
16:22:27.640,756.122186,43.4042708,6.0115906,233.803,2,13,1.01,50.497,275.72
16:22:27.741,756.223166,43.4042694,6.011573,233.831,2,13,1.01,50.167,272.47
16:22:27.846,756.328158,43.4042677,6.011555,233.851,2,13,1.01,50.378,271.32
16:22:27.943,756.425034,43.4042644,6.0115366,233.866,2,13,1.01,50.9,269.52
16:22:28.043,756.525107,43.4042586,6.0115168,233.839,2,13,1.01,53.434,262.24
16:22:28.143,756.625342,43.4042563,6.0114979,233.863,2,13,1.01,54.471,260.55
16:22:28.244,756.726143,43.4042535,6.0114793,233.865,2,13,1.01,54.969,260.15
16:22:28.345,756.827029,43.4042504,6.0114605,233.864,2,13,1.01,55.197,259.85
16:22:28.443,756.925397,43.4042474,6.0114418,233.862,2,13,1.01,55.454,259.82
16:22:28.542,757.024016,43.4042444,6.0114229,233.86,2,12,1.11,55.658,259.61
16:22:28.644,757.126322,43.4042414,6.011404,233.855,2,12,1.11,55.945,259.57
16:22:28.745,757.227119,43.4042384,6.0113853,233.841,2,12,1.05,56.006,259.76
16:22:28.842,757.32418,43.4042355,6.0113665,233.848,5,12,1.05,56.182,259.86
16:22:28.946,757.428031,43.4042326,6.0113476,233.849,5,10,1.31,56.195,259.84
16:22:29.049,757.531184,43.4042298,6.0113287,233.815,5,10,1.31,56.545,259.95
16:22:29.147,757.6293,43.4042271,6.0113097,233.781,5,10,1.31,56.818,259.97
16:22:29.246,757.728139,43.4042244,6.0112907,233.709,5,10,1.31,57.073,259.95
16:22:29.345,757.827222,43.4042218,6.0112717,233.638,5,9,2.25,57.229,260.19
16:22:29.447,757.929372,43.4042193,6.0112526,233.597,5,9,2.25,57.388,260.51
16:22:29.548,758.030001,43.4042168,6.0112334,233.542,5,9,2.16,57.686,260.64
16:22:29.647,758.129031,43.4042143,6.0112143,233.494,5,9,2.16,57.679,260.56
16:22:29.745,758.227014,43.4042117,6.011195,233.482,5,9,2.16,57.54,260.4
16:22:29.837,758.319186,43.4042091,6.0111756,233.465,5,9,2.25,57.608,260.39
16:22:29.947,758.429033,43.4042066,6.0111561,233.431,5,9,2.25,57.895,260.63
16:22:30.045,758.527034,43.4042042,6.0111366,233.421,5,9,2.25,58.107,260.88
16:22:30.154,758.636268,43.4042018,6.0111171,233.406,5,9,2.25,58.151,261.13
16:22:30.238,758.720067,43.4041994,6.0110974,233.401,5,9,2.25,58.149,261.17
16:22:30.346,758.82801,43.404197,6.0110777,233.404,5,9,2.25,58.282,261.14
16:22:30.445,758.927307,43.4041946,6.0110579,233.406,5,9,2.25,58.49,261.42
16:22:30.545,759.027243,43.4041923,6.011038,233.413,5,9,2.25,58.714,261.58
16:22:30.640,759.121428,43.4041899,6.0110182,233.398,5,9,2.17,58.864,261.63
16:22:30.749,759.231143,43.4041874,6.0109982,233.402,5,10,1.27,58.816,261.52
16:22:30.847,759.329315,43.4041849,6.0109781,233.403,5,10,1.27,58.908,261.61
16:22:30.947,759.429109,43.4041825,6.010958,233.407,5,10,1.27,58.96,261.54
16:22:31.040,759.522113,43.4041801,6.0109379,233.411,5,10,1.27,59.014,261.74
16:22:31.150,759.632221,43.4041778,6.0109178,233.411,5,10,1.27,59.038,262.01
16:22:31.245,759.726436,43.4041756,6.0108975,233.416,5,10,1.31,59.225,262.47
16:22:31.347,759.829045,43.4041735,6.0108773,233.419,5,10,1.31,59.329,262.62
16:22:31.441,759.923304,43.4041713,6.0108571,233.42,5,10,1.31,59.425,262.49
16:22:31.550,760.031997,43.4041692,6.0108369,233.419,5,11,1.12,59.564,262.42
16:22:31.651,760.132962,43.404167,6.0108166,233.42,5,11,1.12,59.625,262.47
16:22:31.749,760.231014,43.4041649,6.0107963,233.422,5,11,1.13,59.608,262.48
16:22:31.840,760.322184,43.4041628,6.010776,233.426,5,11,1.13,59.666,262.6
16:22:31.949,760.431102,43.4041608,6.0107555,233.433,5,11,1.13,59.675,262.78
16:22:32.048,760.530036,43.4041588,6.0107352,233.437,5,11,1.13,59.884,262.82
16:22:32.143,760.624411,43.4041569,6.0107147,233.445,5,11,1.13,60.103,263.02
16:22:32.240,760.722162,43.404155,6.0106941,233.455,5,11,1.13,60.31,263.33
16:22:32.349,760.830993,43.4041531,6.0106737,233.465,5,11,1.13,60.401,263.31
16:22:32.446,760.928381,43.4041511,6.0106531,233.475,5,11,1.13,60.157,263.09
16:22:32.549,761.030975,43.4041492,6.0106326,233.482,5,11,1.13,60.218,263.2
16:22:32.638,761.120018,43.4041474,6.010612,233.496,5,11,1.13,60.281,263.42
16:22:32.745,761.227008,43.4041456,6.0105914,233.506,5,11,1.13,60.47,263.69
16:22:32.844,761.326094,43.4041439,6.0105708,233.515,5,11,1.13,60.305,263.99
16:22:32.945,761.427013,43.4041421,6.0105502,233.531,5,11,1.13,60.101,263.57
16:22:33.037,761.519104,43.4041403,6.0105294,233.547,5,11,1.13,60.375,263.52
16:22:33.177,761.659256,43.4041385,6.0105087,233.565,5,11,1.13,60.849,263.53
16:22:33.245,761.72713,43.4041367,6.0104879,233.582,5,11,1.13,60.901,263.7
16:22:33.360,761.842022,43.4041349,6.0104672,233.596,5,11,1.13,60.838,263.51
16:22:33.455,761.937368,43.4041332,6.0104464,233.616,5,11,1.13,60.89,263.9
16:22:33.547,762.028968,43.4041316,6.0104256,233.631,5,11,1.13,60.973,264.16
16:22:33.645,762.127129,43.4041299,6.0104048,233.644,5,11,1.13,60.873,264.12
16:22:33.745,762.227104,43.4041281,6.0103839,233.66,5,11,1.13,60.631,263.96
16:22:33.838,762.320166,43.4041265,6.0103631,233.681,5,11,1.13,60.807,264.05
16:22:33.947,762.429001,43.404125,6.0103422,233.699,5,11,1.13,61.092,264.51
16:22:34.046,762.528016,43.4041236,6.0103213,233.718,5,11,1.13,61.103,265.03
16:22:34.139,762.621281,43.4041224,6.0103003,233.744,5,11,1.13,61.109,266.02
16:22:34.239,762.721114,43.4041215,6.0102794,233.767,5,12,1.04,61.151,266.96
16:22:34.348,762.830009,43.4041209,6.0102584,233.791,5,12,1.04,61.129,268.19
16:22:34.451,762.93336,43.4041205,6.0102375,233.812,5,12,1.04,61.166,269.22
16:22:34.551,763.032957,43.4041204,6.0102165,233.839,5,12,1.04,61.094,270.3
16:22:34.644,763.126014,43.4041206,6.0101956,233.877,5,12,1.05,61.185,271.61
16:22:34.752,763.234002,43.4041213,6.0101746,233.915,5,12,1.05,61.427,273.19
16:22:34.853,763.334984,43.4041226,6.0101538,233.959,5,12,1.05,61.292,275.06
16:22:34.951,763.433006,43.4041243,6.0101331,234.007,5,12,1.05,61.273,277.16
16:22:35.044,763.525987,43.4041265,6.0101125,234.049,5,12,1.05,61.114,279.23
16:22:35.152,763.634249,43.4041293,6.010092,234.1,5,11,1.15,61.042,281.36
16:22:35.247,763.729051,43.4041328,6.0100719,234.134,5,11,1.13,60.886,283.79
16:22:35.348,763.830181,43.4041368,6.0100521,234.17,5,11,1.13,60.125,286.03
16:22:35.439,763.921361,43.4041413,6.0100325,234.206,5,10,1.44,60.138,288.51
16:22:35.537,764.018964,43.4041464,6.010013,234.235,5,10,1.44,60.236,290.67
16:22:35.647,764.129005,43.4041522,6.0099939,234.266,5,10,1.44,60.542,293.04
16:22:35.747,764.228972,43.4041585,6.0099752,234.29,5,10,1.44,60.459,295.59
16:22:35.839,764.321043,43.4041653,6.0099569,234.321,5,10,1.44,60.423,297.96
16:22:35.953,764.435079,43.4041727,6.0099389,234.34,5,10,1.44,60.52,300.24
16:22:36.047,764.52905,43.4041805,6.0099214,234.361,5,10,1.44,60.538,302.43
16:22:36.154,764.63617,43.4041889,6.0099044,234.383,5,10,1.44,60.318,304.52
16:22:36.238,764.719994,43.4041977,6.0098879,234.4,5,10,1.44,60.012,306.77
16:22:36.348,764.830132,43.404207,6.0098719,234.419,5,10,1.44,59.89,309.14
16:22:36.446,764.928362,43.4042169,6.0098565,234.444,5,10,1.44,60.014,311.98
16:22:36.552,765.034028,43.4042274,6.0098419,234.48,5,10,1.44,60.023,315.21
16:22:36.644,765.126005,43.4042383,6.0098282,234.514,5,10,1.44,59.823,318.48
16:22:36.750,765.23207,43.4042497,6.0098152,234.545,5,10,1.44,59.792,321.63
16:22:36.848,765.33018,43.4042616,6.0098031,234.576,5,10,1.44,59.877,324.93
16:22:36.942,765.423995,43.4042738,6.0097919,234.58,5,10,1.44,59.375,328.08
16:22:37.043,765.524972,43.4042865,6.0097818,234.603,5,10,1.48,59.173,331.71
16:22:37.151,765.633256,43.4042997,6.009773,234.628,5,10,1.48,59.203,335.63
16:22:37.249,765.731046,43.4043132,6.0097658,234.623,5,9,1.52,58.895,339.74
16:22:37.342,765.824021,43.404327,6.0097599,234.68,5,9,1.6,58.757,344.26
16:22:37.441,765.923294,43.4043409,6.0097555,234.744,5,9,1.53,58.57,348.68
16:22:37.552,766.033961,43.404355,6.0097522,234.822,5,9,1.59,58.212,352.73
16:22:37.654,766.135985,43.404369,6.0097504,234.886,5,9,1.45,58.029,356.55
16:22:37.743,766.22508,43.4043833,6.0097495,234.931,5,6,3.39,57.995,359.35
16:22:37.842,766.324032,43.4043976,6.0097501,234.979,5,5,1.56,58.064,3.28
16:22:37.953,766.435008,43.4044117,6.0097523,235.025,5,6,2.16,57.682,8.15
16:22:38.042,766.523954,43.4044253,6.0097557,235.077,5,6,2.16,57.116,11.8
16:22:38.163,766.644977,43.4044379,6.0097604,235.128,5,7,1.8,56.303,15.61
16:22:38.245,766.727033,43.4044508,6.0097662,235.185,5,7,1.72,55.275,19.67
16:22:38.352,766.834064,43.4044632,6.009773,235.248,5,8,1.48,54.601,23.86
16:22:38.442,766.92427,43.4044752,6.0097811,235.304,5,7,1.5,54.132,27.89
16:22:38.551,767.033078,43.4044867,6.0097904,235.374,5,6,1.78,53.914,30.85
16:22:38.655,767.137004,43.4044975,6.0098007,235.443,5,9,1.05,53.786,35.71
16:22:38.763,767.24501,43.4045079,6.0098118,235.527,5,10,1.0,53.495,38.52
16:22:38.854,767.336027,43.4045174,6.009824,235.618,5,9,1.06,53.16,43.5
16:22:38.953,767.435065,43.4045261,6.0098369,235.707,5,9,1.1,52.363,46.76
16:22:39.054,767.53596,43.4045338,6.0098506,235.809,5,10,0.99,51.712,52.59
16:22:39.153,767.635084,43.4045408,6.009865,235.922,5,10,0.99,51.193,55.82
16:22:39.262,767.744078,43.4045469,6.00988,236.033,5,9,1.22,50.908,61.61
16:22:39.354,767.836034,43.4045522,6.0098953,236.162,5,10,1.24,50.908,63.43
16:22:39.453,767.935335,43.4045567,6.009911,236.256,5,9,1.29,50.274,69.11
16:22:39.555,768.03703,43.4045602,6.0099269,236.37,5,6,5.24,49.178,71.0
16:22:39.656,768.138011,43.4045624,6.009943,236.478,5,8,1.83,48.613,77.89
16:22:39.757,768.239068,43.4045635,6.0099592,236.598,5,10,1.0,48.38,79.62
16:22:39.859,768.341316,43.4045641,6.0099754,236.702,5,11,0.97,48.076,88.67
16:22:39.954,768.435953,43.4045641,6.0099917,236.779,5,8,1.34,48.048,88.11
16:22:40.049,768.531146,43.4045639,6.0100081,236.884,5,6,7.42,48.296,92.22
16:22:40.150,768.632193,43.4045631,6.0100242,236.988,5,5,1.09,48.163,92.63
16:22:40.246,768.728072,43.404562,6.01004,237.065,5,7,2.33,46.663,98.26
16:22:40.343,768.825084,43.4045604,6.0100559,237.153,5,5,1.23,46.296,98.36
16:22:40.444,768.926246,43.4045591,6.0100722,237.239,5,5,1.33,46.469,99.65
16:22:40.551,769.033063,43.4045576,6.0100883,237.308,5,6,16.11,47.596,98.19
16:22:40.646,769.127998,43.4045559,6.0101043,237.388,5,6,2.32,47.661,100.87
16:22:40.745,769.226935,43.4045547,6.0101203,237.458,5,5,1.03,47.304,100.86
16:22:40.844,769.326004,43.4045535,6.0101362,237.536,5,5,1.04,47.091,100.69
16:22:40.946,769.428038,43.4045536,6.0101524,237.599,5,5,1.04,46.446,100.54
16:22:41.046,769.52802,43.4045538,6.0101688,237.641,5,5,1.22,46.254,98.22
16:22:41.155,769.637097,43.4045547,6.0101852,237.694,5,5,1.36,47.07,97.23
16:22:41.243,769.725287,43.4045566,6.0102019,237.724,5,5,1.36,46.943,92.23
16:22:41.346,769.828221,43.4045724,6.0102221,237.696,5,12,0.82,48.978,85.71
16:22:41.447,769.929292,43.4045834,6.0102398,237.671,5,10,1.25,49.891,82.42
16:22:41.545,770.026945,43.4045952,6.0102574,237.651,5,6,5.91,51.043,79.06
16:22:41.646,770.127957,43.4046064,6.0102739,237.502,5,10,1.25,52.586,72.98
16:22:41.749,770.231014,43.4046148,6.0102906,237.352,5,10,1.25,52.491,70.83
16:22:41.848,770.330033,43.4046212,6.0103072,237.181,5,9,1.33,52.575,70.36
16:22:41.947,770.428942,43.4046264,6.0103238,237.046,5,8,1.43,52.849,70.74
16:22:42.047,770.528927,43.404631,6.0103405,236.909,5,8,1.43,52.947,70.91
16:22:42.157,770.639145,43.4046362,6.0103573,236.646,5,9,1.33,53.256,70.9
16:22:42.250,770.732149,43.4046413,6.010374,236.423,5,10,1.25,53.66,70.49
16:22:42.350,770.83204,43.4046462,6.0103908,236.29,5,10,1.19,53.919,70.3
16:22:42.449,770.931322,43.404651,6.0104078,236.187,5,11,1.08,54.143,69.7
16:22:42.552,771.03391,43.4046558,6.0104248,236.148,5,11,1.08,54.317,68.99
16:22:42.650,771.131946,43.4046606,6.0104421,236.126,5,10,1.12,54.515,69.0
16:22:42.749,771.231063,43.4046653,6.0104596,236.105,5,10,1.12,54.78,69.2
16:22:42.848,771.330075,43.4046699,6.0104772,236.09,5,10,1.12,55.028,69.41
16:22:42.952,771.434021,43.4046745,6.0104949,236.087,5,10,1.15,55.291,69.53
16:22:43.050,771.53193,43.404679,6.0105128,236.108,5,10,1.15,55.499,69.68
16:22:43.149,771.631087,43.4046836,6.0105307,236.137,5,10,1.15,55.714,69.66
16:22:43.247,771.728971,43.4046882,6.0105487,236.161,5,9,1.24,55.964,70.05
16:22:43.366,771.848035,43.4046929,6.0105668,236.191,5,9,1.24,56.049,69.97
16:22:43.459,771.94136,43.4046976,6.010585,236.211,5,10,1.17,56.28,70.2
16:22:43.551,772.033048,43.4047021,6.0106032,236.221,5,12,0.95,56.384,70.42
16:22:43.650,772.131945,43.4047067,6.0106215,236.222,5,12,0.95,56.556,70.56
16:22:43.756,772.237968,43.4047111,6.01064,236.226,5,12,0.95,56.849,70.99
16:22:43.853,772.335164,43.4047155,6.0106587,236.242,5,12,0.95,57.155,71.16
16:22:43.950,772.43198,43.4047198,6.0106773,236.226,5,11,1.11,57.323,71.64
16:22:44.049,772.531192,43.404724,6.0106962,236.21,5,11,1.16,57.345,72.53
16:22:44.160,772.642107,43.404728,6.0107151,236.193,5,11,1.16,57.582,73.25
16:22:44.251,772.733174,43.4047319,6.0107342,236.189,5,11,1.16,57.618,73.99
16:22:44.350,772.831977,43.4047357,6.0107533,236.186,5,11,1.16,57.749,74.4
16:22:44.448,772.930309,43.4047393,6.0107726,236.198,5,11,1.16,58.003,74.85
16:22:44.551,773.032995,43.4047429,6.0107919,236.214,5,11,1.16,58.184,75.42
16:22:44.649,773.131021,43.4047465,6.0108112,236.22,5,11,1.16,58.364,75.7
16:22:44.749,773.230913,43.40475,6.0108307,236.223,5,11,1.16,58.636,75.76
16:22:44.849,773.330993,43.4047535,6.0108503,236.235,5,11,1.16,58.877,75.98
16:22:44.949,773.430931,43.4047568,6.0108695,236.249,5,11,1.16,58.425,76.19
16:22:45.048,773.529907,43.4047599,6.0108883,236.268,5,11,1.16,56.908,76.63
16:22:45.147,773.629245,43.4047629,6.0109068,236.284,5,11,1.16,55.24,77.2
16:22:45.248,773.729932,43.4047656,6.0109251,236.31,5,11,1.14,54.025,77.78
16:22:45.350,773.832288,43.4047682,6.0109432,236.335,5,11,1.14,53.219,78.75
16:22:45.450,773.932161,43.4047706,6.0109612,236.358,5,11,1.14,52.647,79.47
16:22:45.549,774.031072,43.4047729,6.0109788,236.375,5,11,1.14,52.028,80.05
16:22:45.647,774.128946,43.404775,6.0109964,236.386,5,11,1.14,51.291,80.57
16:22:45.750,774.232036,43.404777,6.0110137,236.393,5,11,1.14,50.756,81.02
16:22:45.851,774.333032,43.4047788,6.011031,236.411,5,11,1.14,50.393,81.98
16:22:45.949,774.430925,43.4047802,6.011048,236.427,5,11,1.14,49.8,83.27
16:22:46.049,774.530964,43.4047811,6.0110649,236.455,5,11,1.14,49.239,85.1
16:22:46.151,774.633145,43.4047816,6.0110816,236.487,5,11,1.14,48.487,87.43
16:22:46.250,774.732106,43.4047816,6.0110979,236.509,5,10,1.16,47.433,89.94
16:22:46.350,774.832039,43.404781,6.0111139,236.546,5,10,1.1,46.519,92.94
16:22:46.450,774.932203,43.4047799,6.0111296,236.574,5,10,1.14,45.561,95.99
16:22:46.552,775.033893,43.4047779,6.0111448,236.598,5,10,1.14,44.711,99.94
16:22:46.650,775.13191,43.4047751,6.0111596,236.634,5,10,1.16,43.789,103.58
16:22:46.749,775.230974,43.4047717,6.0111737,236.634,5,11,1.22,43.14,109.18
16:22:46.849,775.331041,43.4047678,6.0111873,236.601,5,11,1.14,42.444,112.51
16:22:46.950,775.432008,43.4047632,6.0112002,236.575,5,9,1.43,41.876,118.03
16:22:47.051,775.532897,43.4047579,6.0112123,236.555,5,10,1.29,41.031,121.97
16:22:47.161,775.643069,43.4047518,6.0112236,236.552,5,10,1.28,40.735,127.76
16:22:47.250,775.731911,43.4047452,6.0112339,236.559,5,10,1.28,40.04,131.84
16:22:47.353,775.835063,43.404738,6.0112431,236.572,5,10,1.28,39.54,138.55
16:22:47.453,775.935203,43.4047302,6.0112511,236.559,5,9,1.54,38.957,142.31
16:22:47.552,776.033978,43.4047221,6.0112581,236.603,5,11,1.08,38.666,149.33
16:22:47.651,776.132901,43.4047137,6.0112642,236.633,5,11,1.08,38.051,153.44
16:22:47.754,776.235917,43.4047051,6.0112691,236.651,5,11,1.08,37.718,159.28
16:22:47.851,776.33305,43.4046963,6.0112729,236.638,5,10,1.33,37.636,163.5
16:22:47.951,776.433012,43.4046873,6.0112754,236.608,5,9,1.7,37.668,170.12
16:22:48.045,776.527028,43.4046783,6.0112764,236.622,5,12,0.96,37.629,174.23
16:22:48.155,776.637056,43.4046693,6.0112764,236.604,5,12,0.92,37.007,180.93
16:22:48.252,776.734031,43.4046604,6.0112754,236.578,5,12,0.9,36.957,183.88
16:22:48.352,776.834089,43.4046515,6.0112731,236.552,5,10,1.11,37.097,192.4
16:22:48.445,776.927265,43.4046429,6.0112697,236.552,5,11,1.0,37.273,196.38
16:22:48.558,777.039978,43.4046344,6.0112652,236.526,5,11,0.97,37.344,202.87
16:22:48.646,777.128005,43.4046262,6.0112597,236.467,5,10,0.93,37.66,206.78
16:22:48.755,777.236928,43.4046183,6.0112533,236.449,5,11,0.92,37.96,212.41
16:22:48.847,777.329273,43.4046106,6.0112459,236.406,5,9,1.16,38.323,216.34
16:22:48.955,777.436963,43.4046034,6.0112378,236.358,5,9,1.16,38.557,221.4
16:22:49.053,777.53502,43.4045967,6.0112288,236.303,5,9,1.24,38.477,224.8
16:22:49.154,777.636015,43.4045905,6.0112192,236.25,5,9,1.24,38.333,230.3
16:22:49.246,777.727919,43.4045847,6.011209,236.243,5,11,1.07,38.479,233.45
16:22:49.355,777.837165,43.4045791,6.0111984,236.227,5,11,1.07,38.762,237.23
16:22:49.445,777.92735,43.4045738,6.0111874,236.207,5,11,1.07,39.061,239.0
16:22:49.557,778.039011,43.4045688,6.0111759,236.181,5,11,1.07,39.396,241.23
16:22:49.654,778.135972,43.4045641,6.0111641,236.169,5,11,1.01,39.709,243.06
16:22:49.761,778.243036,43.4045598,6.011152,236.144,5,10,1.13,39.949,245.29
16:22:49.850,778.33195,43.404556,6.0111394,236.11,5,10,1.13,40.164,248.01
16:22:49.959,778.440899,43.4045526,6.0111266,236.069,5,10,1.13,40.4,251.37
16:22:50.052,778.533985,43.4045495,6.0111134,236.03,5,10,1.13,40.718,254.14
16:22:50.162,778.644033,43.4045468,6.0110999,235.993,5,10,1.13,41.122,256.65
16:22:50.250,778.731909,43.4045444,6.0110863,235.948,5,10,1.13,41.448,258.07
16:22:50.358,778.840092,43.4045423,6.0110725,235.903,5,10,1.13,41.683,259.69
16:22:50.452,778.934186,43.4045405,6.0110584,235.863,5,10,1.13,41.939,261.18
16:22:50.555,779.037009,43.4045389,6.0110443,235.834,5,10,1.13,42.329,262.71
16:22:50.657,779.138895,43.4045377,6.0110298,235.813,5,12,0.88,42.607,264.38
16:22:50.760,779.241917,43.4045367,6.0110153,235.78,5,11,0.92,42.996,266.03
16:22:50.854,779.335979,43.4045361,6.0110006,235.743,5,11,0.92,43.457,267.66
16:22:50.964,779.445916,43.4045356,6.0109857,235.705,5,11,0.92,43.865,268.93
16:22:51.050,779.531888,43.4045354,6.0109707,235.668,5,11,0.92,44.129,269.92
16:22:51.161,779.643013,43.4045354,6.0109556,235.629,5,11,0.92,44.496,271.01
16:22:51.253,779.734878,43.4045357,6.0109403,235.595,5,11,0.92,44.896,272.3
16:22:51.364,779.846071,43.4045362,6.0109249,235.564,5,11,0.92,45.302,273.58
16:22:51.456,779.938184,43.4045369,6.0109095,235.526,5,11,0.92,45.726,274.56
16:22:51.567,780.048925,43.4045377,6.0108939,235.479,5,11,0.92,45.98,274.94
16:22:51.661,780.142823,43.4045383,6.0108783,235.454,5,10,0.96,46.183,274.23
16:22:51.764,780.245985,43.4045386,6.0108625,235.445,5,9,1.14,45.987,272.11
16:22:51.856,780.337944,43.4045384,6.0108465,235.414,5,11,1.02,46.119,270.05
16:22:51.968,780.449938,43.404538,6.0108303,235.37,5,11,1.02,47.011,269.08
16:22:52.060,780.5419,43.4045376,6.0108141,235.326,5,11,0.94,47.339,268.1
16:22:52.170,780.651865,43.4045372,6.0107977,235.284,5,11,0.94,47.963,266.99
16:22:52.256,780.737888,43.4045366,6.0107813,235.248,5,11,0.94,48.378,266.44
16:22:52.369,780.851046,43.4045357,6.0107648,235.213,5,12,0.86,48.2,265.25
16:22:52.463,780.945283,43.4045343,6.0107484,235.193,5,12,0.9,48.835,263.67
16:22:52.572,781.053924,43.4045327,6.0107323,235.178,5,12,0.95,48.341,261.58
16:22:52.655,781.13688,43.4045306,6.0107166,235.178,5,9,1.87,47.295,259.38
16:22:52.763,781.244963,43.4045283,6.0107015,235.156,5,10,1.43,45.83,257.13
16:22:52.855,781.337047,43.4045256,6.0106867,235.128,5,9,2.01,44.855,255.07
16:22:52.965,781.447066,43.4045225,6.0106731,235.109,5,11,1.04,43.409,252.1
16:22:53.065,781.546886,43.4045187,6.0106598,235.132,5,11,1.07,41.927,248.71
16:22:53.184,781.666029,43.4045143,6.0106469,235.129,5,11,1.04,40.761,244.48
16:22:53.255,781.736872,43.4045095,6.0106345,235.14,5,11,1.04,40.738,241.04
16:22:53.366,781.847993,43.4045042,6.0106226,235.159,5,12,0.95,40.42,237.0
16:22:53.474,781.955826,43.4044983,6.0106114,235.198,5,12,0.9,39.977,233.55
16:22:53.567,782.04894,43.404492,6.0106012,235.167,5,11,0.92,39.325,228.65
16:22:53.655,782.137337,43.4044852,6.0105918,235.149,5,11,1.01,38.738,224.19
16:22:53.760,782.241896,43.4044778,6.0105835,235.169,5,13,0.9,38.36,218.34
16:22:53.858,782.339984,43.4044701,6.0105761,235.165,5,13,0.87,38.097,214.17
16:22:53.969,782.450886,43.4044619,6.0105696,235.151,5,13,0.86,37.794,208.5
16:22:54.063,782.544946,43.4044536,6.010564,235.126,5,13,0.86,37.697,204.7
16:22:54.175,782.657019,43.4044449,6.0105593,235.107,5,13,0.86,37.527,199.81
16:22:54.262,782.743887,43.4044362,6.0105557,235.089,5,12,0.9,37.351,195.75
16:22:54.369,782.850848,43.4044274,6.0105532,235.075,5,12,0.9,36.742,190.79
16:22:54.461,782.943162,43.4044186,6.0105518,235.084,5,12,0.98,35.99,186.57
16:22:54.558,783.039958,43.4044098,6.0105516,235.09,5,12,1.1,35.479,179.91
16:22:54.654,783.135894,43.4044011,6.0105526,235.089,5,10,1.48,35.334,175.63
16:22:54.764,783.245869,43.4043926,6.0105548,235.067,5,11,1.13,35.582,168.56
16:22:54.852,783.33409,43.4043842,6.0105581,235.034,5,10,1.28,35.795,164.69
16:22:54.951,783.432909,43.4043761,6.0105625,234.998,5,10,1.23,36.151,157.3
16:22:55.049,783.530868,43.4043682,6.0105678,234.975,5,9,1.53,36.307,153.79
16:22:55.158,783.64,43.4043607,6.0105742,234.951,5,7,2.08,36.507,146.8
16:22:55.250,783.731878,43.4043537,6.0105816,234.936,5,9,1.48,36.494,142.85
16:22:55.350,783.83199,43.4043473,6.0105901,234.915,5,9,1.41,36.701,136.22
16:22:55.449,783.931155,43.4043414,6.0105992,234.889,5,9,1.41,36.72,132.07
16:22:55.561,784.042951,43.4043359,6.0106089,234.867,5,9,1.41,37.044,126.27
16:22:55.655,784.136878,43.4043308,6.0106193,234.849,5,9,1.35,37.453,122.6
16:22:55.764,784.245877,43.4043262,6.0106302,234.837,5,9,1.44,37.877,117.99
16:22:55.853,784.334892,43.4043221,6.0106417,234.833,5,9,1.58,38.349,114.39
16:22:55.962,784.443855,43.4043187,6.0106538,234.822,5,8,1.85,38.757,110.64
16:22:56.054,784.535919,43.4043158,6.0106661,234.82,5,7,2.59,39.092,107.32
16:22:56.163,784.644972,43.4043135,6.0106788,234.803,5,7,2.52,39.135,103.46
16:22:56.252,784.733861,43.4043118,6.0106912,234.795,5,9,1.51,38.731,100.28
16:22:56.361,784.843129,43.4043105,6.0107041,234.774,5,9,1.39,38.375,96.59
16:22:56.453,784.935214,43.4043097,6.0107173,234.752,5,9,1.39,38.701,93.7
16:22:56.553,785.034853,43.4043086,6.0107307,234.934,5,14,0.62,39.207,90.67
16:22:56.656,785.137862,43.4043081,6.0107442,235.057,5,12,0.85,39.637,88.45
16:22:56.764,785.245841,43.4043078,6.0107579,235.134,5,11,0.87,40.1,86.2
16:22:56.857,785.338665,43.404308,6.0107716,235.186,5,11,0.84,40.674,84.55
16:22:56.957,785.438853,43.4043086,6.0107855,235.259,5,11,0.84,41.003,82.65
16:22:57.054,785.535916,43.4043097,6.0107994,235.272,5,10,1.13,41.47,80.96
16:22:57.168,785.649837,43.4043111,6.0108136,235.295,5,10,1.13,42.011,79.48
16:22:57.254,785.735862,43.4043127,6.0108279,235.298,5,10,1.13,42.422,79.18
16:22:57.364,785.845973,43.4043143,6.0108423,235.296,5,10,1.16,42.657,79.37
16:22:57.451,785.933282,43.4043158,6.0108569,235.271,5,10,1.16,42.968,80.23
16:22:57.564,786.045862,43.4043173,6.0108716,235.273,5,10,1.16,43.413,80.86
16:22:57.654,786.135967,43.4043188,6.0108863,235.306,5,10,1.16,43.918,81.86
16:22:57.753,786.234889,43.40432,6.0109013,235.335,5,10,1.16,44.241,83.24
16:22:57.851,786.332885,43.4043211,6.0109163,235.333,5,10,1.16,44.613,84.39
16:22:57.962,786.443841,43.4043223,6.0109315,235.326,5,10,1.2,44.95,84.93
16:22:58.053,786.534881,43.4043236,6.010947,235.338,5,10,1.2,45.268,84.89
16:22:58.152,786.633968,43.4043249,6.0109625,235.373,5,10,1.26,45.58,84.69
16:22:58.248,786.729881,43.4043261,6.0109781,235.397,5,9,1.31,45.872,84.76
16:22:58.356,786.837835,43.4043273,6.010994,235.424,5,9,1.34,46.394,84.03
16:22:58.452,786.933882,43.4043285,6.0110097,235.461,5,8,1.46,46.844,84.36
16:22:58.551,787.032961,43.4043295,6.0110257,235.493,5,9,1.24,47.041,84.78
16:22:58.649,787.130979,43.4043307,6.0110418,235.502,5,9,1.24,47.411,84.82
16:22:58.759,787.24092,43.4043319,6.011058,235.494,5,9,1.16,47.776,84.71
16:22:58.852,787.334105,43.4043332,6.0110744,235.484,5,9,1.19,48.146,84.37
16:22:58.951,787.43293,43.4043346,6.0110909,235.48,5,9,1.25,48.408,84.11
16:22:59.053,787.534941,43.4043361,6.0111074,235.468,5,10,1.03,48.967,83.73
16:22:59.161,787.643085,43.4043376,6.0111241,235.466,5,10,1.03,49.235,83.28
16:22:59.254,787.735837,43.4043392,6.0111409,235.463,5,11,0.95,49.569,83.12
16:22:59.353,787.834994,43.404341,6.0111577,235.457,5,11,0.95,49.898,82.27
16:22:59.453,787.935134,43.4043431,6.0111746,235.458,5,11,0.95,50.228,81.31
16:22:59.563,788.044861,43.4043453,6.0111915,235.451,5,11,0.95,50.387,79.86
16:22:59.655,788.136837,43.4043477,6.0112084,235.456,5,11,0.96,50.484,78.9
16:22:59.753,788.234837,43.4043503,6.0112255,235.45,5,9,1.02,50.628,77.87
16:22:59.851,788.332866,43.404353,6.0112425,235.449,5,8,1.31,51.045,77.22
16:22:59.959,788.440842,43.4043559,6.0112596,235.459,5,8,1.31,51.221,76.38
16:23:00.050,788.531809,43.404359,6.0112766,235.474,5,8,1.38,51.363,75.69
16:23:00.159,788.641049,43.4043623,6.0112936,235.482,5,8,1.38,51.567,74.52
16:23:00.246,788.727878,43.4043661,6.0113106,235.493,5,8,1.38,51.76,73.05
16:23:00.356,788.837753,43.4043701,6.0113273,235.486,5,7,1.5,51.828,71.4
16:23:00.446,788.927975,43.4043744,6.0113439,235.474,5,7,1.5,51.7,70.21
16:23:00.545,789.027009,43.4043789,6.0113607,235.464,5,7,1.52,51.852,69.13
16:23:00.642,789.123901,43.4043837,6.0113778,235.452,5,6,1.82,52.576,68.42
16:23:00.741,789.222808,43.4043887,6.0113948,235.446,5,6,1.82,53.352,67.41
16:23:00.843,789.324941,43.4043937,6.011412,235.454,5,5,2.74,53.88,67.3
16:23:00.943,789.4249,43.4043984,6.0114291,235.448,5,6,1.82,54.128,67.17
16:23:01.041,789.522811,43.4044036,6.0114458,235.448,5,6,1.82,53.734,66.76
16:23:01.151,789.632949,43.4044091,6.0114624,235.45,5,7,1.82,53.175,65.85
16:23:01.244,789.725914,43.404415,6.0114789,235.453,5,6,2.75,53.352,63.89
16:23:01.343,789.82511,43.4044215,6.0114952,235.476,5,7,1.82,53.689,61.59
16:23:01.441,789.92288,43.4044284,6.011511,235.505,5,7,1.82,53.912,59.31
16:23:01.542,790.02399,43.4044358,6.0115266,235.53,5,7,1.82,54.091,56.81
16:23:01.643,790.124918,43.4044435,6.011542,235.564,5,7,1.82,54.264,54.6
16:23:01.742,790.223924,43.4044516,6.0115571,235.609,5,7,1.82,54.525,52.8
16:23:01.840,790.321928,43.40446,6.0115717,235.66,5,7,1.82,54.667,51.1
16:23:01.940,790.421818,43.4044687,6.0115861,235.714,5,7,1.82,54.636,49.52
16:23:02.043,790.524921,43.4044777,6.0116001,235.766,5,7,1.82,54.582,47.74
16:23:02.143,790.624963,43.4044871,6.0116136,235.825,5,8,1.37,54.59,45.93
16:23:02.241,790.72284,43.4044968,6.0116268,235.885,5,8,1.37,54.691,44.12
16:23:02.341,790.822807,43.4045067,6.0116396,235.944,5,8,1.37,54.728,42.36
16:23:02.444,790.925793,43.4045169,6.011652,236.011,5,8,1.37,54.782,40.69
16:23:02.544,791.025902,43.4045274,6.0116639,236.082,5,8,1.37,54.66,39.01
16:23:02.643,791.124791,43.4045382,6.0116755,236.154,5,7,2.37,54.743,37.44
16:23:02.743,791.224854,43.4045493,6.0116866,236.214,5,7,2.37,54.845,35.69
16:23:02.845,791.326879,43.4045605,6.0116972,236.27,5,6,2.37,54.953,33.95
16:23:02.944,791.425857,43.4045721,6.0117074,236.322,5,6,2.37,55.08,32.27
16:23:03.041,791.522939,43.4045839,6.0117172,236.367,5,6,2.37,55.227,30.64
16:23:03.150,791.63195,43.4045958,6.0117267,236.403,5,6,2.37,55.501,29.35
16:23:03.244,791.725863,43.4046078,6.0117361,236.435,5,6,2.37,55.801,28.69
16:23:03.358,791.839948,43.4046199,6.0117453,236.46,5,6,2.37,56.049,28.1
16:23:03.441,791.922797,43.4046322,6.0117545,236.489,5,6,2.37,56.104,27.85
16:23:03.542,792.024088,43.4046443,6.0117636,236.511,5,6,2.37,56.143,27.69
16:23:03.647,792.128993,43.4046566,6.0117728,236.54,5,7,2.35,55.964,28.08
16:23:03.746,792.227825,43.4046691,6.0117818,236.556,5,7,2.35,56.18,28.08
16:23:03.843,792.325126,43.4046815,6.0117906,236.575,5,7,2.37,56.588,26.91
16:23:03.943,792.424843,43.404694,6.0117992,236.566,5,7,2.35,56.316,26.64
16:23:04.047,792.529025,43.4047066,6.0118081,236.582,5,6,2.55,56.575,26.88
16:23:04.145,792.627124,43.4047191,6.0118173,236.58,5,7,2.35,56.869,27.6
16:23:04.242,792.724088,43.4047315,6.0118266,236.58,5,7,2.35,56.984,28.35
16:23:04.343,792.825036,43.4047439,6.0118358,236.582,5,7,2.35,56.795,28.8
16:23:04.446,792.927839,43.4047559,6.011845,236.573,5,7,2.35,56.079,29.22
16:23:04.550,793.032066,43.4047678,6.0118542,236.568,5,7,2.35,55.125,29.84
16:23:04.650,793.131984,43.4047794,6.0118636,236.567,5,10,1.24,53.967,30.49
16:23:04.752,793.233806,43.4047907,6.011873,236.564,5,11,1.03,53.015,31.59
16:23:04.854,793.335903,43.4048016,6.0118826,236.562,5,10,1.11,51.917,32.9
16:23:04.953,793.434809,43.4048121,6.0118923,236.556,5,10,1.11,50.793,34.23
16:23:05.053,793.534791,43.4048224,6.0119021,236.552,5,10,1.11,49.639,35.62
16:23:05.162,793.643926,43.4048323,6.0119119,236.543,5,10,1.11,48.734,36.64
16:23:05.255,793.736782,43.4048417,6.0119219,236.526,5,10,1.11,47.62,38.23
16:23:05.354,793.835852,43.4048506,6.0119323,236.508,5,10,1.11,46.361,40.63
16:23:05.452,793.933874,43.4048591,6.0119431,236.485,5,9,1.3,45.691,43.86
16:23:05.553,794.035116,43.4048672,6.0119543,236.466,5,8,1.96,45.478,46.63
16:23:05.655,794.136923,43.4048747,6.0119657,236.445,5,9,1.26,45.087,49.33
16:23:05.753,794.234804,43.4048815,6.0119774,236.429,5,9,1.26,44.174,51.98
16:23:05.851,794.332857,43.4048876,6.0119893,236.422,5,10,1.16,43.028,55.7
16:23:05.951,794.432791,43.404893,6.0120014,236.407,5,9,1.77,41.824,59.0
16:23:06.054,794.535785,43.4048977,6.0120137,236.396,5,9,1.77,40.635,63.79
16:23:06.161,794.642936,43.4049015,6.0120263,236.387,5,8,1.82,39.988,67.47
16:23:06.250,794.731731,43.4049047,6.012039,236.374,5,8,1.82,39.283,73.23
16:23:06.347,794.828964,43.4049071,6.0120516,236.363,5,8,1.82,38.503,77.07
16:23:06.449,794.930911,43.4049085,6.0120641,236.359,5,7,2.13,37.41,82.79
16:23:06.550,795.032132,43.404909,6.0120766,236.349,5,8,1.45,36.531,87.44
16:23:06.645,795.126482,43.4049089,6.0120889,236.335,5,8,1.45,35.749,92.86
16:23:06.746,795.227874,43.4049079,6.0121009,236.32,5,8,1.45,35.36,97.17
16:23:06.850,795.331982,43.4049062,6.0121126,236.299,5,8,1.45,35.019,103.02
16:23:06.950,795.431788,43.4049039,6.0121238,236.27,5,8,1.38,34.623,107.52
16:23:07.052,795.533777,43.404901,6.0121344,236.235,5,9,1.16,33.905,113.3
16:23:07.150,795.631479,43.4048977,6.0121443,236.187,5,9,1.16,32.775,117.32
16:23:07.253,795.73493,43.4048937,6.0121535,236.148,5,10,1.06,31.515,122.54
16:23:07.352,795.833805,43.4048896,6.0121619,236.103,5,9,1.16,30.243,126.32
16:23:07.450,795.93178,43.4048851,6.0121695,236.061,5,9,1.22,28.654,132.57
16:23:07.549,796.031116,43.4048801,6.012176,236.025,5,9,1.22,27.699,136.18
16:23:07.652,796.133955,43.4048747,6.0121817,236.003,5,9,1.22,27.054,143.72
16:23:07.750,796.231793,43.4048689,6.0121865,235.995,5,9,1.22,26.954,145.33
16:23:07.848,796.329854,43.4048628,6.0121902,235.981,5,8,1.53,27.347,157.96
16:23:07.948,796.429783,43.4048564,6.0121928,235.956,5,7,2.08,27.486,162.52
16:23:08.050,796.531912,43.4048499,6.0121946,235.928,5,6,3.04,27.517,171.16
16:23:08.159,796.640925,43.4048436,6.0121953,235.916,5,7,1.78,27.173,174.51
16:23:08.244,796.726198,43.4048371,6.0121954,235.891,5,7,1.85,26.735,183.02
16:23:08.346,796.827781,43.4048306,6.0121948,235.865,5,7,1.85,26.821,187.44
16:23:08.449,796.930825,43.4048241,6.0121936,235.843,5,7,1.85,26.843,191.54
16:23:08.552,797.033889,43.4048176,6.0121919,235.826,5,7,1.85,26.793,194.27
16:23:08.652,797.133979,43.4048113,6.0121898,235.812,5,9,1.32,26.776,196.27
16:23:08.753,797.234808,43.4048049,6.0121874,235.799,5,10,1.27,26.856,198.19
16:23:08.856,797.338069,43.4047985,6.012185,235.829,5,11,1.07,27.137,198.43
16:23:08.956,797.437763,43.404792,6.012182,235.818,5,12,0.88,27.511,199.33
16:23:09.053,797.534774,43.4047855,6.0121788,235.804,5,10,1.04,27.923,201.1
16:23:09.152,797.633994,43.4047791,6.012175,235.791,5,9,1.28,28.406,203.58
16:23:09.244,797.725854,43.4047726,6.0121708,235.783,5,9,1.19,28.893,205.86
16:23:09.354,797.835749,43.4047662,6.0121662,235.783,5,9,1.19,29.345,208.24
16:23:09.457,797.938753,43.4047598,6.0121612,235.787,5,10,1.13,29.695,210.31
16:23:09.553,798.035039,43.4047535,6.012156,235.78,5,10,1.21,30.017,212.61
16:23:09.647,798.128913,43.4047472,6.0121505,235.775,5,11,1.15,30.251,213.85
16:23:09.757,798.239099,43.4047409,6.0121449,235.757,5,12,0.98,30.658,214.57
16:23:09.858,798.339852,43.4047345,6.0121391,235.75,5,12,0.94,31.073,214.75
16:23:09.951,798.432784,43.404728,6.0121334,235.743,5,12,0.94,31.44,214.37
16:23:10.049,798.530751,43.4047214,6.0121276,235.734,5,11,1.01,31.928,213.89
16:23:10.158,798.639914,43.4047147,6.0121219,235.722,5,11,1.01,32.127,213.13
16:23:10.257,798.73879,43.4047078,6.0121162,235.712,5,11,1.01,32.349,212.14
16:23:10.349,798.830749,43.4047009,6.0121106,235.699,5,11,1.01,32.63,210.87
16:23:10.447,798.928775,43.404694,6.0121051,235.685,5,11,1.01,32.734,210.03
16:23:10.557,799.039055,43.4046871,6.0120998,235.659,5,10,1.23,32.301,209.13
16:23:10.656,799.137884,43.4046803,6.0120948,235.632,5,10,1.23,31.386,207.79
16:23:10.753,799.234895,43.4046735,6.0120901,235.607,5,10,1.23,30.534,206.5
16:23:10.846,799.328129,43.4046666,6.0120856,235.577,5,10,1.23,30.245,205.08
16:23:10.955,799.436774,43.4046596,6.0120815,235.547,5,10,1.23,30.193,203.02
16:23:11.045,799.526752,43.4046526,6.0120777,235.514,5,10,1.23,30.158,200.99
16:23:11.146,799.627994,43.4046455,6.0120744,235.474,5,10,1.23,30.023,198.14
16:23:11.244,799.725756,43.4046385,6.0120716,235.443,5,10,1.26,29.836,195.57
16:23:11.354,799.836024,43.4046314,6.0120693,235.413,5,10,1.26,29.388,192.41
16:23:11.443,799.924817,43.4046242,6.0120676,235.386,5,10,1.26,29.182,189.64
16:23:11.547,800.029046,43.4046171,6.0120663,235.362,5,10,1.26,29.093,186.52
16:23:11.646,800.128068,43.40461,6.0120655,235.337,5,10,1.26,28.845,184.07
16:23:11.744,800.225717,43.4046035,6.0120651,235.217,5,12,1.0,28.545,180.66
16:23:11.846,800.327891,43.4045969,6.0120656,235.168,5,10,1.26,28.28,177.2
16:23:11.948,800.429748,43.4045903,6.0120672,235.124,5,11,1.11,27.837,172.53
16:23:12.049,800.530734,43.4045836,6.0120688,235.122,5,11,1.18,27.493,167.55
16:23:12.156,800.637865,43.4045771,6.0120713,235.098,5,11,1.17,27.161,161.88
16:23:12.244,800.725882,43.404571,6.0120747,235.07,5,11,1.17,26.785,157.05
16:23:12.347,800.828824,43.4045652,6.0120792,235.009,5,10,1.34,26.717,152.86
16:23:12.447,800.928727,43.4045597,6.0120845,234.929,5,11,1.17,27.361,144.03
16:23:12.557,801.039036,43.4045543,6.0120904,234.86,5,11,1.16,28.334,139.2
16:23:12.654,801.135954,43.4045492,6.012097,234.824,5,10,1.33,28.947,134.5
16:23:12.749,801.230879,43.4045444,6.012104,234.775,5,9,1.59,29.252,131.41
16:23:12.850,801.331784,43.4045399,6.0121115,234.65,5,10,1.31,29.141,127.75
16:23:12.957,801.438717,43.404536,6.0121195,234.568,5,10,1.34,29.017,124.22
16:23:13.048,801.529762,43.4045325,6.0121279,234.485,5,10,1.28,29.165,118.66
16:23:13.167,801.64888,43.4045297,6.0121366,234.409,5,11,1.16,29.426,115.31
16:23:13.249,801.730867,43.4045273,6.0121458,234.382,5,10,1.18,29.532,108.63
16:23:13.367,801.84877,43.4045252,6.0121554,234.363,5,11,1.16,29.884,104.81
16:23:13.446,801.927832,43.4045235,6.0121652,234.352,5,11,1.16,30.371,100.59
16:23:13.550,802.032005,43.4045224,6.0121752,234.339,5,11,1.16,30.51,97.47
16:23:13.646,802.127985,43.4045219,6.0121853,234.3,5,10,1.28,30.427,92.83
16:23:13.756,802.237871,43.404522,6.0121956,234.251,5,10,1.28,30.243,89.16
16:23:13.855,802.336875,43.4045227,6.012206,234.217,5,11,1.16,30.658,83.12
16:23:13.948,802.429735,43.4045239,6.0122165,234.165,5,11,1.16,31.295,79.11
16:23:14.046,802.52771,43.4045258,6.0122269,234.204,5,10,1.21,31.923,74.11
16:23:14.155,802.63685,43.4045281,6.0122373,234.238,5,10,1.21,32.514,70.76
16:23:14.253,802.734773,43.4045309,6.0122475,234.257,5,10,1.21,33.045,67.6
16:23:14.347,802.828819,43.4045339,6.0122578,234.264,5,10,1.19,33.18,65.96
16:23:14.448,802.929712,43.4045374,6.0122679,234.241,5,10,1.14,33.273,63.34
16:23:14.547,803.029,43.4045411,6.0122777,234.236,5,10,1.16,33.297,61.53
16:23:14.647,803.128714,43.4045452,6.0122877,234.235,5,10,1.02,33.568,60.25
16:23:14.749,803.230777,43.4045498,6.0122975,234.226,5,10,1.02,34.09,58.08
16:23:14.848,803.329788,43.4045546,6.0123072,234.231,5,11,0.94,34.732,55.16
16:23:14.948,803.429737,43.4045598,6.0123167,234.244,5,11,0.94,35.108,53.27
16:23:15.047,803.528719,43.4045654,6.012326,234.23,5,11,0.94,35.568,50.24
16:23:15.157,803.638852,43.4045713,6.0123352,234.216,5,11,0.94,36.025,47.7
16:23:15.250,803.731755,43.4045775,6.0123441,234.202,5,11,0.94,36.294,45.03
16:23:15.349,803.830738,43.404584,6.0123528,234.168,5,11,0.94,36.503,43.37
16:23:15.448,803.929736,43.4045908,6.0123613,234.13,5,11,0.94,36.897,41.48
16:23:15.553,804.035191,43.4045978,6.0123696,234.087,5,11,0.94,37.323,39.82
16:23:15.653,804.134682,43.404605,6.0123777,234.063,5,11,0.92,37.66,38.48
16:23:15.749,804.230982,43.4046124,6.0123859,234.047,5,11,0.92,38.107,37.59
16:23:15.849,804.330948,43.40462,6.0123938,234.043,5,11,0.92,38.568,36.46
16:23:15.950,804.431789,43.4046277,6.0124017,234.03,5,11,0.92,38.811,35.91
16:23:16.050,804.531686,43.4046356,6.0124096,234.011,5,11,0.92,39.122,35.19
16:23:16.149,804.630857,43.4046435,6.0124173,233.998,5,11,0.92,39.457,34.69
16:23:16.248,804.729712,43.4046517,6.0124251,233.97,5,11,0.92,39.731,34.47
16:23:16.351,804.832917,43.4046599,6.0124328,233.949,5,11,0.92,40.048,33.9
16:23:16.449,804.930743,43.4046683,6.0124404,233.93,5,11,0.92,40.375,33.15
16:23:16.551,805.032996,43.4046769,6.0124478,233.929,5,11,0.92,40.746,32.19
16:23:16.649,805.130679,43.4046856,6.0124552,233.921,5,11,0.92,41.211,31.38
16:23:16.752,805.233895,43.4046945,6.0124626,233.909,5,11,0.92,41.694,30.77
16:23:16.850,805.33182,43.4047035,6.0124699,233.896,5,11,0.99,41.996,30.4
16:23:16.950,805.431711,43.4047125,6.0124772,233.88,5,11,0.99,42.261,30.15
16:23:17.050,805.531716,43.4047217,6.0124844,233.871,5,11,0.99,42.403,29.85
16:23:17.160,805.641854,43.4047308,6.0124917,233.86,5,11,0.99,42.768,29.77
16:23:17.252,805.733716,43.40474,6.012499,233.85,5,11,0.99,42.731,29.76
16:23:17.351,805.83288,43.4047492,6.0125062,233.843,5,11,0.99,42.639,29.26
16:23:17.450,805.931865,43.4047584,6.0125132,233.838,5,11,0.99,42.34,29.45
16:23:17.556,806.03799,43.4047675,6.0125202,233.843,5,11,0.99,42.04,29.29
16:23:17.656,806.13767,43.4047767,6.0125272,233.849,5,12,0.85,41.766,29.12
16:23:17.766,806.247912,43.4047857,6.0125341,233.866,5,12,0.85,41.466,28.56
16:23:17.856,806.337847,43.4047948,6.0125409,233.889,5,12,0.85,41.205,28.37
16:23:17.956,806.437688,43.4048039,6.0125478,233.903,5,12,0.85,41.231,28.4
16:23:18.055,806.536921,43.404813,6.0125546,233.921,5,12,0.85,41.27,28.36
16:23:18.164,806.645838,43.4048221,6.0125614,233.958,5,12,0.87,41.227,28.04
16:23:18.249,806.731297,43.4048312,6.0125681,233.989,5,12,0.87,41.288,28.23
16:23:18.354,806.835689,43.4048402,6.0125749,234.018,5,12,0.87,41.346,28.37
16:23:18.457,806.938675,43.4048492,6.0125816,234.047,5,12,0.87,41.159,28.32
16:23:18.557,807.039045,43.404858,6.0125884,234.076,5,12,0.87,40.54,28.66
16:23:18.657,807.138651,43.4048668,6.0125951,234.103,5,12,0.87,40.035,29.09
16:23:18.759,807.240774,43.4048755,6.0126016,234.131,5,12,0.87,39.472,29.03
16:23:18.858,807.339899,43.4048841,6.0126082,234.155,5,12,0.87,39.198,29.1
16:23:18.957,807.438673,43.4048927,6.0126148,234.178,5,12,0.87,38.749,28.82
16:23:19.057,807.538672,43.4049012,6.0126213,234.207,5,12,0.87,38.779,29.45
16:23:19.167,807.64883,43.4049096,6.0126279,234.229,5,12,0.87,38.627,29.42
16:23:19.258,807.739704,43.404918,6.0126345,234.259,5,12,0.87,38.423,29.82
16:23:19.366,807.84774,43.4049263,6.0126411,234.295,5,12,0.87,38.12,29.8
16:23:19.457,807.938673,43.4049345,6.0126476,234.322,5,12,0.87,37.931,29.97
16:23:19.561,808.04293,43.4049427,6.0126541,234.346,5,12,0.87,37.722,29.92
16:23:19.660,808.141736,43.4049508,6.0126606,234.374,5,12,0.89,37.49,30.15
16:23:19.756,808.237867,43.4049589,6.0126672,234.405,5,12,0.89,37.284,30.71
16:23:19.857,808.338673,43.4049668,6.0126741,234.424,5,12,0.89,37.31,31.98
16:23:19.957,808.438672,43.4049745,6.0126812,234.449,5,12,0.89,37.322,33.58
16:23:20.056,808.537748,43.4049822,6.0126883,234.469,5,12,0.89,37.236,34.84
16:23:20.165,808.646822,43.4049897,6.0126954,234.484,5,12,0.89,36.834,35.01
16:23:20.251,808.732908,43.4049973,6.0127026,234.499,5,12,0.89,36.679,35.11
16:23:20.356,808.837714,43.4050047,6.01271,234.504,5,12,0.89,36.538,35.89
16:23:20.459,808.940809,43.4050119,6.0127178,234.509,5,12,0.87,36.818,37.87
16:23:20.557,809.038927,43.4050189,6.0127259,234.513,5,12,0.86,36.951,39.8
16:23:20.657,809.13867,43.4050257,6.0127341,234.5,5,12,0.86,36.697,41.72
16:23:20.759,809.240779,43.4050323,6.0127426,234.484,5,12,0.86,36.457,42.78
16:23:20.860,809.341814,43.4050386,6.0127512,234.47,5,12,0.86,36.221,44.86
16:23:20.957,809.438668,43.4050447,6.0127602,234.451,5,12,0.86,35.903,46.73
16:23:21.054,809.53576,43.4050503,6.0127694,234.451,5,11,0.91,35.636,49.66
16:23:21.160,809.641734,43.4050557,6.0127788,234.448,5,11,0.91,35.121,51.82
16:23:21.256,809.737676,43.4050609,6.0127883,234.442,5,11,0.91,34.621,54.17
16:23:21.355,809.836933,43.4050658,6.012798,234.439,5,11,0.91,34.455,56.05
16:23:21.451,809.933343,43.4050704,6.012808,234.433,5,11,0.91,34.236,58.15
16:23:21.557,810.038962,43.4050748,6.012818,234.426,5,10,1.12,34.034,60.72
16:23:21.655,810.13674,43.4050788,6.0128281,234.415,5,10,1.12,33.927,62.27
16:23:21.755,810.236687,43.4050828,6.0128384,234.417,5,10,1.08,33.556,63.83
16:23:21.851,810.332872,43.4050863,6.0128487,234.421,5,10,1.1,33.425,65.49
16:23:21.954,810.435738,43.4050896,6.0128592,234.432,5,10,1.1,33.197,67.33
16:23:22.053,810.534752,43.4050926,6.0128696,234.453,5,10,1.1,32.838,69.6
16:23:22.163,810.644841,43.4050952,6.0128802,234.444,5,9,1.24,32.462,72.27
16:23:22.253,810.734754,43.4050974,6.0128908,234.422,5,9,1.24,32.182,75.16
16:23:22.355,810.836654,43.4050992,6.0129014,234.413,5,9,1.3,32.041,78.08
16:23:22.454,810.935702,43.4051007,6.012912,234.405,5,9,1.3,31.645,80.77
16:23:22.553,811.034946,43.4051017,6.0129227,234.417,5,9,1.15,31.328,82.56
16:23:22.652,811.133654,43.4051025,6.0129334,234.458,5,9,1.09,31.297,85.1
16:23:22.755,811.236684,43.4051031,6.012944,234.487,5,9,1.09,31.347,85.86
16:23:22.856,811.337796,43.4051034,6.0129546,234.514,5,9,1.09,30.877,88.53
16:23:22.956,811.437898,43.4051034,6.0129651,234.532,5,9,1.09,30.538,90.43
16:23:23.052,811.5338,43.4051031,6.0129754,234.544,5,9,1.09,30.228,92.9
16:23:23.172,811.653893,43.4051026,6.0129858,234.559,5,9,1.09,30.017,94.59
16:23:23.255,811.736704,43.4051019,6.0129959,234.564,5,9,1.09,29.908,96.56
16:23:23.373,811.854738,43.4051009,6.0130059,234.572,5,9,1.09,29.562,98.18
16:23:23.460,811.941665,43.4050998,6.0130157,234.578,5,9,1.09,29.169,100.58
16:23:23.558,812.039909,43.4050985,6.0130254,234.581,5,9,1.07,28.745,101.43
16:23:23.656,812.1377,43.4050971,6.0130349,234.586,5,11,0.93,28.363,102.96
16:23:23.755,812.236793,43.4050956,6.0130442,234.59,5,11,0.93,28.013,104.18
16:23:23.854,812.335972,43.4050938,6.0130533,234.593,5,11,0.93,27.53,105.84
16:23:23.956,812.437899,43.4050919,6.0130621,234.589,5,11,0.93,27.078,107.28
16:23:24.057,812.538769,43.40509,6.0130708,234.578,5,11,0.9,26.417,107.94
16:23:24.157,812.638804,43.405088,6.0130793,234.569,5,11,0.9,25.921,108.74
16:23:24.253,812.734791,43.405086,6.0130875,234.562,5,11,0.9,25.313,109.43
16:23:24.358,812.839746,43.4050842,6.0130956,234.556,5,11,0.9,24.683,109.16
16:23:24.458,812.939643,43.4050825,6.0131036,234.548,5,11,0.9,24.207,108.03
16:23:24.560,813.041951,43.4050808,6.0131114,234.544,5,11,0.9,23.515,107.19
16:23:24.660,813.141562,43.4050793,6.0131188,234.536,5,12,0.87,22.504,106.4
16:23:24.762,813.243648,43.4050781,6.0131261,234.531,5,12,0.87,21.524,104.55
16:23:24.862,813.344032,43.405077,6.0131332,234.533,5,12,0.85,20.802,102.48
16:23:24.962,813.443849,43.4050761,6.01314,234.538,5,12,0.85,20.04,100.56
16:23:25.060,813.541929,43.4050753,6.0131468,234.537,5,12,0.89,19.476,99.18
16:23:25.162,813.64378,43.4050747,6.0131533,234.536,5,12,0.89,18.996,97.69
16:23:25.259,813.741021,43.4050741,6.0131597,234.538,5,12,0.89,18.366,96.28
16:23:25.359,813.840848,43.4050733,6.0131658,234.541,5,12,0.92,17.513,97.62
16:23:25.460,813.94167,43.4050723,6.0131715,234.549,5,12,0.92,16.888,101.21
16:23:25.564,814.045862,43.4050714,6.0131769,234.555,5,12,0.92,16.086,103.48
16:23:25.664,814.145643,43.4050707,6.0131822,234.562,5,12,0.92,15.459,102.95
16:23:25.762,814.243752,43.4050703,6.0131875,234.563,5,12,0.91,15.048,99.87
16:23:25.864,814.345908,43.4050701,6.0131927,234.584,5,12,0.85,14.744,96.08
16:23:25.962,814.444281,43.4050698,6.0131976,234.593,5,12,0.85,14.31,94.02
16:23:26.065,814.54666,43.4050693,6.013202,234.594,5,11,0.88,13.031,95.1
16:23:26.165,814.646745,43.4050688,6.0132062,234.595,5,12,0.85,11.881,94.94
16:23:26.266,814.747646,43.4050686,6.0132105,234.603,5,12,0.85,11.786,94.14
16:23:26.370,814.85164,43.4050685,6.0132147,234.615,5,12,0.85,11.968,92.65
16:23:26.467,814.948644,43.4050683,6.0132188,234.621,5,12,0.85,11.766,92.45
16:23:26.566,815.048006,43.4050681,6.0132226,234.632,5,12,0.85,11.134,92.1
16:23:26.666,815.147582,43.405068,6.0132261,234.635,5,12,0.82,10.342,92.75
16:23:26.770,815.251586,43.4050679,6.0132294,234.646,5,12,0.82,9.466,92.42
16:23:26.865,815.346911,43.4050678,6.0132326,234.662,5,12,0.85,8.793,92.81
16:23:26.958,815.439663,43.4050669,6.0132351,234.698,5,13,0.67,8.39,93.38
16:23:27.063,815.544726,43.4050661,6.0132379,234.744,5,12,0.85,8.278,94.73
16:23:27.163,815.644885,43.4050656,6.0132408,234.785,5,11,1.01,8.332,95.67
16:23:27.261,815.74266,43.4050653,6.0132436,234.787,5,11,1.01,8.388,95.55
16:23:27.365,815.846644,43.405065,6.0132466,234.849,5,11,1.01,8.143,96.3
16:23:27.454,815.935971,43.4050647,6.0132494,234.84,5,12,0.85,8.191,97.52
16:23:27.564,816.04562,43.4050644,6.0132522,234.833,5,11,1.01,8.06,98.41
16:23:27.666,816.147585,43.4050641,6.013255,234.809,5,11,1.03,7.928,99.0
16:23:27.762,816.243721,43.4050636,6.0132577,234.776,5,11,1.05,7.717,100.81
16:23:27.856,816.337797,43.4050629,6.0132601,234.737,5,11,1.0,7.312,105.75
16:23:27.963,816.445156,43.4050623,6.0132623,234.706,5,11,1.0,6.819,109.85
16:23:28.064,816.54563,43.4050618,6.0132643,234.687,5,11,1.0,6.139,112.24
16:23:28.161,816.642863,43.4050612,6.0132663,234.658,5,10,1.04,5.639,110.5
16:23:28.253,816.734728,43.4050606,6.0132682,234.648,5,10,1.04,5.617,113.06
16:23:28.362,816.843707,43.4050599,6.0132701,234.626,5,10,1.04,5.558,115.07
16:23:28.461,816.942647,43.405059,6.013272,234.585,5,9,1.1,5.858,117.19
16:23:28.559,817.040927,43.4050581,6.013274,234.548,5,9,1.11,6.262,118.15
16:23:28.653,817.134628,43.405057,6.013276,234.496,5,9,1.1,6.926,119.52
16:23:28.762,817.243636,43.405056,6.0132779,234.443,5,9,1.1,7.149,121.28
16:23:28.861,817.34276,43.4050551,6.0132796,234.387,5,9,1.1,6.695,123.11
16:23:28.962,817.443682,43.4050542,6.0132812,234.311,5,9,1.1,6.251,124.49
16:23:29.051,817.532641,43.4050533,6.0132827,234.221,5,9,1.22,5.749,124.06
16:23:29.160,817.641729,43.4050522,6.0132841,234.152,5,9,1.2,5.717,126.56
16:23:29.258,817.739639,43.4050513,6.0132853,234.12,5,9,1.2,5.63,129.18
16:23:29.356,817.837694,43.4050505,6.0132863,234.102,5,9,1.26,5.117,131.93
16:23:29.446,817.927604,43.4050497,6.0132873,234.068,5,7,1.55,4.682,133.8
16:23:29.557,818.038898,43.4050489,6.0132884,234.066,5,9,1.39,4.689,135.88
16:23:29.651,818.132571,43.4050481,6.0132895,234.087,5,8,1.66,4.43,136.69
16:23:29.749,818.230702,43.4050475,6.0132907,234.107,5,8,1.66,4.18,136.69
16:23:29.843,818.324659,43.4050467,6.0132923,234.124,5,8,1.62,4.408,134.03
16:23:29.951,818.432795,43.4050459,6.0132939,234.132,5,8,1.62,4.91,131.44
16:23:30.045,818.526832,43.4050449,6.0132954,234.137,5,8,1.62,5.371,130.14
16:23:30.158,818.639722,43.4050439,6.0132971,234.138,5,8,1.62,6.188,131.88
16:23:30.246,818.727659,43.4050431,6.0132989,234.134,5,8,1.56,6.714,129.97
16:23:30.355,818.836696,43.4050425,6.0133007,234.132,5,8,1.56,6.569,127.06
16:23:30.445,818.926529,43.405042,6.0133025,234.118,5,8,1.56,6.188,123.23
16:23:30.552,819.033968,43.4050415,6.0133043,234.098,5,7,1.78,5.775,120.4
16:23:30.646,819.12771,43.4050411,6.013306,234.086,5,7,1.78,5.441,117.95
16:23:30.755,819.236597,43.4050409,6.0133076,234.079,5,7,1.78,4.837,115.32
16:23:30.844,819.325657,43.4050408,6.013309,234.055,5,7,1.78,4.287,112.7
16:23:30.951,819.432741,43.4050406,6.0133105,234.032,5,7,1.78,3.721,111.07
16:23:31.044,819.525637,43.4050404,6.0133117,234.008,5,7,1.78,3.424,110.14
16:23:31.152,819.633716,43.4050403,6.0133129,233.975,5,7,1.78,2.961,109.05
16:23:31.237,819.718703,43.4050402,6.013314,233.961,5,7,1.78,2.913,108.01
16:23:31.345,819.82691,43.4050402,6.0133151,233.956,5,8,1.56,2.415,101.64
16:23:31.439,819.9206,43.4050401,6.0133163,233.935,5,8,1.56,3.682,97.48
16:23:31.549,820.030817,43.4050401,6.0133176,233.918,5,7,1.78,2.432,94.55
16:23:31.637,820.118635,43.4050402,6.0133189,233.904,5,8,1.5,4.652,92.22
16:23:31.758,820.239675,43.4050401,6.0133205,233.906,5,8,1.5,2.139,88.16
16:23:31.847,820.328638,43.4050401,6.0133215,233.905,5,8,1.57,5.213,92.8
16:23:31.957,820.438795,43.4050401,6.013323,233.903,5,8,1.5,1.413,90.46
16:23:32.058,820.539623,43.4050402,6.0133239,233.904,5,9,1.2,5.715,89.12
16:23:32.159,820.640706,43.4050405,6.0133254,233.91,5,8,1.29,1.598,77.84
16:23:32.246,820.72768,43.4050406,6.0133262,233.917,5,8,1.53,4.945,79.46
16:23:32.355,820.836658,43.4050408,6.0133275,233.92,5,8,1.53,1.822,75.82
16:23:32.452,820.933578,43.4050411,6.0133284,233.92,5,7,2.03,5.832,76.93
16:23:32.548,821.029701,43.4050417,6.0133303,233.931,5,6,1.87,2.293,67.25
16:23:32.637,821.118649,43.4050419,6.0133314,233.935,5,6,2.11,4.81,75.04
16:23:32.747,821.228592,43.4050422,6.013333,233.944,5,7,1.54,2.921,74.36
16:23:32.835,821.316606,43.4050424,6.0133341,233.944,5,6,2.27,4.793,73.06
16:23:32.957,821.438665,43.4050429,6.0133355,233.955,5,9,1.23,2.732,66.29
16:23:33.039,821.520747,43.4050432,6.0133366,233.959,5,9,1.23,4.315,67.26
16:23:33.155,821.636727,43.4050436,6.0133378,233.961,5,9,1.23,2.5,67.16
16:23:33.237,821.718636,43.4050439,6.0133387,233.953,5,7,2.01,3.119,65.76
16:23:33.357,821.838595,43.4050444,6.0133397,233.953,5,8,1.47,3.128,63.19
16:23:33.439,821.920567,43.4050448,6.0133407,233.952,5,9,1.17,3.137,62.52
16:23:33.549,822.030861,43.4050452,6.0133417,233.952,5,8,1.17,3.169,62.77
16:23:33.640,822.121542,43.4050456,6.0133425,233.953,5,8,1.17,3.137,60.61
16:23:33.749,822.23063,43.4050459,6.0133433,233.95,5,8,1.17,2.863,60.84
16:23:33.843,822.324626,43.4050462,6.0133442,233.944,5,8,1.17,2.608,60.99
16:23:33.941,822.422601,43.4050467,6.0133449,233.934,5,8,1.17,2.602,60.47
16:23:34.040,822.521675,43.4050469,6.0133457,233.925,5,8,1.17,2.487,59.9
16:23:34.148,822.630225,43.4050473,6.0133465,233.924,5,9,1.06,2.463,59.31
16:23:34.243,822.724585,43.4050478,6.0133473,233.936,5,9,1.08,2.756,58.64
16:23:34.352,822.833591,43.4050482,6.0133482,233.947,5,9,1.08,3.017,58.02
16:23:34.441,822.922546,43.4050487,6.0133491,233.943,5,9,1.08,3.167,56.68
16:23:34.549,823.03086,43.4050493,6.01335,233.951,5,9,1.08,3.341,55.36
16:23:34.643,823.124665,43.4050499,6.013351,233.95,5,9,1.08,3.556,53.97
16:23:34.751,823.232604,43.4050506,6.0133519,233.956,5,9,1.08,3.784,53.32
16:23:34.839,823.320623,43.4050513,6.0133529,233.963,5,9,1.08,3.904,51.7
16:23:34.948,823.42964,43.4050519,6.0133539,233.977,5,9,1.08,4.023,50.5
16:23:35.042,823.523649,43.4050528,6.0133547,233.998,5,9,1.08,4.026,48.08
16:23:35.148,823.629798,43.4050537,6.0133557,234.022,5,8,1.31,4.337,45.87
16:23:35.235,823.716589,43.4050546,6.013357,234.039,5,7,2.74,4.984,46.34
16:23:35.345,823.826797,43.4050554,6.0133586,234.061,5,7,2.74,5.61,50.51
16:23:35.437,823.91865,43.4050563,6.0133602,234.087,5,7,2.74,6.388,51.51
16:23:35.553,824.034952,43.4050573,6.0133617,234.105,5,8,2.74,6.217,49.49
16:23:35.641,824.122504,43.4050583,6.0133632,234.116,5,9,2.25,6.325,47.89
16:23:35.750,824.231563,43.405059,6.013365,234.123,5,9,2.25,6.473,49.46
16:23:35.843,824.324634,43.4050596,6.0133668,234.128,5,9,2.25,6.343,51.72
16:23:35.943,824.424642,43.4050603,6.0133687,234.13,5,9,2.25,6.302,54.17
16:23:36.041,824.522813,43.4050609,6.0133706,234.132,5,9,2.25,6.238,55.95
16:23:36.149,824.630726,43.4050614,6.0133726,234.138,5,9,2.25,6.367,58.01
16:23:36.243,824.724574,43.4050616,6.0133746,234.146,5,9,2.25,6.386,61.82
16:23:36.342,824.823746,43.405062,6.0133767,234.161,5,9,2.25,6.352,65.07
16:23:36.442,824.923553,43.4050623,6.0133789,234.165,5,10,1.15,6.589,68.86
16:23:36.551,825.03268,43.4050626,6.013381,234.182,5,9,1.19,6.404,71.95
16:23:36.646,825.127581,43.4050629,6.0133833,234.21,5,9,1.12,6.515,74.39
16:23:36.745,825.226537,43.4050629,6.0133856,234.228,5,9,1.12,6.68,77.73
16:23:36.843,825.324593,43.4050627,6.013388,234.249,5,9,1.12,6.841,81.46
16:23:36.952,825.433544,43.4050625,6.0133904,234.265,5,9,1.12,7.039,85.41
16:23:37.046,825.527632,43.4050622,6.013393,234.281,5,9,1.12,7.443,90.11
16:23:37.144,825.625966,43.4050617,6.0133955,234.288,5,9,1.12,7.695,94.2
16:23:37.243,825.724558,43.405061,6.0133981,234.292,5,9,1.12,7.977,98.53
16:23:37.350,825.831786,43.4050604,6.0134007,234.286,5,9,1.12,8.215,102.0
16:23:37.445,825.926533,43.4050596,6.0134032,234.281,5,9,1.12,7.954,105.49
16:23:37.548,826.029843,43.4050587,6.0134058,234.272,5,9,1.12,8.123,110.74
16:23:37.648,826.129582,43.4050576,6.0134081,234.256,5,10,1.0,8.123,115.36
16:23:37.745,826.226816,43.4050564,6.0134104,234.24,5,9,1.28,7.993,119.82
16:23:37.849,826.330722,43.4050551,6.0134124,234.217,5,9,1.28,8.153,123.75
16:23:37.948,826.429555,43.4050539,6.0134144,234.194,5,9,1.28,8.049,127.25
16:23:38.048,826.529642,43.4050525,6.0134163,234.171,5,9,1.28,7.847,130.61
16:23:38.157,826.638612,43.4050511,6.013418,234.152,5,9,1.28,7.541,134.92
16:23:38.248,826.729629,43.4050496,6.0134196,234.129,5,9,1.28,7.345,138.63
16:23:38.348,826.82955,43.4050481,6.0134209,234.112,5,10,1.26,7.338,143.25
16:23:38.448,826.929595,43.4050467,6.0134223,234.104,5,10,1.25,7.106,145.66
16:23:38.549,827.030866,43.4050452,6.0134235,234.099,5,11,0.94,7.149,148.58
16:23:38.652,827.133616,43.4050436,6.0134247,234.088,5,11,0.94,7.132,149.18
16:23:38.751,827.232545,43.405042,6.0134256,234.08,5,11,0.94,7.102,152.97
16:23:38.849,827.330715,43.4050403,6.0134263,234.074,5,10,1.02,6.967,156.83
16:23:38.948,827.429606,43.4050388,6.0134268,234.071,5,10,1.02,7.026,159.67
16:23:39.049,827.530947,43.4050373,6.0134274,234.06,5,9,1.29,6.228,162.39
16:23:39.156,827.637867,43.4050358,6.013428,234.053,5,9,1.29,5.817,164.25
16:23:39.243,827.724725,43.4050343,6.0134287,234.038,5,9,1.29,5.543,166.22
16:23:39.346,827.827567,43.4050327,6.0134294,234.029,5,9,1.29,5.834,165.88
16:23:39.449,827.930531,43.4050311,6.0134302,234.016,5,9,1.29,6.171,165.86
16:23:39.552,828.033932,43.4050292,6.0134311,234.008,5,8,1.88,7.239,164.52
16:23:39.653,828.134611,43.4050273,6.0134321,234.003,5,11,1.13,8.184,163.94
16:23:39.752,828.233993,43.4050253,6.013433,233.997,5,11,1.13,8.601,162.86
16:23:39.855,828.336734,43.4050231,6.0134342,233.995,5,11,1.13,9.119,160.62
16:23:39.955,828.436637,43.4050208,6.0134354,234.008,5,12,0.99,9.603,160.58
16:23:40.055,828.536734,43.4050184,6.0134365,234.023,5,12,0.99,10.166,162.13
16:23:40.153,828.634714,43.4050158,6.0134375,234.033,5,12,0.99,10.708,163.48
16:23:40.256,828.737536,43.4050132,6.0134387,234.042,5,12,0.99,11.158,163.55
16:23:40.354,828.835606,43.4050106,6.0134402,234.049,5,12,0.99,11.708,161.39
16:23:40.453,828.934528,43.4050079,6.0134419,234.055,5,11,1.16,12.012,158.0
16:23:40.562,829.043927,43.4050051,6.0134436,234.061,5,11,1.03,12.418,156.57
16:23:40.653,829.134529,43.4050021,6.0134452,234.064,5,10,1.17,12.918,157.79
16:23:40.752,829.233547,43.404999,6.013447,234.068,5,10,1.17,13.496,157.77
16:23:40.851,829.332581,43.4049957,6.0134487,234.071,5,10,1.17,14.172,157.92
16:23:40.949,829.430617,43.4049924,6.0134505,234.076,5,10,1.17,14.523,158.74
16:23:41.052,829.533538,43.4049889,6.0134523,234.079,5,10,1.17,15.164,159.36
16:23:41.151,829.632673,43.4049854,6.0134541,234.084,5,10,1.17,15.462,159.64
16:23:41.250,829.731646,43.4049818,6.013456,234.085,5,10,1.17,15.646,159.12
16:23:41.350,829.831839,43.4049781,6.0134579,234.09,5,10,1.17,15.935,159.06
16:23:41.455,829.936505,43.4049744,6.0134599,234.091,5,10,1.17,16.262,159.01
16:23:41.554,830.035824,43.4049708,6.0134618,234.092,5,10,1.1,16.027,158.22
16:23:41.643,830.124485,43.4049674,6.0134633,234.087,5,8,1.29,15.44,159.84
16:23:41.744,830.225544,43.4049634,6.013465,234.08,5,9,1.18,15.142,161.37
16:23:41.845,830.326583,43.4049598,6.0134668,234.078,5,9,1.18,15.623,160.94
16:23:41.943,830.424512,43.4049563,6.0134685,234.07,5,9,1.18,15.46,161.68
16:23:42.043,830.52452,43.4049528,6.0134701,234.067,5,9,1.18,14.74,161.05
16:23:42.150,830.631675,43.4049494,6.0134716,234.018,5,10,1.4,14.61,161.53
16:23:42.244,830.725608,43.404946,6.0134731,233.959,5,8,3.47,14.559,163.46
16:23:42.343,830.824514,43.4049426,6.0134741,233.949,5,10,1.22,14.425,165.92
16:23:42.447,830.928513,43.4049395,6.0134751,234.003,5,11,1.05,14.216,167.86
16:23:42.547,831.028891,43.4049361,6.013476,234.007,5,11,1.05,13.957,170.04
16:23:42.650,831.131575,43.4049327,6.0134766,233.99,5,11,1.05,13.712,172.37
16:23:42.748,831.229554,43.4049294,6.0134771,233.935,5,9,2.6,13.208,174.28
16:23:42.844,831.326145,43.4049262,6.0134776,233.859,5,9,2.6,12.995,175.6
16:23:42.949,831.430553,43.4049229,6.0134782,233.853,5,9,2.6,12.751,176.46
16:23:43.053,831.534503,43.4049196,6.0134785,233.832,5,10,1.31,12.629,178.53
16:23:43.162,831.643757,43.4049165,6.0134783,233.847,5,10,1.31,12.425,180.4
16:23:43.250,831.73159,43.4049135,6.0134785,233.852,5,10,1.31,11.814,181.25
16:23:43.369,831.850539,43.4049106,6.0134784,233.898,5,9,1.52,11.438,181.01
16:23:43.456,831.937498,43.404908,6.013478,233.935,5,9,1.48,10.645,183.95
16:23:43.555,832.036811,43.4049053,6.0134775,233.948,5,12,0.88,10.012,187.89
16:23:43.651,832.132408,43.4049029,6.013477,233.95,5,12,0.93,9.886,189.08
16:23:43.743,832.224565,43.4049003,6.0134764,233.98,5,6,2.22,9.827,188.29
16:23:43.842,832.323573,43.4048981,6.0134755,234.026,5,6,2.22,9.367,191.07
16:23:43.946,832.427591,43.404896,6.0134748,234.058,5,6,2.66,8.488,192.94
16:23:44.040,832.521642,43.4048937,6.0134741,234.077,5,7,2.06,8.19,193.99
16:23:44.143,832.624779,43.4048917,6.0134733,234.099,5,8,1.63,8.151,194.31
16:23:44.246,832.727695,43.40489,6.0134724,234.101,5,7,2.29,7.782,196.38
16:23:44.345,832.826646,43.4048882,6.0134713,234.097,5,5,4.04,6.676,198.95
16:23:44.441,832.922547,43.4048863,6.0134701,234.095,5,6,4.31,6.495,200.88
16:23:44.540,833.021786,43.4048849,6.0134689,234.086,5,5,65.77,6.628,203.51
16:23:44.633,833.114506,43.4048834,6.0134678,234.083,2,9,2.58,6.365,204.24
16:23:44.739,833.220505,43.4048821,6.0134667,234.08,2,9,2.58,6.654,206.97
16:23:44.838,833.319546,43.4048807,6.0134654,234.079,2,9,2.58,7.33,207.99
16:23:44.938,833.419503,43.4048791,6.013464,234.083,2,8,2.63,8.327,207.17
16:23:45.027,833.509122,43.4048772,6.0134627,234.081,2,0,,8.997,205.43
16:23:45.135,833.616758,43.4048751,6.0134614,234.08,2,0,,9.651,208.66
16:23:45.245,833.726688,43.4048734,6.01346,234.086,2,13,0.73,9.441,208.39
16:23:45.325,833.806491,43.4048712,6.0134585,234.085,2,0,,9.693,208.39
16:23:45.422,833.903565,43.4048691,6.0134569,234.085,2,0,,9.938,208.39
16:23:45.548,834.02977,43.4048671,6.0134552,234.093,2,13,0.69,7.289,208.17
16:23:45.626,834.107671,43.4048655,6.013454,234.09,2,9,1.6,9.375,208.17
16:23:45.729,834.210451,43.4048634,6.0134525,234.092,2,9,1.32,8.09,208.18
16:23:45.826,834.307483,43.4048617,6.0134512,234.088,2,8,1.78,8.899,208.18
16:23:45.922,834.403736,43.4048597,6.0134498,234.087,2,0,,9.993,208.18
16:23:46.022,834.503595,43.4048575,6.0134481,234.085,2,0,,11.123,208.18
16:23:46.129,834.610762,43.4048576,6.013445,234.085,2,9,0.99,7.569,222.05
16:23:46.222,834.70385,43.4048562,6.0134433,234.084,2,0,,7.615,222.05
16:23:46.330,834.811778,43.4048548,6.0134415,234.083,2,0,1.16,6.486,222.05
16:23:46.427,834.90857,43.4048549,6.0134396,234.085,2,10,0.87,5.263,229.55
16:23:46.533,835.014764,43.4048542,6.0134382,234.085,2,9,0.98,6.188,229.7
16:23:46.631,835.112626,43.4048534,6.0134365,234.082,2,8,1.12,7.121,229.9
16:23:46.731,835.212449,43.4048524,6.0134346,234.079,2,8,1.16,6.993,230.15
16:23:46.832,835.313619,43.4048514,6.0134327,234.08,2,8,1.27,5.66,230.39
16:23:46.934,835.415538,43.4048507,6.0134312,234.08,2,7,1.31,5.486,230.65
16:23:47.029,835.510542,43.4048498,6.0134298,234.079,2,0,1.91,5.249,230.65
16:23:47.123,835.604455,43.404849,6.0134284,234.079,2,0,,5.639,230.65
16:23:47.233,835.714662,43.4048485,6.0134268,234.077,2,11,0.88,4.634,232.19
16:23:47.334,835.815809,43.404848,6.0134254,234.07,2,8,1.41,4.98,232.53
16:23:47.432,835.913512,43.4048475,6.013424,234.066,2,8,1.75,5.084,232.89
16:23:47.531,836.012765,43.4048469,6.0134225,234.062,2,7,44.25,6.349,233.27
16:23:47.632,836.113482,43.4048461,6.0134206,234.054,2,9,1.46,5.471,233.56
16:23:47.728,836.209509,43.4048454,6.013419,234.043,2,7,2.04,5.649,233.86
16:23:47.828,836.310281,43.4048446,6.0134174,234.031,2,7,3.74,4.489,233.95
16:23:47.934,836.41551,43.404844,6.0134162,234.031,2,0,,3.271,233.95
16:23:48.024,836.505571,43.4048435,6.0134153,234.03,2,0,,2.611,233.95
16:23:48.130,836.611481,43.4048447,6.013414,234.027,2,12,0.89,1.841,240.11
16:23:48.226,836.707697,43.4048445,6.0134134,234.027,2,0,,0.878,240.11
16:23:48.324,836.805621,43.4048444,6.0134131,234.027,2,0,,0.644,240.11
16:23:48.428,836.909557,43.4048448,6.0134128,234.023,2,12,0.89,0.407,242.09
16:23:48.525,837.006754,43.4048448,6.0134127,234.023,2,0,,0.622,242.09
16:23:48.625,837.106512,43.4048448,6.0134129,234.023,2,0,,0.185,242.09
16:23:48.728,837.209476,43.4048448,6.0134128,234.021,2,11,0.91,0.324,242.14
16:23:48.831,837.312459,43.404845,6.0134126,234.025,2,7,2.36,1.306,242.51
16:23:48.931,837.412592,43.4048449,6.0134122,234.024,2,0,1.54,2.085,242.51
16:23:49.026,837.507439,43.4048446,6.0134116,234.024,2,0,,1.365,242.51
16:23:49.127,837.608524,43.4048444,6.0134113,234.024,2,11,0.91,0.857,242.05
16:23:49.223,837.704686,43.4048443,6.013411,234.024,2,0,,1.409,242.05
16:23:49.327,837.808417,43.4048441,6.0134106,234.024,2,0,,1.937,242.05
16:23:49.430,837.911512,43.404843,6.0134105,234.03,2,12,0.88,1.226,237.38
16:23:49.525,838.006748,43.4048428,6.0134102,234.03,2,0,,1.437,237.38
16:23:49.625,838.106471,43.4048426,6.0134097,234.029,2,0,,1.706,237.38
16:23:49.731,838.21261,43.4048422,6.0134094,234.037,2,12,0.88,1.037,236.72
16:23:49.825,838.306445,43.404842,6.0134091,234.037,2,0,,0.102,236.72
16:23:49.932,838.413569,43.4048418,6.0134092,234.037,2,8,1.64,0.241,236.27
16:23:50.024,838.505477,43.4048418,6.0134093,234.037,2,0,,0.322,236.27
16:23:50.128,838.6095,43.4048418,6.0134093,234.037,2,0,,0.154,236.27
16:23:50.230,838.711676,43.4048418,6.0134094,234.038,2,11,0.88,0.006,236.27
16:23:50.324,838.805532,43.4048418,6.0134094,234.038,2,0,,0.515,236.27
16:23:50.429,838.910575,43.4048419,6.0134096,234.038,2,0,1.15,1.163,236.27
16:23:50.538,839.019727,43.4048419,6.0134099,234.04,2,11,0.88,1.119,236.08
16:23:50.632,839.113456,43.4048418,6.0134103,234.041,2,8,1.05,1.704,235.72
16:23:50.730,839.211432,43.4048421,6.0134108,234.041,2,0,1.27,1.245,235.72
16:23:50.825,839.306515,43.4048423,6.0134112,234.041,2,0,,1.795,235.72
16:23:50.932,839.413736,43.4048424,6.0134117,234.043,2,11,0.88,1.626,235.43
16:23:51.025,839.506529,43.4048426,6.0134122,234.043,2,0,,1.626,235.43
16:23:51.123,839.604606,43.4048428,6.0134127,234.043,2,0,,1.626,235.43
16:23:51.222,839.703724,43.404843,6.0134131,234.045,2,9,1.25,2.195,235.35
16:23:51.328,839.809469,43.4048433,6.0134137,234.046,2,0,,2.191,235.35
16:23:51.425,839.906524,43.4048436,6.0134143,234.046,2,0,,2.191,235.35
16:23:51.529,840.010729,43.4048438,6.013415,234.051,2,9,1.25,2.802,235.16
16:23:51.618,840.100353,43.4048442,6.0134158,234.051,2,0,,2.797,235.16
16:23:51.728,840.20944,43.4048446,6.0134165,234.052,2,0,,2.797,235.16
16:23:51.829,840.310524,43.4048448,6.0134174,234.057,2,8,1.27,3.806,235.02
16:23:51.924,840.405507,43.4048454,6.0134184,234.057,2,0,,3.802,235.02
16:23:52.020,840.501455,43.4048459,6.0134195,234.058,2,0,,3.802,235.02
16:23:52.131,840.612459,43.4048461,6.0134207,234.066,2,8,1.24,5.121,234.92
16:23:52.225,840.706478,43.4048468,6.0134221,234.067,2,0,,5.117,234.92
16:23:52.324,840.805721,43.4048476,6.0134235,234.068,2,0,,7.988,234.92
16:23:52.421,840.902554,43.4048487,6.0134258,234.069,2,0,,6.999,234.92
16:23:52.529,841.010802,43.4048497,6.0134277,234.07,2,0,,6.284,234.92
16:23:52.629,841.110399,43.4048503,6.0134295,234.079,2,7,3.46,5.636,235.29
16:23:52.726,841.207466,43.404851,6.0134311,234.08,2,0,,8.132,235.29
16:23:52.827,841.308546,43.4048522,6.0134334,234.081,2,0,,5.093,235.29
16:23:52.933,841.414661,43.4048526,6.013435,234.085,2,7,3.2,4.782,235.8
16:23:53.029,841.510422,43.4048533,6.0134364,234.086,2,0,33.64,5.334,235.8
16:23:53.148,841.629629,43.404853,6.0134406,234.087,2,0,,6.339,243.83
16:23:53.224,841.70547,43.4048533,6.0134427,234.097,2,7,2.8,5.139,244.14
16:23:53.344,841.825708,43.4048539,6.0134443,234.098,2,0,,5.767,244.14
16:23:53.437,841.918426,43.4048545,6.013446,234.098,2,0,,7.349,244.14
16:23:53.530,842.011788,43.4048548,6.0134484,234.108,2,7,2.8,5.782,244.54
16:23:53.618,842.099572,43.4048554,6.0134502,234.109,2,0,,5.789,244.54
16:23:53.728,842.209436,43.4048561,6.013452,234.11,2,0,,8.858,244.54
16:23:53.831,842.31246,43.4048569,6.0134545,234.117,2,6,54.16,6.96,244.44
16:23:53.927,842.408444,43.4048577,6.0134567,234.118,2,0,,7.321,244.44
16:23:54.019,842.500445,43.4048585,6.0134589,234.119,2,0,,7.589,244.44
16:23:54.132,842.613468,43.4048592,6.013461,234.126,2,6,54.27,6.504,244.33
16:23:54.227,842.708473,43.4048599,6.013463,234.127,2,0,,6.176,244.33
16:23:54.326,842.807622,43.4048606,6.0134649,234.128,2,0,,7.358,244.33
16:23:54.423,842.90452,43.4048613,6.0134669,234.134,2,6,54.37,5.449,244.2
16:23:54.529,843.010507,43.4048619,6.0134685,234.135,2,0,,5.43,244.2
16:23:54.628,843.109512,43.4048625,6.0134702,234.136,2,0,,3.671,244.2
16:23:54.730,843.211416,43.4048627,6.013471,234.142,2,6,54.48,2.917,244.05
16:23:54.820,843.301456,43.4048631,6.0134719,234.143,2,0,,3.426,244.05
16:23:54.930,843.411511,43.4048635,6.0134729,234.143,2,0,,4.128,244.05
16:23:55.021,843.502498,43.4048638,6.0134738,234.15,2,6,54.58,3.197,243.89
16:23:55.127,843.608409,43.4048642,6.0134748,234.15,2,0,,3.178,243.89
16:23:55.219,843.700589,43.4048645,6.0134758,234.151,2,0,,4.147,243.89
16:23:55.333,843.814548,43.4048649,6.0134766,234.157,2,6,54.69,2.598,243.66
16:23:55.418,843.899542,43.4048652,6.0134774,234.157,2,0,,3.332,243.66
