heure,timestamp,ax(g),ay(g),az(g),gx(deg/s),gy(deg/s),gz(deg/s),roll(deg),pitch(deg),yaw(deg)
14:19:15.878,389.503103,0.0000,0.0000,0.0000,0.0000,0.0000,0.0000,-5.8832,-10.2832,-79.4257
14:19:15.982,389.606854,0.0938,-0.3203,1.0044,18.6768,-55.0537,31.7993,-6.7401,-10.1569,-80.2661
14:19:16.082,389.706794,-0.5664,-0.0459,1.4043,-32.5317,59.1431,31.0669,-8.4540,-11.6400,-78.1293
14:19:16.182,389.806734,0.3740,-0.2085,0.7930,6.1646,-58.0444,-22.8271,-9.2505,-12.8430,-77.6074
14:19:16.282,389.906685,-0.0840,-0.1104,1.1421,-18.7378,24.1699,44.6777,-11.4752,-11.9257,-70.1971
14:19:16.382,390.006639,0.0200,-0.2173,0.9302,-4.7607,12.2681,-8.0566,-10.4535,-12.4310,-74.6576
14:19:16.482,390.106715,-0.0947,-0.1445,1.1138,-4.3945,-20.2637,28.0762,-10.4150,-10.9424,-72.5647
14:19:16.582,390.206644,0.0962,-0.1074,0.5430,-26.1841,-59.9365,-54.0771,-10.0140,-15.0183,-77.1515
14:19:16.682,390.306571,0.0449,-0.3809,0.9854,-3.2959,-19.1650,-31.5552,-10.9644,-15.7269,-75.3772
14:19:16.782,390.406543,-0.0195,-0.1421,0.9878,-4.0283,13.0615,-13.5498,-10.5139,-15.9796,-76.2012
14:19:16.882,390.506473,0.0928,0.0269,1.2007,3.2959,-28.8086,-13.5498,-8.4320,-15.6610,-81.6010
14:19:16.982,390.606433,0.0430,-0.0259,1.2031,-52.1851,-44.9829,-99.3042,-9.3713,-18.1714,-83.8092
14:19:17.082,390.706418,0.2427,-0.0068,0.5161,-55.2368,-5.8594,-137.0850,-10.3162,-21.4838,-91.9556
14:19:17.182,390.806380,0.2646,-0.0474,0.8774,24.0479,42.3584,-44.9829,-7.3224,-20.2094,-97.6794
14:19:17.282,390.906326,0.3071,-0.0942,1.2559,-36.1938,45.2271,22.6440,-5.1361,-17.5726,-97.4652
14:19:17.382,391.006287,0.0825,0.0254,0.8501,-26.9165,10.3149,-17.8223,-5.9766,-16.7102,-100.4041
14:19:17.482,391.106302,-0.0405,0.0576,1.2378,-1.2207,44.5557,3.3569,-6.5973,-13.0408,-100.9918
14:19:17.582,391.206260,0.1934,0.0039,0.7295,-31.4941,6.2866,-2.8687,-6.4215,-14.1064,-100.4260
14:19:17.682,391.306195,0.0864,0.0840,0.9736,-17.5171,-11.6577,-4.0894,-6.0699,-12.7606,-101.2610
14:19:17.782,391.406127,0.0698,-0.0376,1.2412,15.4419,31.1279,-16.3574,-6.0260,-11.0028,-101.9806
14:19:17.882,391.506104,0.1587,0.0903,0.7954,-20.3857,7.5073,8.2397,-6.8280,-10.4590,-100.9863
14:19:17.981,391.606043,0.0298,0.1177,0.8237,-32.4707,-9.8877,9.5215,-6.4380,-9.5911,-100.7556
14:19:18.081,391.706012,-0.0049,0.1968,1.1948,-6.7139,-11.6577,17.7612,-6.1853,-8.6243,-99.7943
14:19:18.181,391.805961,0.1299,0.1440,0.7964,-1.2817,-8.7891,23.9868,-8.2343,-11.9751,-96.5314
14:19:18.281,391.905960,-0.0435,0.1714,1.1094,-16.4185,-15.8081,15.9912,-7.2070,-10.8710,-95.0317
14:19:18.381,392.005870,0.0889,0.1440,0.9390,-18.3105,1.5869,19.8364,-7.6410,-9.7833,-92.5983
14:19:18.481,392.105896,0.0347,0.4336,1.1299,9.2773,-5.0049,33.9966,-6.8555,-8.9429,-89.9121
14:19:18.581,392.206053,-0.1040,0.3496,1.0586,15.1367,5.3101,40.4053,-5.3229,-8.9539,-87.1161
14:19:18.681,392.305824,0.0938,0.3784,1.0015,6.1646,-9.8877,45.7764,-4.2133,-9.0417,-81.9250
14:19:18.781,392.405752,0.1304,0.4189,1.0508,-1.8311,-10.2539,31.7993,-3.0048,-9.9042,-77.9590
14:19:18.881,392.505718,0.1206,0.2168,0.8916,1.5869,-23.4985,21.6064,-1.8787,-9.5746,-75.0311
14:19:18.981,392.605677,0.2217,-0.0239,1.1606,15.3198,8.3618,3.4180,-0.6372,-8.3606,-73.9929
14:19:19.081,392.705652,0.0415,0.1514,0.8848,-18.7988,10.5591,10.5591,-1.4996,-7.8772,-73.3282
14:19:19.181,392.805607,0.0737,0.2949,1.0420,2.9907,-3.5400,0.9766,-0.4779,-7.3334,-71.9769
14:19:19.281,392.905578,0.0825,0.3179,1.0840,6.1035,2.9297,36.7432,-0.4614,-6.8335,-68.9941
14:19:19.381,393.005593,-0.1616,0.3486,1.0601,9.9487,18.4326,33.0811,0.8789,-6.3666,-66.6211
14:19:19.481,393.105612,0.0132,0.3843,0.9360,-3.6011,13.3667,42.7856,1.4282,-4.5648,-61.9684
14:19:19.581,393.205516,-0.0171,0.6177,0.9912,1.5259,9.3994,58.2886,2.4060,-2.8619,-56.5466
14:19:19.681,393.305645,-0.0923,0.5674,0.9229,1.1597,4.0894,69.8853,3.2410,-3.2190,-50.7568
14:19:19.781,393.405586,0.0835,0.3374,0.9155,-3.2349,-5.8594,31.1890,4.7296,-3.2410,-45.3186
14:19:19.881,393.505550,0.2300,0.2959,0.9194,-26.8555,2.2583,32.4097,4.4220,-3.1091,-41.6547
14:19:19.981,393.605499,-0.1182,0.2080,0.9536,4.6997,-16.9067,30.3345,5.4053,-4.0265,-39.3640
14:19:20.081,393.705467,0.1646,0.2832,1.3340,15.6860,-3.4180,16.4795,5.9052,-4.2023,-36.1560
14:19:20.181,393.805429,0.0269,0.2305,0.6558,-4.7607,6.8970,43.8232,5.6525,-5.9052,-33.1128
14:19:20.281,393.905381,-0.1636,0.1040,0.9312,-10.6812,-26.6113,35.6445,5.6689,-5.9106,-30.7892
14:19:20.381,394.005459,-0.0088,0.5293,1.3364,4.1504,13.9771,30.3955,5.7733,-5.4163,-26.9000
14:19:20.481,394.105464,0.1411,0.4189,1.2520,11.1084,12.9395,45.4712,5.9326,-6.0699,-23.1097
14:19:20.581,394.205320,-0.1050,0.2896,0.9727,-2.3804,6.5918,37.4146,5.7678,-6.8115,-20.8411
14:19:20.681,394.305233,0.0488,0.1489,0.9863,13.3057,-12.2070,19.2261,6.1853,-6.5808,-17.1442
14:19:20.781,394.405185,0.0464,0.4814,1.0620,0.3052,15.9302,43.8843,7.7179,-6.8555,-13.9197
14:19:20.881,394.505203,0.1948,0.2939,1.0400,15.8691,15.6250,-4.3945,8.4100,-6.8719,-12.3926
14:19:20.981,394.605169,0.0889,0.1152,0.7925,0.9766,-11.8408,18.9819,9.2065,-7.1796,-10.5304
14:19:21.081,394.705124,0.0630,0.4033,1.0659,-5.1880,-10.6812,14.4653,9.9811,-7.6245,-8.1683
14:19:21.180,394.805096,0.0815,0.2446,0.8516,3.7231,1.8921,28.7476,10.4041,-7.8387,-5.7678
14:19:21.280,394.905037,0.1226,0.1909,1.2461,-4.6387,16.5405,-21.0571,10.4865,-6.5808,-5.5756
14:19:21.380,395.005115,0.0459,0.0151,0.8345,8.4229,-11.9629,8.4839,10.4919,-6.2018,-7.0917
14:19:21.480,395.105031,0.1865,0.1201,1.2031,-11.5356,5.6152,11.0474,10.6183,-6.7181,-7.0862
14:19:21.580,395.204957,0.0562,0.1050,0.8193,8.9722,-7.0801,1.4038,10.4095,-7.2894,-6.6467
14:19:21.680,395.304916,0.1123,0.1689,1.1826,2.1973,-2.9907,24.4751,10.5469,-7.6355,-4.6637
14:19:21.780,395.404870,0.0195,0.2358,0.8618,16.3574,-3.6011,9.2773,10.2887,-7.8442,-3.4222
14:19:21.880,395.504820,0.0244,0.1982,1.0112,-6.7749,5.1270,36.2549,10.1898,-7.1960,-0.6592
14:19:21.980,395.604777,0.0776,0.3062,0.9116,8.1787,-4.9438,22.1558,10.5414,-7.0203,2.4280
14:19:22.080,395.704749,0.0200,0.0269,1.0845,0.1831,5.6763,13.3057,10.1898,-7.0642,3.4058
14:19:22.180,395.804756,-0.0332,0.3711,0.9365,-46.3867,-23.0713,-2.9907,10.1898,-7.2784,2.2852
14:19:22.280,395.904712,0.1157,0.0479,1.1377,2.4414,-5.4321,28.5645,6.3831,-8.8055,4.9219
14:19:22.380,396.004669,0.0171,0.1924,1.0703,9.2773,15.8081,10.7422,7.1466,-10.2173,5.3284
14:19:22.480,396.104734,0.2915,-0.0942,0.6836,-1.6479,-14.0381,40.5273,6.1304,-10.5469,7.4268
14:19:22.580,396.204753,0.0005,0.0806,1.4082,11.9019,8.9111,47.3633,6.3666,-10.4150,10.9369
14:19:22.680,396.304615,0.3735,0.1577,0.6333,7.2632,-15.0146,34.3018,6.3446,-14.2163,13.1891
14:19:22.780,396.404551,0.0312,-0.0708,1.2729,-14.9536,-27.2827,-6.7139,5.9326,-11.5247,16.0455
14:19:22.880,396.504536,0.4399,-0.1226,0.7969,8.0566,-34.9731,27.8931,4.5703,-14.3207,16.9025
14:19:22.980,396.604507,0.1196,-0.0679,1.3965,25.4517,33.6914,13.1226,4.9274,-11.7059,18.6823
14:19:23.080,396.704444,0.3857,0.0010,0.6763,1.5259,-14.2822,14.8315,3.7958,-13.2111,19.3359
14:19:23.180,396.804443,0.0664,-0.0283,1.2192,3.3569,0.6714,2.6855,4.6912,-13.3539,21.0828
14:19:23.280,396.904390,0.1694,-0.1084,0.9141,7.3853,41.9312,12.1460,3.2025,-13.1012,21.8958
14:19:23.380,397.004413,0.7012,-0.3013,0.9961,-4.6387,11.9629,27.5879,3.4552,-9.7559,23.8678
14:19:23.480,397.104455,0.1123,0.0645,0.9834,16.9067,-10.1318,5.1270,3.9166,-8.8715,23.2745
14:19:23.580,397.204353,0.0972,0.0366,1.0015,135.3760,-49.4995,-36.1328,4.8999,-11.4478,21.9507
14:19:23.680,397.304313,0.2729,-0.0356,1.2534,-18.7988,-7.2632,0.4883,7.3334,-11.5686,21.1102
14:19:23.780,397.404288,0.1338,-0.0923,1.1660,8.4839,2.0142,-0.6104,3.7134,-10.2283,22.9340
14:19:23.880,397.504226,0.1226,0.0068,1.3018,19.2871,-48.1567,-24.9634,5.4822,-13.2111,21.5002
14:19:23.980,397.604238,0.3389,-0.0264,0.6006,-37.5366,52.4292,25.3906,7.8827,-16.6168,19.7754
14:19:24.079,397.704156,0.3506,-0.0894,1.1118,23.1934,-8.5449,-15.9912,6.0974,-11.9202,19.7095
14:19:24.179,397.804104,0.1479,-0.0635,1.0449,22.6440,3.0518,-35.5835,6.7621,-13.4033,19.1272
14:19:24.279,397.904045,0.1543,-0.0684,0.9180,7.8735,4.1504,-18.9209,7.4597,-13.3154,16.9629
14:19:24.379,398.003988,0.2627,-0.1230,1.0010,-2.8687,1.2207,-10.0098,6.8719,-12.9144,15.5017
14:19:24.479,398.104080,0.3730,-0.0894,0.8828,2.0142,-7.2021,-11.6577,6.0919,-12.3706,14.5898
14:19:24.579,398.203937,0.1919,-0.2358,1.2510,7.9346,-1.0986,-22.5220,5.8887,-11.9257,13.8098
14:19:24.679,398.303913,0.1704,-0.0991,1.2949,-16.9067,28.0762,-15.8691,6.0205,-12.1783,11.7664
14:19:24.779,398.403853,0.2798,-0.0674,0.7349,0.6714,-5.8594,-15.5029,5.3668,-11.8652,9.8328
14:19:24.879,398.503846,0.2661,-0.1245,0.9434,-2.5024,-10.0098,-18.4937,4.4550,-11.1456,8.5748
14:19:24.979,398.603797,0.2930,-0.2622,0.9067,14.5264,-27.3438,-25.1465,4.3506,-12.0410,6.7401
14:19:25.079,398.703795,0.1855,-0.3477,1.2573,-4.2725,-2.3193,-14.5264,3.6969,-11.9366,4.5813
14:19:25.179,398.803816,0.2949,-0.1416,0.7935,9.5215,-11.8408,-15.4419,3.3673,-13.3759,2.8949
14:19:25.279,398.903802,0.2354,-0.3501,1.1421,5.2490,-7.9346,-23.6206,2.1368,-12.0959,1.3513
14:19:25.379,399.003700,-0.0054,-0.1763,1.2095,9.8877,8.6670,-13.7939,1.5985,-12.5134,-0.4175
14:19:25.479,399.103758,0.2778,-0.2852,1.0122,-0.0610,-14.8315,-20.0195,0.4504,-12.4310,-2.1863
14:19:25.579,399.203679,0.4038,-0.2832,0.9561,-14.4043,-0.6714,-16.9678,-0.5109,-12.4750,-3.6914
14:19:25.679,399.303633,0.1782,-0.1904,1.0034,11.8408,-1.8311,-19.2261,-0.5658,-12.7551,-5.3394
14:19:25.779,399.403619,0.1006,-0.2803,1.3530,5.2490,-6.1035,-12.8784,-1.5381,-12.4750,-6.7291
14:19:25.879,399.503582,0.2935,-0.2705,0.8804,-22.9492,14.8315,-9.6436,-1.7029,-13.2385,-8.3386
14:19:25.979,399.603504,0.3501,-0.0845,1.0376,-9.3994,6.7749,-13.2446,-2.0984,-13.1836,-9.9152
14:19:26.079,399.703489,0.2700,-0.0259,0.9561,-14.3433,5.3101,-1.0376,-2.5378,-13.7659,-10.8710
14:19:26.179,399.803505,0.2427,-0.0972,0.8965,-22.8882,22.5830,-1.0986,-2.9718,-13.3539,-11.9586
14:19:26.279,399.903448,0.2593,-0.1240,1.0093,-5.3101,-5.9814,-21.4844,-3.1311,-13.4033,-13.5297
14:19:26.379,400.003467,0.1997,-0.1719,1.3486,-9.8267,12.7563,-17.0288,-3.7738,-13.5406,-14.8645
14:19:26.479,400.103487,0.1357,-0.0952,1.3584,-20.9351,43.2739,-2.0752,-4.2462,-13.8263,-16.1005
14:19:26.579,400.203419,0.3042,0.0298,0.8271,-21.7285,6.2866,5.9814,-4.1858,-14.2822,-17.4023
14:19:26.679,400.303322,0.1753,-0.0830,1.0039,2.0752,5.0659,-22.0337,-4.6033,-14.1779,-18.1879
14:19:26.779,400.403293,0.0747,-0.1753,1.2246,-4.8828,-5.1270,-13.7939,-4.9438,-14.2657,-19.3030
14:19:26.879,400.503271,0.1528,-0.1431,1.0508,0.6714,3.1738,-8.3008,-5.5426,-14.5624,-20.0775
14:19:26.979,400.603241,0.2827,-0.2295,0.9810,-3.5400,-7.5684,-12.8784,-5.3284,-14.8425,-21.4014
14:19:27.079,400.703212,0.1567,-0.1772,0.9214,3.1738,-1.9531,-0.2441,-5.9326,-14.8700,-21.9232
14:19:27.179,400.803185,0.2104,-0.1548,1.0249,-7.5684,-12.3901,-6.7139,-6.1469,-15.1776,-22.4231
14:19:27.279,400.903212,0.0933,-0.0796,1.1890,-5.1270,24.1089,-10.3760,-6.5039,-14.9084,-23.0823
14:19:27.379,401.003183,0.2588,-0.1143,1.0698,3.8452,9.9487,-3.4180,-6.5094,-14.6722,-23.6810
14:19:27.479,401.103219,0.2217,-0.0703,0.9497,-1.2207,14.9536,-0.6714,-6.1084,-14.4031,-24.3732
14:19:27.579,401.203158,0.2837,-0.0791,0.9536,3.5400,-0.9155,1.2817,-5.6415,-14.7491,-24.8621
14:19:27.678,401.303078,0.1738,-0.0776,0.9985,4.5166,-3.2349,-5.8594,-5.4822,-14.8810,-25.3180
14:19:27.778,401.403063,0.1802,0.0146,0.8770,-2.7466,0.0000,2.9297,-5.4053,-15.1831,-25.3949
14:19:27.878,401.503045,0.2598,-0.0391,1.0073,12.7563,1.5259,-10.1318,-5.3394,-14.6173,-25.1257
14:19:27.978,401.602970,0.0493,0.0322,0.9492,-11.8408,-7.8125,13.8550,-5.4987,-14.4525,-24.4940
14:19:28.078,401.702946,0.1221,0.0659,1.1816,-1.7700,-5.7373,-5.6152,-5.2240,-13.8208,-24.5105
14:19:28.178,401.802897,0.2896,-0.0830,1.3667,-2.6855,15.1367,-18.5547,-5.0592,-13.6780,-25.2026
14:19:28.278,401.902888,0.1597,-0.1123,0.8130,-29.6631,15.1367,-4.6387,-4.8450,-14.1284,-25.9991
14:19:28.378,402.002847,0.2803,-0.0376,1.0962,-6.5918,4.0283,-5.9814,-4.8230,-13.4528,-27.0868
14:19:28.478,402.102899,0.3071,-0.0508,1.0947,-7.7515,5.0659,-5.4321,-4.5483,-13.7000,-27.6801
14:19:28.578,402.202875,0.3301,-0.0430,1.0493,10.0708,-24.8413,-6.5918,-3.9935,-13.9636,-27.8778
14:19:28.678,402.302773,0.1694,-0.0928,1.0811,-29.8462,10.9863,7.6904,-4.3781,-14.0131,-27.4658
14:19:28.778,402.402729,0.0908,0.0283,1.3281,3.2349,-12.5122,-5.0049,-3.7024,-14.2438,-27.7185
14:19:28.878,402.502725,0.3384,-0.0610,1.2329,-35.7056,14.3433,-10.9253,-3.7573,-14.6283,-28.2678
14:19:28.978,402.602674,0.1646,0.0020,1.3472,-4.3945,-7.6904,9.2773,-3.7573,-14.6063,-27.9492
14:19:29.078,402.702630,0.0752,0.2808,1.0776,-8.7280,5.2490,4.6387,-3.4058,-14.7162,-27.9382
14:19:29.178,402.802588,0.2051,0.0571,1.2646,-9.8267,28.0151,-15.0146,-3.5760,-14.7327,-27.1582
14:19:29.278,402.902570,0.0791,0.1050,0.4209,-45.9595,53.7720,-4.6997,-3.6475,-16.2158,-26.6034
14:19:29.378,403.002577,0.0649,0.0400,1.3530,-19.5923,0.3662,-8.4839,-2.5983,-16.6937,-26.8726
14:19:29.478,403.102637,0.3950,-0.0195,1.5464,-37.5977,56.0913,-1.2207,-3.0542,-17.1167,-25.9058
14:19:29.578,403.202580,0.3667,-0.0303,1.1289,-9.5825,6.8359,40.7104,-6.1578,-15.5786,-25.2081
14:19:29.678,403.302512,0.3076,-0.0186,0.8062,32.1045,57.3730,-19.8975,-5.6195,-16.0675,-25.5322
14:19:29.778,403.402476,0.1934,0.5278,0.5024,-171.5088,31.0059,14.6484,1.2689,-12.7881,-24.8785
14:19:29.878,403.502462,0.1670,0.0537,1.1631,-0.7935,75.9888,-78.4302,-1.9775,-11.6565,-23.8953
14:19:29.978,403.602448,0.0659,0.0947,0.6177,-121.2769,37.9639,-14.7095,-0.6702,-11.2390,-29.2841
14:19:30.078,403.702370,-0.0737,0.1050,0.9194,27.5269,-14.5874,-7.5684,-0.8075,-8.5968,-29.9487
14:19:30.178,403.802333,0.4766,-0.0015,0.9512,10.1318,3.3569,5.2490,-1.4722,-8.0969,-29.3555
14:19:30.278,403.902297,-0.0093,0.1113,1.1016,-22.8271,35.9497,10.6201,-1.0547,-7.4982,-29.1907
14:19:30.378,404.002290,-0.0156,0.1255,1.0288,15.7471,37.2314,5.8594,-0.3955,-7.1851,-29.1797
14:19:30.478,404.102331,0.0708,0.1367,0.7905,-3.5400,-51.3916,-7.2021,0.4449,-6.1963,-29.2621
14:19:30.578,404.202267,0.1973,-0.0146,1.1792,14.7095,27.1606,-10.2539,0.7471,-5.8777,-29.0039
14:19:30.678,404.302202,0.0503,0.0737,1.4326,13.1836,31.6162,8.3008,0.7141,-5.7349,-29.3774
14:19:30.778,404.402188,0.0913,0.1270,0.4717,-13.2446,10.3149,-0.5493,1.3019,-6.0754,-29.5862
14:19:30.878,404.502256,0.1782,0.0732,0.5522,-16.1743,11.5356,6.7139,1.2469,-5.6635,-29.3774
14:19:30.978,404.602130,-0.0107,0.0869,1.2534,-12.9395,4.6387,6.7139,1.0712,-5.3888,-29.5312
14:19:31.077,404.702107,0.2900,0.0493,0.7520,-12.7563,-5.9814,-3.6011,1.4996,-4.6802,-29.5367
14:19:31.177,404.802052,0.1494,0.0298,1.5532,-3.0518,15.5029,4.8218,1.3843,-3.9496,-29.7455
14:19:31.277,404.902085,-0.0625,0.0830,1.0728,-16.9067,40.8936,-1.4038,1.6260,-4.4110,-30.0806
14:19:31.377,405.002026,0.2046,0.0835,0.7051,2.7466,-6.7749,-1.0376,1.4557,-3.6310,-29.8499
14:19:31.477,405.102065,-0.0977,0.0967,0.6040,-11.8408,38.2690,9.2163,1.9501,-4.2627,-30.3497
14:19:31.577,405.201990,0.0835,0.1714,0.7471,3.0518,-1.0376,-9.5215,2.1698,-3.4497,-30.6134
14:19:31.677,405.301928,0.0112,0.0513,1.2578,-7.6294,-15.4419,4.3945,1.9336,-3.6859,-30.6189
14:19:31.777,405.401907,0.1147,0.1099,1.0142,8.1787,6.3477,1.7090,1.8622,-3.0487,-30.6573
14:19:31.877,405.501876,0.0166,0.0757,0.7925,-5.6763,4.3945,4.2725,2.3785,-4.0155,-30.7782
14:19:31.977,405.601854,0.2021,0.1055,0.8032,-6.8970,-21.4233,-2.3193,3.0762,-3.5431,-30.9045
14:19:32.077,405.701838,0.1406,0.0293,1.0737,16.2354,17.6392,-4.5166,2.9169,-3.5815,-31.1353
14:19:32.177,405.801775,0.1987,0.0029,0.7856,-3.5400,-1.9531,1.5869,2.9443,-3.5541,-31.5198
14:19:32.277,405.901725,-0.0044,0.0098,1.1519,-6.4087,-2.1362,-3.4180,2.4994,-3.4717,-31.7450
14:19:32.377,406.001685,-0.1011,0.0771,0.8892,-5.9814,-7.3242,-4.9438,2.8125,-4.0375,-32.3547
14:19:32.477,406.101798,-0.0391,0.0513,1.2363,2.6855,-22.4609,-18.4326,2.4335,-4.6252,-32.8656
14:19:32.577,406.201667,0.1128,-0.0366,1.2070,22.2778,11.2305,-0.3052,2.4609,-4.2847,-33.7775
14:19:32.677,406.301616,0.0991,0.0674,1.1929,-8.6670,-15.1367,-1.4648,1.8567,-4.2847,-33.1897
14:19:32.777,406.401579,0.0391,0.0405,0.8901,0.4272,-18.2495,29.4189,2.7081,-4.9109,-34.9365
14:19:32.877,406.501533,0.0767,0.1011,1.0669,-7.8735,1.5869,-3.6011,2.2467,-5.1416,-34.2773
14:19:32.977,406.601528,0.0620,-0.0547,0.9692,14.5264,17.3950,26.7334,2.1039,-6.1853,-33.4314
14:19:33.077,406.701488,-0.0493,-0.5371,0.7354,72.7539,-31.8604,41.3208,3.0432,-8.3386,-29.4598
14:19:33.177,406.801444,0.1655,0.0874,0.5728,-70.7397,47.3633,14.8926,4.6967,-9.8053,-24.8676
14:19:33.277,406.901428,0.1694,0.4688,1.5796,-116.0889,76.2329,-12.0239,6.5424,-8.4210,-25.8673
14:19:33.377,407.001380,-0.1646,-0.0928,0.6445,106.2622,-46.5698,-34.9121,7.3059,-9.3549,-26.5704
14:19:33.477,407.101526,0.2236,0.1006,1.2925,-125.4883,88.9282,24.1089,2.6532,-6.1798,-25.9552
14:19:33.577,407.201345,0.0332,0.1299,0.8701,20.4468,-4.9438,16.9067,4.2517,-7.0203,-24.7192
14:19:33.677,407.301259,0.0488,0.2202,1.0361,1.8921,12.6343,5.1880,3.8452,-5.9381,-22.9669
14:19:33.777,407.401271,0.0127,-0.0352,0.9741,3.9673,30.9448,20.3247,2.1753,-3.0048,-20.1544
14:19:33.877,407.501211,0.1743,-0.0649,0.9624,-2.3193,5.9814,47.4854,2.0215,-2.3676,-17.9187
14:19:33.977,407.601128,-0.0347,0.1021,0.7207,-7.2632,-0.8545,0.0000,2.3291,-2.4994,-17.4628
14:19:34.077,407.701143,-0.0898,0.0708,0.8569,17.2729,-25.5127,-0.6714,2.7795,-2.3016,-17.3914
14:19:34.177,407.801107,0.0400,0.0410,1.0181,26.9165,-9.5825,-0.7324,3.0103,-2.5653,-17.5177
14:19:34.276,407.901075,0.1069,0.0913,1.0635,9.7656,4.6997,-1.2207,2.4060,-2.4884,-17.7374
14:19:34.376,408.001021,0.0166,0.0005,0.8091,3.2349,-5.0049,-1.1597,3.0157,-2.6862,-18.1879
14:19:34.476,408.101104,0.0269,0.0249,0.9136,6.8359,2.5635,1.9531,3.0048,-2.4170,-18.3966
14:19:34.576,408.201018,0.0649,0.0571,1.1895,-0.8545,0.5493,7.0801,2.4280,-2.3126,-18.4570
14:19:34.676,408.300939,-0.0337,0.0352,1.0425,-14.4043,3.7231,8.9111,2.4884,-2.0544,-18.4296
14:19:34.776,408.400908,-0.0752,0.0928,0.9282,0.6714,1.4648,-8.3618,2.4445,-1.6864,-18.7482
14:19:34.876,408.500889,0.1440,-0.0483,1.0825,0.5493,2.4414,-9.0332,2.2742,-1.3788,-18.8086
14:19:34.976,408.600870,0.0161,-0.1484,0.9946,-3.1738,-2.1973,-7.3853,1.6974,-1.6150,-19.6545
14:19:35.076,408.700886,-0.0830,-0.0596,1.0166,-19.7144,-0.8545,3.0518,1.8896,-1.3733,-20.5829
14:19:35.176,408.800807,0.0625,0.0264,1.0142,0.9155,-1.1597,4.7607,1.9556,-1.4227,-20.5774
14:19:35.276,408.900783,0.1655,0.0605,1.1396,-13.7329,-4.5166,5.1270,1.8677,-1.2854,-20.1270
14:19:35.376,409.000742,-0.0752,0.0371,1.1230,-14.0991,-6.2256,5.8594,2.1643,-1.2305,-20.8136
14:19:35.476,409.100795,0.1138,-0.0205,1.0933,-5.2490,-8.5449,-7.3853,1.9116,-1.1261,-20.5664
14:19:35.576,409.200741,0.0483,-0.0347,0.9272,7.0801,-8.1787,-1.1597,1.8237,-1.0217,-20.7367
14:19:35.676,409.300676,0.0342,0.0015,1.1270,2.8076,-4.8828,2.5635,2.0709,-0.8569,-21.0773
14:19:35.776,409.400611,0.2607,-0.0200,1.2598,1.5869,-5.3711,-9.3384,1.4722,-1.0767,-21.2311
14:19:35.876,409.500577,0.0649,-0.0312,1.1855,-13.6108,2.5024,5.0049,0.8954,-0.8240,-21.0828
14:19:35.976,409.600549,-0.0449,0.0674,1.1836,-24.5361,0.7324,1.6479,0.7635,-0.9503,-21.2860
14:19:36.076,409.700552,-0.1470,0.0801,0.8892,21.4844,7.6904,-4.2114,1.6095,-0.4669,-21.4948
14:19:36.176,409.800502,0.1777,-0.0347,0.9946,41.6260,9.3384,-19.2871,0.9229,-0.6592,-21.0168
14:19:36.276,409.900474,0.0151,-0.0459,0.9033,-21.3013,-5.1880,17.2119,0.0604,-1.0767,-20.5829
14:19:36.376,410.000530,0.0371,0.0054,0.8267,-29.2969,-14.2212,30.1514,1.3129,-1.6260,-21.6870
14:19:36.476,410.100555,0.2378,-0.0190,1.3218,13.9160,-15.0146,-14.7705,0.7526,-1.4996,-21.7749
14:19:36.576,410.200449,0.1426,-0.1274,0.8115,7.5073,-6.5918,-1.8921,0.4285,-1.7084,-21.6705
14:19:36.676,410.300370,0.0044,-0.0996,1.1182,1.0376,-3.7842,-4.8218,-0.0385,-1.4447,-22.1814
14:19:36.776,410.400338,0.1099,-0.1099,1.0005,4.5776,1.5869,-2.4414,-0.1208,-1.4612,-22.5275
14:19:36.876,410.500324,0.0723,-0.0605,0.9004,5.4932,-1.0986,1.0986,0.0110,-1.3843,-22.7087
14:19:36.976,410.600264,0.0903,-0.0859,1.0288,3.2959,-1.1597,-1.3428,-0.2252,-1.3403,-23.0603
14:19:37.076,410.700251,0.0259,-0.0625,0.9429,-5.6152,-3.3569,-2.1973,-0.7526,-1.2689,-23.2306
14:19:37.176,410.800222,-0.3696,-0.0337,0.8701,-4.0283,-6.0425,7.5684,-0.5273,-1.0712,-23.3569
14:19:37.276,410.900181,-0.0186,-0.2539,0.9692,22.5220,-13.3057,-9.7656,-0.0549,-0.6757,-24.2303
14:19:37.376,411.000175,-0.3535,-0.2139,1.0225,32.2266,-5.2490,-14.9536,-0.5493,-0.5878,-25.2081
14:19:37.476,411.100512,-0.0781,-0.3232,1.2441,-1.0376,1.9531,-25.9399,-1.4172,-0.3790,-26.5210
14:19:37.575,411.200187,-0.0693,-0.2847,0.8989,-11.9629,-9.5215,-8.0566,-1.3623,-0.1263,-27.4384
14:19:37.675,411.299992,-0.2007,-0.2007,0.9888,20.5688,-17.2119,-7.5073,-1.3348,-0.1154,-29.0863
14:19:37.775,411.400091,-0.0986,-0.2534,0.9277,-2.6245,-7.0801,-11.5967,-2.3346,-0.1154,-30.7288
14:19:37.875,411.499988,-0.1753,-0.3828,1.0293,14.5264,-2.1973,-22.5220,-3.4607,-0.1978,-32.5525
14:19:37.975,411.599962,-0.1597,-0.5562,1.3296,-3.5400,3.2959,-42.7856,-4.2023,-0.0549,-34.8322
14:19:38.075,411.699910,-0.0986,-0.4888,1.0693,-3.4790,7.1411,-15.8691,-4.7461,0.1538,-37.4194
14:19:38.175,411.799908,-0.1353,-0.3760,0.8779,14.4043,-1.1597,-11.7798,-5.2295,0.0275,-39.7540
14:19:38.275,411.899849,-0.0889,-0.4180,1.0464,1.5259,-4.0894,-29.7852,-6.1633,0.1263,-41.3251
14:19:38.375,411.999802,-0.0830,-0.4634,0.8584,13.8550,0.3052,-15.9912,-6.7950,0.4120,-43.0884
14:19:38.475,412.099974,-0.2651,-0.3433,0.7119,43.6401,2.3193,-27.5269,-7.8058,0.1208,-45.0769
14:19:38.575,412.200054,-0.0308,-0.5752,0.8936,8.7280,-29.4189,-29.6631,-8.5529,0.8405,-46.4557
14:19:38.675,412.299721,0.1333,-0.3730,0.6909,21.1792,-10.4370,-15.1978,-8.6133,-0.0879,-49.3451
14:19:38.775,412.399708,-0.2207,-0.3853,0.7925,32.9590,-5.1270,-37.1704,-10.2008,-0.2472,-50.1251
14:19:38.875,412.499694,0.0591,-0.5562,1.0859,0.7935,-13.3057,-11.8408,-10.4370,-0.4724,-51.7511
14:19:38.975,412.599675,0.0347,-0.2368,1.0225,-24.8413,-11.9019,-2.5635,-10.2063,-1.0986,-53.2452
14:19:39.075,412.699596,0.0410,-0.2651,0.9443,-8.1787,-14.5874,-15.3809,-10.4480,-1.5875,-54.7064
14:19:39.175,412.799566,0.1362,-0.2983,1.1606,-11.7798,-11.7798,-23.0713,-11.2610,-2.0215,-56.2061
14:19:39.275,412.899503,-0.0684,-0.3647,0.9565,0.4883,-10.4370,-11.3525,-11.6785,-2.3181,-57.7332
14:19:39.375,412.999449,-0.0205,-0.0967,0.8652,-2.9907,-9.9487,17.6392,-12.0410,-2.8070,-59.1229
14:19:39.475,413.099497,-0.1519,-0.3057,0.9736,11.5967,-1.4038,-24.6582,-12.3102,-2.9938,-60.1721
14:19:39.575,413.199418,0.0825,-0.4478,1.0977,-11.7188,-0.4272,-30.5176,-12.8320,-3.0817,-62.4683
14:19:39.675,413.299359,0.1187,-0.4805,0.9209,-22.2168,-11.8408,-21.2402,-12.7606,-3.6530,-65.2533
14:19:39.775,413.399306,-0.0054,-0.3501,0.8721,-3.7842,-6.3477,-16.1743,-13.0298,-4.1034,-68.6865
14:19:39.875,413.499280,0.0859,-0.5186,1.1133,-10.3760,-11.2305,-28.5034,-13.5352,-4.8560,-71.0760
14:19:39.975,413.599258,0.1807,-0.6729,1.2354,-6.6528,-0.1221,-32.8979,-13.9087,-5.0537,-73.2294
14:19:40.075,413.699217,-0.1167,-0.4131,1.0342,-1.0376,6.9580,-14.6484,-14.2328,-5.8063,-75.7837
14:19:40.175,413.799181,-0.3008,-0.5103,1.3262,16.3574,-3.4180,-23.0103,-14.5844,-6.5973,-77.2668
14:19:40.275,413.899146,0.0986,-0.5815,1.1226,8.6670,33.6914,-10.9863,-15.1831,-6.4160,-77.4756
14:19:40.375,413.999115,-0.0908,-0.7964,1.3555,-5.3101,-14.2822,-80.8105,-14.4525,-7.8662,-82.0569
14:19:40.474,414.099107,-0.0742,-0.6816,1.1924,2.5024,2.3193,-24.0479,-14.5569,-8.0585,-85.4956
14:19:40.574,414.199074,-0.3999,-0.4214,1.1470,17.5781,-2.0142,-29.6021,-14.5953,-8.9978,-88.3246
14:19:40.674,414.299025,0.0190,-0.6484,1.0640,15.2588,-16.1133,-24.8413,-14.4250,-8.8934,-89.7034
14:19:40.774,414.398981,-0.1143,-0.5239,1.0835,14.1602,-9.7046,-23.3765,-14.3646,-9.1681,-91.5820
14:19:40.874,414.498949,-0.3232,-0.4722,1.1831,21.6675,-8.1787,-39.5508,-14.4800,-10.5359,-94.6637
14:19:40.974,414.598941,-0.1045,-0.5815,1.1445,13.4277,-10.8643,-40.1611,-15.1117,-11.1346,-96.7950
14:19:41.074,414.698945,0.1538,-0.8481,1.2495,13.7329,-6.4697,-41.1987,-14.6777,-11.4258,-99.4263
14:19:41.174,414.798941,-0.3101,-0.2559,0.9067,-0.6104,-2.6245,-52.4902,-14.8810,-13.3923,-104.6942
14:19:41.274,414.898882,0.0107,-1.0264,1.2319,-10.2539,-27.7710,-62.6221,-13.3594,-14.7107,-108.7317
14:19:41.374,414.998853,-0.0420,-0.6792,0.4312,-9.8877,2.2583,41.0767,-14.1779,-15.4303,-113.2581
14:19:41.474,415.098867,-0.4072,-0.5220,0.9155,-38.3301,-54.6265,-60.7300,-12.6343,-18.0560,-118.3173
14:19:41.574,415.198856,0.3613,-0.7686,1.3799,4.4556,-25.1465,-30.7007,-13.3319,-18.2758,-121.4319
14:19:41.674,415.298795,0.0308,-0.6592,0.6538,0.0000,-5.4321,12.6343,-14.3701,-18.9569,-123.5742
14:19:41.774,415.398743,-0.2012,-0.3267,1.2358,5.7983,-21.5454,-42.1753,-14.5074,-19.4403,-125.3815
14:19:41.874,415.498744,0.0283,-0.4502,1.2847,11.8408,-0.6714,8.8501,-15.3754,-18.7152,-124.7278
14:19:41.974,415.598728,0.1592,-0.5200,1.3774,-23.4375,4.6997,-41.7480,-15.6445,-19.2096,-125.5353
14:19:42.074,415.698675,0.1987,-0.6553,1.3799,-39.1235,-5.1880,-59.9365,-15.3699,-20.5554,-128.6664
14:19:42.174,415.798643,0.3003,-0.8179,1.0469,-37.5977,7.9956,-47.8516,-14.3921,-22.1539,-133.4399
14:19:42.274,415.898595,0.2388,-0.4751,0.7520,-57.8613,-20.9961,-24.1089,-13.1506,-23.9392,-139.9713
14:19:42.374,415.998565,0.3076,-0.7729,0.9258,-31.2500,-21.4844,-42.9688,-11.2885,-24.2908,-145.2502
14:19:42.474,416.098593,-0.0415,-0.7549,0.8979,-7.6294,-16.6016,-54.8096,-9.9701,-25.7739,-151.9244
14:19:42.574,416.198582,0.2505,-1.2822,1.5024,23.6816,-22.0947,-78.7354,-9.3768,-26.6364,-157.0276
14:19:42.674,416.298549,-0.0073,-1.0713,1.3560,15.6250,29.8462,-39.1235,-10.5084,-27.2021,-160.8014
14:19:42.774,416.398462,0.4590,-0.8135,1.3931,-29.6021,-11.6577,-37.3535,-11.8323,-27.1307,-161.4276
14:19:42.874,416.498415,-0.0659,-0.8647,1.8066,10.8643,59.6313,-8.7280,-11.9366,-25.5267,-162.5867
14:19:42.974,416.598390,0.0581,-0.1265,0.8765,-15.5029,-12.0239,-8.9111,-13.4308,-25.7739,-162.6746
14:19:43.074,416.698356,0.0356,-0.3838,1.4292,10.5591,10.3149,-27.1606,-13.6066,-24.4006,-161.9220
14:19:43.174,416.798343,0.2158,-0.3701,0.7764,-6.4697,-3.9062,19.7754,-14.3372,-24.0930,-161.7572
14:19:43.274,416.898293,-0.0049,-0.0679,0.9009,-4.4556,-22.1558,-10.4980,-14.3152,-24.2798,-163.2074
14:19:43.374,416.998265,0.1846,-0.1982,1.1675,-9.6436,-27.8320,-3.4790,-14.4690,-23.7689,-163.7183
14:19:43.474,417.098294,0.2749,-0.2744,1.1831,-15.1978,17.5781,-21.3623,-14.7107,-24.5050,-164.8993
14:19:43.574,417.198207,0.3174,-0.1924,0.8828,-25.8179,2.6855,-43.8232,-14.3701,-24.8291,-167.1790
14:19:43.674,417.298148,0.1611,-0.1577,0.9131,-31.8604,-9.0942,-0.3662,-12.8101,-23.9722,-169.0466
14:19:43.774,417.398174,0.3760,-0.1475,0.8330,-3.9673,-7.5073,-9.0942,-12.7002,-22.3792,-171.2659
14:19:43.874,417.498153,0.1533,-0.2534,1.0415,-32.6538,-26.4282,-11.2915,-12.1399,-20.7147,-171.7877
14:19:43.973,417.598025,0.1636,0.0459,0.6938,10.6812,-18.0054,-0.6714,-11.2939,-21.6980,-174.8529
14:19:44.073,417.697994,0.2324,0.1641,1.0884,-12.7563,-29.9072,-33.2642,-11.8103,-18.8690,-176.6766
14:19:44.173,417.797983,-0.0635,0.2437,0.8364,9.6436,5.1880,12.6343,-10.1953,-17.8638,-177.9126
14:19:44.273,417.897968,0.1152,0.2236,1.2397,10.8643,3.1128,25.6348,-9.8877,-15.1007,-175.3033
14:19:44.373,417.997896,-0.1147,0.3110,1.2178,-16.2964,35.0342,-28.6255,-8.0640,-14.3427,-175.3638
14:19:44.473,418.097974,0.3804,0.3179,1.3008,4.4556,35.0952,11.2305,-7.0312,-12.7057,-173.4961
14:19:44.573,418.197839,-0.3286,0.2505,1.1797,-4.1504,54.9927,-20.7520,-5.5316,-12.2058,-174.7430
14:19:44.673,418.297819,0.2993,0.4194,1.1724,-18.4937,39.4287,17.0898,-5.8832,-10.1624,-172.0953
14:19:44.773,418.397745,0.0454,0.3491,0.4189,18.0664,-20.3857,35.5835,-2.4939,-11.2720,-171.7493
14:19:44.873,418.497707,-0.2563,0.1089,0.8374,-8.3618,3.8452,-55.1147,-1.4996,-8.6572,-172.3920
14:19:44.973,418.597688,0.4829,0.2563,1.2500,42.3584,68.2373,3.6621,-1.0327,-6.6852,-171.3153
14:19:45.073,418.697649,-0.4468,0.2734,0.8853,-2.8076,-13.7939,-3.1738,0.1703,-7.6849,-171.9196
14:19:45.173,418.797584,-0.0532,0.1099,0.6157,-22.5220,-10.4370,-28.6865,2.4994,-6.9928,-170.2167
14:19:45.273,418.897570,0.3682,0.3057,0.9229,4.2725,10.3149,36.9263,2.8235,-6.4050,-169.5026
14:19:45.373,418.997511,-0.2505,0.3101,1.1733,23.8037,0.3052,12.9395,2.6477,-5.1361,-169.5740
14:19:45.473,419.097544,-0.2402,0.1172,0.9897,-10.4370,9.9487,-26.8555,3.4497,-4.1693,-168.0469
14:19:45.573,419.197448,0.1338,0.3838,1.1738,2.6855,11.7188,22.7661,4.0594,-3.9825,-166.3495
14:19:45.673,419.297434,-0.0532,0.1753,0.9775,-4.0894,1.7090,11.5967,3.9606,-4.3835,-165.6683
14:19:45.773,419.397363,-0.0039,0.1533,1.1401,-13.3057,-5.7983,-0.4272,4.4110,-4.9493,-163.8281
14:19:45.873,419.497327,0.0718,0.1807,1.0039,-6.8970,16.1743,10.8032,5.0153,-5.3284,-162.9163
14:19:45.973,419.597319,0.2158,0.0386,1.0103,1.2207,8.9722,-10.5591,4.4165,-5.8997,-163.0920
14:19:46.073,419.697232,-0.0479,0.1846,1.1040,-1.4648,12.0850,-0.1221,4.5593,-5.0043,-163.3722
14:19:46.173,419.797190,-0.0024,0.0234,0.9121,-6.9580,-0.2441,-4.4556,4.4824,-4.8285,-163.1030
14:19:46.273,419.897144,0.0820,0.1372,1.1099,21.3013,-15.1978,-6.5308,5.0153,-4.5538,-162.9437
14:19:46.373,419.997129,-0.0229,0.0459,0.9961,9.7656,2.0752,-0.7324,4.8669,-4.4769,-162.8613
14:19:46.472,420.097111,0.0991,0.1016,0.9341,7.6294,4.7607,-12.4512,5.3833,-4.9658,-163.3832
14:19:46.572,420.197093,0.1089,0.1553,1.2485,1.3428,5.0659,3.9062,4.7736,-4.1583,-162.9327
14:19:46.672,420.297078,-0.0244,0.0630,0.7837,-8.6060,-3.9062,1.5869,5.5151,-4.7516,-163.8062
14:19:46.772,420.397050,0.1719,0.1704,1.0103,-7.4463,-9.6436,-6.7139,5.3888,-4.4714,-163.3942
14:19:46.872,420.497011,-0.0083,0.1821,1.1934,1.5869,-2.1362,12.9395,5.2570,-3.7683,-162.9163
14:19:46.972,420.596937,-0.0200,0.1328,1.0073,-7.6294,32.2266,-21.9727,5.1581,-4.1968,-162.8229
14:19:47.072,420.696889,0.5469,0.0449,1.2646,20.5078,13.7329,-8.6060,5.0922,-3.8727,-161.8781
14:19:47.172,420.796841,-0.1592,0.1421,0.9580,-5.6152,26.0620,31.0669,4.8560,-4.1803,-163.0811
14:19:47.272,420.896799,-0.1602,0.0176,0.8584,-24.3530,-14.4043,-17.2729,5.6909,-4.3011,-162.4054
14:19:47.372,420.996745,0.4854,0.0249,1.4668,-1.4038,17.0288,-6.1035,5.1361,-3.4991,-161.8506
14:19:47.472,421.096778,-0.0371,0.0596,0.9429,-13.7329,40.4663,1.6479,4.0924,-3.9990,-160.3345
14:19:47.572,421.196718,-0.0801,0.1621,0.8394,-15.1978,2.5024,7.3853,4.4220,-3.1036,-160.6531
14:19:47.672,421.296664,0.1777,0.0591,1.1123,2.5635,-12.5122,-2.9297,3.7189,-2.0380,-159.4940
14:19:47.772,421.396606,0.1230,0.1323,0.9731,-9.9487,6.2866,13.7939,3.2959,-3.0157,-160.0708
14:19:47.872,421.496558,-0.0508,0.0596,0.9790,-1.6479,-6.0425,-2.7466,3.1805,-2.8784,-160.0269
14:19:47.972,421.596560,0.2056,0.0137,1.0601,-0.4272,-0.3662,2.6245,2.7521,-3.1641,-159.8950
14:19:48.072,421.696487,-0.0493,0.0142,1.0269,-17.0898,-1.7700,-1.1597,2.6202,-3.2025,-160.6311
14:19:48.172,421.796469,-0.0713,0.0972,0.9390,1.8921,-0.6714,1.8311,2.5928,-2.3566,-160.4059
14:19:48.272,421.896423,0.2646,-0.0063,1.2256,-3.1128,-2.7466,-9.3384,2.0709,-2.1259,-160.0159
14:19:48.372,421.996376,0.0225,-0.0034,0.9258,-11.2915,5.9204,6.7139,2.1973,-2.3730,-160.9277
14:19:48.472,422.096421,0.0615,-0.0537,1.1694,-2.9297,-5.6152,-13.0005,1.7798,-2.5873,-160.5487
14:19:48.572,422.196376,-0.3008,-0.0454,0.7827,9.4604,5.7983,2.1362,2.4609,-2.3456,-161.5649
14:19:48.672,422.296313,-0.3672,-0.0132,1.0645,18.3105,22.3389,-15.6250,1.8787,-0.5219,-162.5922
14:19:48.772,422.396370,-0.3550,-0.0273,0.8462,-14.4043,-3.9673,-0.9155,2.4609,1.2195,-162.5262
14:19:48.872,422.496333,-0.5801,0.1343,1.0269,-7.2632,0.9155,16.8457,2.4994,1.6754,-163.0261
14:19:48.972,422.596264,-0.2407,0.0034,0.9561,11.4746,1.3428,1.6479,2.2852,1.6095,-162.3615
14:19:49.072,422.696267,-0.0415,-0.0469,0.9878,-1.0376,4.8218,-10.1929,1.8842,2.0050,-162.6416
14:19:49.172,422.796209,-0.2412,0.0703,0.9590,-7.2632,3.3569,6.8970,2.0599,3.3179,-163.4875
14:19:49.272,422.896187,-0.5537,0.0371,0.9014,13.5498,8.9722,-16.4795,1.9171,3.9441,-164.0973
14:19:49.372,422.996158,-0.0698,-0.0684,1.1245,-5.7983,18.6768,-14.4043,1.6095,4.4000,-163.9215
14:19:49.472,423.096213,-0.2153,-0.0166,1.0986,-7.2021,9.1553,-2.6855,1.3129,6.2457,-164.6301
14:19:49.571,423.196172,-0.4590,-0.0283,0.8540,4.3945,7.7515,4.8828,1.7853,6.7786,-165.0366
14:19:49.671,423.296144,-0.4731,-0.0425,1.0146,16.3574,3.2349,-13.5498,1.3843,7.3169,-165.2234
14:19:49.771,423.396179,-0.0708,-0.0615,1.1855,-10.4370,-6.3477,-2.1973,0.8679,7.0972,-165.1630
14:19:49.871,423.496151,0.1021,-0.0049,0.9380,-27.8320,-23.1934,13.4277,0.7031,7.5861,-165.5530
14:19:49.971,423.596116,-0.4321,-0.0405,0.9092,-17.7612,7.3853,4.0894,0.8734,8.1793,-166.8054
14:19:50.071,423.695967,-0.2896,-0.1548,0.9673,29.9072,-2.9297,-20.2637,-0.1648,8.4595,-168.2336
14:19:50.171,423.795930,-0.0029,-0.2812,0.9429,-13.9160,-25.8789,-13.6719,-0.7361,8.6133,-169.2828
14:19:50.271,423.895877,-0.4150,-0.1079,1.2466,-17.2119,5.1880,-6.5918,-0.5438,9.4263,-170.3485
14:19:50.371,423.995867,-0.3750,-0.2500,1.0342,33.8135,20.4468,-17.8223,-1.3733,9.5856,-171.3593
14:19:50.471,424.095917,0.0176,-0.2568,1.1631,0.6104,-4.2725,-22.5220,-2.4609,9.5471,-173.0621
14:19:50.571,424.195865,-0.1304,-0.3423,1.2119,-30.3955,15.0146,-19.8364,-3.1641,8.8330,-174.8804
14:19:50.671,424.295814,-0.1255,-0.3438,1.0488,8.5449,-0.9155,-21.0571,-3.6035,8.7836,-176.9348
14:19:50.771,424.395776,-0.1680,-0.4829,1.0010,7.2021,0.7324,-28.9307,-4.6637,7.9156,179.4342
14:19:50.871,424.495764,-0.1587,-0.4785,1.0073,1.8311,-3.3569,-30.0903,-5.7129,7.4762,176.6052
14:19:50.971,424.595740,-0.1245,-0.5483,1.0669,9.8877,1.3428,-37.3535,-6.4325,7.6794,173.2819
14:19:51.071,424.695707,-0.2866,-0.5542,1.3198,20.5078,-7.6294,-42.9077,-7.2784,6.3885,169.5245
14:19:51.171,424.795692,-0.1870,-0.2954,0.7866,-17.1509,25.1465,9.8877,-8.4595,5.8063,167.6459
14:19:51.271,424.895638,0.1367,-0.6099,0.8379,-8.8501,-43.3350,-42.0532,-7.5037,7.2400,164.4983
14:19:51.371,424.995871,-0.8682,-0.2422,1.0156,53.1006,3.7842,-11.7798,-8.1519,5.2899,160.2026
14:19:51.471,425.095688,-0.0669,-0.2378,0.7842,6.8970,3.6621,-43.0908,-10.5414,5.1581,158.2416
14:19:51.571,425.195600,-0.1011,-0.2954,1.0737,12.6953,29.7852,-15.5640,-11.0797,4.6033,156.2366
14:19:51.671,425.295538,0.0669,-0.2148,0.8838,-36.8042,-20.5078,-19.8975,-11.7499,4.2517,155.1874
14:19:51.771,425.395494,-0.1079,-0.5913,1.2773,-9.0942,-22.5220,-50.2319,-11.5356,2.7631,151.6003
14:19:51.871,425.495541,-0.1265,-0.5649,1.1533,15.0757,-1.9531,-43.7622,-12.5189,0.9009,146.6730
14:19:51.971,425.595466,-0.0713,-0.8916,1.4268,23.3765,-1.7700,-91.0034,-12.6508,-1.0107,140.7733
14:19:52.071,425.695421,-0.1514,-0.6685,1.0249,-2.5024,5.4321,-41.6260,-13.1506,-2.4774,135.7196
14:19:52.171,425.795379,0.0229,-0.8267,1.0498,16.2354,-12.0239,-75.1343,-12.3651,-3.2410,129.9792
14:19:52.271,425.895334,-0.4004,-0.7222,1.1392,17.2729,9.5215,-38.6963,-12.9199,-4.8889,125.1233
14:19:52.371,425.995306,0.1343,-0.7456,1.1113,-2.0752,-26.3062,-63.9648,-12.4969,-6.0699,120.1630
14:19:52.471,426.095273,-0.0166,-0.9897,1.2451,20.8740,-0.3052,-54.4434,-12.2662,-7.9211,115.1147
14:19:52.571,426.195274,-0.4058,-0.0737,0.9805,-8.9111,-4.5776,-12.4512,-13.3594,-9.7064,111.3245
14:19:52.671,426.295234,0.3687,-0.4751,1.0474,5.8594,-15.8691,-12.0850,-12.6672,-7.8333,110.7971
14:19:52.771,426.395192,-0.3452,0.1333,0.7705,24.9023,18.3105,-9.4604,-13.6560,-9.2615,108.9789
14:19:52.871,426.495163,-0.0464,-0.6362,1.0029,-1.3428,-32.3486,-57.8003,-12.1069,-7.6355,106.3147
14:19:52.971,426.595141,-0.1440,-0.3818,0.6768,9.4604,-27.0386,-48.4009,-11.4258,-10.3986,101.1676
14:19:53.070,426.695095,-0.2598,-0.6519,1.1675,20.3857,-19.8364,-58.8989,-9.5691,-9.6570,95.3064
14:19:53.170,426.795082,-0.2803,-0.4824,0.9546,9.9487,-13.2446,-48.2788,-10.6183,-11.9147,91.3019
14:19:53.270,426.895035,-0.0278,-0.7539,1.2393,2.9907,-20.1416,-57.3120,-8.5199,-11.7773,86.1823
14:19:53.370,426.995049,-0.1089,-0.0845,0.8599,-3.9062,-6.2866,-17.2119,-9.4482,-13.2770,83.3423
14:19:53.470,427.095065,0.0342,-0.2939,1.0249,-22.3389,-17.4561,-34.2407,-8.9703,-12.6508,81.0626
14:19:53.570,427.195031,0.0000,-0.2129,0.8789,-12.0850,-9.3384,-21.0571,-8.7341,-12.7167,78.5742
14:19:53.670,427.294999,-0.1572,-0.3433,1.1909,9.8877,-10.5591,-49.4385,-7.8552,-13.3319,74.8444
14:19:53.770,427.394963,0.1416,-0.5908,1.3955,14.7095,2.0142,-49.4385,-8.1848,-13.3649,71.4276
14:19:53.870,427.495090,-0.0371,-0.4912,0.9531,-7.5684,-5.3711,-39.3066,-7.6135,-14.4525,67.4890
14:19:53.970,427.594945,-0.0684,-0.3203,1.2124,13.6719,-9.3384,-49.7437,-6.5973,-14.2548,64.0338
14:19:54.070,427.694899,0.0010,-0.3115,1.2954,8.7280,7.2632,-31.3721,-7.2455,-14.8041,61.4191
14:19:54.170,427.794877,0.0317,-0.2104,0.9951,-6.8970,-8.4229,-18.7988,-6.9763,-14.8865,59.4250
14:19:54.270,427.894814,-0.0972,-0.0366,1.1631,8.6060,3.1738,-34.0576,-6.7126,-13.8318,57.1179
14:19:54.370,427.994809,0.1143,-0.2788,0.9761,-2.8076,-21.6675,-34.4849,-6.2622,-15.1392,55.3986
14:19:54.470,428.094755,-0.0811,-0.3071,1.4351,29.7241,29.2358,-32.2876,-5.2570,-13.6230,52.4707
14:19:54.570,428.194749,0.1992,-0.3164,0.9995,-26.0620,-22.2778,-52.5513,-6.3611,-14.6887,50.6305
14:19:54.670,428.294658,-0.0171,-0.2651,1.2402,-11.2305,-4.3945,-25.4517,-4.7571,-13.3649,48.4717
14:19:54.770,428.394634,-0.0703,-0.1494,1.1001,14.5264,-13.9771,-24.9634,-4.6582,-14.0900,46.0876
14:19:54.870,428.494580,0.0591,-0.3071,1.0508,-13.2446,-69.8242,-28.9307,-5.4822,-17.9572,43.9398
14:19:54.970,428.594552,0.3018,-0.2104,1.0581,-7.6904,17.8223,-17.8833,-6.4709,-19.1711,41.6876
14:19:55.070,428.694476,0.0669,-0.1401,0.9688,-2.6245,-52.3071,-22.7661,-5.8612,-20.9015,39.2926
14:19:55.170,428.794396,-0.0640,-0.4014,1.3076,-8.3618,75.9888,-35.7666,-6.9598,-20.9235,37.6337
14:19:55.270,428.894367,0.3330,-0.1299,0.7739,-20.6909,-43.3350,-29.3579,-7.9211,-21.9727,36.7053
14:19:55.370,428.994306,0.0571,-0.2583,1.2803,1.4038,23.6206,-18.4937,-7.3114,-20.7697,34.8761
14:19:55.470,429.094265,0.2939,-0.1479,0.7222,11.4746,-7.0801,-15.0146,-7.2290,-20.8630,33.3105
14:19:55.570,429.194257,0.0195,-0.3027,1.1484,10.1929,22.8271,-7.6904,-6.2842,-17.0837,32.8876
14:19:55.670,429.294161,0.2705,-0.1123,1.1987,-8.4839,25.4517,1.2817,-6.2512,-16.5948,32.2009
14:19:55.770,429.394117,0.1519,0.0229,0.8555,-20.2026,0.1221,-12.2070,-5.7019,-15.4633,30.3992
14:19:55.869,429.494073,0.0850,0.0908,1.1763,-9.2773,10.8643,-1.4038,-5.6140,-14.1779,30.2728
14:19:55.969,429.594080,0.1685,0.0220,0.8433,2.6855,-9.7046,-4.5776,-5.6195,-14.1284,30.1190
14:19:56.069,429.694008,0.0503,0.1313,1.1094,-4.8828,4.3335,4.3335,-5.0372,-12.7222,29.8224
14:19:56.169,429.793939,0.0957,-0.0112,0.9619,2.8687,-17.0288,4.0283,-5.2570,-13.0463,30.4651
14:19:56.269,429.893937,-0.0557,0.1226,0.9976,4.3945,3.2349,-7.9346,-4.4714,-11.5411,29.5587
14:19:56.369,429.993880,0.2124,0.0522,0.8413,-2.9297,-22.8882,4.5166,-4.6033,-11.5741,29.8114
14:19:56.469,430.093908,0.0933,0.1831,0.8716,-24.1089,-30.6396,26.6724,-3.9001,-10.7391,29.5312
14:19:56.569,430.193868,-0.0234,0.0449,1.0396,2.8687,-10.3760,11.2915,-3.9825,-10.4480,30.8990
14:19:56.669,430.293782,-0.0244,-0.0044,0.9688,7.9956,-6.3477,-12.5122,-3.7354,-10.3601,30.7727
14:19:56.769,430.393719,0.0449,0.0293,0.9678,2.3193,2.8076,-2.9297,-3.5706,-9.7284,30.5750
14:19:56.869,430.493670,0.1064,0.1128,0.9473,1.4038,-0.2441,29.6631,-3.1696,-9.6405,30.9705
14:19:56.969,430.593676,0.0059,0.0049,1.0171,-0.3052,-0.0610,-0.4883,-2.8070,-8.9154,32.2394
14:19:57.069,430.693599,0.1763,0.1313,1.1094,-1.8921,20.8740,-2.1362,-2.7081,-8.7067,32.3328
14:19:57.169,430.793554,0.1445,0.2378,0.9360,-11.9019,16.4795,21.7285,-2.2742,-7.7783,34.3378
14:19:57.269,430.893519,0.0405,0.1113,0.6177,1.2817,-37.1094,12.2681,-2.0709,-6.7126,35.7385
14:19:57.369,430.993496,-0.1880,0.1807,0.9521,-2.0142,-8.9111,47.5464,-1.1975,-5.5151,35.6287
14:19:57.469,431.093466,-0.0039,0.1719,1.3237,28.5645,-18.0054,10.9863,-1.7084,-4.8779,37.2876
14:19:57.569,431.193484,0.3877,0.1255,1.1543,-9.4604,58.7769,7.0801,-1.6534,-4.8944,38.6884
14:19:57.669,431.293388,-0.2310,0.2168,0.8701,-12.9395,6.1035,5.1880,-0.6812,-4.6252,39.1992
14:19:57.769,431.393359,0.0376,0.0405,1.0542,9.2163,-31.8604,-13.1226,-0.5109,-3.5541,40.2484
14:19:57.869,431.493326,0.1953,0.2358,1.1978,-23.8647,19.4702,16.2964,0.0000,-3.2190,39.5453
14:19:57.969,431.593302,0.0293,0.3857,0.8037,11.7798,-29.9683,11.3525,0.1593,-3.7408,41.0724
14:19:58.069,431.693250,-0.3140,0.3862,1.0513,-26.3062,13.9160,15.5029,0.4614,-2.1588,42.2644
14:19:58.169,431.793204,0.3604,0.0376,1.3418,20.5688,3.4180,-0.0610,0.9778,-2.3346,46.3348
14:19:58.269,431.893155,-0.1890,0.4199,0.6880,-14.7705,28.9307,33.3862,2.8015,-1.2469,46.8457
14:19:58.369,431.993122,-0.3306,0.4111,0.8135,9.2163,-25.2075,-9.3384,5.1031,-2.1533,48.9661
14:19:58.468,432.093098,0.2051,0.5991,1.2305,7.7515,-5.6763,42.7246,4.6802,0.1593,50.6525
14:19:58.568,432.193138,-0.5195,0.4482,1.3311,-10.1318,37.9639,6.1646,6.4105,-0.7141,51.8939
14:19:58.668,432.293029,-0.1353,0.7632,1.4702,21.4844,18.3716,21.8506,5.8667,0.5109,55.3052
14:19:58.768,432.393012,-0.4175,0.7617,0.8887,-14.4043,27.8320,43.2739,8.3551,-0.1978,56.2610
14:19:58.868,432.492919,0.0469,0.7734,1.1860,-18.1885,-3.1128,22.0337,7.4872,1.3184,61.0455
14:19:58.968,432.592921,-0.2456,0.9360,0.4995,-12.5732,8.6670,51.6968,10.3876,0.2582,62.9572
14:19:59.068,432.692885,0.1113,0.4126,1.0186,-4.1504,-7.9346,34.7290,9.9646,1.4282,68.7744
14:19:59.168,432.792836,-0.2441,0.7549,0.5928,-27.9541,1.7090,33.3862,11.9861,0.6812,69.9280
14:19:59.268,432.892817,-0.3115,0.2026,1.1152,25.2686,-31.0059,9.1553,12.7057,1.1481,73.8171
14:19:59.368,432.992774,-0.1982,0.6968,0.9541,-19.1650,12.2681,23.1934,13.4857,1.4612,75.3003
14:19:59.468,433.092761,-0.2124,0.5186,1.0322,-5.7983,16.1743,27.2827,14.4965,1.5546,77.7557
14:19:59.568,433.192750,-0.4995,0.8262,1.2764,0.0000,25.8789,19.4092,14.8151,1.8018,80.3979
14:19:59.668,433.292681,0.0596,0.8130,1.0200,-3.2959,23.9868,70.8618,14.8151,1.6699,84.7705
14:19:59.768,433.392596,-0.3042,0.8174,0.8604,6.7139,0.0000,27.7100,15.8643,0.9613,88.1268
14:19:59.868,433.492586,-0.1362,1.0005,1.0659,-25.5737,12.6953,68.1152,16.0181,1.5765,93.0981
14:19:59.968,433.592505,-0.4224,0.8389,1.1465,19.6533,0.3662,34.2407,16.9684,-0.0110,98.2507
14:20:00.068,433.692476,0.1406,0.7559,0.8066,6.9580,-10.1929,86.6089,17.1826,-0.9174,103.4143
14:20:00.168,433.792445,-0.2334,0.9810,0.6821,-30.6396,-6.2256,65.1855,17.6276,-0.5054,107.9572
14:20:00.268,433.892409,-0.3872,1.0347,1.3662,-24.5361,-5.7983,29.9683,17.9901,-1.9336,114.9500
14:20:00.368,433.992366,-0.0703,0.9141,0.8325,-17.7612,33.0200,97.5342,18.7482,-3.3398,119.9487
14:20:00.468,434.092352,-0.3828,0.4014,1.2593,31.5552,-61.3403,20.5078,18.9404,-6.0370,125.1617
14:20:00.568,434.192379,0.5796,0.8687,0.9316,-28.6865,14.1602,60.7300,18.4021,-6.3831,129.0399
14:20:00.668,434.292302,-0.1128,0.3960,0.7949,-27.8931,-10.1318,19.4702,19.3909,-7.3059,128.4796
14:20:00.768,434.392262,-0.5547,-0.0088,1.1665,41.2598,-63.9038,-17.1509,21.0388,-7.6794,130.7867
14:20:00.868,434.492241,0.1582,0.5845,0.8477,-11.9629,49.3164,91.3696,19.1986,-6.2292,133.0334
14:20:00.968,434.592153,-0.7017,0.6289,1.1665,18.7378,-4.0283,5.2490,19.8633,-8.8989,138.1311
14:20:01.067,434.692097,0.0762,1.1499,0.8970,-20.3247,8.1787,108.1543,18.3746,-9.5801,144.0692
14:20:01.167,434.792049,-0.1104,0.6455,1.0337,22.2778,-17.7612,38.2690,18.4790,-12.0630,150.5786
14:20:01.267,434.891972,0.0835,0.7944,0.9087,-9.0332,1.3428,57.3730,16.9299,-12.0410,154.7314
14:20:01.367,434.991899,0.1035,0.4297,1.0142,11.4746,-27.4048,22.3389,18.8965,-13.9691,158.6700
14:20:01.467,435.091861,0.0615,0.4175,1.0000,-4.5776,1.5259,0.4883,18.4021,-12.6013,157.9779
14:20:01.567,435.191907,-0.3091,0.1797,1.2842,17.0898,27.9541,18.3105,19.8358,-12.9803,159.0161
14:20:01.667,435.291821,-0.0083,0.7407,0.7876,-29.3579,23.4375,60.3027,17.4078,-11.2335,161.5759
14:20:01.767,435.391725,-0.0430,0.4941,1.2905,22.1558,-4.2725,51.3916,17.0453,-12.4695,168.2062
14:20:01.867,435.491672,0.0156,0.9102,0.7417,-26.0010,10.0708,75.7446,16.7816,-12.4530,171.1011
14:20:01.967,435.591597,-0.2109,0.6343,0.9434,12.4512,-32.6538,32.5928,16.6333,-13.1451,176.6492
14:20:02.067,435.691564,0.0303,0.8521,1.2231,-15.4419,24.3530,35.7056,15.8588,-13.2550,-179.3463
14:20:02.167,435.791562,0.0571,0.3145,0.9946,2.3193,-1.2817,16.4185,16.4465,-15.0952,-177.9456
14:20:02.267,435.891491,-0.0186,0.2158,0.7070,-17.8833,-32.5317,-6.2866,17.9736,-15.3204,-179.2255
14:20:02.367,435.991391,-0.0933,0.2466,1.4263,9.2773,17.3340,15.3809,17.4683,-13.2275,-177.5281
14:20:02.467,436.091442,0.1704,0.3950,0.8896,17.5171,29.8462,26.1230,15.7324,-13.3044,-176.5173
14:20:02.567,436.191392,-0.0928,0.4414,0.7744,-13.6108,0.0000,24.9634,15.7434,-12.8705,-174.8639
14:20:02.667,436.291305,-0.1240,0.4019,1.0874,6.6528,-10.3760,21.6064,15.8038,-12.7606,-171.6284
14:20:02.767,436.391234,-0.0518,0.4424,1.0801,5.5542,2.5635,23.3765,15.7819,-12.3541,-170.0079
14:20:02.867,436.491196,0.0542,0.4238,0.9717,29.1748,-13.4277,22.9492,16.0400,-13.5297,-167.9370
14:20:02.967,436.591145,0.2324,0.2676,0.9858,-7.7515,12.1460,17.0898,15.4248,-12.8705,-167.1899
14:20:03.067,436.691166,-0.1338,0.2954,0.8457,-7.5684,-7.8735,5.0049,15.8093,-13.1067,-166.5198
14:20:03.166,436.791058,0.0356,0.2095,1.1152,5.1880,-9.5215,-3.0518,15.6940,-11.9586,-165.0092
14:20:03.266,436.891073,0.0361,0.2319,1.0176,9.9487,5.4932,18.0664,15.6500,-11.6345,-164.4873
14:20:03.366,436.990989,-0.0601,0.1079,0.9565,1.8921,-11.2915,-0.7324,15.4193,-11.7444,-164.4873
14:20:03.466,437.091013,0.1279,-0.0103,1.2251,10.2539,1.4648,-4.9438,16.1554,-11.6510,-164.4543
14:20:03.566,437.190980,0.2085,0.2393,0.6875,-25.1465,-8.0566,9.2163,15.7269,-11.6675,-165.2783
14:20:03.666,437.290904,-0.1616,0.1885,0.6851,-15.7471,-42.7246,-15.3198,17.0563,-10.6073,-166.5637
14:20:03.766,437.390844,-0.1099,0.0811,1.0522,19.7144,15.0146,-12.3901,16.1719,-10.1184,-166.2616
14:20:03.866,437.490828,-0.0254,0.0908,1.2437,18.9819,22.7661,22.3389,14.4855,-8.3826,-165.4211
14:20:03.966,437.590786,-0.0137,0.1855,1.1177,18.7988,3.9673,13.8550,13.6395,-8.4100,-164.8499
14:20:04.066,437.690741,0.1372,0.1772,1.0649,-5.3101,4.2725,13.9771,12.6782,-7.4982,-164.2456
14:20:04.166,437.790693,-0.0952,0.0908,1.0059,1.7090,-13.3667,5.7373,12.9694,-8.5638,-163.8611
14:20:04.266,437.890695,0.0801,0.0811,1.0234,-0.3662,-25.9399,3.8452,12.4640,-9.2285,-164.0424
14:20:04.366,437.990591,0.1289,0.0542,1.0522,-7.4463,10.4980,-8.2397,11.6730,-8.9758,-164.5258
14:20:04.466,438.090534,-0.0732,0.1138,0.8286,-5.9204,-43.6401,2.8076,11.2280,-10.8984,-165.6903
14:20:04.566,438.190520,0.0737,-0.0244,1.0649,2.0752,-6.6528,-32.0435,10.8490,-10.4150,-167.4811
14:20:04.666,438.290457,0.1460,0.0107,1.0962,8.9722,-1.6479,-7.2632,11.0468,-9.5197,-168.1732
14:20:04.766,438.390432,0.1094,0.0400,0.9551,16.1743,37.9028,10.3760,11.0303,-8.7781,-167.8217
14:20:04.866,438.490371,0.0488,0.1157,1.0225,-4.9438,4.8828,12.5122,10.4755,-6.5533,-166.4813
14:20:04.966,438.590365,-0.1016,0.2051,0.9805,-3.5400,14.1602,-0.3662,10.4590,-6.5149,-165.7727
14:20:05.066,438.690334,0.1792,0.0586,0.9707,2.5024,-12.3291,-5.0659,10.2722,-6.6248,-164.8938
14:20:05.166,438.790293,0.1182,0.1045,1.0742,1.0986,7.0190,13.0005,9.8657,-6.4655,-165.2728
14:20:05.266,438.890270,-0.0664,0.1592,0.9502,2.5635,0.1831,-7.3853,9.4977,-6.0919,-165.9210
14:20:05.366,438.990232,0.0698,0.1494,1.0801,-3.9673,0.6104,-2.5635,9.3219,-5.5316,-165.8112
14:20:05.466,439.090200,0.0645,0.1528,1.0371,2.8076,5.3101,6.0425,8.9703,-5.3284,-165.4321
14:20:05.566,439.190192,0.0938,0.1055,0.9927,-5.0659,-4.8828,6.7139,8.5803,-5.5811,-164.9652
14:20:05.666,439.290174,0.0649,0.1719,1.0103,-5.6152,3.1128,5.3711,8.4869,-5.5701,-164.7620
14:20:05.765,439.390113,0.0674,0.2441,0.9946,-2.9297,2.3804,9.0942,8.1793,-5.6470,-164.4104
14:20:05.865,439.490033,-0.0098,0.2080,1.0220,-3.4180,-1.8311,7.6904,7.6575,-5.2240,-163.4106
14:20:05.965,439.590007,0.1270,0.2129,1.1274,2.2583,2.3804,7.2632,7.5146,-5.4657,-162.5647
14:20:06.065,439.689944,0.0361,0.1987,0.9980,-0.8545,-0.4883,9.4604,7.6410,-5.3503,-161.8781
14:20:06.165,439.789909,0.0254,0.2764,0.9663,-2.4414,9.4604,3.9062,8.0145,-5.5701,-161.4496
14:20:06.265,439.889891,-0.0273,0.3501,1.2954,9.0942,4.5166,-6.2256,8.3276,-5.2625,-160.9552
14:20:06.365,439.989913,0.4653,0.3467,1.3496,9.5825,53.1616,-2.6855,8.5364,-7.6410,-162.5702
14:20:06.465,440.089838,0.1611,0.2031,0.7778,-14.7705,40.0391,34.4849,9.4647,-7.7948,-161.9055
14:20:06.565,440.189781,-0.3506,0.1904,0.7275,2.9907,-34.1187,44.0063,9.4922,-6.5314,-159.1754
14:20:06.665,440.289729,0.1846,0.2441,1.0962,-1.9531,-20.9351,8.9111,9.0527,-4.5428,-156.7145
14:20:06.765,440.389672,0.2422,0.2178,0.9219,-7.3242,24.8413,19.5312,8.9648,-5.7513,-155.7367
14:20:06.865,440.489611,-0.2144,0.2910,0.8110,5.3101,-22.2778,0.7324,8.9923,-5.1251,-155.1160
14:20:06.965,440.589597,0.4888,0.2661,1.1421,-25.8789,37.5977,-2.3804,9.1351,-3.7793,-157.0111
14:20:07.065,440.689536,0.3003,0.4082,0.9580,57.1899,-4.0283,-40.4053,9.9371,-4.4550,-156.1761
14:20:07.165,440.789485,0.0210,0.3354,0.9385,3.1738,-27.2827,-9.3994,10.4480,-5.5920,-158.6810
14:20:07.265,440.889501,0.0283,0.6855,1.0986,-15.9302,10.7422,7.8735,10.8710,-5.7568,-158.3624
14:20:07.365,440.989437,-0.0674,0.2319,0.8862,1.0986,-14.3433,36.5601,11.1017,-5.9656,-153.5669
14:20:07.465,441.089387,-0.0308,0.3555,1.2393,-6.3477,4.5166,4.6997,10.8325,-5.0647,-150.6335
14:20:07.565,441.189406,0.1465,0.3813,1.0664,15.4419,-6.2256,20.6299,10.6128,-5.0702,-147.7167
14:20:07.665,441.289272,0.0972,0.3306,1.1514,3.2959,21.7285,32.3486,11.1511,-5.8557,-144.9207
14:20:07.765,441.389248,0.0493,0.4043,0.8516,-6.1035,11.9629,23.4375,11.4423,-6.2128,-142.4487
14:20:07.865,441.489187,0.1553,0.3687,1.0762,-5.8594,3.1738,-5.0659,11.8103,-5.5371,-140.8337
14:20:07.965,441.589167,0.1831,0.3535,1.0752,-13.1226,16.9067,4.6997,12.5189,-5.4712,-142.8552
14:20:08.065,441.689136,-0.0908,0.3257,1.0415,-5.1880,6.6528,14.6484,12.1454,-6.1029,-140.7843
14:20:08.164,441.789073,0.0918,0.4365,0.9033,6.5918,-22.7661,14.1602,11.6455,-5.7404,-139.3506
14:20:08.264,441.889052,0.0376,0.4746,0.9468,-10.1318,32.7148,18.6157,11.6290,-6.3611,-137.9663
14:20:08.364,441.989016,-0.0146,0.5107,0.9111,0.7935,-29.0527,13.0005,11.6895,-6.1853,-136.2360
14:20:08.464,442.089077,0.0830,0.4331,1.2017,1.9531,-7.5684,15.0146,12.0575,-6.2402,-134.1815
14:20:08.564,442.189008,0.1616,0.4502,0.9302,-0.8545,-4.2114,23.4375,12.2607,-6.8829,-132.0392
14:20:08.664,442.288900,0.1904,0.4810,0.9937,-13.7329,7.4463,16.8457,12.4091,-7.0532,-130.1880
14:20:08.764,442.388874,-0.2856,0.4941,0.8755,4.7607,-19.5312,14.0381,13.3044,-7.8333,-129.1827
14:20:08.864,442.488846,0.1860,0.4976,1.3579,11.1694,-15.9912,10.0708,13.1726,-6.3446,-126.5735
14:20:08.964,442.588816,0.1836,0.5381,0.9902,-7.6904,35.3394,27.3438,13.8647,-7.2015,-125.5682
14:20:09.064,442.688771,-0.0518,0.4800,0.7920,3.2959,-31.4941,8.1177,14.5349,-8.5309,-124.3213
14:20:09.164,442.788763,0.0771,0.3936,1.3286,8.4839,-9.5825,16.1133,14.6887,-7.4103,-122.1680
14:20:09.264,442.888734,0.1963,0.4839,0.9419,-1.6479,30.5786,22.0337,15.3644,-8.4045,-121.0199
14:20:09.364,442.988675,0.2085,0.4585,0.9258,0.0000,15.6250,22.8882,15.8038,-7.9431,-119.2786
14:20:09.464,443.088639,0.1553,0.4165,0.9932,-11.4136,38.3301,25.5127,16.0345,-7.9816,-117.6031
14:20:09.564,443.188660,-0.1587,0.4775,0.7148,-1.0376,-17.6392,12.9395,16.6882,-8.4210,-116.9495
14:20:09.664,443.288571,0.0864,0.4277,1.1582,-2.9907,-13.4888,4.5776,16.8695,-7.0367,-114.8346
14:20:09.764,443.388532,0.0811,0.2891,0.9795,5.7983,4.3335,12.2681,17.3254,-7.3444,-114.0546
14:20:09.864,443.488534,0.0913,0.2578,0.8027,2.6245,-4.3335,6.5308,17.1826,-7.4158,-113.3844
14:20:09.964,443.588468,0.0186,0.1743,0.9282,1.2817,-3.6011,0.7935,17.2925,-6.6797,-112.9559
14:20:10.064,443.688417,-0.1880,0.1343,1.0571,4.5776,-4.7607,-1.4648,17.0398,-6.2842,-112.0441
14:20:10.164,443.788430,0.0859,0.1021,1.0151,6.6528,-0.7935,-3.4790,16.7377,-5.5536,-111.3574
14:20:10.264,443.888376,0.3374,0.0854,1.2495,-3.9062,13.2446,23.9258,16.0730,-5.3119,-111.1377
14:20:10.364,443.988318,0.0972,0.2212,0.5195,-32.6538,16.2354,5.8594,14.7601,-6.2238,-110.5060
14:20:10.464,444.088280,-0.4653,0.2881,0.6841,-19.1650,-27.4658,-2.6245,14.3701,-5.4437,-109.4238
14:20:10.564,444.188335,0.4136,-0.1260,1.6729,21.8506,-34.2407,-21.5454,14.8645,-4.1089,-108.9130
14:20:10.664,444.288264,0.0171,-0.0752,0.8179,-5.1270,34.9731,2.3193,14.3646,-5.9381,-110.3302
14:20:10.764,444.388213,-0.4380,0.0078,0.7959,-4.7607,-12.0239,-20.0195,14.0405,-5.4382,-110.9344
14:20:10.863,444.488184,0.2251,-0.0693,1.1670,16.6626,6.8359,-3.4180,12.9199,-3.9606,-111.0883
14:20:10.963,444.588119,0.0488,-0.0718,0.9292,11.5967,-6.5918,9.7656,12.0465,-4.3890,-110.7861
14:20:11.063,444.688074,-0.2729,-0.1338,0.8496,16.6016,5.9204,-17.4561,11.7004,-3.9606,-111.0883
14:20:11.163,444.788000,-0.3174,-0.2354,1.0054,22.5220,-9.3994,-18.0054,10.8875,-2.4554,-112.2144
14:20:11.263,444.887983,-0.5034,-0.0405,0.9844,-21.2402,8.7891,-6.4697,11.1182,-0.4999,-113.3240
14:20:11.363,444.987970,-0.4185,-0.3804,1.0293,24.7192,0.9155,-12.6953,11.0303,-0.1099,-114.5160
14:20:11.463,445.087975,-0.0386,-0.3052,1.0728,5.7373,-6.1646,-17.5171,8.7561,1.0547,-115.3510
14:20:11.563,445.187943,-0.2080,-0.2065,0.9717,-11.3525,5.0049,-10.3760,8.6078,2.0050,-116.4276
14:20:11.663,445.287880,-0.3896,-0.1953,1.0850,18.7378,5.9814,-13.9160,7.6190,3.1970,-117.7405
14:20:11.763,445.387805,-0.3560,-0.2441,0.9209,7.3242,5.8594,-9.9487,6.4325,3.9221,-119.0259
14:20:11.863,445.487787,-0.1562,-0.1733,0.9478,-15.0757,-8.6670,-17.7612,5.2240,5.1416,-120.3827
14:20:11.963,445.587766,-0.6562,-0.2490,0.9995,5.6152,-8.7280,-0.5493,5.8063,5.5426,-121.5912
14:20:12.063,445.687686,-0.1650,-0.2822,1.0283,25.3296,-12.8174,-22.3389,3.7079,6.3776,-123.5138
14:20:12.163,445.787656,-0.1401,-0.3228,1.0620,-8.1787,-3.5400,-20.2026,2.5488,6.9379,-125.0793
14:20:12.263,445.887610,-0.2241,-0.3794,0.9204,-7.2632,-3.6011,-18.7378,1.5051,6.7072,-127.1063
14:20:12.363,445.987556,-0.3374,-0.4326,1.1489,1.4038,-3.1128,-31.7993,0.1154,7.2400,-129.8419
14:20:12.463,446.087575,-0.3711,-0.5244,1.0444,11.4136,5.1880,-33.7524,-1.6095,7.0258,-133.2861
14:20:12.563,446.187502,-0.2021,-0.7134,1.1616,3.0518,-6.6528,-46.0815,-3.1970,7.2675,-136.8622
14:20:12.663,446.287433,-0.2383,-0.5986,0.9751,-4.3945,3.2349,-30.3955,-4.3451,6.8170,-140.7513
14:20:12.763,446.387366,-0.2915,-0.5796,1.1611,9.0942,-4.7607,-36.8652,-5.6415,6.5479,-144.1077
14:20:12.863,446.487334,-0.2256,-0.6538,1.2695,27.2827,7.5684,-35.8887,-7.2290,6.2897,-147.4146
14:20:12.963,446.587308,-0.1616,-0.7412,1.0054,0.6104,-6.4697,-41.3208,-8.8110,5.1746,-150.9027
14:20:13.063,446.687327,-0.0498,-0.6465,0.9468,-16.5405,-5.6152,-33.8135,-10.0525,4.4769,-154.3304
14:20:13.163,446.787239,-0.2007,-0.6597,1.3301,11.2305,-10.0708,-51.0254,-10.4260,3.9056,-158.5657
14:20:13.263,446.887223,-0.6509,-0.4355,1.2739,39.0625,31.4331,-38.0859,-12.3596,2.9498,-162.5208
14:20:13.363,446.987233,0.4463,-0.7954,0.7168,-44.8608,-19.6533,-46.7529,-13.8153,2.2247,-165.0201
14:20:13.463,447.087171,-0.3604,-0.1436,0.8110,-30.5176,-20.5078,1.5259,-12.4255,0.9338,-169.2664
14:20:13.563,447.187177,-0.6123,-0.5894,1.1777,21.0571,-50.7812,-83.4351,-13.8428,-1.9226,-175.7538
14:20:13.663,447.287132,0.0029,-0.9761,1.0664,-9.2773,-15.1367,-39.5508,-15.0732,-2.9114,179.9945
14:20:13.762,447.387082,-0.0293,-0.7725,1.1294,6.7139,-0.7935,-48.5229,-14.8096,-3.0652,175.7483
14:20:13.862,447.487132,-0.5874,-0.7012,1.3979,29.7852,4.1504,-80.0171,-15.2545,-4.8010,171.2329
14:20:13.962,447.587075,-0.0449,-0.9199,1.1504,8.7891,-14.7095,-52.9785,-15.2545,-5.7678,166.9373
14:20:14.062,447.687046,-0.4429,-0.8159,1.3101,38.5132,11.8408,-60.4858,-15.4413,-7.7399,161.9604
14:20:14.162,447.786989,-0.3223,-0.6157,1.1377,8.6670,0.0610,-57.4341,-16.1609,-9.1516,157.5824
14:20:14.262,447.886927,0.0664,-1.1655,1.1211,9.4604,-45.7764,-79.2847,-14.5459,-10.0031,152.6221
14:20:14.362,447.986896,-0.8848,-0.5254,1.0259,32.5317,-1.8921,-72.2656,-14.5020,-13.6176,145.9039
14:20:14.462,448.086956,0.6133,-1.1353,1.1567,37.9639,-26.7944,-123.8403,-13.1287,-12.7881,141.1029
14:20:14.562,448.186920,-0.6333,-0.3774,1.0073,26.0010,43.1519,-26.6724,-12.0081,-17.8473,133.1598
14:20:14.662,448.286812,0.1523,-0.7388,1.1567,-24.0479,-20.2637,-63.1714,-11.5466,-16.2708,131.8414
14:20:14.762,448.386758,-0.0059,-0.4507,0.8223,-24.5972,10.6201,26.8555,-12.4585,-16.9299,130.2594
14:20:14.862,448.486741,-0.2046,-0.1128,1.0942,16.0522,-23.1323,-40.4663,-12.6617,-15.8643,128.2214
14:20:14.962,448.586725,-0.1592,-0.5400,1.3418,30.4565,6.6528,-42.4194,-14.2493,-15.7819,126.1890
14:20:15.062,448.686699,0.1118,-0.4673,1.1675,-16.1743,-10.1929,-54.9927,-12.9858,-16.0455,122.6459
14:20:15.162,448.786634,-0.0337,-0.4639,0.9487,1.5259,-29.4800,-42.2363,-12.0465,-17.0178,119.0094
14:20:15.262,448.886583,-0.3394,-0.4277,1.0293,33.3252,-25.0244,-46.0205,-11.8542,-17.4957,114.6863
14:20:15.362,448.986581,0.0449,-0.7598,1.0811,9.8267,-18.4937,-51.5137,-12.0026,-17.5726,111.3354
14:20:15.462,449.086555,-0.1045,-0.6465,1.2456,-3.2349,5.6152,-38.8184,-11.2170,-17.8693,108.1329
14:20:15.562,449.186545,-0.0576,-0.3867,0.9731,-21.1792,1.1597,-32.1655,-10.8710,-18.6218,105.0732
14:20:15.662,449.286480,-0.0137,-0.5938,1.2388,-0.5493,3.1738,-30.7007,-10.3876,-18.0341,102.1838
14:20:15.762,449.386425,-0.0591,-0.4985,1.1255,-7.4463,4.5166,-34.6680,-10.6897,-18.4625,98.9539
14:20:15.862,449.486392,0.0078,-0.6465,1.2578,-14.0991,-2.5024,-46.2646,-10.1733,-18.4131,95.6580
14:20:15.962,449.586346,0.0000,-0.5449,1.1191,-4.6997,3.4790,-41.1987,-9.8712,-19.0723,92.0215
14:20:16.062,449.686292,-0.0244,-0.5303,1.2192,7.8735,-5.2490,-43.9453,-9.7284,-18.6768,88.4949
14:20:16.162,449.786272,-0.0630,-0.5630,1.1230,6.0425,4.2725,-31.3721,-9.6130,-18.8141,85.3308
14:20:16.262,449.886262,-0.0020,-0.2749,0.9253,-10.3760,-7.5073,-28.1982,-9.1406,-18.2373,83.0127
14:20:16.362,449.986183,-0.0249,-0.2065,0.9888,10.2539,-4.8218,-17.3340,-9.3878,-17.4518,81.4581
14:20:16.462,450.086154,0.0229,-0.0859,1.0161,-3.0518,-9.2163,-14.5874,-9.6350,-17.1057,80.0024
14:20:16.562,450.186182,0.1240,-0.0918,0.9541,-29.2358,-3.2349,-9.2773,-9.6844,-16.6937,79.2169
14:20:16.661,450.286096,-0.2373,0.1333,0.9990,-9.3384,5.1270,2.3193,-9.0472,-15.2710,78.6017
14:20:16.761,450.386042,-0.1367,0.2842,1.2632,20.3247,40.4663,-15.5640,-10.1624,-13.8702,78.9917
14:20:16.861,450.485974,0.1919,0.3096,0.9404,-56.8848,3.9062,25.7568,-11.0083,-12.2992,81.7712
14:20:16.961,450.585965,-0.3442,0.4297,0.9141,-20.8740,5.9204,34.5459,-9.5966,-12.2937,83.0951
14:20:17.061,450.685889,-0.0117,0.6250,1.2949,7.3242,11.7188,6.2866,-8.7012,-9.1571,85.8197
14:20:17.161,450.785877,-0.2134,0.5859,0.9175,5.6763,31.5552,28.8696,-7.4982,-8.7067,85.2649
14:20:17.261,450.885803,-0.0132,0.7695,0.8618,-17.4561,-28.3813,17.3950,-6.8500,-8.0585,88.5333
14:20:17.361,450.985759,0.0229,0.7964,1.0684,-7.9346,13.1836,41.4429,-4.7406,-6.2128,91.5271
14:20:17.461,451.085793,-0.2285,0.5972,0.9346,7.9346,4.0283,37.3535,-3.4058,-5.5261,94.9164
14:20:17.561,451.185730,0.0947,0.7578,1.1030,-15.0757,13.0615,21.7285,-2.5873,-3.2904,99.1077
14:20:17.661,451.285662,-0.0269,0.6362,0.8794,-2.9907,-3.7842,21.0571,-0.3241,-4.1748,100.3162
14:20:17.761,451.385596,-0.2856,0.3696,1.0781,9.3994,-21.3623,-5.0049,1.3458,-3.1915,101.8213
14:20:17.861,451.485541,-0.0869,0.5659,1.1021,-11.8408,26.6113,44.7998,2.4115,-2.1973,104.1449
14:20:17.961,451.585522,-0.0903,0.4819,0.6133,3.9673,-24.8413,37.0483,3.3893,-1.8402,107.9077
14:20:18.061,451.685487,-0.9482,0.7295,0.8926,-25.6958,-5.4321,34.4238,5.0317,1.9336,111.6541
14:20:18.161,451.785429,-0.4478,0.8618,1.0278,-9.5215,14.1602,58.9600,6.9763,2.8729,117.8229
14:20:18.261,451.885397,-0.6797,0.4697,0.9932,39.2456,-19.9585,35.0342,7.6355,1.7908,123.1018
14:20:18.361,451.985342,0.0269,1.1382,0.9541,-44.3115,20.8130,87.1582,9.7559,1.5271,129.9188
14:20:18.461,452.085320,-0.0767,0.9512,0.7856,19.7144,-52.4292,31.9214,11.0413,1.5491,134.3738
14:20:18.561,452.185337,0.0469,0.9126,0.7339,-20.6299,-0.4883,95.7642,12.8430,0.8789,140.1416
14:20:18.661,452.285227,-0.8745,0.9678,1.0776,-4.3945,21.9116,-18.9819,15.1611,1.3788,143.5419
14:20:18.761,452.385158,-0.3306,0.9907,0.7915,4.8218,16.0522,99.7925,15.6281,2.2028,147.1564
14:20:18.860,452.485101,-0.1758,0.8081,1.2988,-13.6719,-19.3481,57.8003,16.0895,0.4834,155.8740
14:20:18.960,452.585089,-0.0884,1.1353,0.6440,-18.7988,-17.0898,75.9888,17.7649,-0.4999,159.9884
14:20:19.060,452.685019,-0.4355,0.4189,1.3745,3.4180,49.3774,50.9033,18.6218,-1.5656,166.8713
14:20:19.160,452.784947,0.1021,1.1348,0.6650,-14.5264,-0.1221,32.5928,18.5889,-3.9441,168.9972
14:20:19.260,452.884888,-0.2183,0.4971,1.0396,-5.1270,-11.9629,31.3721,20.5170,-3.5925,171.2823
14:20:19.360,452.984812,-0.0474,0.7422,1.0352,-13.1836,27.7100,43.2129,20.5280,-2.9553,175.0177
14:20:19.460,453.084832,-0.3228,0.6387,0.9639,3.1738,11.9629,44.3115,20.7916,-3.4717,178.8245
14:20:19.560,453.184815,-0.2383,0.7759,1.0317,-1.1597,17.2729,53.3447,20.9949,-4.1254,-176.5668
14:20:19.660,453.284733,-0.2549,0.7896,0.8462,2.8076,-1.6479,46.8750,21.1981,-4.9548,-172.7655
14:20:19.760,453.384735,-0.1821,0.7920,0.8862,-2.8687,3.4180,45.1050,21.6815,-5.6909,-169.0302
14:20:19.860,453.484667,-0.1514,0.6592,1.0806,-9.0942,6.1035,34.2407,21.7310,-5.9216,-165.2234
14:20:19.960,453.584622,-0.0332,0.5010,0.9927,-9.5215,2.5635,3.7231,22.5989,-7.6849,-163.4326
14:20:20.060,453.684601,0.3135,0.4702,0.8555,-15.8691,1.4648,38.0249,21.8134,-6.3776,-162.7295
14:20:20.160,453.784570,-0.4707,0.1475,1.3921,1.8921,16.5405,-2.3193,22.3297,-6.9598,-160.2246
14:20:20.260,453.884530,0.0303,0.4297,0.9624,3.7231,8.6670,26.3062,21.2421,-5.8392,-158.8843
14:20:20.360,453.984503,-0.0869,0.4434,1.1235,7.5073,36.6211,28.4424,21.2640,-5.8337,-156.0059
14:20:20.460,454.084541,-0.1104,0.5732,0.7397,-3.3569,5.9814,28.0151,21.2970,-5.8063,-154.1547
14:20:20.560,454.184497,-0.2300,0.4897,1.1211,4.5166,7.2632,30.0903,21.5167,-5.8063,-150.6775
14:20:20.660,454.284450,-0.0903,0.6260,0.8242,-2.1362,-12.8174,38.6963,21.0718,-5.9656,-148.5516
14:20:20.760,454.384367,-0.2183,0.4922,1.0684,2.6855,-6.7139,13.9771,21.6541,-6.9983,-146.1292
14:20:20.860,454.484398,0.2544,0.5220,0.8452,-5.6152,-5.8594,47.7295,21.0004,-6.6522,-144.2120
14:20:20.960,454.584343,-0.4214,0.4238,0.9570,-11.0474,-2.9297,-1.2817,21.8024,-7.8717,-142.4377
14:20:21.060,454.684297,-0.0337,0.4746,1.2676,5.2490,17.3340,21.3623,20.9290,-6.4709,-140.2405
14:20:21.160,454.784247,0.0044,0.4395,0.9165,-5.8594,35.6445,34.2407,20.9125,-7.0862,-138.4497
14:20:21.260,454.884248,-0.1875,0.4951,0.9434,6.4697,-23.9258,13.1226,21.0938,-7.0752,-137.4225
14:20:21.360,454.984394,0.0273,0.3530,1.0400,-4.7607,18.7378,21.9116,20.9015,-6.9818,-134.9615
14:20:21.460,455.084260,-0.0449,0.4238,0.9683,-5.1270,-12.2070,23.4985,20.3961,-6.6302,-133.9508
14:20:21.559,455.184134,-0.0645,0.3174,0.9785,6.7749,-1.7090,5.6152,20.6378,-7.1686,-132.6270
14:20:21.659,455.284039,-0.0884,0.4023,0.9746,-10.4370,19.6533,11.2305,19.6271,-5.6360,-131.6766
14:20:21.759,455.383946,-0.2510,0.3237,1.0264,5.9814,29.1138,10.0098,20.0061,-5.8502,-130.4242
14:20:21.859,455.483914,-0.0024,0.3540,1.2817,6.2256,29.4800,25.0854,19.3909,-4.7791,-128.8037
14:20:21.959,455.583846,0.2856,0.4077,0.7778,-2.8687,7.5684,18.4326,19.1821,-6.3666,-127.9083
14:20:22.059,455.683819,-0.5425,0.3906,1.0005,-22.7051,9.4604,-0.7324,18.8965,-5.3723,-127.5897
14:20:22.159,455.783769,0.1123,0.4634,1.0830,11.7798,-14.4653,13.5498,18.6768,-6.6907,-124.2938
14:20:22.259,455.883726,0.2275,0.2744,1.0576,-3.0518,23.3154,49.1333,17.9791,-5.8502,-123.3215
14:20:22.359,455.983731,-0.1738,0.2744,0.8745,4.1504,-9.2773,11.7798,17.7374,-8.1299,-122.3328
14:20:22.459,456.083665,-0.1030,0.2876,1.1704,0.7324,9.6436,-5.3101,17.7979,-6.2292,-120.9100
14:20:22.559,456.183683,0.2085,0.3970,0.8916,-0.3052,12.0850,28.0762,17.9681,-7.3059,-120.7452
14:20:22.659,456.283645,-0.1396,0.2739,0.8901,-2.3193,-24.1699,7.5684,17.7979,-7.4213,-120.7288
14:20:22.759,456.383576,-0.0010,0.2407,1.0649,2.0142,-16.2354,-5.4932,17.1442,-7.0203,-119.0479
14:20:22.859,456.483512,0.1963,0.2710,0.9434,-2.2583,17.7612,13.1836,17.1826,-5.8228,-118.8281
14:20:22.959,456.583469,-0.1343,0.3003,0.8740,-5.7983,0.0000,2.4414,16.9904,-6.0095,-119.0094
14:20:23.059,456.683437,-0.1172,0.2202,1.0552,10.6201,-3.6621,-6.8359,16.0236,-4.9823,-117.9163
14:20:23.159,456.783403,0.2778,0.2734,1.1040,-14.1602,6.7139,32.7759,15.1886,-4.9603,-116.7792
14:20:23.259,456.883359,-0.1533,0.3916,0.9331,-11.7798,-1.9531,3.2349,15.4633,-5.0867,-116.9989
14:20:23.359,456.983289,-0.1562,0.2222,0.9980,10.9863,-20.6909,-2.5024,15.0677,-4.4220,-116.1365
14:20:23.459,457.083235,-0.0005,0.1929,1.0552,1.5869,0.1831,7.9956,14.5514,-3.9935,-115.1422
14:20:23.559,457.183240,0.1460,0.1743,1.0698,-4.2725,7.2632,23.0103,14.1284,-3.8672,-114.6423
14:20:23.659,457.283204,-0.1284,0.1665,1.0068,-1.4038,-3.1738,3.5400,14.0515,-4.1528,-113.6646
14:20:23.758,457.383125,0.0620,0.1997,1.0068,2.7466,-11.1694,9.3994,13.5516,-4.6857,-112.2968
14:20:23.858,457.483031,0.0898,0.1460,1.0669,-4.6387,11.7188,4.9438,13.4637,-4.5538,-112.1649
14:20:23.958,457.582980,-0.1157,0.1055,1.0615,6.2866,16.4795,1.2817,13.2605,-4.8340,-111.6815
14:20:24.058,457.682958,0.2227,0.2114,1.2510,-4.1504,21.4233,-4.9438,12.3926,-3.3948,-111.2640
14:20:24.158,457.782927,-0.1069,0.1631,0.9878,0.6714,16.0522,2.2583,13.1122,-3.1750,-111.4893
14:20:24.258,457.882919,-0.1470,0.1021,0.9204,4.3945,-3.6621,-0.1831,12.4860,-2.1204,-110.8356
14:20:24.358,457.982843,0.0464,0.1157,1.0103,-4.9438,4.0894,5.3711,12.5354,-1.7578,-110.8466
14:20:24.458,458.082771,0.1016,0.1992,0.9775,3.6621,5.9204,7.8735,11.8542,-1.5491,-110.7587
14:20:24.558,458.182808,0.0659,0.0762,1.0879,1.0376,3.5400,1.9531,11.9037,-2.0215,-110.6598
14:20:24.658,458.282710,0.0205,0.0767,1.1196,-1.7700,12.6953,2.2583,11.5631,-2.6807,-110.5994
14:20:24.758,458.382648,0.0342,0.0273,1.0732,-3.5400,4.6997,-9.4604,11.3379,-2.3621,-111.4728
14:20:24.858,458.482589,-0.2524,-0.0977,1.0220,13.9160,27.0386,-24.5361,10.8051,-1.7303,-111.8463
14:20:24.958,458.582552,0.3838,0.0977,1.3384,12.0239,23.4375,-18.3716,9.7559,-0.5328,-113.6700
14:20:25.058,458.682507,-0.1465,-0.1582,0.8862,-21.1182,33.0200,-13.3667,10.7117,-2.2302,-115.6091
14:20:25.158,458.782447,-0.0684,-0.1392,0.8799,8.7891,-15.2588,-10.3149,10.5194,-1.5601,-115.5212
14:20:25.258,458.882425,0.2192,-0.1802,0.9780,10.0708,2.2583,-6.4087,9.8273,-1.5381,-115.8948
14:20:25.358,458.982354,0.1108,-0.3149,0.9351,15.3198,-0.4883,-25.5737,9.6021,-1.1755,-117.5372
14:20:25.458,459.082334,-0.1831,-0.3516,0.6958,30.6396,-1.7090,-15.4419,9.0253,-0.6372,-119.8553
14:20:25.558,459.182339,-0.0078,-0.4434,0.8730,37.2925,-11.7798,-18.0054,8.2288,-0.1154,-122.6514
14:20:25.658,459.282256,0.2051,-0.4380,0.6230,3.7231,-9.3994,-20.0195,7.7838,-0.5768,-124.3817
14:20:25.758,459.382205,0.0410,-0.2632,0.9829,-10.5591,-32.9590,-27.7710,7.0807,0.0000,-127.5018
14:20:25.858,459.482177,-0.1523,-0.4893,0.6919,14.5874,-14.9536,-0.8545,5.8667,0.0989,-129.5178
14:20:25.957,459.582109,-0.0981,-0.3198,1.1880,29.9072,6.5918,-39.4897,3.8562,-0.3406,-133.8959
14:20:26.057,459.682073,0.3545,-1.0107,0.9424,8.9722,42.4805,-10.3149,2.1973,0.0934,-134.7473
14:20:26.157,459.782032,-0.0879,-0.2705,0.9800,-6.9580,-11.9019,-30.3345,1.2250,-0.7031,-138.7463
14:20:26.257,459.881983,0.3330,-0.7607,1.1484,-16.3574,7.1411,-26.7334,0.1868,-0.2802,-140.6305
14:20:26.357,459.981953,0.2598,-0.2783,1.2168,-31.4941,-4.8218,-32.5317,-1.3898,-1.4612,-144.2395
14:20:26.457,460.082006,0.2388,-0.6479,1.5918,-23.2544,2.3193,-36.6821,-2.1259,-1.4557,-146.0193
14:20:26.557,460.181934,0.6431,-0.4233,1.4575,-29.7241,18.6157,-40.1001,-3.5541,-2.1643,-148.4033
14:20:26.657,460.281885,-0.1553,-0.5762,1.1499,19.2261,7.8125,-13.6108,-3.3948,-2.5269,-150.9192
14:20:26.757,460.381781,-0.1987,-0.5112,0.9966,32.2876,5.0049,-25.2075,-4.3176,-3.0597,-152.3254
14:20:26.857,460.481733,0.0679,-0.4863,1.3726,-9.0332,-7.2632,-34.4238,-4.3561,-3.6365,-155.0500
14:20:26.957,460.581669,0.5029,-0.6650,1.0947,-13.3667,10.8032,-29.6021,-5.2295,-4.1473,-156.1487
14:20:27.057,460.681658,-0.2524,-0.3569,1.1870,-2.9907,-10.9863,-30.8228,-5.2130,-5.5316,-161.1914
14:20:27.157,460.781591,0.4277,-0.8633,1.1196,8.1177,-11.9019,-52.8564,-6.1798,-5.8942,-164.2621
14:20:27.257,460.881559,-0.0195,-0.7427,1.0850,-0.1221,-17.6392,-36.2549,-5.8502,-6.9873,-168.3984
14:20:27.357,460.981488,-0.0405,-0.6045,1.1909,21.6675,10.3760,-42.3584,-6.6522,-7.3224,-172.3920
14:20:27.457,461.081468,0.0610,-0.9258,1.2939,13.1836,-0.6714,-47.6074,-6.8500,-8.3606,-176.5118
14:20:27.557,461.181494,0.4062,-0.8599,1.0210,0.6104,8.3008,-16.4185,-7.6794,-7.5970,-178.2697
14:20:27.657,461.281464,-0.4106,-0.8257,1.0859,15.9302,-19.6533,-38.3911,-7.1356,-9.4592,177.0447
14:20:27.757,461.381333,-0.1011,-0.7422,1.0762,12.1460,-13.4277,-34.5459,-8.0640,-9.3109,174.1553
14:20:27.857,461.481276,-0.1748,-0.9805,1.4741,40.4053,10.1929,-44.6777,-8.7726,-9.7064,170.9583
14:20:27.957,461.581206,-0.1162,-0.7959,1.1753,12.7563,14.5264,-30.0903,-9.5471,-9.8163,168.6841
14:20:28.057,461.681214,0.4204,-0.7158,1.1621,-4.9438,-14.9536,-47.4854,-9.5361,-10.6842,166.2341
14:20:28.157,461.781164,-0.0229,-0.5947,1.1582,-0.7324,-1.4648,-12.8174,-9.7614,-10.7281,163.4711
14:20:28.257,461.881148,-0.5488,-0.5781,1.0420,29.3579,0.4883,-25.8789,-10.5743,-11.7334,161.0925
14:20:28.356,461.981080,0.4565,-1.1001,1.4028,18.0054,-11.2305,-80.6274,-9.8877,-11.2775,158.4723
14:20:28.456,462.081031,0.0103,-0.7290,0.9722,-3.7842,-2.1362,-2.6245,-9.6680,-12.6672,154.7589
14:20:28.556,462.181039,-0.2290,-0.6216,1.3115,4.5166,-28.2593,-65.7349,-8.6957,-14.0021,149.7931
14:20:28.656,462.280956,0.2695,-0.9893,1.1587,13.9160,-0.9155,-52.3682,-9.0417,-13.6340,146.6840
14:20:28.756,462.380935,-0.2876,-0.6597,0.8687,5.7373,-18.9819,-42.0532,-8.2727,-15.8478,141.7401
14:20:28.856,462.480872,0.0195,-0.9644,1.3813,40.1001,-25.9399,-60.2417,-7.5751,-14.9084,137.6862
14:20:28.956,462.580825,-0.5537,-1.2822,1.5132,20.5688,53.7720,-81.5430,-7.3224,-17.1057,132.5940
14:20:29.056,462.680776,0.7783,-0.8379,1.2583,-23.8647,-35.7666,-76.8433,-5.3174,-17.2211,129.6112
14:20:29.156,462.780734,0.2866,-0.7290,0.7920,-1.8311,65.9180,19.4702,-6.6138,-18.4680,127.6996
14:20:29.256,462.880708,-0.1602,-0.3979,0.9932,-31.7383,-84.0454,-41.9922,-5.4437,-19.4897,122.2394
14:20:29.356,462.980667,0.1553,-1.3472,1.5420,36.5601,50.6592,-24.4751,-7.5531,-17.1661,122.6788
14:20:29.456,463.080606,0.0610,-0.2769,0.8569,-40.5884,-37.6587,-17.2119,-8.7177,-18.3087,120.7507
14:20:29.556,463.180615,-0.1870,-0.8745,1.8057,26.7334,23.1323,-72.8760,-8.2452,-17.6605,118.9984
14:20:29.656,463.280510,-0.0410,0.0044,0.6538,-29.2358,-20.4468,-8.8501,-10.4590,-18.4735,118.2898
14:20:29.756,463.380455,-0.1152,0.0649,1.3516,22.7661,18.5547,26.7334,-10.7227,-15.9521,118.8666
14:20:29.856,463.480447,-0.2168,-0.1309,0.5850,16.3574,-35.7056,0.8545,-10.2393,-16.3751,119.6576
14:20:29.956,463.580459,0.1631,0.1211,1.3247,13.4888,17.0288,-6.1035,-10.5524,-14.4910,119.3884
14:20:30.056,463.680365,0.1611,0.2065,0.9902,-34.3018,-3.2959,-37.1704,-9.7668,-14.3701,119.0753
14:20:30.156,463.780341,-0.6240,0.1099,0.8350,16.4795,-8.9111,5.7373,-8.0969,-13.7933,119.2841
14:20:30.256,463.880270,0.4116,0.2944,1.1699,31.9214,-38.3301,37.2925,-9.4482,-11.1786,120.2069
14:20:30.356,463.980250,-0.7368,0.2891,0.5801,-56.8237,53.0396,-9.3994,-8.7396,-11.3489,120.5530
14:20:30.456,464.080162,-0.7261,0.6255,0.8901,49.8047,-129.8218,2.6245,-7.6740,-8.2178,123.2062
14:20:30.555,464.180143,0.3096,0.4951,1.2183,-13.7329,44.3115,49.2554,-5.6525,-6.2952,123.9148
14:20:30.655,464.280062,-0.4600,0.0776,0.7031,-4.3945,-22.1558,-29.4800,-3.1421,-8.6407,124.2554
14:20:30.755,464.379976,0.3433,0.6152,1.5234,-13.8550,24.5361,42.7246,-2.7740,-4.9438,125.2771
14:20:30.855,464.479972,-0.1587,0.3613,0.5454,-47.3633,29.7852,-9.8877,-2.2137,-8.1244,124.1455
14:20:30.955,464.579898,-0.4219,0.3579,1.0566,8.1177,-74.3408,7.4463,-0.9064,-4.8395,129.5233
14:20:31.055,464.679851,-0.1475,0.4126,1.2588,6.1035,42.3584,47.3022,-0.9229,-0.5164,131.4404
14:20:31.155,464.779812,-0.1641,0.0156,1.0454,-29.2969,36.4380,43.6401,-1.4062,-0.3076,134.6704
14:20:31.255,464.879768,-0.7422,0.2959,0.8643,22.5830,-43.5181,13.7939,0.6262,-0.3516,137.8180
14:20:31.355,464.979709,0.2686,0.1875,1.1826,3.9062,23.6206,18.0054,0.4504,2.2247,139.2462
14:20:31.455,465.079704,-0.3853,-0.0762,0.9453,-32.4707,45.7764,-35.5225,1.8512,2.0160,140.2625
14:20:31.555,465.179632,-0.8022,-0.1104,0.9014,19.7144,-18.7988,0.0000,2.6917,3.3234,139.9823
14:20:31.655,465.279555,-0.0874,-0.1719,0.9312,1.0376,-4.7607,-14.4043,1.8073,4.5538,138.3014
14:20:31.755,465.379528,-0.0596,-0.5522,1.1655,-18.9819,-19.9585,-38.6353,3.2520,4.6198,135.9393
14:20:31.855,465.479468,-0.4399,-0.4800,1.0977,20.7520,-1.9531,-27.6489,2.4884,5.0922,133.3301
14:20:31.955,465.579421,-0.4893,-0.5386,1.0435,15.6860,-13.0615,-27.5879,1.4337,5.2295,130.2814
14:20:32.055,465.679401,-0.3833,-0.6260,1.1665,22.4609,-7.2632,-38.7573,0.4010,5.8447,127.2656
14:20:32.155,465.779331,-0.5264,-0.5361,1.2075,22.8882,-3.2349,-23.3765,-1.3293,5.8282,124.4531
14:20:32.255,465.879290,-0.0063,-0.8643,1.2739,-1.0986,-0.8545,-46.9360,-2.8619,5.7898,121.2067
14:20:32.355,465.979240,-0.5615,-0.6133,1.0435,4.8218,2.5024,-29.8462,-3.8013,4.1144,117.4493
14:20:32.455,466.079237,-0.1313,-0.6206,1.2251,-1.0376,-25.6348,-52.0630,-4.8230,3.6420,113.2690
14:20:32.555,466.179179,-0.0781,-0.8521,1.1978,-3.4180,5.7983,-44.4946,-5.8502,2.6202,109.5996
14:20:32.654,466.279066,-0.3110,-0.7246,1.2300,5.1880,-28.9307,-38.2080,-6.8994,0.7196,105.5731
14:20:32.754,466.379026,-0.0503,-0.8677,1.1870,3.1128,0.3052,-42.7856,-7.7399,-0.1923,102.2552
14:20:32.854,466.478979,-0.1284,-0.7324,0.9419,0.6104,-9.9487,-29.3579,-8.3881,-1.6974,98.8000
14:20:32.954,466.578988,-0.1831,-0.7173,1.1396,29.9072,-25.5737,-36.3770,-8.3990,-2.4829,95.1855
14:20:33.054,466.678911,-0.0918,-0.5186,1.0034,5.1270,-13.9160,-18.7378,-9.2999,-3.3453,92.6917
14:20:33.154,466.778863,-0.1987,-0.2026,1.1665,12.8174,-13.3667,-20.4468,-10.0854,-3.1256,90.9393
14:20:33.254,466.878826,-0.1309,-0.2847,0.9097,12.2681,-4.2725,-15.6860,-10.9314,-3.1091,90.2637
14:20:33.354,466.978810,-0.2168,-0.3398,1.1465,17.5171,-13.3667,-23.9258,-10.8051,-3.3728,87.9950
14:20:33.454,467.078742,-0.0635,-0.4429,1.0972,16.2964,2.1973,-69.3970,-10.9259,-4.6472,84.9902
14:20:33.554,467.178750,-0.1167,-0.5889,1.0879,7.1411,10.2539,-42.7246,-10.8600,-5.1636,81.2164
14:20:33.654,467.278624,-0.0859,-0.5483,1.3379,-3.0518,-5.7983,-32.0435,-10.5469,-6.3940,77.9095
14:20:33.754,467.378597,0.1284,-0.5576,1.0161,-12.0239,9.0332,-41.2598,-10.2283,-6.6962,75.3113
14:20:33.854,467.478567,0.0464,-0.4990,1.0283,-14.4043,-15.0146,-38.4521,-9.9866,-7.6355,72.0264
14:20:33.954,467.578504,-0.0474,-0.6880,1.4102,-1.7700,-0.6104,-41.0767,-10.2887,-7.8113,69.0216
14:20:34.054,467.678458,-0.1260,-0.6289,1.1621,-19.4092,-14.8315,-40.5884,-10.1404,-9.2615,65.5280
14:20:34.154,467.778431,0.0752,-0.9165,1.5034,4.9438,14.7705,-45.7153,-9.8987,-8.4595,62.5891
14:20:34.254,467.878439,-0.4131,-0.4800,1.0967,-27.7710,1.0376,-26.3672,-9.8273,-10.9039,58.5901
14:20:34.354,467.978363,0.2441,-0.8306,1.3726,-11.6577,-11.2915,-54.7485,-9.1022,-9.6625,56.2555
14:20:34.454,468.078331,-0.3115,-0.4790,0.8730,2.3804,7.5073,10.0708,-9.3384,-11.4917,52.3608
14:20:34.554,468.178329,-0.2285,-0.2769,1.3652,8.1177,-14.7095,-55.1147,-9.6570,-10.6238,49.8999
14:20:34.654,468.278252,-0.1777,-0.6870,1.1445,20.6299,7.4463,-37.8418,-10.5963,-10.3656,49.0100
14:20:34.754,468.378202,0.0786,-0.4868,1.1011,-27.3438,-23.4985,-50.9644,-9.2230,-12.0081,44.2255
14:20:34.854,468.478178,-0.1216,-0.6880,1.0454,-13.6108,-5.6763,-51.5747,-8.5254,-11.8982,41.1493
14:20:34.953,468.578106,-0.0776,-0.6851,1.2720,-9.2773,-46.7529,-56.4575,-7.1851,-13.7219,34.8651
14:20:35.053,468.678069,0.0371,-0.8975,1.2700,21.0571,9.1553,-43.0298,-6.8829,-13.1122,31.3440
14:20:35.153,468.778051,-0.3188,-0.4429,1.0566,-5.4321,-64.2700,-62.1338,-4.9548,-15.6006,25.0433
14:20:35.253,468.878020,0.1509,-1.0972,1.4180,55.7251,3.8452,-49.3164,-4.4220,-14.4525,22.0990
14:20:35.353,468.977975,-0.5718,-0.4390,1.2949,1.8921,-12.7563,-78.3081,-4.8285,-16.8860,16.5729
14:20:35.453,469.077962,0.5234,-1.0508,1.6074,-2.7466,0.9155,-72.0825,-3.7848,-16.1664,13.2440
14:20:35.553,469.177927,-0.1548,-0.5786,0.8359,-12.2070,-19.4702,-28.1982,-2.9718,-18.8690,7.1246
14:20:35.653,469.277857,-0.1011,-0.7329,1.3965,16.2964,-24.5361,-80.8716,-2.2632,-17.9407,3.0212
14:20:35.753,469.377809,-0.0586,-0.6636,0.9448,-4.7607,2.4414,-15.2588,-2.9059,-18.5834,0.0879
14:20:35.853,469.477786,-0.1040,-0.1270,1.3130,-5.0659,-14.7705,-40.8936,-3.1531,-17.8638,-2.0874
14:20:35.953,469.577738,-0.0132,-0.2769,1.1089,-8.7280,8.1177,-18.1885,-4.2627,-16.9684,-2.9114
14:20:36.053,469.677699,-0.0708,-0.0786,0.7803,-4.6997,-28.9307,-2.4414,-4.1309,-16.8860,-4.1473
14:20:36.153,469.777644,-0.4292,-0.0415,0.8345,50.6592,-17.5781,-18.8599,-4.2627,-14.9030,-5.3448
14:20:36.253,469.877617,-0.2305,-0.0244,1.1333,24.4751,33.2642,-26.4282,-5.4767,-15.5511,-7.9486
14:20:36.353,469.977747,0.1377,0.1719,0.8906,-25.4517,-27.8931,-1.4038,-4.3506,-14.8151,-7.5092
14:20:36.453,470.077586,-0.3491,0.5010,0.9854,-9.1553,20.9351,18.2495,-5.0757,-12.6617,-6.2512
14:20:36.553,470.177599,0.0376,0.5308,0.9614,-6.2256,-30.9448,34.9731,-5.7129,-10.4865,-3.8397
14:20:36.653,470.277491,-0.2690,0.5405,0.7461,-14.2822,-8.0566,21.0571,-5.6635,-9.9756,-0.8130
14:20:36.753,470.377450,-0.4688,0.7510,1.1104,-6.2256,-5.4321,41.1377,-6.0315,-6.4270,2.7301
14:20:36.853,470.477397,-0.2100,0.8452,0.7578,-14.8926,20.5078,64.6973,-4.2737,-4.9219,7.4597
14:20:36.953,470.577340,-0.3662,0.8213,0.9746,2.8076,-10.8643,31.1890,-3.7628,-3.0157,11.9971
14:20:37.053,470.677340,-0.0669,0.9028,0.9653,-22.0337,12.9395,56.2134,-2.3016,-1.6644,16.8146
14:20:37.153,470.777296,-0.2188,0.6855,0.8633,-0.3662,-8.7280,33.8745,-0.4724,-1.0547,20.8081
14:20:37.253,470.877297,-0.1753,0.8149,1.1689,-14.7095,-3.1128,43.5791,1.0767,0.4779,24.7302
14:20:37.353,470.977252,-0.0488,0.5801,1.2017,-2.7466,12.2070,37.5366,3.0652,0.8405,29.3170
14:20:37.453,471.077220,-0.0259,0.7920,0.8711,-15.9302,-0.4883,56.2134,4.8505,1.1096,32.7448
14:20:37.553,471.177255,-0.3008,0.7881,1.0327,5.0659,-34.2407,38.8794,6.1029,2.6752,38.0621
14:20:37.653,471.277170,-0.3120,0.6426,0.8359,2.8076,10.4370,27.3438,7.9266,2.5763,42.2479
14:20:37.753,471.377113,-0.3652,0.7993,0.6533,-11.2305,18.6768,50.5981,9.0582,4.0924,45.6097
14:20:37.852,471.477096,-0.4487,0.8247,1.1279,8.3008,-18.1885,44.6777,9.8383,4.7076,51.7181
14:20:37.952,471.577035,-0.3052,0.9834,0.8564,-22.5220,15.6860,49.8047,11.6565,3.7793,56.9751
14:20:38.052,471.677089,-0.0283,0.6812,0.9272,-4.2725,5.6763,53.5278,12.4805,3.4717,61.4410
14:20:38.152,471.776983,-0.1865,0.7554,0.9229,-13.1226,-11.4136,27.2827,13.7329,3.2904,64.7150
14:20:38.252,471.876948,-0.2617,0.5854,1.0435,7.6904,15.6860,27.3438,15.1337,3.0377,67.8516
14:20:38.352,471.976913,-0.0415,0.4497,0.9229,-3.2349,7.0801,42.9077,15.5017,2.6257,70.8234
14:20:38.452,472.076981,-0.4907,0.5327,0.9116,-6.8970,-7.3853,29.1138,16.9794,2.0050,74.3060
14:20:38.552,472.177078,-0.1396,0.7559,0.9038,-5.4321,-10.0098,54.0771,16.6003,3.7848,78.2721
14:20:38.652,472.276836,-0.3413,0.5278,1.0410,-9.1553,6.1035,31.3110,17.1057,1.9501,82.2382
14:20:38.752,472.376788,-0.1162,0.7285,0.8662,-8.2397,-22.1558,42.3584,17.5067,1.5216,85.1935
14:20:38.852,472.476744,-0.0854,0.5625,1.0791,-5.6763,11.9629,36.9873,18.1384,1.4008,88.9069
14:20:38.952,472.576730,-0.2329,0.6333,0.8501,-10.1318,-10.1929,44.6777,18.8580,0.7416,92.3895
14:20:39.052,472.676687,-0.2153,0.6665,1.0806,8.1177,6.1035,36.6821,19.3634,0.5109,96.7072
14:20:39.152,472.776641,-0.1519,0.5791,0.8228,0.2441,8.1177,38.0249,19.5392,-0.0494,99.5306
14:20:39.252,472.876621,-0.1846,0.5513,0.8306,0.6104,-9.7046,27.0996,20.2313,-0.6866,102.4255
14:20:39.352,472.976599,-0.1084,0.4536,1.0337,3.0518,2.9297,26.1230,20.4565,-1.0876,104.6667
14:20:39.452,473.076597,0.0635,0.3198,0.8887,-3.3569,-8.9722,33.6914,20.7147,-2.3456,107.0782
14:20:39.552,473.176623,-0.2222,0.3335,1.0444,2.3193,-12.2070,14.8315,21.1597,-2.4994,109.1052
14:20:39.652,473.276561,0.0464,0.3726,0.9883,2.0142,-3.1128,28.3813,20.6268,-2.2632,110.8630
14:20:39.752,473.376526,-0.0361,0.4390,1.0850,-8.4229,11.2915,11.7798,20.3302,-1.8842,112.4670
14:20:39.852,473.476477,-0.1509,0.3887,0.9585,0.7324,0.7935,17.6392,20.2313,-2.5159,114.4226
14:20:39.952,473.576481,-0.0864,0.3745,0.9976,-8.4229,0.6104,22.0337,19.6600,-2.1643,116.0321
14:20:40.052,473.676430,-0.0918,0.3828,0.7920,-5.7983,-9.3994,18.4326,19.7644,-3.0707,117.7570
14:20:40.152,473.776387,-0.3032,0.3481,0.9863,3.2349,-15.5640,21.5454,19.7260,-2.7191,119.7620
14:20:40.252,473.876414,0.2065,0.4341,1.0566,6.2256,29.9072,27.4048,18.6658,-3.0212,121.6132
14:20:40.352,473.976375,-0.0762,0.3042,0.8940,-17.6392,6.8359,5.9814,18.5779,-3.4827,122.1680
14:20:40.452,474.076327,-0.1318,-0.0444,1.0010,20.0806,-26.1841,-9.0332,18.7537,-3.1201,122.6569
14:20:40.552,474.176352,0.0200,-0.0400,1.0513,8.1177,47.7905,-16.5405,17.8693,-1.7963,121.1847
14:20:40.652,474.276299,0.1411,0.1455,1.2817,-35.1562,34.1797,-20.5078,17.0398,-1.5161,120.7123
14:20:40.752,474.376239,-0.2627,0.1016,1.0532,-6.6528,10.9253,-10.1318,17.2815,-1.1865,120.2289
14:20:40.852,474.476217,-0.0854,-0.0151,0.9722,-6.4697,-8.0566,-4.1504,16.4465,-0.5328,120.1630
14:20:40.952,474.576170,-0.0786,-0.0405,0.9438,2.7466,-5.4932,-12.0850,16.0291,-0.1703,118.8940
14:20:41.051,474.676119,0.0210,-0.0347,0.9902,1.2817,-11.1084,-6.9580,15.0842,0.3625,118.1964
14:20:41.151,474.776099,-0.1089,-0.2173,1.0996,15.8691,6.1035,-17.8223,14.6613,0.9119,116.6089
14:20:41.251,474.876074,0.0283,-0.0454,1.0259,8.6670,5.0049,-11.1084,13.7878,1.1810,115.3455
14:20:41.351,474.976051,-0.1367,-0.1831,1.0532,11.0474,-8.9722,-7.3242,13.5681,1.6425,114.3402
14:20:41.451,475.075970,-0.1377,-0.1978,1.0923,23.4375,4.7607,-13.6108,12.6398,1.8402,112.6978
14:20:41.551,475.175993,0.0229,-0.1875,1.1016,-0.1221,9.8267,-23.8037,11.2500,2.0160,110.9344
14:20:41.651,475.275925,0.0972,-0.3311,1.2393,-7.3242,11.2915,-21.6064,10.2722,2.0819,109.3909
14:20:41.751,475.375905,0.1113,-0.2017,1.2085,-23.7427,-6.6528,-31.0669,9.1077,1.2964,106.0236
14:20:41.851,475.475892,0.0122,-0.3804,1.2549,-2.3193,-3.1128,-25.6958,7.9156,1.9171,104.1669
14:20:41.951,475.575855,-0.1597,-0.2437,1.0308,-1.5259,21.1792,-11.9629,6.3446,2.1918,102.0081
14:20:42.051,475.675825,-0.2100,-0.3545,1.0483,16.9678,1.8311,-38.6353,5.1306,2.0874,101.0028
14:20:42.151,475.775779,0.2427,-0.4360,1.2554,-11.1694,1.1597,-31.6772,4.0759,1.6809,98.8495
14:20:42.251,475.875743,-0.0405,-0.2915,0.9858,-5.9814,-12.3901,-3.0518,3.6584,1.4008,96.6138
14:20:42.351,475.975724,-0.3540,-0.1968,0.8809,18.3716,-9.3994,-3.6011,2.5049,1.0767,94.7296
14:20:42.451,476.075676,-0.1221,-0.2656,0.9146,16.8457,-20.1416,-7.7515,1.4832,0.9338,93.2465
14:20:42.551,476.175699,0.0254,-0.2856,1.0879,0.7935,-7.3853,-17.3950,0.9778,0.5603,91.6534
14:20:42.651,476.275609,0.1279,-0.2686,1.1079,-14.4653,-2.6245,-23.2544,0.2911,0.2197,90.1648
14:20:42.751,476.375578,-0.1987,-0.1831,0.9790,-1.0376,-0.2441,-13.0615,-0.6042,0.0824,88.2532
14:20:42.851,476.475548,-0.0386,-0.2324,1.1392,-13.9771,-1.4038,-18.6157,-1.4117,0.0824,86.9293
14:20:42.951,476.575544,-0.1060,-0.1895,1.0488,5.3101,-3.6621,-14.0991,-1.8677,-0.1813,85.7483
14:20:43.051,476.675546,0.1514,-0.1499,1.0850,-4.5776,7.8125,-14.5264,-2.3071,-0.2582,84.8749
14:20:43.151,476.775518,-0.1113,-0.1382,1.0547,9.9487,-9.5825,-7.1411,-3.0103,-0.1099,83.6829
14:20:43.251,476.875549,-0.0283,-0.1821,1.0059,2.5024,5.7373,-15.5029,-3.5046,0.0549,82.1832
14:20:43.351,476.975519,-0.0371,-0.1411,1.2266,5.1880,2.4414,-13.9160,-3.8727,0.2252,80.6451
14:20:43.451,477.075537,0.1035,-0.1143,1.2803,-26.6724,23.6206,-8.6670,-3.8727,0.0330,79.4312
14:20:43.551,477.175501,-0.4375,-0.0918,0.8916,4.6997,-21.1792,-2.6245,-3.1641,0.3571,79.0576
14:20:43.651,477.275454,-0.1689,-0.1030,0.9277,15.8081,-5.1270,0.1831,-3.9661,0.0604,76.5198
14:20:43.751,477.375412,0.0586,-0.0781,1.1157,-11.9629,1.0986,-14.5874,-3.5651,-0.1044,75.8990
14:20:43.851,477.475376,-0.1948,-0.0908,0.8896,8.7280,-6.7139,-7.5684,-3.1476,-0.3131,75.0201
14:20:43.951,477.575359,-0.2935,-0.0469,0.9707,13.9771,9.3994,-5.3711,-3.7463,0.1099,73.5645
14:20:44.051,477.675350,0.0830,-0.0864,1.2334,-6.2866,11.9019,-9.6436,-3.4167,-0.1208,72.8668
14:20:44.151,477.775297,-0.0962,0.0654,0.9478,6.9580,4.3945,-5.4321,-3.3508,-0.0055,72.1198
14:20:44.251,477.875283,0.0044,-0.0088,0.9087,-7.8735,4.6387,-6.9580,-3.3453,-0.1318,71.5485
14:20:44.351,477.975280,-0.1333,0.0049,0.8804,-8.0566,-11.6577,-7.9956,-3.0872,0.2802,70.9552
14:20:44.451,478.075286,-0.1807,0.0166,1.0264,0.0610,5.6763,-3.0518,-3.2245,0.3516,70.5377
14:20:44.551,478.175231,0.0396,0.0542,1.1021,-9.0942,12.8174,-2.6245,-3.2355,0.5768,70.1202
14:20:44.651,478.275176,-0.0791,0.0156,1.0474,-2.7466,6.2256,2.0142,-3.2300,0.6866,69.7192
14:20:44.750,478.375126,-0.1714,-0.0181,0.9297,-7.7515,2.5024,-6.8970,-2.8455,0.5109,69.3951
14:20:44.850,478.475098,-0.0498,0.0010,1.0654,0.2441,-2.9297,-2.4414,-2.9553,0.7800,68.9337
14:20:44.950,478.575053,0.0605,-0.0596,1.0771,-6.2256,-10.4980,-3.4180,-2.2961,0.6976,68.6371
14:20:45.050,478.675019,-0.2095,0.0146,0.8242,13.0615,-23.3765,-1.8921,-2.0490,0.8954,68.3350
14:20:45.150,478.775005,-0.1548,-0.0269,0.9102,14.3433,-8.5449,5.1880,-2.3126,1.3184,68.2800
14:20:45.250,478.874960,0.2344,0.0938,1.2100,-4.4556,13.1836,-1.0376,-2.2632,1.4667,67.8516
14:20:45.350,478.974933,-0.1597,0.0396,0.9404,-5.4932,6.4697,-5.7373,-1.7578,1.1481,67.6099
14:20:45.450,479.074894,-0.0762,0.0811,1.1099,3.9062,-2.6245,0.1831,-1.9116,1.3623,67.4780
14:20:45.550,479.174913,-0.0703,-0.0322,1.0063,20.8740,17.9443,-11.8408,-0.5219,1.1591,67.0551
14:20:45.650,479.274872,0.1821,0.1035,1.1636,8.1787,11.5967,-9.4604,-0.4010,1.2689,66.1871
14:20:45.750,479.374810,-0.0840,0.0474,0.7944,-11.3525,7.3853,-9.2773,0.7196,0.4449,65.7257
14:20:45.850,479.474761,-0.1880,0.1343,1.0381,9.4604,-13.7329,-5.8594,1.1151,0.9174,65.1984
14:20:45.950,479.574733,-0.0288,0.1772,0.9932,-4.2725,-0.3052,6.4697,1.3239,1.3458,65.0446
14:20:46.050,479.674675,-0.0610,0.1064,0.8325,-1.1597,0.1831,-2.2583,1.7358,1.4062,65.0226
14:20:46.150,479.774627,-0.1553,0.1245,0.9351,2.5635,-2.8076,8.6670,1.7358,1.7578,65.2313
14:20:46.250,479.874631,-0.0269,0.0283,1.1807,-2.1973,-4.1504,-0.8545,0.7745,2.3071,65.4291
14:20:46.350,479.974581,0.0410,0.0415,0.8853,-10.3149,8.8501,-3.5400,0.9778,1.9720,65.1215
14:20:46.450,480.074536,-0.0332,0.0830,1.0859,-9.4604,-1.7700,-7.8735,0.7251,2.6807,64.7589
14:20:46.550,480.174571,-0.1313,0.0996,0.8926,-4.2725,4.1504,-0.0610,1.2854,2.6257,64.6710
14:20:46.650,480.274497,-0.2129,0.1313,0.9692,15.1367,-0.9766,1.0376,1.0986,3.6694,64.4843
14:20:46.750,480.374466,0.0547,0.2090,1.0029,5.7373,15.9912,11.9019,1.4172,3.7628,64.9402
14:20:46.850,480.474437,-0.0503,0.2559,1.0405,-10.9253,7.1411,12.2070,1.5765,3.5870,66.2036
14:20:46.950,480.574389,-0.2383,0.1465,0.9517,11.5967,-22.5830,2.3804,2.8674,3.4552,67.1869
14:20:47.050,480.674371,-0.0078,0.2104,1.1592,2.8687,7.2021,-6.1035,3.6639,4.0430,65.8740
14:20:47.150,480.774372,0.0508,0.1875,1.1997,-5.9204,17.0288,-2.4414,3.7683,3.7958,65.5884
14:20:47.250,480.874312,-0.0161,0.1162,0.8560,-6.7139,22.0947,-9.9487,3.8397,3.4662,65.9564
14:20:47.350,480.974281,-0.0732,0.1035,0.9946,-0.2441,-2.0752,16.7236,3.5925,4.0924,66.1707
14:20:47.450,481.074281,-0.0317,0.0728,0.9160,-6.4087,7.7515,-4.2725,3.1750,4.3506,66.1432
14:20:47.550,481.174278,-0.1157,0.0718,1.0449,-4.1504,6.4697,-2.4414,3.1805,4.4165,66.1816
14:20:47.650,481.274249,-0.0830,0.1074,0.9111,-3.9062,-4.5166,-2.0142,3.0817,4.5099,66.0114
14:20:47.750,481.374180,-0.2373,0.0781,0.9507,4.2725,-15.6250,2.6855,3.3893,4.8889,66.1816
14:20:47.850,481.474141,-0.0361,0.0483,1.0513,16.2964,2.5024,5.1880,3.3014,5.3943,66.2585
14:20:47.950,481.574123,0.0298,0.1182,0.9873,-4.3945,3.4180,7.5684,3.2959,5.2185,66.2421
14:20:48.049,481.674066,-0.0835,0.1465,0.8760,-13.0615,7.6904,-1.8921,3.2739,5.3174,66.2531
14:20:48.150,481.774213,-0.2334,0.0840,0.8604,-12.4512,-3.8452,-9.7046,3.8562,5.0317,66.3135
14:20:48.249,481.873999,-0.1152,0.1226,1.0527,4.7607,2.0752,-1.7090,3.9111,5.9161,66.1816
14:20:48.349,481.974025,0.0801,0.1323,1.1294,-4.4556,14.7095,2.9907,3.7408,5.7568,66.1322
14:20:48.449,482.073957,-0.1992,0.1289,0.8979,-9.4604,7.8735,-2.8687,4.1418,5.5865,66.1102
14:20:48.549,482.173986,-0.1108,0.1504,0.9097,9.9487,-5.5542,1.6479,4.2957,5.3998,66.4233
14:20:48.649,482.273865,-0.0806,0.1382,1.0957,4.8828,0.9155,2.8687,4.4055,5.5701,66.6595
14:20:48.749,482.373816,-0.1187,0.0806,0.9248,4.7607,5.9814,3.1738,4.6637,5.7513,66.8518
14:20:48.849,482.473779,0.0205,0.0518,1.0586,3.8452,-5.5542,-3.3569,4.6143,5.3613,66.7639
14:20:48.949,482.573749,0.1934,0.0645,1.0645,-10.8032,8.8501,-3.1128,4.3835,5.4053,66.3904
14:20:49.049,482.673715,-0.0151,0.1650,1.0815,-28.7476,12.5732,-18.6157,4.3781,5.2789,66.0992
14:20:49.149,482.773692,-0.2920,0.1006,0.9355,-5.1270,-22.9492,-4.5776,5.2130,5.0372,66.1816
14:20:49.249,482.873651,0.0449,0.1675,1.2158,6.7749,19.4092,-1.2207,4.6637,6.3007,66.2531
14:20:49.349,482.973621,-0.2407,0.1528,0.7969,2.8687,12.2681,16.2964,5.1361,6.4160,66.8903
14:20:49.449,483.073573,-0.0942,0.0918,1.0068,-3.2349,11.4136,-2.3193,5.1910,6.2842,67.4561
14:20:49.549,483.173627,-0.0176,0.1987,1.1885,1.0986,4.4556,0.6104,5.2515,6.3885,67.3407
14:20:49.649,483.273527,-0.0815,0.1763,0.8711,-13.7939,6.7139,0.6104,5.2789,5.9766,67.5110
14:20:49.749,483.373491,-0.2603,0.2505,1.0200,7.2632,-4.6997,-2.6855,5.2789,6.5863,67.1045
14:20:49.849,483.473455,0.1567,0.2090,1.2524,-11.8408,23.8037,-0.7324,5.0208,6.4819,67.3132
14:20:49.949,483.573467,-0.3423,0.1489,0.7896,8.3618,-4.8828,5.1270,5.6635,6.1853,67.4066
14:20:50.049,483.673401,-0.1655,0.1538,1.1270,7.2632,1.8311,0.9155,5.2679,6.7236,67.4725
14:20:50.149,483.773343,-0.0767,0.0464,0.8203,-2.5635,-8.2397,3.3569,5.1306,6.4435,67.1594
14:20:50.249,483.873288,-0.2593,0.0708,0.9175,2.5635,-11.8408,3.1738,5.0317,6.5149,67.0276
14:20:50.349,483.973264,-0.0811,0.0518,0.9883,-3.0518,-24.1089,3.8452,5.1251,6.2292,67.1320
14:20:50.449,484.073310,-0.2856,0.1279,1.1895,11.0474,-2.6245,3.0518,5.0427,6.8555,67.3901
14:20:50.549,484.173222,-0.1631,0.1157,0.9160,16.2354,-8.7891,9.8877,5.3943,6.8445,68.2910
14:20:50.649,484.273144,0.0288,0.0054,1.0752,8.7280,25.5127,-2.3804,5.1086,6.9763,68.2251
14:20:50.748,484.373068,-0.2065,0.0298,0.6992,2.0142,-14.4043,-5.0659,5.4547,5.5756,68.1152
14:20:50.848,484.473023,-0.2505,0.0698,0.9819,-1.5259,-15.6250,-1.2207,5.3668,6.2952,68.1592
14:20:50.948,484.572981,0.1328,0.1289,1.0796,-7.0190,9.4604,-1.2207,5.1141,6.4929,68.0383
14:20:51.048,484.672950,-0.0205,0.0708,0.9175,-6.1646,2.9907,2.2583,5.0592,6.7401,68.3405
14:20:51.148,484.772913,-0.1924,0.1074,0.8892,-13.6719,6.5308,-3.9062,5.2954,6.1469,68.5657
14:20:51.248,484.872876,-0.2568,0.1084,0.8286,10.3149,-10.5591,-1.8921,5.0647,6.6412,68.4833
14:20:51.348,484.973008,0.0767,0.0713,1.2090,6.5308,20.6909,-7.8125,4.8889,6.9983,68.2855
14:20:51.448,485.072861,-0.0693,0.1138,0.9619,-9.7046,24.2310,-3.7842,5.3339,6.0480,68.4393
14:20:51.548,485.172859,-0.2275,0.1064,0.8652,0.0610,0.0000,-4.0894,5.3558,6.5808,68.6261
14:20:51.648,485.272740,0.0005,0.1006,1.2480,0.1221,28.4424,-12.0850,5.1086,6.7346,68.4393
14:20:51.748,485.372700,-0.1870,0.0474,0.8306,-3.4180,13.6719,-10.1929,5.2515,6.4105,68.0603
14:20:51.848,485.472706,-0.3540,0.0918,0.9497,9.1553,-0.3662,3.0518,5.1416,6.5479,67.4561
14:20:51.948,485.572619,0.1128,0.1001,1.1572,-15.5029,16.7236,-10.5591,4.9219,6.4490,67.5110
14:20:52.048,485.672584,-0.1943,0.0972,0.8950,-8.8501,14.7095,-4.5166,5.2625,6.4270,67.5385
14:20:52.148,485.772585,-0.3511,0.1587,0.8428,11.4746,-8.2397,9.5825,5.2020,7.1082,67.6648
14:20:52.248,485.872522,0.0303,0.1162,1.1099,6.1646,4.0894,5.5542,5.2240,7.2510,68.1537
14:20:52.348,485.972491,-0.1553,0.0986,0.9336,2.2583,-2.0752,9.6436,5.2295,6.8170,68.4503
14:20:52.448,486.072458,-0.1235,0.1479,0.9170,-13.4888,-2.4414,-0.3662,5.9985,5.6360,69.0656
14:20:52.548,486.172481,-0.2168,0.1641,1.1353,8.1177,-27.2217,-1.8921,5.9106,6.8115,69.3018
14:20:52.648,486.272504,0.1113,0.0391,1.4707,4.2114,46.7529,-13.5498,5.3723,7.1301,68.6975
14:20:52.748,486.372398,-0.0391,0.0542,0.8452,-5.8594,27.5269,-17.7612,5.9821,5.6799,69.3677
14:20:52.848,486.472374,-0.4976,0.0464,0.8706,5.6763,0.1221,2.2583,5.8942,6.7950,68.7469
14:20:52.948,486.572320,0.0615,0.0098,1.0312,-7.1411,12.8784,-8.8501,5.6744,6.4929,68.0054
14:20:53.048,486.672312,-0.1421,0.0581,0.9395,0.2441,4.0283,0.1221,5.4657,7.2949,67.6978
14:20:53.148,486.772264,-0.0752,0.0312,0.9351,0.6104,-0.7324,-0.5493,5.7898,6.9983,67.8406
14:20:53.248,486.872253,-0.0171,0.0210,1.0063,5.7983,4.0283,-0.1831,5.4767,7.1082,67.7417
14:20:53.348,486.972186,-0.1040,-0.0020,1.0127,4.0283,0.0000,-5.2490,5.5975,6.7786,67.7142
14:20:53.447,487.072174,-0.0811,-0.0366,1.0879,11.1694,11.7188,-2.2583,5.1746,7.0587,67.4835
14:20:53.547,487.172170,0.1768,-0.0708,1.2095,-10.2539,18.0054,-20.0806,5.2515,6.4380,67.0605
14:20:53.647,487.272053,-0.0654,-0.1309,1.2329,5.6152,12.8174,-14.9536,5.0262,6.2567,66.2256
14:20:53.747,487.371973,-0.0835,-0.2363,1.0439,8.1787,3.6011,-14.2212,5.3284,5.6305,65.1709
14:20:53.847,487.471952,-0.2031,-0.2520,1.0615,15.7471,6.7139,-13.2446,4.7351,5.7623,63.8635
14:20:53.947,487.571930,0.0884,-0.4375,1.3560,3.7231,9.1553,-28.4424,3.9661,5.7458,62.4628
14:20:54.047,487.671882,0.0303,-0.4170,1.1338,7.0801,9.1553,-23.6816,3.4882,5.3888,60.9686
14:20:54.147,487.771858,-0.1001,-0.4268,1.2642,8.8501,2.6245,-22.4609,2.0709,5.1526,58.7549
14:20:54.247,487.871824,0.1245,-0.4727,1.1416,1.9531,-0.6714,-28.0151,1.2579,4.9823,56.5851
14:20:54.347,487.971764,-0.1885,-0.4521,0.9443,10.9253,2.1973,-0.7935,0.2527,4.4879,55.0140
14:20:54.447,488.071764,-0.2715,-0.5405,1.1387,6.6528,-5.8594,-21.6064,-0.9998,4.2462,53.6462
14:20:54.547,488.171758,0.0352,-0.6318,1.1392,4.1504,3.9062,-23.5596,-1.5326,3.9771,51.6248
14:20:54.647,488.271690,-0.2656,-0.5425,0.9897,13.3667,0.5493,-16.9067,-2.5598,3.3948,49.5538
14:20:54.747,488.371640,-0.2861,-0.4067,0.8013,0.0000,-17.2729,-14.4043,-3.5815,2.9828,47.5269
14:20:54.847,488.471718,0.1968,-0.4019,1.2993,-13.1836,-18.0054,-28.9307,-4.3066,3.0762,45.9009
14:20:54.947,488.571647,0.0225,-0.4131,0.7651,1.0986,-10.8032,4.9438,-5.0757,2.2467,44.7858
14:20:55.047,488.671667,-0.4702,-0.3628,1.0244,15.3809,-16.2964,-14.9536,-6.4435,2.2742,42.6324
14:20:55.147,488.771544,-0.3062,-0.4932,1.2271,7.2021,-4.3945,-17.9443,-6.8335,2.3950,40.4407
14:20:55.247,488.871435,-0.0259,-0.5527,1.1987,1.2817,12.0239,-27.9541,-7.1851,1.7743,38.5291
14:20:55.347,488.971403,0.0337,-0.4609,1.1094,8.1787,6.2256,-24.5972,-7.5476,1.5656,36.5680
14:20:55.447,489.071400,-0.0010,-0.4038,1.1890,0.8545,-5.3101,-23.6816,-7.9926,0.8075,34.6344
14:20:55.547,489.171376,0.0151,-0.4561,1.4512,3.6011,-1.4648,-26.6724,-8.5693,0.6152,32.7997
14:20:55.647,489.271300,-0.0288,-0.5610,1.0249,14.4043,14.7705,-23.5596,-8.5309,-0.0494,30.9045
14:20:55.747,489.371224,-0.3110,-0.6211,1.1064,17.5781,-12.7563,-33.6304,-9.2725,-0.5493,27.6581
14:20:55.847,489.471220,-0.2163,-0.7720,0.9829,18.6157,-5.0049,-28.6255,-9.4373,-1.2854,24.4501
14:20:55.947,489.571135,-0.1167,-0.6743,1.0903,-5.1270,-13.0005,-29.7241,-9.8932,-2.2192,21.6870
14:20:56.046,489.671113,-0.0884,-0.6626,1.2305,15.1367,-12.7563,-34.7900,-9.7668,-2.1368,19.2096
14:20:56.146,489.771046,-0.4180,-0.7090,0.8921,13.2446,-5.7373,-17.5781,-10.5249,-3.0652,17.5836
14:20:56.246,489.870979,-0.5078,-0.5107,1.1255,-11.9629,-28.7476,-18.9209,-11.2610,-3.6914,15.4413
14:20:56.346,489.970969,0.6606,-0.7954,1.2197,23.3154,8.6060,-59.9365,-11.1786,-2.5049,15.0623
14:20:56.446,490.070989,-1.1172,-0.5215,0.8145,0.9155,-28.0151,-17.7002,-11.0742,-5.8502,9.0692
14:20:56.546,490.170888,0.0894,-0.7915,1.1592,16.4185,-41.4429,-52.1851,-10.4260,-6.0370,4.8669
14:20:56.646,490.270813,-0.1538,-1.0933,1.3120,24.9023,10.3149,-27.7100,-10.2228,-6.5039,2.1698
14:20:56.746,490.370744,-0.1606,-0.7812,1.3594,4.8218,-12.0850,-39.6118,-10.2228,-7.9321,-1.8677
14:20:56.846,490.470700,-0.3379,-0.8403,1.4800,-0.3662,-7.6294,-44.2505,-10.2228,-8.4265,-4.3890
14:20:56.946,490.570636,-0.2158,-0.7529,1.4170,8.0566,14.2212,-32.8369,-11.3324,-9.2670,-6.5698
14:20:57.046,490.670654,-0.2568,-0.7554,1.5234,-21.4233,2.1362,-31.7383,-11.1511,-10.4810,-9.1296
14:20:57.146,490.770591,0.2578,-0.8667,1.3242,3.3569,-37.4756,-42.9688,-10.5249,-11.4807,-11.6675
14:20:57.246,490.870548,-0.0552,-0.7871,1.1484,0.0000,27.7710,-24.1699,-11.3379,-12.6068,-14.4635
14:20:57.346,490.970497,-0.0552,-0.9604,2.1113,-16.8457,-28.4424,-146.1182,-10.1404,-14.8425,-19.9072
14:20:57.446,491.070493,0.1919,-0.8169,1.0933,6.7139,27.8931,15.8691,-9.5746,-15.0897,-23.4778
14:20:57.546,491.170498,0.0605,-0.7554,1.4922,23.5596,-0.6104,-88.9282,-9.3164,-16.3806,-27.1967
14:20:57.646,491.270413,0.0059,-0.9526,1.4419,-26.2451,5.3101,-55.9082,-7.7728,-17.7924,-33.0908
14:20:57.746,491.370365,0.4185,-0.7612,1.2612,-6.2866,-3.4180,-47.1191,-7.9431,-18.6932,-35.7166
14:20:57.846,491.470356,-0.0894,-1.0352,1.5396,-11.2915,6.1646,-42.0532,-7.3334,-18.9459,-39.2542
14:20:57.946,491.570312,-0.0308,-0.7334,1.3535,0.2441,-7.9956,-29.4189,-8.4595,-19.9457,-41.5283
14:20:58.046,491.670328,-0.2725,-0.8657,1.3872,11.8408,18.4937,-25.5737,-8.5803,-18.9624,-42.8192
14:20:58.146,491.770270,0.0176,-0.6660,1.3438,-24.7803,-0.4883,-41.5039,-8.9813,-21.0498,-46.2964
14:20:58.246,491.870236,0.3462,-1.0405,1.8496,7.5684,35.0342,-73.5474,-7.6630,-20.2039,-49.7131
14:20:58.346,491.970169,-0.3745,-0.6143,0.9478,-3.9673,25.4517,-29.7852,-8.2068,-23.1482,-52.9651
14:20:58.446,492.070235,0.0620,-0.9585,1.6929,11.9629,-9.3994,-103.7598,-5.8502,-22.1594,-58.4802
14:20:58.545,492.170152,0.0474,-0.7847,0.9849,-10.5591,43.3960,-26.0620,-6.8335,-23.0658,-60.1886
14:20:58.645,492.270101,0.2017,-0.7188,1.5029,-23.9868,-7.1411,-39.9170,-6.2238,-22.5330,-63.3362
14:20:58.745,492.370011,-0.1099,-0.9492,0.7827,12.8784,34.3628,22.0947,-7.1686,-22.3022,-62.6715
14:20:58.845,492.469960,-0.0200,-0.3179,1.1685,4.6387,-38.2080,-43.2739,-8.7726,-21.5552,-64.8798
14:20:58.945,492.569935,-0.2051,-0.6763,1.1826,-10.5591,20.2637,-23.7427,-9.0637,-21.2091,-65.9674
14:20:59.045,492.669904,0.0605,0.0366,1.1597,-9.4604,-33.6304,-16.1133,-9.5746,-21.8353,-68.2910
14:20:59.145,492.769883,0.3794,-0.1382,1.1655,-32.2876,8.8501,-38.2690,-9.1626,-20.6543,-68.5876
14:20:59.245,492.869851,0.1011,-0.1338,0.7905,-7.5073,-21.7285,-6.2866,-9.1956,-20.6104,-69.0161
14:20:59.345,492.969792,-0.1406,0.0620,1.2627,-42.6636,-28.1372,-2.6855,-8.3990,-20.5334,-72.8998
14:20:59.445,493.069790,0.7744,0.1265,1.3813,-68.4204,9.9487,-51.2695,-8.6682,-18.9624,-73.8940
14:20:59.545,493.169765,-0.1875,0.2603,0.7954,-68.4204,58.1055,13.3667,-9.8163,-18.6053,-72.4109
14:20:59.645,493.269713,-0.0732,0.4028,1.3408,23.1934,29.4189,21.6675,-10.4425,-13.7164,-72.9767
14:20:59.745,493.369684,-0.3428,0.5586,0.4980,-45.3491,49.9878,25.1465,-11.0797,-13.4418,-69.8346
14:20:59.845,493.469650,0.2871,0.8530,1.4404,-1.7090,-16.5405,-15.1978,-9.7449,-9.3329,-70.1367
14:20:59.945,493.569607,0.1436,0.4419,0.9038,41.1987,12.4512,27.1606,-8.4924,-9.0472,-66.9617
14:21:00.045,493.669571,0.0205,0.0483,1.4312,28.0762,7.2021,-39.5508,-8.0750,-6.8390,-65.0171
14:21:00.145,493.769523,0.2778,0.6470,1.1655,-34.0576,67.5049,38.8794,-6.8884,-6.8829,-64.5502
14:21:00.245,493.869516,0.0615,0.0879,0.4634,-22.3999,21.2402,15.2588,-5.3998,-7.7014,-62.1716
14:21:00.345,493.969489,-0.0854,0.1675,0.7441,-15.4419,4.9438,13.4888,-3.7793,-5.7184,-61.8475
14:21:00.445,494.069441,-0.2974,0.2549,1.2705,22.8882,-12.0850,30.3345,-4.3121,-2.8619,-61.0071
14:21:00.545,494.169455,0.3516,0.1138,0.8721,4.6387,0.6714,-9.5825,-2.7850,-3.2904,-59.2383
14:21:00.645,494.269392,-0.1470,-0.1172,1.0166,-2.1362,24.7803,-18.0664,-1.6370,-3.1311,-58.8153
14:21:00.745,494.369390,-0.1797,0.1274,0.9067,14.7095,-13.1836,23.1323,-1.1646,-2.1918,-58.3704
14:21:00.845,494.469349,0.2632,0.0107,1.3369,-8.9111,21.4233,0.2441,-0.9998,-1.5546,-57.1783
14:21:00.945,494.569316,-0.2690,0.1353,0.7202,-12.0239,-25.8179,21.8506,0.3186,-1.6425,-56.1237
14:21:01.045,494.669285,-0.2056,0.1587,1.1855,12.3291,-9.4604,4.9438,-0.3625,0.1373,-54.7064
14:21:01.145,494.769209,0.2866,0.2461,1.4546,-15.1978,60.7910,-29.6631,-0.0934,-0.1318,-53.7561
14:21:01.245,494.869150,0.0557,0.1929,1.0039,-4.6387,31.5552,-19.1040,0.6317,-0.8020,-52.7014
14:21:01.345,494.969122,-0.1226,0.1504,0.9214,-15.0146,16.1133,-5.0049,1.0712,-0.1923,-52.3059
14:21:01.444,495.069101,-0.0908,0.1436,1.0869,5.0659,-12.8174,-2.8687,1.1096,1.0767,-52.8552
14:21:01.544,495.169113,-0.0693,0.1597,0.9380,-17.6392,-7.0190,4.4556,2.0270,0.7086,-52.3608
14:21:01.644,495.269029,-0.1768,0.1528,1.1543,20.4468,1.4648,-7.1411,1.7743,2.6147,-52.3004
14:21:01.744,495.368968,0.3501,0.1333,1.3364,-38.8184,63.1104,-12.3291,1.9830,1.9611,-52.1356
14:21:01.844,495.468893,-0.3950,0.1733,0.8804,-7.2021,-14.0991,-10.9863,2.5488,1.5106,-51.1469
14:21:01.944,495.568861,-0.1743,0.0337,1.0938,7.9346,-41.4429,10.4370,1.9171,3.4387,-51.3940
14:21:02.044,495.668856,0.0518,0.0415,0.7075,-0.4272,-22.3389,6.9580,3.8562,1.7358,-51.2952
14:21:02.144,495.768801,-0.2397,-0.0171,1.1011,18.3716,4.6387,16.0522,2.1423,3.5046,-53.0640
14:21:02.244,495.868775,0.1035,0.0410,0.8950,-1.5869,19.0430,0.1221,2.9279,2.5323,-51.6083
14:21:02.344,495.968733,-0.0137,0.0591,1.1074,-26.4893,36.3159,8.1787,3.0377,2.4115,-49.6967
14:21:02.444,496.068781,-0.3560,0.1763,0.9385,-19.7754,-31.9824,9.9487,3.5431,2.7686,-49.5593
14:21:02.544,496.168762,0.1611,0.0996,1.2397,12.0850,-6.7749,6.8359,2.5818,4.3231,-50.5811
14:21:02.644,496.268662,0.2900,0.0430,1.0244,-11.2915,26.3672,-25.0244,2.0874,3.4277,-50.6744
14:21:02.744,496.368641,-0.3491,0.1851,0.8750,-19.1650,-0.7935,-5.1880,2.8510,2.5104,-50.3723
14:21:02.844,496.468551,-0.2964,0.0454,0.9072,18.3105,-37.3535,6.0425,2.6312,3.2190,-51.1578
14:21:02.944,496.568514,0.1528,0.0635,1.1416,-9.5215,28.4424,-30.4565,2.2412,3.4772,-52.3553
14:21:03.044,496.668516,-0.1611,0.1357,0.9961,3.1738,3.9062,-14.5264,3.0048,2.9828,-52.9926
14:21:03.144,496.768460,-0.1890,-0.0981,0.9326,12.0239,-7.2021,-12.5122,3.1146,2.2797,-53.4265
14:21:03.244,496.868392,-0.0610,0.1294,1.2158,13.0615,20.4468,-2.5635,3.5101,3.6420,-53.3606
14:21:03.344,496.968372,0.0063,0.2778,1.0352,-37.2314,74.2188,-19.2261,3.3948,1.3843,-53.4760
14:21:03.444,497.068387,-0.4043,0.1548,0.6538,3.2349,-66.6504,5.9814,3.7958,2.2412,-52.3114
14:21:03.544,497.168370,0.1240,0.0376,1.6045,9.4604,3.0518,15.4419,3.1750,4.4275,-52.8552
14:21:03.644,497.268287,0.0132,0.1392,0.9404,-11.1694,44.0674,-21.6675,3.9056,1.7523,-51.6083
14:21:03.744,497.368265,-0.3931,0.0903,0.7812,20.8130,-18.0054,12.1460,3.5101,3.2190,-52.0367
14:21:03.844,497.468213,0.0200,0.1025,1.1157,-31.2500,28.7476,-8.4229,3.3948,3.3508,-51.8719
14:21:03.943,497.568176,-0.3652,0.1450,0.6318,16.6626,-37.3535,5.3711,3.7628,3.3838,-51.0315
14:21:04.043,497.668119,0.0908,0.0708,1.2891,-1.6479,21.7896,13.5498,2.8345,5.0482,-50.9930
14:21:04.143,497.768045,-0.2573,0.0991,0.7578,-3.1128,11.9019,-3.6011,3.3948,3.9166,-49.1968
14:21:04.243,497.868043,-0.4434,0.0693,0.8545,1.2207,12.5122,-5.7983,3.2574,5.2460,-49.0649
14:21:04.343,497.967949,-0.4995,0.1992,0.9912,-4.8218,6.5918,-11.3525,3.6035,7.5201,-49.1803
14:21:04.443,498.067940,-0.4883,0.1074,0.7305,12.5732,-21.5454,7.5684,4.1803,8.2068,-48.8672
14:21:04.543,498.167943,-0.4946,0.1328,0.9761,4.3945,-0.5493,0.3052,4.3890,8.5968,-49.1144
14:21:04.643,498.267879,-0.5254,0.1348,1.0259,6.7139,2.5635,-5.6152,4.3726,9.4922,-49.4440
14:21:04.743,498.367822,-0.3745,0.0596,0.9458,-7.7515,30.6396,-10.8643,4.2682,10.1788,-49.8285
14:21:04.843,498.467802,-0.2139,0.0459,0.9365,-2.1973,-13.6108,-3.2349,4.4275,10.8820,-50.1196
14:21:04.943,498.567754,-0.0552,-0.0312,0.9053,-10.1318,-22.7661,-14.5264,4.3011,11.3104,-50.7074
14:21:05.043,498.667733,-0.5088,0.0015,0.8965,-10.3760,-35.2783,-7.9346,4.2297,11.9586,-51.9983
14:21:05.143,498.767665,-0.3340,-0.2212,1.1533,21.9116,-36.3159,-9.3384,3.8397,13.3099,-53.6188
14:21:05.243,498.867669,-0.0386,-0.2622,1.1694,-8.6060,13.6108,-23.4985,2.8619,13.5132,-55.6732
14:21:05.343,498.967571,-0.2798,-0.2568,1.0298,-10.3149,6.2256,-22.7661,2.4005,13.4912,-57.5848
14:21:05.443,499.067586,-0.3857,-0.4409,0.9541,3.2349,-0.1221,-27.5879,1.4941,14.0680,-60.3204
14:21:05.543,499.167608,-0.4556,-0.4829,1.2534,-3.2349,13.3057,-23.3154,0.1923,14.3646,-62.8473
14:21:05.643,499.267531,-0.4087,-0.5410,1.0791,11.4746,5.1270,-29.3579,-0.8899,14.4470,-65.6543
14:21:05.743,499.367484,-0.4854,-0.7471,1.3335,19.8975,4.3335,-37.6587,-2.4115,14.2767,-68.9227
14:21:05.843,499.467451,-0.7031,-0.6421,0.8711,13.2446,7.3853,-27.5879,-4.1748,13.2275,-72.2900
14:21:05.943,499.567380,-0.0503,-0.8364,1.5288,23.0103,-16.6016,-56.3965,-4.4604,13.0133,-76.3824
14:21:06.043,499.667359,-0.5303,-0.2544,0.7720,-27.7710,-0.0610,-38.0859,-7.3718,9.7229,-81.1725
14:21:06.143,499.767317,0.5771,-0.8618,1.3179,61.8896,21.1182,-47.5464,-6.0864,13.5187,-82.6117
14:21:06.243,499.867301,-1.0669,-0.5791,0.5693,-1.3428,-19.4092,3.1128,-8.8715,7.0312,-91.3513
14:21:06.343,499.967403,1.0308,-0.5708,1.8228,12.3901,-23.0103,-114.8682,-6.6852,9.3768,-93.4991
14:21:06.443,500.067265,-1.2881,-0.9131,0.6147,72.2046,14.8926,54.6265,-10.3711,5.1801,-99.6790
14:21:06.543,500.167225,-0.1025,-0.7695,1.4136,-0.7935,-46.8140,-127.0142,-9.8492,4.4934,-105.5731
14:21:06.643,500.267191,-0.7944,-1.5630,1.6045,64.0869,17.5171,-43.5791,-11.4203,2.4280,-109.3854
14:21:06.742,500.367119,-0.1162,-0.4487,0.9995,-38.1470,-6.1035,-76.2329,-12.0959,-0.0385,-115.3400
14:21:06.842,500.467060,-0.3604,-1.1909,1.1602,34.2407,24.7192,-54.1992,-11.2939,-0.8350,-119.3280
14:21:06.942,500.566978,-0.2881,-0.6807,1.1777,-0.8545,-13.6108,-62.0728,-12.2607,-2.3016,-124.9310
14:21:07.042,500.666944,-0.4321,-1.0723,1.3164,3.8452,37.1704,-79.4067,-12.5848,-2.2357,-127.5238
14:21:07.142,500.766917,-0.1538,-0.8423,1.2119,-4.7607,-8.1787,-36.1938,-11.6400,-3.8727,-133.7640
14:21:07.242,500.866870,-0.0220,-0.6641,1.0332,10.3760,-2.3804,-37.7197,-11.3873,-6.3281,-138.2410
14:21:07.342,500.966813,-0.3125,-1.1299,1.4263,37.9028,-23.7427,-73.7305,-10.1184,-8.0475,-144.9207
14:21:07.442,501.066772,-0.5220,-0.4595,1.0405,-1.0376,-17.2119,-41.7480,-11.1017,-10.4590,-148.2880
14:21:07.542,501.166782,-0.0649,-1.1885,1.6606,34.8511,14.8315,-93.8721,-8.6902,-8.7012,-153.2812
14:21:07.642,501.266705,-0.5176,-0.5776,0.9146,-5.2490,-22.4609,-13.5498,-8.2617,-12.6233,-158.1866
14:21:07.742,501.366631,0.0747,-0.9468,1.3823,44.0674,-16.8457,-92.7124,-6.5918,-11.6016,-163.2129
14:21:07.842,501.466575,-0.6548,-0.8750,0.9326,11.7798,-23.6206,-28.3813,-6.4325,-14.2877,-167.6898
14:21:07.942,501.566502,0.0249,-0.9482,1.4795,5.1270,-14.4043,-80.1392,-4.7516,-13.7769,-172.4963
14:21:08.042,501.666476,-0.3970,-1.0122,1.1069,-18.5547,2.9907,-7.6904,-5.2020,-15.7269,-175.1990
14:21:08.142,501.766426,-0.1499,-0.4751,1.3477,-9.5215,0.2441,-25.8789,-5.3284,-14.5679,-177.0612
14:21:08.242,501.866386,-0.1719,-0.1968,0.8945,-10.2539,1.2817,12.9395,-7.0532,-14.7876,-176.6327
14:21:08.342,501.966319,-0.2505,-0.0083,1.2290,-1.3428,8.5449,-16.4795,-7.5421,-13.6066,-176.9458
14:21:08.442,502.066336,0.0747,-0.2227,1.2129,5.9204,16.8457,-25.7568,-7.5696,-13.2935,-176.4734
14:21:08.542,502.166252,0.0615,-0.0352,1.1860,-15.5029,13.5498,-27.5269,-7.1851,-13.0463,-178.2147
14:21:08.642,502.266187,0.0156,-0.0884,0.9165,-0.0610,-3.0518,-24.4141,-6.0040,-13.3813,-179.8187
14:21:08.741,502.366112,-0.2383,-0.2441,1.0742,23.9258,-3.9062,-31.5552,-4.3616,-12.0850,177.7148
14:21:08.841,502.466057,-0.1318,-0.0771,0.7734,23.2544,-43.1519,-16.4185,-3.7354,-12.7332,174.4464
14:21:08.941,502.566061,-0.6465,-0.5732,1.0054,66.1011,7.6904,-20.9351,-3.1311,-10.7831,173.6609
14:21:09.041,502.665962,0.1030,-0.0132,0.7979,-15.3198,-10.8643,-31.6162,-3.6914,-11.8213,169.7662
14:21:09.141,502.765927,0.1030,-0.4336,1.3008,-0.9155,11.5967,-19.6533,-2.2961,-10.7446,169.9695
14:21:09.241,502.865900,-0.1475,0.0586,0.6001,14.7095,-48.9502,-10.7422,-2.3895,-11.6455,166.9977
14:21:09.341,502.965833,-0.7212,-0.3364,1.4102,30.8838,14.5264,-24.5972,-1.2744,-8.9758,164.1522
14:21:09.441,503.065768,0.2886,0.2109,0.8467,-9.7656,-9.0332,-17.7612,-1.8402,-11.4697,162.9712
14:21:09.541,503.165791,0.1934,-0.2607,1.0723,-33.2642,-34.1797,-20.3857,0.2472,-8.7396,164.4763
14:21:09.641,503.265759,-0.1924,0.0664,0.8252,16.7236,-14.2822,51.8188,-0.7800,-9.4812,161.4441
14:21:09.741,503.365675,0.1577,0.0156,1.1704,-25.6958,-14.5264,-32.0435,-0.9338,-8.5803,162.1088
14:21:09.841,503.465629,0.0596,-0.0532,1.3267,-15.8691,25.5737,-7.2021,-1.3568,-8.0420,162.0813
14:21:09.941,503.565540,-0.0210,-0.0454,1.2812,-19.8364,33.6304,-13.4888,-1.7853,-7.9156,161.0706
14:21:10.041,503.665545,0.0781,-0.0225,1.0518,-26.3672,-15.6250,-8.4839,-1.3239,-7.6135,160.8344
14:21:10.141,503.765463,-0.1113,-0.1167,1.2061,-9.8877,4.5166,-10.1318,-1.3513,-6.9324,159.7467
14:21:10.241,503.865412,0.1519,0.0166,1.3359,-18.6768,8.7891,-12.4512,-1.8567,-6.7950,158.5272
14:21:10.341,503.965337,0.0122,-0.0176,1.1875,-16.1743,-2.4414,-17.8833,-1.5765,-6.1523,158.8513
14:21:10.441,504.065267,-0.0747,0.0117,0.9971,2.1362,6.0425,3.1738,-1.7084,-6.1633,157.5934
14:21:10.541,504.165270,-0.0405,0.0981,1.0332,-2.0752,1.0376,-17.1509,-2.0929,-4.9384,157.3572
14:21:10.641,504.265171,-0.2427,0.0503,0.9565,14.5874,-5.9814,1.7090,-1.7578,-4.9548,156.5662
14:21:10.740,504.365108,-0.1279,0.0996,0.9160,11.4136,4.6387,4.1504,-1.7633,-4.2133,156.4233
14:21:10.840,504.465070,-0.0532,0.1392,0.9365,8.9111,1.5259,1.2207,-1.4832,-3.7848,156.5387
14:21:10.940,504.565045,0.0015,0.1289,1.0532,-2.3804,-3.9062,-3.2349,-1.0107,-3.5870,156.8463
14:21:11.040,504.665013,-0.1895,0.0913,0.8149,4.9438,-0.4883,-4.0894,-0.6207,-3.0707,156.8518
14:21:11.140,504.764891,-0.1143,0.0503,0.9932,9.3994,-14.0991,-6.7749,-0.1044,-2.6971,156.4838
14:21:11.240,504.864861,-0.2310,0.1753,0.9150,11.7798,0.9766,8.4229,0.0055,-1.8237,156.1761
14:21:11.340,504.964817,-0.0381,0.0996,0.9937,6.4087,11.7188,-2.9907,0.1099,-1.3348,156.4178
14:21:11.440,505.064787,0.0889,0.1558,1.0845,-1.6479,45.5322,-18.9819,0.0000,-1.8677,156.3794
14:21:11.540,505.164827,0.0986,0.2158,1.0552,-10.8643,-14.5874,-5.7983,0.3241,-1.1316,156.4893
14:21:11.640,505.264686,-0.1934,0.3506,0.8184,-26.7944,-13.6108,10.1929,1.1700,-0.9338,157.0111
14:21:11.740,505.364658,-0.1558,0.3218,0.9556,-13.3057,-41.8091,23.4375,1.7908,0.6427,158.6261
14:21:11.840,505.464634,0.2886,0.4585,1.2358,-6.1646,9.2773,24.5361,2.0984,1.3678,159.7906
14:21:11.940,505.564562,-0.1328,0.2090,0.8530,-26.6724,2.9297,0.6714,2.9553,0.1648,161.2189
14:21:12.040,505.664559,-0.1558,0.5542,1.0420,-2.3804,-32.6538,11.0474,3.3453,1.6479,163.3887
14:21:12.140,505.764491,-0.1670,0.5000,1.0078,1.9531,15.3809,33.9966,4.0265,1.9446,164.2896
14:21:12.240,505.864444,-0.2490,0.5332,0.8896,5.3101,-3.0518,10.1318,5.0317,1.4667,166.8988
14:21:12.340,505.964422,-0.0708,0.7178,1.0889,-10.6201,12.5122,33.0811,5.7953,2.8345,168.8708
14:21:12.440,506.064398,-0.2207,0.7290,1.0220,-13.4277,24.5361,18.5547,6.6357,2.8345,170.4474
14:21:12.540,506.164410,-0.1782,0.5913,1.2769,-10.4980,7.2632,17.6392,7.8937,3.4058,172.7875
14:21:12.640,506.264334,0.0239,0.7417,1.4092,-22.0337,39.1846,11.4746,8.8495,5.0647,174.4519
14:21:12.740,506.364274,-0.4385,0.5811,0.9468,5.1880,-15.0146,12.9395,9.5856,3.7354,176.5118
14:21:12.840,506.464235,-0.0776,0.7817,1.1309,-37.5366,5.9204,18.6768,10.4974,6.3611,179.9561
14:21:12.940,506.564166,-0.0205,0.5869,0.8462,10.8032,44.7998,28.4424,12.1509,6.1798,-177.9785
14:21:13.039,506.664137,-0.3149,0.6958,0.8145,-10.8032,-11.9019,12.8174,12.3651,6.1743,-175.0012
14:21:13.139,506.764091,-0.2358,0.8657,1.0283,-13.3667,-21.4233,2.8076,14.9744,8.8275,-172.5952
14:21:13.239,506.864038,-0.3428,0.5566,1.1304,20.5078,-5.1270,25.8179,13.2166,8.1848,-169.7772
14:21:13.339,506.963992,-0.2715,0.9844,0.8574,-31.5552,-15.6860,30.8838,15.3973,7.0862,-167.1625
14:21:13.439,507.063930,-0.6973,0.5205,1.0981,7.9956,13.0005,33.6914,16.6937,7.8552,-164.0753
14:21:13.539,507.163967,-0.1396,0.8931,0.8599,-16.6016,-8.4839,70.0073,16.9794,8.0695,-159.5380
14:21:13.639,507.263867,-0.6304,0.5317,0.8105,-2.7466,6.1035,21.7896,17.6990,6.7072,-154.5721
14:21:13.739,507.363817,-0.5625,1.1641,0.9517,-24.4751,13.2446,41.0767,19.6490,7.8497,-151.8311
14:21:13.839,507.463787,-0.5361,0.8652,0.7925,3.0518,-1.0986,46.3257,19.1656,6.8610,-146.0797
14:21:13.939,507.563702,-0.7637,1.1206,0.8818,-14.3433,22.0947,37.8418,21.0114,5.7788,-142.1741
14:21:14.039,507.663708,-0.4258,1.2969,1.2271,-21.6064,-4.7607,86.3647,21.2585,5.5316,-135.8295
14:21:14.139,507.763682,-0.2578,0.9067,0.8408,6.3477,-0.1831,71.1060,20.5884,2.8180,-130.0671
14:21:14.239,507.863625,-0.2559,1.0400,1.0879,-6.7749,-31.3721,37.0483,21.9891,1.9391,-125.8649
14:21:14.339,507.963579,-0.0972,1.0708,0.8530,2.5635,-21.5454,66.4673,22.1320,0.4504,-121.8933
14:21:14.439,508.063568,-0.3901,0.8223,1.3286,-5.1880,-23.1323,40.2222,21.2311,-0.3680,-119.1193
14:21:14.539,508.163576,-0.1484,1.0742,1.0000,-10.5591,5.8594,53.1006,22.7307,-1.9775,-116.8121
14:21:14.639,508.263472,-0.1841,0.7397,0.7808,3.6621,-23.2544,70.0684,22.7197,-3.7793,-112.0496
14:21:14.739,508.363408,-0.2524,0.8687,0.9775,-21.4233,-24.4141,56.7017,22.4615,-4.7626,-107.0123
14:21:14.839,508.463352,-0.3740,0.8530,0.9116,-26.7334,12.0239,57.1289,22.9779,-6.3336,-102.0905
14:21:14.939,508.563306,-0.4751,0.8813,1.0010,2.1973,3.8452,47.7295,23.0493,-7.0203,-97.5970
14:21:15.039,508.663250,-0.2124,1.0649,0.7993,-8.4839,0.0000,87.2803,22.7582,-7.9980,-92.3840
14:21:15.139,508.763206,-0.3223,0.8442,1.0615,-10.9253,-20.8740,47.3633,22.0111,-9.6295,-86.7700
14:21:15.239,508.863158,0.2070,0.9448,0.8418,-17.2119,-14.2212,67.1997,21.6266,-10.3436,-82.9797
14:21:15.338,508.963103,-0.4844,0.7612,0.9917,-20.6909,8.6060,19.5312,21.6980,-10.2777,-80.1782
14:21:15.438,509.063086,0.0435,0.8232,1.0264,14.0381,-22.1558,19.7754,22.2198,-10.1788,-78.0908
14:21:15.538,509.163099,-0.3491,0.2271,0.6929,4.3945,-8.1177,37.0483,22.4890,-9.8877,-76.8604
14:21:15.638,509.262985,-0.4858,0.4385,0.9600,6.2866,-7.5684,8.5449,22.9065,-9.5032,-75.6573
14:21:15.738,509.362947,-0.0078,0.5503,1.4160,28.0151,46.0815,18.1274,21.0278,-8.1354,-73.3063
14:21:15.838,509.462899,-0.2314,0.5093,0.6060,-20.8130,20.1416,47.4854,20.1379,-9.5746,-71.4771
14:21:15.938,509.562885,-0.2017,0.6406,1.0576,-1.5869,-35.5225,38.4521,20.0885,-8.2452,-67.2034
14:21:16.038,509.662832,-0.4941,0.7456,0.7480,0.2441,10.1929,38.3911,19.9292,-8.6188,-63.7701
14:21:16.138,509.762798,-0.0366,0.9604,0.9316,-14.5264,3.6621,61.5234,18.7756,-8.9044,-59.4470
14:21:16.238,509.862751,-0.0801,0.6807,0.7593,-16.1133,-1.9531,32.5317,18.7701,-9.7284,-55.8875
14:21:16.338,509.962687,-0.1768,0.5889,0.8735,-1.4648,-14.8315,7.9346,19.9402,-10.0909,-55.1239
14:21:16.438,510.062657,-0.1890,0.2485,0.9106,12.7563,-0.9155,6.7139,20.2643,-8.7616,-54.8218
14:21:16.538,510.162682,-0.2021,0.1533,1.0605,23.3154,32.1045,3.3569,20.8905,-7.6190,-54.4098
14:21:16.638,510.262610,0.1133,0.2866,1.0249,0.6714,-5.9814,6.5918,19.8413,-7.3114,-53.5144
14:21:16.738,510.362532,-0.3042,0.2651,0.9404,-4.8828,1.7090,10.4370,19.6051,-6.7896,-53.1024
14:21:16.838,510.462500,-0.1035,0.2065,0.9375,-1.7700,-17.8833,19.5312,19.1052,-6.7950,-52.0203
14:21:16.938,510.562449,0.0117,0.2310,1.1387,-5.5542,6.8359,10.0098,18.3856,-6.5039,-51.2787
14:21:17.038,510.662418,-0.2134,0.1914,0.8770,-4.1504,-7.9956,5.7983,18.5559,-7.0422,-50.4822
14:21:17.138,510.762334,-0.0337,-0.0913,0.8037,12.5122,-18.0664,-48.0957,18.3966,-5.8777,-51.5259
14:21:17.238,510.862297,-0.2803,0.0874,0.9521,7.5073,6.7139,-14.4653,18.4406,-4.7351,-54.1736
14:21:17.338,510.962236,0.1904,0.2715,1.1626,3.4180,9.1553,-2.5024,17.4792,-4.5703,-53.7286
14:21:17.438,511.062192,-0.2690,-0.0752,0.9341,0.1831,33.4473,27.2827,17.2375,-4.3561,-52.8717
14:21:17.538,511.162230,-0.1606,0.0308,1.0435,13.8550,-11.4136,5.3711,16.1169,-4.4879,-51.2842
14:21:17.637,511.262102,0.0034,0.0171,0.9980,3.4790,8.7891,0.0000,15.3589,-3.2629,-51.3776
14:21:17.737,511.362082,-0.1948,0.0713,0.9209,2.1973,-1.1597,1.0376,15.2490,-3.7299,-51.4929
14:21:17.837,511.462054,-0.0264,0.1040,1.0586,12.6953,-9.4604,8.4229,14.6558,-3.2245,-50.9326
14:21:17.937,511.562018,0.0942,0.2944,1.0508,-5.0049,12.4512,8.7280,14.2932,-2.8400,-51.0590
14:21:18.037,511.661965,-0.2251,0.1797,0.9551,-2.2583,5.0049,-3.9673,14.2987,-2.4500,-50.8118
14:21:18.137,511.761969,-0.0083,0.1919,1.0249,-1.2817,-4.2114,20.8130,14.1119,-2.0435,-49.9109
14:21:18.237,511.861881,-0.1191,0.2119,0.8662,-2.6245,-1.7700,5.4932,14.1779,-1.4886,-49.2572
14:21:18.337,511.961845,-0.1392,0.2349,0.8013,10.6812,-16.1133,8.9722,14.6832,-1.7194,-48.8177
14:21:18.437,512.061834,0.1260,0.2241,1.1064,0.4272,6.1035,15.5640,14.0515,-1.1591,-48.9496
14:21:18.537,512.161857,-0.0864,0.1787,0.9795,-11.9019,2.3804,0.0610,13.7000,-1.5985,-48.2135
14:21:18.637,512.261732,-0.1187,0.0825,0.9644,-0.3662,-8.2397,2.3193,13.3759,-1.5161,-47.9993
14:21:18.737,512.361665,0.0498,0.1763,1.1177,-3.9673,7.0190,-1.1597,13.0463,-0.3900,-48.3289
14:21:18.837,512.461638,-0.1230,0.2202,0.9731,-5.4932,3.5400,-0.0610,12.8320,-0.4010,-48.5431
14:21:18.937,512.561654,-0.1528,0.1953,1.0151,2.6245,-6.2256,1.9531,12.7551,-0.2637,-48.1641
14:21:19.037,512.661550,-0.0391,0.1392,1.1045,0.6104,-1.4038,4.1504,12.5299,-0.1758,-48.1750
14:21:19.137,512.761517,-0.0869,0.2651,0.9644,3.1128,4.0283,-3.9673,12.7277,-0.1648,-48.1421
14:21:19.237,512.861520,-0.0522,0.2920,1.0796,-5.2490,-6.7749,-18.3716,12.6837,0.7086,-48.7683
14:21:19.337,512.961426,-0.0181,0.2632,1.0928,-14.6484,-26.7334,-11.3525,12.0026,-0.6647,-50.6744
14:21:19.437,513.061415,0.0186,0.2178,1.0918,0.9155,-51.1475,-4.6387,11.4203,-3.9386,-52.0752
14:21:19.537,513.161449,0.0830,0.2183,1.0493,16.8457,-56.2744,-24.3530,12.8925,-8.3826,-54.9371
14:21:19.637,513.261294,0.1167,0.2622,1.0020,0.7935,-63.9648,-25.6348,15.1007,-12.8925,-58.7109
14:21:19.737,513.361277,0.0176,0.2510,0.6489,6.8970,-18.3716,-0.1221,16.9739,-15.9302,-67.9010
14:21:19.837,513.461217,-0.1426,0.0864,1.0986,-76.2329,91.3086,12.2681,14.5129,-11.2885,-66.3959
14:21:19.937,513.561145,0.1665,0.2949,0.9604,-6.3477,52.7344,18.3716,9.9426,-6.7621,-65.0171
14:21:20.036,513.661069,-0.0161,0.2075,0.9111,-9.0332,12.3901,-7.6294,10.5908,-6.2018,-64.5117
14:21:20.136,513.761042,0.0659,0.2959,0.9814,0.1831,-13.4888,-4.0894,9.7449,-4.4769,-63.3856
14:21:20.236,513.860969,0.0942,0.4927,0.9834,-24.0479,22.0947,25.0854,9.6021,-3.8287,-62.7649
14:21:20.336,513.960928,-0.2012,0.3076,1.1362,-16.3574,-0.3052,30.6396,8.7561,-2.7521,-60.7819
14:21:20.436,514.061015,0.1045,0.4482,1.2334,-19.8975,1.3428,4.5166,7.6740,-3.9606,-59.5953
14:21:20.536,514.160949,0.0615,0.3921,0.9585,1.4038,-4.2114,116.8823,7.9980,-4.9329,-58.6395
14:21:20.636,514.260802,-0.0820,0.1768,1.0503,3.2349,3.6621,32.8979,7.6959,-3.9331,-51.5369
14:21:20.736,514.360741,-0.0005,0.2656,1.0063,10.3149,-3.6621,9.8877,8.6462,-3.0872,-49.9384
14:21:20.836,514.460711,0.0967,0.1802,1.0845,-11.2915,27.5879,41.5649,8.7451,-3.5870,-46.2799
14:21:20.936,514.560637,-0.0127,0.2114,1.1509,-3.4180,22.5220,34.5459,8.3167,-4.0375,-42.7753
14:21:21.036,514.660581,-0.0142,0.1372,0.9956,-7.5073,14.8926,30.8228,7.9102,-4.3506,-39.8914
14:21:21.136,514.760535,0.0322,0.4463,1.0269,6.4087,-2.0142,9.6436,7.7069,-4.3451,-36.0846
14:21:21.236,514.860544,-0.0122,0.4268,1.0396,1.9531,-7.9956,-20.8130,8.4485,-4.6088,-35.5682
14:21:21.336,514.960459,0.0308,0.4980,0.8491,-4.5776,-1.0376,206.9092,8.8055,-5.1471,-32.5854
14:21:21.436,515.060494,0.0737,0.2271,0.9238,-7.8735,-1.4648,22.7051,8.6902,-5.5920,-26.4166
14:21:21.536,515.160499,-0.0498,0.2900,0.9360,-3.6621,-43.2739,8.9111,8.9154,-5.5206,-24.9335
14:21:21.636,515.260357,0.0547,0.3926,1.1230,-3.1738,15.8081,20.9961,8.9429,-5.3174,-23.5162
14:21:21.736,515.360316,0.1284,0.5586,0.9868,-3.3569,1.0376,19.4702,9.3274,-5.3174,-21.7145
14:21:21.836,515.460279,0.1138,0.4390,1.0605,-4.2725,-6.0425,7.1411,9.9152,-5.3888,-20.7092
14:21:21.936,515.560190,-0.1401,0.4160,1.0410,-3.1128,-19.8364,23.5596,10.5414,-5.9381,-19.2261
14:21:22.036,515.660160,0.1191,0.4131,1.2573,11.8408,-2.1362,15.9302,10.3546,-5.1526,-15.8313
14:21:22.135,515.760102,-0.0005,0.4331,0.7642,-3.5400,29.7241,22.6440,10.9479,-6.2347,-14.9854
14:21:22.235,515.859995,0.0049,0.4766,1.1001,-1.3428,-34.1797,18.7988,11.9257,-6.2732,-12.5354
14:21:22.335,515.959951,0.0015,0.5005,1.2505,10.7422,-9.6436,23.8037,12.0795,-5.4382,-10.9259
14:21:22.435,516.059911,0.0713,0.5024,0.9292,-4.5776,18.2495,24.0479,12.6013,-6.8500,-9.2340
14:21:22.535,516.159966,0.0947,0.4824,0.9751,1.1597,-16.1743,9.8877,13.1781,-6.8060,-7.2455
14:21:22.635,516.259895,0.0249,0.4712,0.9136,-9.0942,11.3525,27.1606,13.5242,-6.6412,-5.5261
14:21:22.735,516.359825,-0.0347,0.4932,0.8960,1.6479,-7.4463,24.1089,14.1943,-7.2510,-4.0155
14:21:22.835,516.459761,0.0688,0.4561,1.0420,2.5635,-5.0659,16.5405,14.2712,-6.2402,-2.3456
14:21:22.935,516.559725,-0.0542,0.4648,1.0762,-1.0376,13.2446,0.3052,14.8645,-6.8390,-1.1096
14:21:23.035,516.659674,0.0732,0.3877,1.2241,8.9111,12.7563,8.9722,15.2051,-6.2073,0.1483
14:21:23.135,516.759671,0.0293,0.2207,0.9277,-0.7324,15.8691,9.5215,15.2655,-6.4105,0.5933
14:21:23.235,516.859575,-0.1411,0.1357,0.9189,3.7842,-16.7236,30.1514,15.5017,-5.8118,2.2961
14:21:23.335,516.959554,0.1011,0.0840,1.0015,5.4932,-0.2441,13.1836,15.0403,-5.4382,3.5651
14:21:23.435,517.059539,0.0132,0.0474,1.0693,2.1362,11.1694,2.3804,14.7162,-5.3668,4.0265
14:21:23.535,517.159596,0.0518,0.0835,1.2256,9.5825,36.4990,-6.5308,14.2273,-4.8340,4.7406
14:21:23.635,517.259471,0.4893,0.0415,0.8823,-18.2495,26.1841,8.7280,13.2935,-5.2405,5.3998
14:21:23.735,517.359373,-0.2852,0.1787,0.6787,-12.3901,-34.4238,0.8545,13.6835,-7.5806,5.3558
14:21:23.835,517.459326,0.2271,-0.0747,1.7056,27.7100,-16.7236,9.7656,13.0573,-1.6589,6.8005
14:21:23.935,517.559286,0.1763,-0.0952,0.6646,3.0518,24.3530,8.4839,13.0957,-6.7126,4.3341
14:21:24.035,517.659261,-0.1924,-0.0791,1.1865,6.2256,8.6670,-15.4419,11.9257,-3.9990,5.1196
14:21:24.135,517.759235,0.0874,0.0459,0.9849,5.1880,-5.9204,16.4185,11.6180,-4.3835,5.2240
14:21:24.235,517.859247,-0.0415,-0.2231,0.7642,0.5493,-0.2441,-2.3193,10.2063,-4.3286,5.4602
14:21:24.335,517.959174,-0.0630,-0.1099,0.9492,-6.7139,-0.1221,-4.6387,9.5197,-3.7189,5.2185
14:21:24.434,518.059145,-0.0449,-0.2153,1.0659,21.2402,0.8545,-14.8926,8.6188,-2.4774,4.2572
14:21:24.534,518.159140,0.1455,-0.2896,1.1030,-8.3008,28.6865,-10.1318,7.7124,-2.0984,3.5101
14:21:24.634,518.259039,-0.1934,-0.1880,0.8335,-2.0752,-2.9297,-3.1128,7.1246,-1.1041,2.7136
14:21:24.734,518.358993,0.0107,-0.3428,1.0142,5.9204,-0.4272,-10.9253,6.7511,-0.3625,1.3293
14:21:24.834,518.458911,-0.1807,-0.4111,0.9297,9.0332,3.6621,-10.2539,6.3007,0.5768,0.7800
14:21:24.934,518.558894,-0.3320,-0.3018,1.0200,4.2725,1.4648,-13.4888,5.4163,1.3513,-0.7965
14:21:25.034,518.658813,-0.3159,-0.3501,0.8193,-1.1597,3.2349,-9.0942,3.9221,2.5323,-1.4062
14:21:25.134,518.758762,-0.8716,-0.2725,0.9263,14.2822,-7.2632,-35.6445,3.1531,3.8232,-4.2957
14:21:25.234,518.858701,-0.1626,-0.5366,1.2075,1.6479,2.8076,-39.6729,1.1810,4.8120,-6.6302
14:21:25.334,518.958646,-0.4414,-0.7349,1.1519,-11.4746,35.5225,-35.2783,-0.2747,5.7898,-9.5746
14:21:25.434,519.058612,-0.6177,-0.5332,0.7969,7.5073,-6.4087,-23.8647,-1.7798,6.5533,-12.3981
14:21:25.534,519.158688,-0.6519,-0.6899,1.2012,19.4702,-7.5073,-50.3540,-2.9498,7.7728,-16.3696
14:21:25.634,519.258518,-0.3081,-0.8950,0.9360,19.4702,13.4277,-35.7666,-4.8010,8.5913,-19.5667
14:21:25.734,519.358479,-0.8682,-0.8442,0.9980,18.8599,0.2441,-56.1523,-5.7568,7.9871,-25.0928
14:21:25.834,519.458409,-0.2783,-0.7793,1.0254,-14.9536,-12.9395,-53.3447,-7.7014,8.0804,-28.5260
14:21:25.934,519.558341,-0.1318,-0.9746,1.0239,9.2773,13.0615,-27.7100,-9.2670,8.0969,-32.1844
14:21:26.034,519.658299,-0.6816,-0.8071,0.9785,0.3662,-17.4561,-41.7480,-10.6897,6.8719,-36.8317
14:21:26.134,519.758240,-0.3701,-0.8384,1.0786,9.7656,-6.1035,-47.4854,-12.2443,6.9434,-38.8696
14:21:26.234,519.858186,-0.3848,-0.7632,1.2871,4.5776,14.7705,-43.0908,-13.9966,6.4380,-43.5223
14:21:26.334,519.958122,-0.0996,-0.9189,1.4639,2.5024,37.4756,-73.8525,-15.8972,5.9106,-47.4774
14:21:26.434,520.058215,-0.3770,-0.8667,1.1221,-17.2119,43.3960,-35.8276,-16.7871,4.3011,-52.5696
14:21:26.533,520.158145,-0.4839,-0.9370,1.4995,4.2725,-19.7144,-89.8438,-17.1112,2.5104,-58.6890
14:21:26.633,520.258029,-0.3696,-1.0078,0.8945,9.5215,47.3022,-29.2358,-18.7866,1.1920,-62.3749
14:21:26.733,520.357986,-0.0444,-0.7305,0.8267,-34.7290,-47.3633,-14.1602,-17.5452,-0.0549,-67.0331
14:21:26.833,520.457909,-0.6440,-1.3555,1.1777,57.2510,14.0991,-130.0659,-18.0396,-2.6971,-74.3994
14:21:26.933,520.557846,0.0957,-0.6528,0.7334,-45.4102,-51.5747,-34.9731,-19.2700,-4.3231,-76.0254
14:21:27.033,520.657780,-0.3833,-1.0815,1.0132,21.6675,-9.4604,-34.6069,-17.2870,-5.9161,-82.8369
14:21:27.133,520.757714,-0.2217,-0.6318,1.0337,20.0195,-13.3667,-77.5146,-18.5504,-7.2565,-87.5336
14:21:27.233,520.857686,-0.2847,-0.9321,1.3101,12.0850,-49.5605,-91.2476,-15.1007,-9.6185,-95.9930
14:21:27.333,520.957630,-0.4292,-1.0444,1.0977,31.3110,44.5557,-69.5801,-16.9629,-11.4697,-100.3876
14:21:27.433,521.057612,0.1890,-0.7666,1.0762,-43.0298,-44.4946,-75.5615,-13.6560,-13.1177,-108.3856
14:21:27.533,521.157633,-0.4956,-1.3555,1.2939,70.8618,19.7144,-118.8354,-11.7719,-15.6171,-115.7410
14:21:27.633,521.257525,-0.1104,-0.6929,1.3442,-5.0659,-21.4233,-101.4404,-10.6403,-17.8693,-122.9370
14:21:27.733,521.357448,-0.0298,-0.8521,1.2173,2.0142,6.5918,-73.1812,-8.2617,-19.2590,-129.9792
14:21:27.833,521.457401,-0.5518,-0.1758,0.9629,-15.0757,-6.2866,-12.5732,-9.0033,-19.2700,-133.6816
14:21:27.933,521.557329,0.1221,-0.8989,1.2402,53.0396,26.9165,-45.7764,-9.8108,-16.9135,-131.6217
14:21:28.033,521.657287,-0.2344,-0.7871,1.1050,-29.2969,-15.6250,-2.1973,-10.4315,-16.7542,-135.1538
14:21:28.133,521.757263,0.1064,-0.6528,0.8730,11.1694,0.1831,-18.9209,-12.1674,-17.8912,-134.5331
14:21:28.233,521.857189,-0.0239,-0.6655,1.4263,-16.6626,-12.0239,-12.0239,-11.3104,-15.6445,-135.0604
14:21:28.333,521.957157,-0.1504,0.1113,0.8208,2.3193,-2.1973,-15.5029,-14.8096,-16.5564,-134.9011
14:21:28.432,522.057072,-0.1948,-0.3530,1.1641,-12.6343,-20.2637,-21.7896,-12.9309,-14.2767,-135.8075
14:21:28.532,522.157104,0.1128,-0.2622,1.0229,6.2256,14.6484,-21.8506,-13.8538,-15.2545,-136.7139
14:21:28.632,522.257064,-0.2158,-0.2881,1.1250,-9.2773,-7.0190,-25.8789,-12.3486,-14.3866,-138.9441
14:21:28.732,522.357002,-0.1079,-0.1772,1.1987,-3.6621,7.0190,-42.2363,-12.2388,-14.1888,-141.1304
14:21:28.832,522.456928,0.0161,-0.3706,0.9365,-7.5684,-9.1553,-28.7476,-11.3049,-13.3099,-143.9209
14:21:28.932,522.556876,-0.2305,-0.2422,0.9985,5.5542,-3.9062,-14.5264,-10.9753,-13.0573,-146.0687
14:21:29.032,522.656832,-0.2285,-0.2397,1.1792,8.5449,-5.6152,-27.2827,-10.5194,-12.2937,-147.9749
14:21:29.132,522.756828,-0.0190,-0.3354,0.9536,-3.1128,8.5449,-22.8271,-10.3931,-12.7167,-149.7272
14:21:29.232,522.856746,-0.1455,-0.3149,1.0820,-3.7231,-2.0752,-22.8271,-10.0195,-11.8158,-151.6223
14:21:29.332,522.956688,-0.0786,-0.3042,0.9888,2.9297,4.1504,-25.8789,-9.9591,-11.5851,-153.5559
14:21:29.432,523.056649,-0.0811,-0.2764,0.9229,-0.8545,-18.0664,-18.2495,-9.6460,-10.9918,-155.2203
14:21:29.532,523.156727,-0.1201,-0.2393,1.0356,8.1177,-1.6479,-15.2588,-9.7668,-11.0468,-156.3959
14:21:29.632,523.256592,-0.1719,0.0630,0.9551,-4.8828,0.6714,2.1362,-10.2228,-10.5579,-156.9836
14:21:29.732,523.356532,-0.2173,0.3188,0.9565,-10.4980,2.1973,-7.0190,-10.7556,-9.6185,-157.3956
14:21:29.832,523.456495,-0.2554,0.2793,0.8604,4.1504,-23.4375,29.1748,-10.0360,-8.2782,-156.2585
14:21:29.932,523.556433,-0.1636,0.2915,0.9341,9.4604,6.1646,28.6255,-9.9152,-8.1738,-153.2977
14:21:30.032,523.656401,-0.0962,0.4136,0.8970,-7.2021,14.0991,36.7432,-8.6188,-7.2894,-150.8972
14:21:30.132,523.756385,-0.2231,0.5542,0.9351,-3.9673,-5.0049,40.7715,-7.0697,-5.7678,-147.5189
14:21:30.232,523.856326,0.0024,0.6245,1.0000,-10.4980,-3.1128,18.4937,-6.1578,-4.6417,-144.1351
14:21:30.332,523.956285,0.0054,0.4199,0.9756,-5.0049,-1.8921,36.6821,-5.2734,-4.1309,-141.3391
14:21:30.432,524.056246,-0.1162,0.4487,0.9556,-8.3008,5.7983,22.0947,-4.1418,-3.5156,-138.5156
14:21:30.532,524.156297,-0.1353,0.6147,0.9146,-1.7700,17.6392,32.2876,-2.7136,-1.6315,-135.8734
14:21:30.631,524.256143,-0.1851,0.5933,0.9883,-0.4883,7.0190,34.3018,-1.5491,-0.6482,-132.8632
14:21:30.731,524.356121,-0.0059,0.6211,1.1099,-4.6997,15.6250,36.6211,0.0000,0.0439,-129.1058
14:21:30.831,524.456064,-0.0044,0.6113,1.0874,-24.1699,18.3105,33.1421,1.2964,0.1263,-126.0736
14:21:30.931,524.555983,-0.1006,0.7612,1.2129,-15.6860,5.7373,40.1001,2.7246,0.4669,-122.1680
14:21:31.031,524.655947,0.2617,0.6367,1.0532,-5.4321,-11.5356,47.5464,3.6475,1.0931,-116.8451
14:21:31.131,524.755940,-0.4600,0.7915,0.6680,-10.5591,5.3711,44.3726,5.2130,2.5214,-113.1372
14:21:31.231,524.855858,0.3501,0.9482,1.4224,-12.6343,26.7334,17.5171,6.1633,2.6093,-105.8368
14:21:31.331,524.955844,-0.4932,0.7349,0.6787,-0.5493,26.6113,70.5566,7.7289,0.4724,-104.8260
14:21:31.431,525.055833,0.2896,0.6479,1.3540,-37.8418,29.5410,26.4893,8.6572,0.9283,-99.0747
14:21:31.531,525.155810,-0.4106,0.6978,0.9282,7.9346,23.3765,30.2124,10.7776,1.2524,-97.6300
14:21:31.631,525.255689,0.4038,0.6274,0.7954,-33.6914,2.9907,61.0352,10.5414,-0.1593,-93.1421
14:21:31.731,525.355627,-1.1094,1.0190,1.1416,-7.9956,19.6533,11.3525,13.1012,3.8397,-88.6542
14:21:31.831,525.455574,-0.2817,1.1953,0.9507,-19.2871,-13.6719,95.6421,14.1888,3.4607,-87.4567
14:21:31.931,525.555536,-0.3389,0.7231,1.0439,8.1787,-22.2778,55.3589,12.8101,1.0822,-79.5850
14:21:32.031,525.655453,-0.3257,0.8721,0.5649,-31.1279,-0.7324,99.2432,14.1779,-0.1099,-74.0533
14:21:32.131,525.755383,0.1167,0.8271,1.5532,-48.0957,1.7090,23.6816,14.1119,-1.4832,-64.1602
14:21:32.231,525.855354,-0.5435,1.1113,0.6523,17.0898,22.7051,32.7148,15.5841,-5.0372,-63.5065
14:21:32.331,525.955276,-0.2759,0.6001,1.0464,16.4795,-15.9302,-0.7324,16.7926,-4.5428,-61.7432
14:21:32.431,526.055307,-0.4731,0.6411,0.7490,4.4556,0.9766,2.2583,18.6053,-3.3783,-62.9901
14:21:32.531,526.155282,-0.0820,0.3862,1.0576,-22.9492,2.6245,78.5522,18.6383,-2.9224,-58.9307
14:21:32.631,526.255128,-0.3213,0.9951,0.9170,-11.1084,-22.8271,29.7852,18.9130,-2.8070,-54.9811
14:21:32.730,526.355069,-0.7822,0.7642,0.9595,12.6343,29.9072,47.8516,19.1382,-3.7628,-50.1526
14:21:32.830,526.454997,0.6382,0.8818,1.8677,-1.3428,55.9692,58.5938,18.7701,-5.4602,-42.0392
14:21:32.930,526.554973,-0.3115,0.7573,0.2954,0.4272,30.0903,65.7959,19.1931,-7.0697,-42.2699
14:21:33.030,526.654865,-0.0293,1.0532,1.0552,-85.8765,-8.1177,68.8477,19.0942,-6.6522,-35.0299
14:21:33.130,526.754810,-0.3589,0.5425,0.9478,35.2173,7.3853,42.6025,20.2478,-7.6520,-33.0688
14:21:33.230,526.854777,-0.1021,0.4873,0.5625,2.3193,-23.6816,19.8364,19.2975,-8.6902,-32.2284
14:21:33.330,526.954719,-0.2612,0.4888,1.1123,-25.2075,-11.5356,6.4697,20.0940,-7.2070,-27.7350
14:21:33.430,527.054678,0.0718,0.4746,0.8472,0.4272,31.3721,58.0444,20.1929,-8.7506,-26.7627
14:21:33.530,527.154698,-0.2031,0.5244,0.9707,1.6479,-30.9448,3.2349,20.6049,-7.6465,-24.9554
14:21:33.630,527.254596,0.0000,0.4189,1.2007,0.9766,8.9111,13.1226,20.0610,-8.1958,-22.4176
14:21:33.730,527.354558,-0.0786,0.5469,1.1299,2.9297,9.8877,38.6353,20.5389,-7.2455,-20.6488
14:21:33.830,527.454473,-0.0488,0.4810,0.9473,-0.9155,5.3711,21.9727,20.1050,-9.0857,-18.7701
14:21:33.930,527.554453,-0.0806,0.4731,0.9688,-5.0049,-3.4180,33.3252,20.1599,-7.6630,-16.5399
14:21:34.030,527.654347,-0.1621,0.4927,0.8989,-2.0752,16.2964,20.7520,20.0116,-8.9648,-14.7052
14:21:34.130,527.754291,0.1221,0.5566,1.1592,-3.4790,-3.6621,36.1328,20.1929,-8.5144,-12.1124
14:21:34.230,527.854254,-0.0649,0.2944,0.7661,-3.4790,-18.9819,54.6875,19.9072,-10.7446,-12.2992
14:21:34.330,527.954196,-0.1953,0.5098,1.3208,5.4932,-3.7842,-11.2915,20.9949,-8.2947,-8.0365
14:21:34.430,528.054119,0.3335,0.4116,0.9995,-6.9580,28.7476,18.7378,19.6106,-9.8163,-8.8275
14:21:34.530,528.154156,-0.2783,0.3779,0.8589,-22.2168,-9.3384,12.8784,19.1656,-7.4048,-8.1354
14:21:34.629,528.254025,0.1201,0.3267,1.2720,0.3662,-36.5601,-4.2114,19.1986,-7.6300,-5.9052
14:21:34.729,528.354045,0.1455,0.3330,1.1279,-5.3711,-2.0142,1.3428,18.4296,-9.6185,-6.5424
14:21:34.829,528.454004,0.1362,0.2988,0.8984,-9.7046,-38.1470,11.2915,18.3472,-11.2994,-7.8882
14:21:34.929,528.553923,0.0088,-0.0469,0.8130,5.4321,-18.4326,-5.7983,18.3087,-12.2388,-7.5861
14:21:35.029,528.653843,0.3496,0.2051,1.1245,-4.6997,-44.9829,-20.2026,18.4406,-13.1781,-9.1571
14:21:35.129,528.753809,0.1133,0.0864,0.8799,-2.2583,-59.9976,-48.2788,20.4346,-19.8743,-15.2820
14:21:35.229,528.853775,0.5244,0.5469,0.9927,-6.1646,-13.5498,-4.5166,21.1157,-19.4458,-18.8910
14:21:35.329,528.953726,0.1318,0.3740,0.9976,-11.7798,53.4668,19.5312,20.8630,-19.0833,-17.9572
14:21:35.429,529.053720,0.1719,0.2339,0.8867,-5.4321,-35.8887,5.7983,19.3414,-18.4735,-16.3037
14:21:35.529,529.153708,0.2729,0.3345,1.1343,4.2114,7.1411,7.0801,18.7372,-17.0947,-15.5237
14:21:35.629,529.253589,0.1270,0.2930,0.8657,-4.0283,-11.3525,14.0991,18.1824,-17.9077,-14.4965
14:21:35.729,529.353497,0.1318,0.2729,1.0342,2.5635,13.3057,10.6201,18.1549,-16.4246,-12.6013
14:21:35.829,529.453475,0.2617,0.3340,0.9175,9.7656,2.0752,16.8457,17.6825,-16.1279,-10.8160
14:21:35.929,529.553423,0.0327,0.3188,0.9644,7.3242,0.4272,4.8218,17.6056,-14.9139,-9.6790
14:21:36.029,529.653353,0.1934,0.2930,1.0552,-8.2397,19.2261,11.2915,17.1771,-14.1998,-8.1079
14:21:36.129,529.753274,0.2900,0.2280,0.9854,2.1362,17.8223,19.4702,16.1554,-13.0078,-6.1029
14:21:36.229,529.853236,-0.0137,0.1987,0.8486,-3.6621,-1.6479,7.8125,15.4852,-12.2003,-5.5865
14:21:36.329,529.953189,0.0444,0.2046,1.0215,-9.7656,-3.7231,2.1973,15.2545,-10.6842,-4.2297
14:21:36.429,530.053187,0.1953,0.2163,1.0601,-0.6714,16.0522,10.2539,14.0405,-8.4045,-2.9993
14:21:36.529,530.153165,0.0645,0.2168,0.9395,0.1831,10.4370,14.2212,13.7604,-8.2233,-2.1643
14:21:36.628,530.253014,0.0059,0.1519,0.9302,-4.8828,-3.4180,13.4277,13.4747,-8.9813,-1.0822
14:21:36.728,530.353016,0.1016,0.2212,1.1602,-2.4414,-2.7466,4.8828,13.1506,-8.5089,0.0549
14:21:36.828,530.452935,0.0859,0.2295,0.9233,-1.8311,-5.6763,8.3008,12.4805,-8.2452,0.5988
14:21:36.928,530.552866,0.1123,0.1470,0.8501,0.0610,3.2349,6.9580,12.5354,-8.5913,0.9888
14:21:37.028,530.652829,0.1348,0.1680,0.9717,10.1318,-20.3247,0.1831,12.4640,-7.5421,1.9336
14:21:37.128,530.752750,-0.0381,0.0815,0.8540,-10.9863,15.0757,-7.7515,11.8597,-7.1851,2.2632
14:21:37.228,530.852703,0.0659,0.1855,1.0894,12.8784,-34.1797,25.8179,11.9806,-6.2128,4.1254
14:21:37.328,530.952680,0.2046,0.0669,1.0288,-1.0376,12.3901,20.2026,11.4203,-6.3501,4.7516
14:21:37.428,531.052610,-0.0469,0.0234,0.8687,6.5308,-5.4932,-9.4604,11.4697,-6.7731,4.7626
14:21:37.536,531.160705,0.1128,-0.0200,0.9126,2.7466,11.4746,17.0898,10.9534,-6.1249,5.5865
14:21:37.628,531.252610,-0.0044,0.0059,0.9780,4.4556,-8.4229,13.7329,10.5249,-5.4327,6.2622
14:21:37.728,531.352470,-0.0640,-0.0752,0.8711,8.5449,-7.6294,6.5308,10.5249,-5.4987,7.0038
14:21:37.828,531.452439,0.0684,-0.0737,1.1060,9.2163,4.6387,3.9062,10.0360,-4.7186,7.2345
14:21:37.928,531.552380,0.3452,0.0996,0.8838,-10.9863,-12.7563,17.8223,9.4977,-5.5206,8.0969
14:21:38.028,531.652365,-0.1797,0.1191,0.9053,-17.2119,-41.6870,28.1372,8.4045,-4.7406,9.3219
14:21:38.128,531.752321,-0.3916,-0.1226,0.7432,-20.2637,-52.4902,10.3149,9.0143,-4.7351,10.0964
14:21:38.228,531.852256,0.4219,-0.4536,1.3081,14.9536,-12.6343,-13.1226,7.6135,-2.7356,8.6737
14:21:38.328,531.952240,0.1802,-0.2983,1.0571,-12.7563,16.4795,-27.0996,7.1686,-3.7903,6.4380
14:21:38.428,532.052294,0.2217,-0.3291,0.9570,-7.3853,19.6533,-26.6113,6.3281,-2.7301,4.3396
14:21:38.528,532.152223,-0.3193,-0.5190,1.3237,10.6812,19.2871,-22.3999,5.3448,-1.7084,1.4667
14:21:38.627,532.252168,0.1211,-0.5903,1.3320,-6.8970,43.8232,-28.6865,4.1034,-1.2250,-0.9778
14:21:38.727,532.352089,-0.2505,-0.4551,0.9375,7.4463,19.5923,-19.7144,3.2190,-1.2360,-3.5321
14:21:38.827,532.451967,-0.1011,-0.5225,1.0415,25.8179,-1.2817,-24.1089,2.1643,-0.1813,-5.4272
14:21:38.927,532.551918,-0.6738,-0.2495,0.7549,22.6440,17.5171,-30.5786,0.0055,-0.8734,-8.5199
14:21:39.027,532.651835,0.6245,-0.5503,1.7266,-4.1504,29.1138,-85.3271,-1.1261,-0.3735,-10.3546
14:21:39.127,532.751780,0.0229,-0.4150,0.7568,-13.3057,36.5601,12.5122,-2.2852,-2.2742,-13.9032
14:21:39.227,532.851748,0.1562,-0.4824,1.3574,2.1973,-20.5078,-39.1235,-2.4939,-0.7690,-16.2323
14:21:39.327,532.951705,0.1450,-0.6777,0.8931,6.4697,6.8359,-11.1694,-3.4332,-1.6260,-19.1821
14:21:39.427,533.051694,-0.1973,-0.3945,1.0137,24.5972,-22.7661,-31.7383,-4.3396,-1.2360,-22.3407
14:21:39.527,533.151709,0.1431,-0.6260,0.9194,7.2021,-6.4697,-19.9585,-5.1306,-1.6589,-24.3842
14:21:39.627,533.251589,0.3066,-0.3726,0.9023,-23.1934,-20.3247,-28.5645,-6.0864,-2.7466,-26.5485
14:21:39.727,533.351530,0.1885,-0.5654,1.2856,-13.3667,9.7046,-28.1982,-6.5918,-2.9828,-28.5315
14:21:39.827,533.451476,0.0669,-0.3579,1.2217,-12.9395,14.0381,-21.4844,-7.7454,-4.0594,-31.2616
14:21:39.927,533.551491,0.6255,-0.6064,1.4287,2.9907,-0.4883,-48.1567,-7.9156,-3.6639,-33.8214
14:21:40.027,533.651440,-0.1348,-0.4233,0.8325,9.7046,21.1182,-4.5166,-8.8879,-4.8175,-36.3757
14:21:40.127,533.751390,-0.3149,-0.4482,1.2861,1.3428,-19.7754,-39.4287,-8.5309,-4.8450,-39.8584
14:21:40.227,533.851324,0.5000,-0.6997,1.0405,5.8594,18.7378,-28.4424,-9.3878,-5.2350,-40.9515
14:21:40.327,533.951280,0.1914,-0.4966,1.0293,-10.5591,-19.5312,-28.7476,-9.0033,-6.4655,-44.6594
14:21:40.427,534.051245,0.1270,-0.6216,0.9839,6.7749,11.4746,-35.7056,-10.0250,-6.3501,-46.8842
14:21:40.527,534.151282,-0.1382,-0.7539,1.1904,-3.7842,-14.2212,-38.3301,-9.6185,-7.7509,-51.7511
14:21:40.627,534.251164,0.3442,-0.9741,1.0166,23.1323,10.2539,-62.0728,-10.3107,-7.1301,-54.7009
14:21:40.727,534.351148,-0.1699,-0.6597,0.9648,-4.2114,-17.5781,-21.0571,-9.6570,-8.8879,-59.8975
14:21:40.826,534.451093,-0.1509,-0.9585,1.3140,14.7095,-19.3481,-50.8423,-9.7833,-9.2505,-63.9075
14:21:40.926,534.551053,0.2090,-1.1904,1.3848,31.6772,12.8784,-62.2559,-10.8710,-9.2944,-66.8353
14:21:41.026,534.651060,-0.3438,-0.8359,1.0913,-9.7656,29.3579,-21.8506,-10.7611,-10.9039,-70.9497
14:21:41.126,534.750949,0.3701,-0.7988,1.1104,6.8359,-23.3765,-80.7495,-10.3381,-11.8378,-74.9323
14:21:41.226,534.850894,-0.0107,-0.9756,1.2988,17.7002,14.2822,-30.0903,-10.2667,-12.2937,-79.2334
14:21:41.326,534.950851,-0.0723,-0.7764,0.8599,-7.8125,-7.5073,-48.9502,-10.6348,-14.0625,-83.3698
14:21:41.426,535.050821,0.3120,-0.9966,1.3423,13.3667,-21.7896,-62.8052,-9.7009,-13.6230,-87.0996
14:21:41.526,535.150862,0.1499,-0.8887,1.1714,12.1460,19.8364,-41.7480,-10.1733,-14.9414,-91.5326
14:21:41.626,535.250748,-0.1313,-0.9746,1.1333,2.5635,-8.9111,-52.4902,-9.1791,-16.1719,-96.1084
14:21:41.726,535.350715,0.1182,-0.7622,0.9980,7.9956,-11.1694,-45.2881,-8.9539,-15.7434,-99.2780
14:21:41.826,535.450678,0.0098,-0.5889,0.8745,-3.0518,-41.4429,-38.3911,-9.2780,-18.2153,-103.7274
14:21:41.926,535.550631,0.2104,-0.7515,1.1143,25.0854,-53.7720,-44.4946,-8.4210,-16.1993,-106.2598
14:21:42.026,535.650565,-0.6729,-0.8413,1.2334,47.3022,-23.6206,-5.6763,-8.7396,-18.7701,-110.5389
14:21:42.126,535.750500,0.1851,-1.4087,1.5508,37.5366,-21.3623,-69.3359,-8.4540,-16.6058,-110.9949
14:21:42.226,535.850432,0.0195,-0.0962,0.6968,-51.4526,3.6011,-12.6343,-9.7119,-19.6875,-112.5275
14:21:42.326,535.950391,0.6914,-0.8003,1.6289,9.8267,-13.4888,-45.8374,-9.3164,-17.0618,-114.5654
14:21:42.426,536.050347,-0.1030,-0.3525,0.8477,-21.7285,-2.5024,16.3574,-11.3873,-20.1874,-115.4553
14:21:42.526,536.150393,0.1069,-0.6538,1.1050,-19.5312,-18.7378,-54.1382,-12.7551,-17.3749,-115.9332
14:21:42.626,536.250292,0.1108,-0.5488,1.1567,29.4800,6.1646,36.6211,-13.3154,-17.6770,-116.2848
14:21:42.726,536.350239,0.1689,-0.2217,1.1143,-21.7285,-5.8594,-44.6167,-14.4196,-17.5507,-116.0321
14:21:42.826,536.450198,-0.3008,-0.4727,1.4341,14.0991,-3.6621,-16.3574,-13.2935,-16.6827,-116.0101
14:21:42.926,536.550161,-0.3569,-0.3057,0.7466,22.8271,-9.3994,11.3525,-13.2111,-17.7649,-116.6199
14:21:43.026,536.650148,-0.0171,-0.2476,1.3086,-0.6104,22.5220,-26.9775,-13.9142,-16.7267,-118.3832
14:21:43.125,536.750061,0.0630,0.0464,0.9731,-41.0156,13.4888,-15.9302,-12.7661,-16.2158,-117.6031
14:21:43.225,536.850064,-0.1724,0.2402,0.9482,24.9023,-15.1367,46.5698,-11.7114,-14.9249,-118.8391
14:21:43.325,536.949967,0.5459,0.2671,1.2988,70.0073,38.0859,39.9170,-12.0355,-11.8597,-119.9762
14:21:43.425,537.049985,-0.6836,0.5562,0.4702,-66.8945,20.2026,4.3945,-11.6730,-11.4642,-116.8890
14:21:43.525,537.150018,0.0415,0.9756,1.3584,32.4707,-17.4561,-6.5308,-10.7831,-8.1628,-114.9445
14:21:43.625,537.249896,-0.3271,0.6514,0.4980,4.5166,23.9868,38.0859,-9.3768,-7.4323,-111.5387
14:21:43.725,537.349826,-0.1260,-0.0645,1.3130,73.4253,-52.0020,-34.1797,-5.2789,-7.3718,-108.8965
14:21:43.825,537.449772,0.3940,1.0112,1.0073,-21.8506,47.3022,33.5083,-5.4492,-5.1141,-109.0283
14:21:43.925,537.549739,-0.1909,0.3384,0.5884,-41.3818,-54.9316,64.3311,-2.1039,-6.7401,-106.4301
14:21:44.025,537.649724,0.1382,0.6001,1.4717,18.4937,-28.0762,34.9731,-1.9336,-3.0927,-103.8538
14:21:44.125,537.749658,0.2656,0.5249,0.9229,-26.4893,25.8789,17.2119,-1.1371,-3.4497,-104.0735
14:21:44.225,537.849582,-0.3384,0.1055,0.7915,-12.6343,-9.9487,26.4893,0.6976,-3.7024,-103.3319
14:21:44.325,537.949544,-0.2861,0.1582,1.2012,19.0430,-8.8501,1.2817,1.8292,-1.6205,-102.1893
14:21:44.425,538.049623,0.0752,0.0698,1.1470,11.5967,31.9214,-17.0898,1.2909,-1.2085,-103.7274
14:21:44.525,538.149570,-0.0479,-0.3076,1.0654,0.6104,15.9302,-40.4663,2.1204,-0.7745,-105.5841
14:21:44.625,538.249507,-0.3110,-0.3589,1.1113,-2.1362,14.8926,-24.5972,1.3788,0.6757,-108.5229
14:21:44.725,538.349438,0.0298,-0.4438,1.0615,-12.9395,13.4888,-33.1421,1.1536,1.2744,-111.9122
14:21:44.825,538.449419,-0.0674,-0.8267,1.0903,13.6108,-8.2397,-33.5083,0.5603,2.2137,-114.4171
14:21:44.925,538.549333,-0.4521,-0.9048,1.0581,18.3716,0.3662,-25.2686,-0.6427,2.1918,-117.9767
14:21:45.025,538.649375,-0.0239,-0.7285,1.1172,-8.3008,-15.6250,-53.1616,-2.1533,2.3621,-121.3055
14:21:45.125,538.749297,-0.0166,-0.7734,1.0562,-1.2207,-1.9531,-19.2261,-3.0212,2.0105,-123.8818
14:21:45.225,538.849234,-0.1079,-0.4663,0.8579,-10.0708,-12.4512,-25.3906,-4.8175,1.3403,-127.1722
14:21:45.325,538.949145,-0.0410,-0.7686,1.2388,1.5259,-32.2266,-54.5654,-5.8997,1.4008,-129.9023
14:21:45.425,539.049116,-0.1572,-0.7285,0.9839,-6.5918,3.4790,-22.0947,-7.2894,0.6592,-133.0280
14:21:45.524,539.149112,-0.1382,-0.7368,1.0308,5.4932,-27.2217,-55.6030,-7.7014,-0.8459,-137.6697
14:21:45.624,539.249116,-0.0312,-0.9229,1.1475,15.0757,-6.3477,-41.7480,-8.3496,-0.6152,-140.2625
14:21:45.724,539.348993,-0.2402,-0.5620,0.9233,17.3340,-25.3906,-41.3818,-8.8660,-3.0872,-145.0854
14:21:45.824,539.448931,-0.1504,-0.8442,1.1328,23.1934,-14.5874,-47.9736,-9.4208,-2.8729,-147.8101
14:21:45.924,539.548900,-0.3149,-0.7017,1.0449,15.2588,-17.0288,-28.9917,-10.0250,-4.4604,-151.4136
14:21:46.024,539.648883,-0.0190,-0.8535,1.4907,1.3428,-6.4697,-46.2646,-10.5304,-4.8450,-154.2096
14:21:46.124,539.748828,0.0718,-0.7446,1.0269,-3.9062,10.1929,-18.7988,-11.1621,-5.7953,-155.7587
14:21:46.224,539.848777,-0.0024,-0.4082,1.1011,-15.5640,7.6294,-30.4565,-11.2115,-6.6962,-158.1482
14:21:46.324,539.948738,0.0420,-0.4575,1.1714,-3.1128,10.7422,-29.0527,-11.2390,-7.2125,-160.2301
14:21:46.424,540.048686,-0.0332,-0.4717,1.1797,-4.8828,4.2725,-31.2500,-11.4807,-7.8882,-162.2626
14:21:46.524,540.148724,0.1836,-0.4229,1.1343,-13.5498,12.0850,-26.0620,-11.9861,-8.3990,-164.5203
14:21:46.624,540.248711,0.0376,-0.4434,1.0166,-6.6528,-7.4463,-31.8604,-12.0081,-8.8715,-167.1185
14:21:46.724,540.348562,-0.1172,-0.4526,0.9385,5.0049,2.8076,-22.8271,-11.8817,-8.7396,-169.2499
14:21:46.824,540.448542,-0.0723,-0.4902,1.0981,7.6904,-18.6157,-34.3018,-11.7279,-8.8715,-171.7767
14:21:46.924,540.548463,-0.0986,-0.7158,1.1797,-7.2632,15.8691,-26.4282,-12.2333,-8.6353,-174.1278
14:21:47.024,540.648433,-0.2148,-0.8047,1.2334,11.2305,-0.9766,-52.9785,-11.7828,-9.2889,-178.1378
14:21:47.124,540.748402,-0.3706,-0.8721,1.2773,-6.7749,26.0010,-44.4336,-11.9092,-9.4373,177.6544
14:21:47.224,540.848362,-0.0474,-0.8013,1.1772,-2.6855,1.0376,-58.4106,-10.8875,-10.8655,172.9962
14:21:47.324,540.948335,0.0562,-0.9053,1.2324,-3.2349,7.8735,-41.8701,-10.1843,-11.1456,169.1071
14:21:47.424,541.048347,-0.2744,-0.8711,0.9819,22.7051,-11.2305,-41.9922,-10.0470,-12.4805,164.2676
14:21:47.524,541.148312,-0.1611,-0.9751,1.1860,33.2642,-31.1279,-60.8521,-9.5636,-12.9529,160.1202
14:21:47.624,541.248278,-0.2080,-0.6963,1.2075,13.3057,17.8223,-33.6304,-10.6293,-14.3481,157.4945
14:21:47.724,541.348259,0.2407,-0.2241,1.3062,-45.2881,-16.5405,-29.5410,-9.6021,-15.2051,153.8470
14:21:47.824,541.448195,0.1680,-0.7324,0.8276,-21.7896,6.8359,14.0381,-9.4922,-14.1010,153.6273
14:21:47.924,541.548150,0.2280,-0.2261,1.0098,-10.7422,-50.1709,-57.2510,-9.9261,-15.4358,150.1172
14:21:48.023,541.648135,-0.1157,-0.8467,1.1475,9.8267,10.8032,-20.0806,-9.7943,-14.4635,147.6892
14:21:48.123,541.748060,0.2686,-0.2739,1.1177,-30.8228,-47.9126,-58.0444,-8.0750,-16.0510,142.1741
14:21:48.223,541.847976,-0.0220,-0.8779,1.2822,13.7939,25.8179,-13.0615,-8.4814,-15.0238,140.6085
14:21:48.323,541.947916,0.0015,-0.4272,0.9380,-22.6440,-50.5371,-44.9829,-6.9434,-16.2488,135.4614
14:21:48.423,542.047898,-0.0063,-0.8647,1.0391,23.4985,3.5400,-36.6211,-6.6083,-15.3809,132.6654
14:21:48.523,542.147855,-0.1484,-0.3081,0.8955,-5.0659,-43.3960,-48.7061,-5.8282,-16.7267,127.4304
14:21:48.623,542.247824,0.0786,-0.8599,1.5630,17.6392,-2.1973,-52.9785,-5.6689,-15.5841,124.6124
14:21:48.723,542.347761,0.0112,-0.3975,0.9419,5.4932,6.8970,-23.3154,-5.4547,-16.7212,120.8221
14:21:48.823,542.447677,-0.3042,-0.4800,1.0698,12.4512,-10.0708,-40.6494,-5.0922,-15.5731,117.8174
14:21:48.923,542.547625,-0.0879,-0.3955,0.8076,18.1885,-15.8081,-18.5547,-5.7294,-15.2380,115.7025
14:21:49.023,542.647585,-0.0259,-0.2300,0.8047,17.0898,-40.6494,-28.6255,-5.4712,-14.6338,113.9392
14:21:49.123,542.747541,-0.4097,-0.2627,1.1172,33.8745,-4.6387,-21.4233,-5.9052,-13.7549,112.0990
14:21:49.223,542.847490,-0.1265,-0.2471,1.1401,-14.2212,32.0435,-29.2358,-6.7346,-15.5841,111.8353
14:21:49.323,542.947451,-0.0093,-0.0420,0.9531,-15.7471,-31.4331,-0.1831,-5.6030,-14.9359,110.9070
14:21:49.423,543.047410,-0.1641,0.1621,0.9941,-0.6104,14.2212,5.1880,-6.1743,-14.6008,110.4840
14:21:49.523,543.147370,-0.1465,0.4224,0.9717,-14.8315,0.7935,26.5503,-6.9928,-12.5134,111.3794
14:21:49.623,543.247404,-0.3862,0.5850,0.7690,-11.5356,10.6201,49.9878,-7.4652,-10.0031,115.8398
14:21:49.723,543.347320,-0.3555,0.7437,0.9282,-6.5918,-10.1929,20.8740,-7.1411,-7.2620,120.0696
14:21:49.823,543.447250,-0.3218,0.8433,0.9346,-4.0894,-1.5869,69.5801,-5.4547,-5.8502,125.0189
14:21:49.923,543.547184,-0.4551,0.7598,0.9951,1.8311,-8.0566,23.9868,-4.7681,-4.1199,129.6552
14:21:50.023,543.647154,-0.2510,0.9209,0.7974,-11.5356,-5.2490,78.2471,-3.3398,-2.1973,134.1046
14:21:50.123,543.747181,-0.0947,0.6460,1.1030,8.8501,-14.0991,34.2407,-2.4170,-0.8514,139.4110
14:21:50.223,543.847173,-0.2041,0.8799,0.9746,-5.7983,-9.5215,46.4478,-0.3131,-0.2911,143.0090
14:21:50.322,543.947053,-0.1890,0.7729,1.0503,-0.3662,6.4087,46.3867,1.3898,0.9943,147.6343
14:21:50.422,544.047118,-0.3872,0.7817,0.7168,-3.1738,-9.7656,53.4668,3.3563,1.5381,151.7816
14:21:50.522,544.147023,-0.4087,0.8530,0.9604,-6.1646,23.8037,54.8706,4.9164,2.5269,158.4668
14:21:50.622,544.246998,-0.2627,0.7861,0.8228,-0.2441,11.1084,41.3818,6.4600,2.4225,163.5260
14:21:50.722,544.346911,-0.3491,0.7178,0.7529,-12.2070,2.1973,45.4712,8.2233,2.3511,167.4261
14:21:50.822,544.446852,-0.2139,0.8672,1.1865,-5.3711,11.9629,46.8750,9.5306,3.4607,172.3096
14:21:50.922,544.546866,-0.0479,0.7012,0.9043,-14.8315,3.0518,41.7480,11.2830,2.1423,176.2152
14:21:51.022,544.646814,-0.1763,0.7095,0.9814,-20.3247,10.9863,32.7759,12.1399,2.4445,179.4012
14:21:51.122,544.746802,-0.2129,0.5483,0.9663,-5.6763,3.1128,30.6396,13.2770,1.6260,-177.1381
14:21:51.222,544.846721,-0.0947,0.6694,1.0322,6.3477,13.0615,47.7905,13.8428,1.6919,-173.9850
14:21:51.322,544.946666,-0.3389,0.5820,0.8623,-7.6294,8.7891,22.0337,14.6613,1.1755,-171.0901
14:21:51.422,545.046698,-0.2012,0.6479,0.8867,7.5684,-5.6763,45.8374,15.7544,1.3953,-166.9153
14:21:51.522,545.146641,-0.3340,0.6514,0.9009,-0.9766,34.2407,38.5742,16.0510,0.9393,-163.5699
14:21:51.622,545.246594,-0.0830,0.6919,0.8770,-9.0942,-16.8457,41.0156,17.0068,0.3680,-159.5380
14:21:51.722,545.346523,-0.1460,0.6460,0.9941,-6.7749,7.7515,30.3345,17.3584,0.4614,-156.2805
14:21:51.822,545.446474,-0.1069,0.4937,0.9766,-13.3667,16.9067,30.3955,17.5946,-0.8459,-153.8086
14:21:51.922,545.546463,-0.0664,0.5625,1.0625,-11.6577,7.9956,33.2031,17.8912,-0.1263,-150.8533
14:21:52.022,545.646385,-0.1401,0.5728,0.8843,-10.7422,5.7983,37.6587,18.4515,-0.4449,-148.0078
14:21:52.122,545.746334,-0.2222,0.6284,1.0459,-6.7139,-5.2490,30.6396,18.7207,-0.2307,-144.4702
14:21:52.222,545.846292,-0.0576,0.6523,0.9336,-6.5918,13.9771,47.0581,19.0558,-0.8459,-140.9930
14:21:52.322,545.946256,-0.1470,0.5415,0.9185,1.1597,-2.5635,28.5034,19.4348,-1.7633,-138.1641
14:21:52.422,546.046249,-0.1963,0.4614,0.8882,5.1880,-8.6670,15.1978,19.8468,-1.9446,-135.9558
14:21:52.522,546.146228,-0.0415,0.2822,1.0679,12.1460,3.3569,25.6348,20.3082,-2.4280,-134.6265
14:21:52.622,546.246198,0.0371,0.2500,0.9189,-1.8921,6.1035,13.8550,20.3851,-2.1918,-133.3850
14:21:52.722,546.346153,-0.1924,0.2979,1.0776,-5.4321,10.4980,18.3105,19.9786,-1.9281,-131.6492
14:21:52.821,546.446082,0.1074,0.3564,0.9570,-6.4697,-0.7324,14.2212,19.4952,-2.3785,-129.9463
14:21:52.921,546.546028,-0.2227,0.3184,0.9189,1.4648,14.2822,11.5356,19.3579,-2.0544,-129.1992
14:21:53.021,546.645971,-0.1177,0.4390,0.9487,8.0566,4.7607,32.1655,19.0613,-2.3071,-127.1832
14:21:53.121,546.745944,0.0396,0.4214,0.9917,-1.8921,6.1646,21.1182,19.0558,-2.7081,-125.8374
14:21:53.221,546.845903,-0.0776,0.2935,0.8096,-9.5825,-30.6396,13.6719,19.1821,-3.1750,-124.8322
14:21:53.321,546.945848,-0.0923,0.3423,1.1230,-4.4556,-13.4888,11.9629,18.8361,-2.4390,-123.1622
14:21:53.421,547.045813,0.0962,0.3774,1.0801,-12.7563,16.0522,23.2544,18.3746,-2.3126,-122.4646
14:21:53.521,547.145792,-0.0078,0.1978,0.7515,3.4180,-4.8828,6.4087,18.1549,-2.8619,-121.6351
14:21:53.621,547.245763,-0.3193,0.1128,0.8721,19.6533,-34.8511,10.1929,18.1439,-1.6699,-120.4980
14:21:53.721,547.345645,0.0132,0.0220,1.0615,14.4043,7.9346,29.7241,17.3254,-0.2911,-120.6903
14:21:53.821,547.445618,-0.0620,-0.0352,0.9268,-0.8545,24.6582,-13.7939,17.1497,-0.1978,-121.6571
14:21:53.921,547.545586,0.1313,-0.0610,1.1104,1.9531,6.2256,-17.2729,16.2268,0.0549,-122.1844
14:21:54.021,547.645532,-0.0796,-0.0327,0.9668,-5.8594,0.3662,1.5869,15.2216,0.9888,-123.2666
14:21:54.121,547.745524,0.0908,-0.2563,0.9282,7.4463,-3.1738,-19.7754,14.6832,0.9833,-124.5300
14:21:54.221,547.845459,-0.1318,-0.2744,1.0239,1.8311,-10.6201,-16.4185,13.2825,1.6589,-126.4856
14:21:54.321,547.945450,-0.0742,-0.1929,0.9541,11.4136,6.1646,-11.9629,12.0959,2.0654,-128.2434
14:21:54.421,548.045616,-0.0107,-0.2378,0.9067,7.6294,-25.0244,-0.4883,11.2115,1.9006,-129.2157
14:21:54.521,548.145390,-0.0933,-0.2769,1.0151,5.3711,-5.1270,-14.6484,10.0964,2.2906,-130.4352
14:21:54.621,548.245372,-0.0796,-0.2822,0.9521,12.5732,-12.3901,-20.3857,8.6902,1.8732,-132.5446
14:21:54.721,548.345303,0.0454,-0.4209,1.2500,-6.5918,12.1460,-25.5737,7.3444,2.8894,-134.4946
14:21:54.821,548.445273,-0.2827,-0.2988,0.8936,9.2773,26.9165,-19.2261,6.6138,2.9553,-137.1478
14:21:54.921,548.545225,0.1680,-0.4053,1.1733,-0.1221,-13.3057,-35.9497,5.4437,2.9333,-140.0427
14:21:55.021,548.645189,-0.1855,-0.5332,0.9795,16.4795,21.3623,-22.8882,4.4110,4.0320,-141.9928
14:21:55.121,548.745179,-0.3145,-0.4453,0.8560,16.4185,-5.7373,-22.2778,3.0267,3.2135,-145.2228
14:21:55.221,548.845251,-0.0459,-0.5674,1.2061,-2.9907,14.7095,-25.8179,1.3568,3.3563,-147.4695
14:21:55.320,548.945131,0.1128,-0.4854,1.2266,-2.5635,4.2725,-20.6299,0.6317,2.6807,-149.8151
14:21:55.420,549.045040,-0.0342,-0.2896,0.9258,-6.2866,-4.8218,-16.8457,-0.1758,1.8018,-151.7596
14:21:55.520,549.145019,-0.1401,-0.2603,1.0059,4.0283,-17.0288,-20.3247,-0.9503,1.6205,-153.5559
14:21:55.620,549.244968,-0.0610,-0.2354,0.9736,1.8921,-1.3428,-12.5122,-1.8127,1.4282,-154.7644
14:21:55.720,549.344908,0.1494,-0.2920,1.1299,-2.0752,-10.0708,-20.9961,-2.5818,1.4722,-156.0553
14:21:55.820,549.444833,-0.1206,-0.2617,1.1245,-7.4463,13.7329,-16.1743,-3.3508,1.2634,-157.7747
14:21:55.920,549.544806,0.1411,-0.2217,1.0684,-6.9580,-13.1226,-18.6157,-3.7683,0.6537,-159.4226
14:21:56.020,549.644739,-0.1006,-0.1816,1.0161,-2.0142,4.2725,-15.3198,-4.0375,0.4834,-160.7959
14:21:56.120,549.744687,-0.0186,-0.2139,1.0122,4.6387,-8.7891,-20.8740,-4.2627,0.0000,-162.4768
14:21:56.220,549.844634,-0.2075,-0.2041,1.0034,12.8784,-5.9814,-11.4746,-4.7681,-0.4834,-163.7842
14:21:56.320,549.944580,-0.0479,-0.2251,1.1553,8.4839,1.0986,-11.5356,-5.2625,-0.2197,-164.9652
14:21:56.420,550.044599,0.0815,-0.2344,1.1167,0.2441,23.3154,-11.4136,-5.5536,-0.1318,-166.1188
14:21:56.520,550.144500,0.1724,-0.1240,1.2734,-7.8735,14.2212,-17.4561,-6.0370,-0.3900,-167.3767
14:21:56.620,550.244448,-0.0127,-0.1851,0.7500,-9.4604,-20.0195,-3.4790,-5.5371,-1.1261,-168.3270
14:21:56.720,550.344406,-0.2275,-0.1929,0.9429,18.3105,-22.8271,-6.6528,-5.5920,-0.4999,-168.9532
14:21:56.820,550.444333,-0.1201,-0.1582,1.1567,-2.1973,2.9297,-11.2915,-5.3998,-0.3021,-168.1622
14:21:56.920,550.544309,0.0479,-0.0854,0.8438,1.7700,-9.1553,-3.9673,-4.9713,-0.5493,-168.9093
14:21:57.020,550.644261,-0.3320,-0.1113,1.0205,12.7563,-9.7656,-8.6060,-5.5096,0.4999,-169.5410
14:21:57.120,550.744230,0.0376,-0.1040,1.0752,14.3433,-2.8076,-5.1270,-5.2020,0.4175,-170.0958
14:21:57.220,550.844169,-0.0791,-0.0015,1.1255,10.8643,4.0283,-0.6104,-4.3616,0.1648,-170.4639
14:21:57.319,550.944143,0.1396,-0.0098,1.0005,-7.2632,2.7466,-0.4883,-3.8507,-0.5383,-170.3925
14:21:57.419,551.044117,-0.0527,0.0005,0.9517,-17.5171,1.9531,-13.1836,-3.8177,-0.4834,-170.5682
14:21:57.519,551.144124,-0.0938,-0.0420,1.1011,11.2305,-6.5918,-7.9956,-3.5925,0.2966,-171.4746
14:21:57.619,551.244125,-0.1323,-0.0435,0.8784,12.3901,-6.1035,-4.6997,-3.9166,0.3790,-172.5458
14:21:57.719,551.343925,0.0093,-0.0586,1.0610,-4.6997,4.6387,-3.9673,-3.6804,0.1703,-172.9852
14:21:57.819,551.443896,-0.1567,0.0103,0.8730,3.1128,-16.1133,2.8687,-3.4497,0.1318,-173.2544
14:21:57.919,551.543844,0.0225,0.0620,1.0869,4.0894,3.6011,-3.5400,-3.6420,0.2747,-173.5950
14:21:58.019,551.643824,0.1313,0.0640,1.1250,-16.7236,5.9204,-4.8218,-3.2025,0.0714,-173.5620
14:21:58.119,551.743810,-0.1201,0.1846,0.9395,-5.0049,0.3052,-3.4180,-2.5763,0.0879,-173.9850
14:21:58.219,551.843719,-0.0723,0.0684,1.0781,0.8545,-8.1177,-7.9956,-2.5159,0.6042,-174.1992
14:21:58.319,551.943709,0.0200,0.0288,1.0288,-3.7842,9.1553,-1.8921,-2.5104,0.4065,-174.3970
14:21:58.419,552.043673,-0.1909,0.0801,0.8511,0.7935,-6.8970,-5.0049,-1.8402,0.3406,-174.6057
14:21:58.519,552.143637,-0.1372,0.0791,0.9355,12.6343,-11.4746,3.8452,-1.4722,1.2195,-174.7540
14:21:58.619,552.243645,-0.1318,0.0366,0.7524,16.7236,5.8594,12.5122,-1.5161,1.3074,-174.7540
14:21:58.719,552.343533,0.0288,0.0659,0.9800,-6.8359,20.9351,2.6245,-1.2854,1.4447,-174.8035
14:21:58.819,552.443509,0.0093,-0.0039,1.1060,-17.8833,6.2866,2.0142,-1.0602,0.7745,-174.3750
14:21:58.919,552.543480,-0.1724,0.0410,0.9897,8.0566,-34.5459,2.0142,-0.9338,0.2417,-174.7540
14:21:59.019,552.643424,0.1538,0.0708,1.0190,-9.3994,-11.4136,-1.3428,-1.1206,-1.6754,-176.0944
14:21:59.119,552.743371,-0.0283,-0.0464,0.9365,-17.6392,-32.1045,-7.3242,-2.2742,-3.1915,-175.7867
14:21:59.219,552.843292,0.0693,0.0488,0.9297,-10.9253,-51.5747,-12.7563,-2.7576,-6.7072,-176.1548
14:21:59.319,552.943264,0.1206,0.0586,0.9268,3.2349,15.5640,7.0801,-2.8674,-8.0640,-176.6327
14:21:59.419,553.043249,0.1841,0.0571,0.9956,0.7324,11.5967,-0.4883,-2.4115,-6.8225,-175.9955
14:21:59.519,553.143251,0.1816,0.1514,0.9727,-12.5732,22.8882,-34.3628,-2.1094,-5.5975,-176.4624
14:21:59.619,553.243143,-0.1270,0.1660,0.7422,6.1035,-18.1885,10.3760,-0.9668,-5.5756,-176.4349
14:21:59.718,553.343070,0.2085,0.0815,0.9780,27.8931,7.3242,-28.0762,-0.1483,-4.2847,-177.3083
14:21:59.818,553.443113,0.1631,0.0186,1.1240,14.7095,5.3101,-20.3247,0.4504,-4.3066,-179.4617
14:21:59.918,553.543028,0.1211,0.0957,0.9463,-10.2539,22.8271,-16.8457,0.9833,-4.2462,179.5166
14:22:00.018,553.642949,-0.1147,-0.0024,1.0674,-15.1367,8.7891,5.2490,0.6427,-2.0325,178.6761
14:22:00.118,553.742890,0.0200,0.0938,1.0879,7.5073,3.3569,-0.9766,0.4724,-1.4117,179.2200
14:22:00.218,553.842835,-0.0332,0.0684,0.9609,12.0239,18.0054,15.5640,0.4065,-0.8734,179.5056
14:22:00.318,553.942785,-0.1646,0.0566,0.7939,0.7324,9.6436,-3.4790,0.6042,-0.4999,179.7693
14:22:00.418,554.042761,-0.0820,0.0596,0.9463,-0.1221,-7.0801,7.0190,0.8734,-0.0275,-179.7198
14:22:00.518,554.142775,0.0039,0.0527,1.1230,0.0000,3.8452,8.3618,0.9723,-0.0220,-177.7972
14:22:00.618,554.242673,0.0312,-0.0269,0.9604,0.1831,5.6763,-3.4790,0.9448,-0.3680,-177.5446
14:22:00.718,554.342587,0.0635,0.0015,0.9053,1.0986,-0.6714,12.5122,1.1371,-0.0879,-177.2095
14:22:00.818,554.442517,-0.0562,0.0659,0.8896,-1.1597,-18.2495,18.7988,1.3129,0.1868,-176.6162
14:22:00.918,554.542468,0.0107,0.0850,1.0679,17.8223,-0.4883,5.3711,1.2909,0.6702,-175.7538
14:22:01.018,554.642448,0.1543,0.0820,0.9927,-3.9062,25.6348,12.6953,0.9448,0.1593,-174.9463
14:22:01.118,554.742382,0.1182,0.0415,1.2026,-26.0620,28.9917,0.5493,0.8679,0.3516,-174.5013
14:22:01.218,554.842337,-0.1025,0.0186,0.8408,-16.0522,-9.5215,-1.8921,2.0654,0.4010,-174.3915
14:22:01.318,554.942291,0.0977,0.0649,1.1665,1.0986,13.8550,-1.4648,1.7798,1.4227,-174.5837
14:22:01.418,555.042239,-0.0303,0.1470,0.9863,7.8125,5.7983,-7.6904,0.9723,2.1313,-175.2045
14:22:01.518,555.142223,-0.0879,-0.0742,0.9980,-17.1509,6.4087,-6.1035,1.2524,1.7688,-175.0616
14:22:01.618,555.242245,-0.1987,0.1167,1.0020,1.4038,-7.0190,-1.0376,1.4722,2.2247,-175.4187
14:22:01.717,555.342082,0.0454,0.0352,0.9614,10.3149,-8.6060,4.5166,1.6534,1.9995,-175.0836
14:22:01.818,555.442321,-0.0029,0.1123,0.9819,8.1177,-13.7939,4.2114,2.0929,1.4282,-175.1331
14:22:01.917,555.542031,-0.0513,0.0830,0.9170,-8.6060,6.3477,3.7231,1.6754,1.5381,-175.1276
14:22:02.017,555.641961,0.1069,0.0508,1.2764,-1.1597,20.9351,-5.6763,1.3678,2.2192,-174.9133
14:22:02.117,555.741927,-0.1128,0.1265,1.1382,-27.4658,59.4482,-67.1997,0.9174,2.4829,-175.7483
14:22:02.217,555.841847,-0.2891,0.0000,0.9443,-4.3945,-5.5542,-6.1646,1.9556,3.2190,-175.3418
14:22:02.317,555.941780,-0.0542,0.0889,1.1768,2.8687,11.2915,-9.0332,1.1646,3.8837,-175.3967
14:22:02.417,556.041997,-0.1201,0.0410,0.9834,-6.9580,1.2207,7.0801,1.0492,3.7738,-176.2866
14:22:02.517,556.141888,-0.0488,0.0225,1.0474,-3.6011,6.4697,-6.2256,1.0767,3.3783,-176.1053
14:22:02.617,556.241680,0.0020,0.0132,1.1909,0.0000,19.8364,-3.9673,1.4832,3.9990,-175.1001
14:22:02.717,556.341549,-0.1133,-0.0884,1.1851,-14.0991,7.1411,-2.1362,1.3293,3.3453,-174.2157
14:22:02.817,556.441520,-0.0142,0.0278,1.1387,10.8032,-12.3901,-0.1831,1.9995,3.6255,-173.8971
14:22:02.917,556.541457,0.1978,0.1104,1.1938,-19.8975,23.5596,0.8545,1.4502,2.7136,-171.9690
14:22:03.017,556.641442,-0.3188,0.1343,0.7227,1.0986,-10.3149,13.0005,2.3676,2.3785,-172.1228
14:22:03.117,556.741381,-0.0928,-0.0566,0.9819,8.4839,2.8687,8.6670,1.8402,3.5211,-170.7715
14:22:03.217,556.841347,0.0239,0.0415,0.7915,5.6152,-8.9111,18.7988,2.1973,3.0322,-169.7607
14:22:03.317,556.941294,-0.1562,0.0391,1.0044,4.8218,-9.3384,6.7139,2.3566,3.8177,-168.4698
14:22:03.417,557.041276,-0.1270,0.0308,0.8960,0.7324,-19.1040,-0.9766,2.4884,4.6912,-169.3982
14:22:03.517,557.141253,-0.2236,-0.0010,0.8604,9.4604,-20.7520,3.6621,2.1698,4.2957,-169.7113
14:22:03.617,557.241179,-0.1611,0.0439,0.8857,14.2212,-37.2314,9.9487,2.3291,3.7354,-169.4476
14:22:03.716,557.341068,0.1523,-0.1494,1.2256,15.1978,17.2729,8.6060,1.9226,2.7905,-167.6074
14:22:03.816,557.441016,-0.1934,0.1064,0.8618,-5.7373,9.9487,-3.1128,2.7411,1.8567,-167.5964
14:22:03.916,557.540996,-0.2510,0.0967,0.9902,7.8735,-21.7896,2.0142,2.7850,2.7631,-167.6569
14:22:04.016,557.640939,0.0854,0.1147,1.0752,-8.7280,11.4746,-4.2114,2.3456,3.5211,-167.7338
14:22:04.116,557.740878,-0.0933,0.2290,0.9053,-10.3760,0.7935,-26.0620,2.4335,3.7134,-167.9700
14:22:04.216,557.840857,-0.1646,0.1616,0.9819,-13.9771,-21.1182,2.1362,2.8455,3.0597,-167.8491
14:22:04.316,557.940794,-0.0728,0.1177,1.0908,0.8545,-19.5312,1.5869,2.9663,3.4497,-167.6898
14:22:04.416,558.040722,0.1587,0.0312,1.2212,-5.7983,14.7095,-3.4180,2.6147,3.3179,-167.9370
14:22:04.516,558.140736,-0.0293,0.1260,0.9634,-13.8550,12.3291,-2.0142,3.0322,2.4335,-167.9645
14:22:04.616,558.240673,-0.0742,0.0542,1.0132,8.6670,-21.2402,16.2354,3.2190,2.5433,-166.9537
14:22:04.716,558.340604,0.1885,0.0176,1.2466,-7.6904,17.5781,-13.7329,3.0927,2.8949,-167.2449
14:22:04.816,558.440543,-0.1016,0.1079,0.9014,-5.7983,-1.8921,-7.3242,4.4714,1.9116,-166.9537
14:22:04.916,558.540488,-0.1274,0.1050,1.0996,9.4604,-2.9907,6.8970,4.4330,2.4884,-166.6022
14:22:05.016,558.640472,0.1826,0.0200,1.0762,-18.2495,12.5732,-24.7803,4.0210,2.4170,-167.1460
14:22:05.116,558.740434,-0.1284,0.0659,0.9966,-8.1787,-6.7139,-7.0190,4.3451,2.2906,-167.5909
14:22:05.216,558.840378,-0.1030,0.0444,1.0356,12.0239,-15.2588,-0.7324,4.5209,2.9938,-168.4644
14:22:05.316,558.940369,0.1084,-0.0322,1.1372,6.5308,16.9678,-6.2256,4.2627,3.5211,-169.0521
14:22:05.416,559.040354,-0.0776,0.0039,0.8999,2.6245,-6.0425,-1.6479,3.9551,2.9773,-169.5410
14:22:05.516,559.140397,-0.0400,0.1201,0.9395,-23.5596,-25.8789,-0.0610,3.8507,2.0105,-169.6674
14:22:05.616,559.240281,-0.0737,0.0293,1.1338,10.3149,-22.9492,-2.0142,3.9331,3.3838,-169.6179
14:22:05.716,559.340173,0.1592,-0.0195,1.4102,8.6060,35.2173,-14.5874,2.8564,4.5593,-170.3595
14:22:05.815,559.440101,0.0684,0.0215,0.9111,-13.5498,36.6211,-8.0566,2.4719,3.4991,-170.0409
14:22:05.915,559.540085,-0.2402,0.0630,0.9590,0.6714,-11.5967,-0.2441,2.6038,3.7134,-170.1947
14:22:06.015,559.639991,0.0430,-0.0205,1.0737,-2.5024,4.2114,-10.3760,2.1918,3.8287,-170.7660
14:22:06.115,559.739923,-0.0684,0.0391,1.0908,0.7324,-3.0518,-12.4512,2.0380,4.2902,-171.6888
14:22:06.215,559.839882,0.0063,-0.0503,1.0269,-0.4272,1.3428,-4.5166,1.8512,4.1858,-172.7106
14:22:06.315,559.939826,-0.1040,-0.0552,1.1323,7.3853,-0.9766,-5.3101,1.5820,4.6307,-173.5126
14:22:06.415,560.039817,-0.0991,-0.0210,1.0308,-7.2632,-4.6997,0.4883,1.4667,4.7131,-173.9575
14:22:06.515,560.139784,-0.1997,0.0117,1.0098,5.3711,-13.1836,-1.4038,1.5765,5.1251,-174.5453
14:22:06.615,560.239758,-0.0923,-0.1187,1.0557,23.1323,-11.1084,-1.2817,1.1261,5.3503,-174.8749
14:22:06.715,560.339638,0.0122,-0.1006,1.1162,13.0005,4.2725,-1.8311,0.9833,5.3613,-175.2374
14:22:06.815,560.439575,0.0234,-0.1055,1.1792,-10.9253,16.2354,-7.3242,1.1316,4.8944,-175.7318
14:22:06.915,560.539497,-0.1235,-0.0767,0.8188,-8.9111,-5.9204,-1.6479,1.7468,4.9054,-176.3141
14:22:07.015,560.639472,-0.1709,-0.2124,0.9419,14.8926,-23.2544,-3.1128,1.7853,5.1086,-177.4622
14:22:07.115,560.739415,-0.0776,-0.3184,1.0156,7.1411,-1.8921,-14.7095,1.6919,4.8834,-178.9288
14:22:07.215,560.839365,-0.3042,-0.3335,1.0952,12.2070,-10.6201,-13.9160,1.4447,4.6747,179.4232
14:22:07.315,560.939289,-0.1484,-0.5308,1.2769,14.2822,-5.3101,-25.1465,0.6921,4.1473,177.8357
14:22:07.415,561.039296,0.1064,-0.4844,0.9922,-7.6294,-4.2114,-21.1792,0.0769,3.3563,175.8582
14:22:07.515,561.139270,0.0444,-0.3774,0.9526,-7.8125,0.1221,-23.0713,-0.6592,2.8345,173.4357
14:22:07.615,561.239166,0.0918,-0.5288,1.1074,1.4648,-9.3384,-28.0762,-1.7249,2.6697,170.8813
14:22:07.714,561.339099,0.2026,-0.5996,1.1992,-1.0376,-4.6997,-26.4893,-2.8784,2.2852,168.5522
14:22:07.814,561.438999,0.1377,-0.5171,0.8921,0.0610,20.0195,-22.4609,-4.0704,1.5491,166.4648
14:22:07.914,561.538940,-0.2988,-0.7378,1.2061,9.5215,0.2441,-32.6538,-5.0482,1.3348,163.5974
14:22:08.014,561.638922,0.5068,-0.6079,1.1758,-16.5405,10.0098,-33.7524,-6.2567,1.4172,161.9989
14:22:08.114,561.738853,0.0039,-0.5249,1.0845,-5.5542,11.5967,-18.7378,-7.0367,0.1868,159.1260
14:22:08.214,561.838784,0.0073,-0.5278,1.0039,13.6108,-7.2632,-17.3950,-8.1628,-0.3186,157.2968
14:22:08.314,561.938715,-0.0605,-0.4575,0.9653,7.1411,-26.1841,-18.3716,-8.8715,-0.9393,155.4565
14:22:08.414,562.038963,0.0654,-0.6616,1.3394,7.6294,-9.3384,-31.8604,-9.6185,-1.4117,153.4296
14:22:08.514,562.138688,-0.0645,-0.6230,0.9419,2.9297,4.2725,-19.9585,-9.8767,-2.3291,151.2213
14:22:08.614,562.238617,-0.1001,-0.7139,1.1968,6.8970,-21.3013,-39.9780,-10.3107,-3.0048,148.5077
14:22:08.714,562.338521,0.3286,-0.6494,0.9292,-1.4648,11.8408,-26.1230,-11.0248,-3.2245,146.2115
14:22:08.814,562.438450,-0.2988,-0.6035,1.0415,11.5356,-25.3296,-26.9775,-10.7172,-4.3835,142.7563
14:22:08.914,562.538361,-0.1523,-0.6367,1.1362,18.7988,-19.7754,-25.2686,-11.2390,-4.4055,140.3284
14:22:09.014,562.638371,-0.0938,-0.8853,1.5991,17.7002,6.3477,-39.0015,-11.4587,-5.2570,137.7521
14:22:09.114,562.738293,0.3101,-0.6250,0.9897,-2.0142,-2.8076,-22.0337,-11.6675,-5.6689,136.1426
14:22:09.214,562.838247,0.1313,-0.8794,1.8340,3.6011,20.3247,-50.2319,-11.5192,-6.1908,133.3740
14:22:09.314,562.938181,-0.0693,-0.4614,0.7900,-13.1836,16.7847,-11.2915,-11.8213,-7.8607,130.7098
14:22:09.414,563.038117,-0.0854,-1.1626,1.7231,54.7485,-9.2773,-68.2983,-11.8048,-7.3224,127.5842
14:22:09.513,563.138123,-0.4849,-0.8076,1.0229,-5.9204,14.8926,-18.3105,-12.3651,-8.8824,123.8434
14:22:09.613,563.238090,-0.3550,-0.7275,0.9878,17.6392,-33.5083,-44.5557,-11.9147,-10.5249,120.2179
14:22:09.713,563.337977,-0.4053,-0.8594,1.3213,-0.7935,-27.8931,-38.2080,-11.6235,-10.8215,116.8945
14:22:09.813,563.437925,0.3096,-0.7231,1.2119,5.9204,-32.4707,-44.3115,-12.1674,-11.7993,114.1534
14:22:09.913,563.537864,-0.2319,-0.9058,1.1763,2.6245,2.1973,-15.7471,-12.2662,-11.8048,111.8848
14:22:10.013,563.637805,-0.2705,-0.8154,1.3271,3.7842,-20.8130,-48.0957,-12.2607,-13.3868,108.3197
14:22:10.113,563.737763,-0.1543,-1.1460,1.6592,25.5127,-2.5024,-47.2412,-12.4695,-13.0353,106.2213
14:22:10.213,563.837722,-0.2871,-0.6826,1.2578,-3.6011,-4.5166,-30.5176,-12.1619,-15.0458,103.0463
14:22:10.313,563.937673,-0.2007,-1.1138,1.6782,40.6494,24.2920,-53.4668,-12.3651,-14.1779,100.3986
14:22:10.413,564.037605,-0.4043,-1.1030,1.5576,14.0381,1.3428,-54.6875,-11.6730,-16.8365,95.8557
14:22:10.513,564.137597,0.1777,-0.7207,0.9648,-0.5493,-6.0425,-33.9355,-11.5686,-17.1936,93.4442
14:22:10.613,564.237542,-0.2148,-0.8892,1.3091,16.2964,-6.1646,-40.7715,-11.0083,-18.2867,89.7144
14:22:10.713,564.337446,-0.0581,-0.8608,1.3267,-19.2261,-11.0474,-30.4565,-10.3656,-19.1327,86.5228
14:22:10.813,564.437434,0.4214,-0.7852,1.4292,-10.3149,9.5825,-38.6963,-10.7391,-19.3909,84.5343
14:22:10.913,564.537339,-0.1196,-0.7192,1.2759,-6.3477,5.4321,-16.7847,-10.8325,-19.9017,82.5842
14:22:11.013,564.637270,-0.3223,-0.6929,1.1929,14.0991,-20.3247,-36.6821,-11.2885,-20.7422,80.2441
14:22:11.113,564.737208,0.1299,-0.8271,1.4858,1.8311,36.8652,-45.4712,-11.6235,-21.0168,78.3820
14:22:11.213,564.837181,0.2778,-0.6992,1.3066,-19.5923,8.5449,-44.8608,-10.5963,-22.2144,74.9707
14:22:11.312,564.937085,0.3076,-0.6816,1.4224,-14.5874,20.4468,-45.6543,-9.7174,-22.3022,71.2134
14:22:11.412,565.037101,0.0474,-0.6284,1.0547,-13.2446,8.7280,-50.7812,-9.1406,-23.8074,67.0166
14:22:11.512,565.137022,0.4556,-0.7456,1.2725,-20.1416,-4.2114,-56.1523,-8.6957,-23.2910,63.3582
14:22:11.612,565.236982,-0.0884,-0.5615,0.9219,-8.4839,8.9111,-28.5645,-8.4869,-24.2029,60.1831
14:22:11.712,565.336871,0.3579,-0.5522,0.9756,-19.5923,-2.7466,-28.8086,-7.9816,-23.3075,57.7002
14:22:11.812,565.436808,-0.2642,-0.4727,0.8760,25.2075,-19.2871,-8.3618,-8.3551,-23.5986,55.6567
14:22:11.912,565.536752,0.3174,-0.5049,1.1362,-26.9165,11.0474,-40.7715,-10.3986,-21.8573,54.9921
14:22:12.012,565.636680,-0.3159,-0.4614,1.0322,0.6714,-19.8364,-1.4038,-9.6021,-22.7417,52.4158
14:22:12.112,565.736623,0.0869,-0.4082,1.2314,-12.0850,-14.9536,-37.2314,-10.0964,-22.3901,50.6635
14:22:12.212,565.836579,-0.1260,-0.4844,1.0229,-0.6714,1.8311,0.3662,-9.5251,-22.2253,49.5483
14:22:12.312,565.936505,-0.5986,-0.2539,0.8403,24.6582,-9.3384,0.2441,-9.5032,-22.0111,47.4225
14:22:12.412,566.036489,-0.0435,-0.5820,1.6587,-3.0518,27.6489,-62.1948,-10.1569,-20.1050,46.2250
14:22:12.512,566.136461,-0.4839,-0.2544,1.0938,-2.8687,50.8423,-2.5024,-10.0580,-19.9402,45.4944
14:22:12.612,566.236436,-0.5879,-0.0469,0.6382,30.7617,-7.4463,-0.3052,-10.2283,-19.2371,44.8517
14:22:12.712,566.336371,-0.4824,0.3457,0.8633,-2.2583,-3.2349,-5.3101,-12.7112,-17.0892,45.9778
14:22:12.812,566.436309,-0.3560,0.4819,0.7510,11.5967,-44.0063,31.7993,-11.7279,-15.4578,46.8182
14:22:12.912,566.536241,0.1597,0.2671,1.1255,15.5029,24.1699,31.4941,-11.2885,-13.6230,49.8999
14:22:13.012,566.636194,-0.1396,0.4658,0.9072,-14.6484,11.9629,-5.6763,-9.8328,-12.8101,50.9875
14:22:13.112,566.736299,-0.0195,0.5073,1.3472,-1.2207,32.7148,15.9912,-9.8383,-10.0525,52.2400
14:22:13.211,566.836110,-0.4233,0.3896,0.8081,16.3574,-8.6060,-0.4272,-7.0532,-9.3878,52.7234
14:22:13.311,566.935986,0.1387,0.4243,1.4463,5.0659,85.0830,10.7422,-8.2233,-6.8994,54.6954
14:22:13.411,567.035924,0.1611,0.3228,0.4526,-44.9219,-5.9814,27.0996,-5.2240,-8.6792,55.2118
14:22:13.511,567.135919,-0.4321,0.0220,0.8965,14.1602,-25.0244,-3.0518,-2.4994,-5.7129,55.7227
14:22:13.611,567.235840,0.2354,0.5166,1.3408,14.7095,50.2319,2.8076,-4.4714,-3.6584,55.8160
14:22:13.711,567.335758,0.1172,-0.0557,0.7876,1.4038,0.0000,7.6904,-3.5925,-3.7354,56.7993
14:22:13.811,567.435700,-0.3086,0.0669,0.9189,-12.6343,18.2495,8.9111,-1.7468,-3.4662,57.4310
14:22:13.911,567.535636,0.1094,0.2432,0.8760,9.2163,-17.4561,5.6152,-2.1313,-2.4939,58.2330
14:22:14.011,567.635570,-0.2573,0.0400,1.0571,-4.1504,11.8408,3.7842,-1.8896,-1.0052,58.8263
14:22:14.111,567.735511,-0.0317,0.0303,1.0337,9.6436,2.3193,3.4790,-0.9393,-1.0492,59.4910
14:22:14.211,567.835483,0.0190,0.0146,1.1133,-18.2495,43.7622,-19.6533,-1.6809,-0.7910,59.1779
14:22:14.311,567.935391,-0.3369,0.0044,0.7603,10.9253,-19.4092,-10.1929,-0.3351,-1.0931,59.6118
14:22:14.411,568.035650,-0.0742,-0.0698,0.9644,21.5454,-22.4609,14.0991,-0.1428,-0.8240,60.2600
14:22:14.511,568.135378,-0.1904,0.1045,0.8979,13.9771,-0.9155,-0.1221,-0.0604,-0.6592,59.8590
14:22:14.611,568.235298,0.1279,0.0469,1.1611,-13.7329,45.4102,-4.5776,-0.1703,-0.6812,59.6503
14:22:14.711,568.335213,-0.0957,0.1279,0.9619,-6.1646,-1.2207,-1.2817,0.1483,-1.1536,58.6560
14:22:14.811,568.435145,-0.0098,-0.1689,1.1411,-13.8550,21.1792,24.1089,0.0934,-0.7581,61.0236
14:22:14.910,568.535083,-0.2808,0.0332,0.8877,20.9961,-20.8740,7.0801,1.1261,-0.6372,62.1552
14:22:15.010,568.635016,0.2485,0.1333,1.4512,-11.0474,58.9600,14.6484,0.0439,1.0272,62.7924
14:22:15.110,568.734958,-0.1470,0.1226,0.8882,-28.6255,43.3350,17.3950,1.0602,-0.8624,64.4019
14:22:15.210,568.834917,-0.1416,0.0972,0.9829,14.5874,-68.1152,-0.9155,1.9336,-0.7526,65.9180
14:22:15.310,568.934831,0.1284,-0.1450,0.8379,21.0571,-32.0435,-0.5493,3.3563,-0.4120,65.6818
14:22:15.410,569.034835,-0.0972,-0.0435,1.2256,-3.3569,39.9170,2.2583,2.1808,1.7798,64.5227
14:22:15.510,569.134813,-0.0024,0.1255,0.7783,-14.3433,32.1045,-27.3438,2.1094,0.5988,63.7482
14:22:15.610,569.234712,-0.1890,0.0464,0.9111,-3.4180,-16.9067,-4.0894,1.9336,1.0712,63.7427
14:22:15.710,569.334663,-0.1787,0.0811,0.7578,9.1553,-44.5557,7.9346,2.6312,1.4172,63.9624
14:22:15.810,569.434611,0.0972,-0.0361,1.1143,23.5596,-4.0894,30.5786,1.9391,3.2849,64.5007
14:22:15.910,569.534507,-0.1499,0.0010,0.8706,-17.3950,11.1694,10.9863,1.6589,2.2467,64.6216
14:22:16.010,569.634512,-0.2603,0.0654,0.8550,8.1787,-36.8652,1.7090,2.1478,1.8622,64.9182
14:22:16.110,569.734400,0.0522,0.0181,1.2188,18.6157,-8.6670,13.3667,1.4392,2.9004,64.9786
14:22:16.210,569.834379,-0.0991,0.0747,0.9341,-23.1934,35.2783,-1.8311,1.3403,2.1588,64.3250
14:22:16.310,569.934314,-0.1182,0.0854,0.9307,-12.8174,13.7939,-7.2632,1.5985,1.6370,64.4403
14:22:16.410,570.034258,0.0601,0.0742,1.0454,-3.1128,-4.3945,-5.3711,1.3458,2.2192,64.4348
14:22:16.510,570.134220,0.1948,0.0430,1.2324,-18.4326,9.5215,-21.5454,1.1261,2.4829,64.1602
14:22:16.610,570.234143,-0.2700,-0.0044,0.5664,-8.4839,-68.5425,1.6479,3.3124,0.9393,64.9567
14:22:16.709,570.334101,-0.0415,-0.0801,1.3760,61.6455,-38.7573,36.0107,0.7965,4.9438,64.0283
14:22:16.809,570.434019,0.2168,-0.0693,0.9062,-26.5503,69.7632,8.5449,1.5326,1.5985,63.2483
14:22:16.909,570.533961,-0.5073,0.0635,0.6040,14.6484,-63.5986,-19.8975,2.2302,1.8622,63.7921
14:22:17.009,570.633879,-0.0322,0.0098,1.2051,3.6621,-19.3481,22.0947,1.3733,3.4937,63.1219
14:22:17.109,570.733869,-0.0410,-0.0039,0.7700,12.2681,-31.3721,8.2397,2.8510,2.0050,63.6438
14:22:17.209,570.833755,0.2637,0.0503,1.2715,-11.3525,30.4565,-24.8413,2.3566,1.8896,63.6823
14:22:17.309,570.933698,-0.0903,0.0776,0.7539,-5.4321,0.5493,-7.2632,3.4717,0.7306,63.3527
14:22:17.409,571.033659,-0.0684,0.0518,1.0972,5.1270,-28.9307,10.0098,2.9828,2.3730,62.9791
14:22:17.509,571.133659,0.2290,0.0645,1.0649,-1.4648,-0.4272,-6.7749,2.8894,2.2632,63.1219
14:22:17.609,571.233574,-0.1313,0.0107,1.0645,-12.2681,33.7524,-3.4790,2.8510,2.0325,63.2648
14:22:17.709,571.333492,-0.5757,0.1123,0.7764,-3.2959,9.3994,0.1221,2.6862,2.7301,64.0558
14:22:17.809,571.433462,-0.4980,0.0737,0.8696,5.7983,-9.2773,6.8970,2.6367,5.2130,64.7040
14:22:17.909,571.533414,-0.4194,-0.0298,1.0664,10.0098,-13.1226,1.2207,2.4445,6.5479,65.0610
14:22:18.009,571.633376,-0.5566,-0.0225,0.9951,7.2632,-7.0190,-1.7700,2.5323,7.1576,64.6271
14:22:18.109,571.733289,-0.1401,0.0352,1.0244,2.1973,12.0239,-2.1362,2.1094,7.4817,63.9679
14:22:18.209,571.833226,-0.1924,0.0381,0.9316,-4.5166,-11.6577,-4.1504,2.3566,7.9651,63.8086
14:22:18.309,571.933216,-0.1069,-0.0181,1.0239,-4.5776,1.0986,-8.2397,2.2083,8.2397,63.6768
14:22:18.409,572.033153,-0.2783,0.1421,0.6733,-24.1699,-38.5132,-0.2441,2.5653,8.7067,63.7427
14:22:18.509,572.133150,-0.5801,-0.0762,1.0020,25.1465,-55.6030,6.4087,2.3126,11.1292,63.2977
14:22:18.608,572.233081,0.3872,-0.1890,1.2822,-1.4038,13.5498,-22.9492,0.6317,11.5027,61.3916
14:22:18.708,572.333010,-0.0332,-0.3877,0.9897,-26.5503,7.8735,-38.5132,2.1368,10.1898,61.1389
14:22:18.808,572.432945,-0.4146,-0.4297,0.7793,19.8975,-5.8594,-26.6724,0.2911,10.6293,58.0902
14:22:18.908,572.532876,-0.6729,-0.6450,1.3486,9.4604,11.2915,-50.3540,-1.8237,11.9421,53.5803
14:22:19.008,572.632859,-0.7666,-0.8115,1.3496,60.0586,19.2261,-31.2500,-2.6697,12.1179,50.4437
14:22:19.108,572.732814,-0.5171,-0.9053,1.2070,35.0342,31.2500,-30.2734,-4.6088,11.3214,47.6202
14:22:19.208,572.832734,-0.4434,-0.6147,1.1255,10.4370,-14.3433,-30.0293,-5.9271,10.3107,44.5880
14:22:19.308,572.932665,-0.2319,-0.8843,1.3770,18.3105,4.0283,-49.9268,-7.3718,10.1184,41.5118
14:22:19.408,573.032671,-0.4053,-0.3765,0.8438,-27.2217,-25.5737,-38.4521,-8.9594,6.7511,36.8427
14:22:19.508,573.132635,-0.0522,-1.0093,1.1670,38.5742,9.8267,-43.0298,-9.6130,9.4098,35.0409
14:22:19.608,573.232553,-0.4546,-0.5835,0.7393,25.1465,-43.6401,-37.9028,-10.5249,4.3231,28.8446
14:22:19.708,573.332519,0.1675,-0.7964,1.5103,30.6396,-26.3062,-83.8623,-10.4205,6.6357,25.3839
14:22:19.808,573.432473,-0.3916,-0.7891,0.6973,35.0342,24.9023,2.5635,-12.4915,2.9004,20.8740
14:22:19.908,573.532425,0.0161,-0.9355,1.5635,-0.6104,-25.6348,-86.5479,-11.6949,3.6365,16.9080
14:22:20.008,573.632380,0.0361,-0.7891,0.8784,-6.7139,26.4893,-20.6909,-13.2935,0.7910,13.5846
14:22:20.108,573.732310,-0.3545,-0.9009,1.3164,6.5308,-2.3193,-69.5190,-13.5681,-0.8844,7.1136
14:22:20.208,573.832263,0.2329,-0.8696,0.8398,-4.4556,-21.6675,-67.8101,-14.2383,-2.8839,2.7411
14:22:20.308,573.932342,-0.3613,-0.7202,0.9424,3.1738,-8.7891,-41.9922,-13.6176,-4.9878,-3.8782
14:22:20.408,574.032431,-0.0146,-0.4492,0.8960,10.9863,-67.0776,-66.7114,-13.5077,-6.0370,-8.9648
14:22:20.507,574.132174,-0.4556,-1.1030,1.3145,26.0010,-4.6387,-42.2363,-12.7332,-6.5094,-13.5516
14:22:20.607,574.232088,-0.2578,-0.9194,1.3350,14.2212,-46.6309,-84.2896,-12.5024,-8.9923,-19.3304
14:22:20.707,574.331957,-0.1440,-1.3652,1.6948,32.4707,63.1104,-65.5518,-13.1891,-9.8218,-22.6263
14:22:20.807,574.431952,0.3359,-0.4897,1.0493,-36.0718,-7.7515,-64.3921,-12.0575,-12.8430,-27.4658
14:22:20.907,574.531851,0.0215,-1.1060,0.9727,7.2021,50.9644,-32.4097,-11.4697,-12.5409,-30.5035
14:22:21.007,574.631803,-0.1812,-0.3662,0.9512,-19.4092,-71.9604,-60.7910,-9.8602,-14.5844,-36.9360
14:22:21.107,574.731745,-0.3262,-1.3892,1.4404,28.1372,18.0664,-31.0669,-9.7614,-13.4747,-38.5565
14:22:21.207,574.831744,-0.4839,-0.6680,1.1616,6.5918,-45.9595,-54.6265,-9.5361,-16.2378,-44.5551
14:22:21.307,574.931643,0.0972,-1.1865,1.5640,11.2305,11.6577,-66.2842,-8.6188,-14.5953,-45.9833
14:22:21.407,575.031660,-0.4619,-0.3579,0.5947,2.1973,-44.0674,1.0376,-9.1736,-18.2098,-49.9658
14:22:21.507,575.131593,-0.1099,-0.5317,1.3994,9.2163,-23.0713,-54.4434,-8.9868,-15.5566,-50.7843
14:22:21.607,575.231536,-0.0327,-0.3198,0.7827,29.3579,-17.4561,-12.2070,-9.4482,-17.2540,-52.9156
14:22:21.707,575.331446,-0.1187,-0.2363,1.1914,-1.8311,-27.9541,-40.4663,-8.8440,-15.6885,-54.8383
14:22:21.807,575.431403,-0.2861,-0.5244,1.1885,28.2593,13.4277,-34.7290,-8.3386,-15.4578,-56.8597
14:22:21.907,575.531365,-0.2368,-0.4043,1.2686,21.8506,-27.6489,-34.2407,-7.7014,-15.9192,-59.9304
14:22:22.007,575.631299,0.0195,-0.4438,0.9404,2.6245,1.3428,-40.5273,-7.3828,-16.2433,-62.1222
14:22:22.107,575.731281,0.0674,-0.4346,1.3706,4.5166,10.7422,-32.4097,-6.9324,-15.1392,-64.5667
14:22:22.207,575.831208,0.1880,-0.1509,1.0347,-23.1323,24.5361,-21.4233,-6.5204,-17.0782,-66.9067
14:22:22.307,575.931174,0.3760,-0.2354,1.0649,-29.1748,-8.5449,-46.9971,-5.7074,-15.3094,-68.1042
14:22:22.407,576.031122,-0.0840,-0.0933,0.7939,10.8032,-39.6729,5.3101,-4.7021,-16.8201,-70.8838
14:22:22.506,576.131119,-0.0737,-0.4097,1.3203,13.9771,-22.3999,-55.3589,-4.5264,-14.1504,-73.0811
14:22:22.606,576.231077,-0.0005,-0.5000,0.8911,6.7749,29.6021,-15.6250,-4.4714,-15.4138,-75.2234
14:22:22.706,576.330993,0.1479,-0.2446,1.3057,-16.3574,-15.1978,-35.8887,-4.4440,-14.4305,-77.4316
14:22:22.806,576.430930,-0.1401,-0.2344,0.7822,-7.8735,-10.9253,-12.3291,-4.4000,-15.4028,-79.2224
14:22:22.906,576.530881,0.0063,-0.2056,1.0137,2.5635,-40.2222,-29.7852,-4.0814,-13.5516,-80.9363
14:22:23.006,576.630860,0.0791,-0.1196,1.1084,3.0518,-6.4087,-6.2866,-4.5648,-13.3813,-82.6282
14:22:23.106,576.730764,0.1182,-0.1821,1.0522,-6.5308,-6.8359,-28.2593,-4.2407,-12.9089,-83.6938
14:22:23.206,576.830714,-0.1118,-0.2036,0.9546,2.0752,-11.4746,-3.7842,-4.1858,-12.1454,-84.7156
14:22:23.306,576.930661,-0.2827,-0.3047,1.2612,6.0425,19.2871,-19.1040,-4.2188,-11.4478,-86.6821
14:22:23.406,577.030659,-0.0156,-0.1782,1.0273,-16.5405,24.4141,-28.3813,-4.7516,-11.1511,-88.4399
14:22:23.506,577.130622,0.1411,-0.1660,1.1689,-9.0942,5.6152,-15.5640,-4.2902,-10.6293,-89.1486
14:22:23.606,577.230551,-0.1055,-0.0889,0.9902,3.7842,8.9111,4.2114,-4.1254,-10.3381,-90.4834
14:22:23.706,577.330493,-0.0103,-0.0762,1.0488,4.2114,-9.7656,-19.8364,-4.2462,-9.8438,-91.5875
14:22:23.806,577.430442,-0.2896,-0.1006,1.2168,2.3804,45.3491,-12.5122,-4.3231,-8.4979,-91.4337
14:22:23.906,577.530433,-0.1694,0.1504,0.7769,0.4272,-7.9956,0.3052,-4.2133,-8.8385,-91.6479
14:22:24.006,577.630359,-0.0029,0.1787,1.0747,-12.0850,13.1836,1.7090,-4.4440,-7.8113,-90.5713
14:22:24.106,577.730307,-0.1387,0.1821,0.8740,-6.0425,-18.9209,8.3618,-3.7354,-7.6245,-89.8846
14:22:24.206,577.830260,-0.0273,0.1475,0.9077,-6.5308,-19.6533,9.4604,-3.5706,-6.6083,-89.1760
14:22:24.306,577.930186,0.1045,0.1523,1.1812,-8.9722,1.7090,-0.6714,-3.5211,-6.1633,-89.0057
14:22:24.406,578.030175,-0.1343,0.1416,1.0728,-4.3945,1.9531,-0.0610,-3.1036,-5.7513,-88.9728
14:22:24.506,578.130163,-0.0337,0.1460,1.1436,-2.9907,28.1982,-6.6528,-2.8619,-5.0702,-89.1376
14:22:24.605,578.230103,0.0913,0.2065,1.1167,-14.2212,38.0249,-25.0244,-2.8784,-4.4220,-90.1044
14:22:24.705,578.330009,0.0415,0.1602,0.8569,-3.2959,-3.1128,-7.9956,-1.7963,-4.8120,-89.4562
14:22:24.805,578.429926,-0.3027,0.0962,0.8809,1.8311,-33.8745,13.7329,-1.1316,-3.5376,-89.0662
14:22:24.905,578.529964,-0.1870,0.2544,0.9077,23.0103,-36.6211,20.3857,-0.4175,-2.5818,-89.0442
14:22:25.005,578.629870,-0.1152,0.2539,0.8438,12.5732,4.4556,18.8599,0.0549,-1.4777,-88.2367
14:22:25.105,578.729809,-0.1768,0.3223,0.9521,17.0898,6.6528,20.4468,0.6812,-0.6482,-87.1985
14:22:25.205,578.829778,-0.0762,0.3301,0.8311,-0.3662,-15.2588,9.6436,2.1808,-1.5326,-85.9735
14:22:25.305,578.929691,-0.2935,0.5381,0.9771,14.4653,-28.1372,30.3345,2.5214,-0.1648,-83.2928
14:22:25.405,579.029632,-0.1650,0.5098,0.9526,-4.7607,7.9346,37.4756,3.2794,0.0604,-80.4309
14:22:25.505,579.129652,-0.2031,0.6699,0.9336,-2.6855,1.7700,17.6392,3.8232,-0.6262,-77.7502
14:22:25.605,579.229573,-0.0273,0.7485,1.0015,-23.3765,12.4512,38.8184,4.4495,-0.1483,-75.1740
14:22:25.705,579.329499,-0.1050,0.7710,1.0806,-10.0098,6.5918,39.9780,4.9054,-0.2362,-71.6144
14:22:25.805,579.429449,0.3364,0.5830,1.0801,-16.2964,28.0151,23.5596,6.2732,-0.3516,-67.6428
14:22:25.905,579.529384,0.3716,0.7515,1.2090,-41.0767,18.0054,52.9175,6.4929,-0.4230,-63.8416
14:22:26.005,579.629335,-0.2598,0.5415,0.9839,-31.5552,-9.7656,12.8174,8.3551,-1.6095,-62.6001
14:22:26.105,579.729291,-0.4028,0.9604,1.3208,14.8315,-20.8740,22.4609,8.9099,1.1975,-59.6777
14:22:26.205,579.829251,-0.4438,0.5259,0.8862,-7.0190,16.1743,17.7612,8.7177,1.2909,-56.3049
14:22:26.305,579.929223,-0.7402,0.5762,0.7852,-25.0244,18.1274,19.3481,10.3546,1.4062,-54.9646
14:22:26.405,580.029409,-0.1792,1.2017,1.1084,-12.7563,9.2163,10.7422,10.7941,1.6864,-49.9164
14:22:26.505,580.129199,-0.6831,0.6245,0.8384,-5.0659,13.5498,48.5840,11.6235,2.3291,-47.2028
14:22:26.604,580.229098,-0.1338,0.7666,0.7773,0.9766,-12.8174,32.6538,12.5024,1.8292,-44.2200
14:22:26.704,580.329046,-0.4995,0.9609,0.9233,-17.6392,-28.7476,31.3110,12.9694,2.0874,-40.1111
14:22:26.804,580.428956,-0.3086,0.6602,1.1001,-2.5635,-2.3193,39.1235,14.2053,2.1808,-38.5455
14:22:26.904,580.528922,-0.3740,0.9878,1.0376,-5.9814,-2.6245,51.8188,14.5624,2.3676,-35.9747
14:22:27.004,580.628891,-0.3838,0.5723,1.2197,20.3857,-3.2349,34.9121,14.6667,1.7743,-30.6354
14:22:27.104,580.728863,-0.3633,1.0049,0.9248,-8.5449,5.3101,56.7627,15.6445,0.8734,-27.3944
14:22:27.204,580.828830,-0.3677,1.0063,1.4478,-5.6152,-9.5825,93.7500,15.9796,1.0767,-21.6815
14:22:27.304,580.928770,-0.3052,0.8413,0.9248,-10.3760,-0.4272,75.3784,16.1389,-1.7743,-16.1060
14:22:27.404,581.028730,-0.3076,0.7002,0.9795,-16.9678,-23.0713,52.6123,16.9189,-3.1750,-9.3274
14:22:27.504,581.128695,-0.1616,1.2114,1.1743,-30.2124,-5.9814,78.3081,16.1444,-3.6859,-4.3781
14:22:27.604,581.228642,-0.6621,0.7495,1.1699,1.5259,-7.0801,54.7485,16.0455,-5.3229,0.9503
14:22:27.704,581.328576,-0.0513,1.0298,1.3794,4.0283,27.3438,75.5005,16.1389,-6.8115,6.1798
14:22:27.804,581.428504,0.2568,0.5166,0.6748,-18.5547,-6.0425,70.9229,16.4795,-8.6737,10.4370
14:22:27.904,581.528473,0.1724,0.9604,1.1450,-35.4614,-20.0195,15.9912,18.3636,-8.5803,12.4365
14:22:28.004,581.628435,-0.3140,0.9980,0.9800,-17.1509,-29.4189,16.1743,19.3304,-8.3771,12.4420
14:22:28.104,581.728401,-0.5713,0.3584,1.1797,28.0762,-3.1738,11.0474,20.6927,-6.6742,13.5352
14:22:28.204,581.828413,-0.3423,0.7324,0.7358,-20.8740,-19.1650,79.1626,19.7699,-6.6522,15.2930
14:22:28.304,581.928353,-0.3213,0.6475,1.1821,-10.7422,-11.5967,40.3442,19.8853,-7.5861,20.9784
14:22:28.404,582.028331,-0.3340,0.9956,0.9082,-3.7231,10.0708,75.5615,19.1547,-9.1901,25.0598
14:22:28.504,582.128304,-0.6030,0.7754,1.2383,-5.1880,-6.6528,62.9883,18.7866,-9.7833,31.0913
14:22:28.604,582.228312,0.1411,0.9111,0.9824,-0.3662,10.6812,77.9419,17.3309,-11.4862,36.7548
14:22:28.704,582.328183,-0.2666,0.7598,0.8945,-33.8135,-14.0381,53.9551,17.0013,-12.3926,41.3910
14:22:28.803,582.428152,0.1362,0.7720,1.1675,-1.5259,1.2207,37.8418,17.0728,-12.9913,45.7251
14:22:28.903,582.528136,-0.2466,0.6689,0.9067,-5.7373,-9.2773,6.8359,17.6605,-12.7991,45.6976
14:22:29.003,582.628068,-0.1938,0.3096,1.1821,8.5449,28.3813,-19.9585,18.9020,-11.2665,45.4944
14:22:29.103,582.727978,0.0493,0.1362,1.0757,-12.3901,17.0898,45.1050,18.1659,-9.8712,46.7029
14:22:29.203,582.827940,-0.3599,0.3457,0.8877,-23.1934,-11.3525,24.7192,18.2043,-10.0909,48.9880
14:22:29.303,582.927895,-0.0225,0.5127,1.0376,5.7983,-11.1694,34.3018,17.3090,-9.9097,51.9379
14:22:29.403,583.027855,-0.4175,0.4268,1.0522,-1.8921,1.2817,24.4751,17.4957,-9.5471,54.3164
14:22:29.503,583.127807,-0.0332,0.5640,0.9292,2.9297,-9.0332,34.3018,17.0947,-9.9481,56.7444
14:22:29.603,583.227778,0.1060,0.3569,0.9766,-15.9912,0.1221,28.6865,16.9794,-9.8108,58.9197
14:22:29.703,583.327696,-0.0107,0.3350,0.7432,-30.7007,-27.8320,33.5083,17.0453,-9.9866,60.7379
14:22:29.803,583.427664,-0.1611,0.2236,1.0532,24.4751,-19.7754,17.9443,17.9736,-8.0859,62.4298
14:22:29.903,583.527613,0.0835,0.2466,1.0830,6.1035,5.3711,29.6631,16.4740,-6.8719,62.4188
14:22:30.003,583.627539,0.0098,0.0078,0.9214,-20.8740,18.0664,-8.3008,16.6443,-6.7181,62.9736
14:22:30.103,583.727517,-0.0464,0.1021,0.9385,9.9487,-19.7144,-7.2632,16.3312,-5.9766,63.0615
14:22:30.203,583.827494,-0.0747,0.0664,1.0986,16.3574,-9.2773,11.0474,16.1224,-5.5096,62.4353
14:22:30.303,583.927425,-0.2407,0.1201,0.9102,-7.6904,10.0708,6.7139,16.0345,-5.4272,64.0887
14:22:30.403,584.027383,-0.0659,0.0225,0.8071,30.2124,-46.1426,8.3618,16.2982,-4.7296,65.1489
14:22:30.503,584.127375,-0.2764,-0.0322,1.0005,16.9678,-12.3291,-9.5215,15.3918,-3.3838,65.7587
14:22:30.603,584.227367,0.1060,0.0435,1.0337,5.2490,30.5786,-16.6626,14.2493,-4.2023,66.0114
14:22:30.703,584.327222,-0.4614,0.1064,0.9751,0.3052,-9.5215,11.4136,13.9087,-3.5980,66.5717
14:22:30.803,584.427225,0.1172,0.1108,1.0815,35.2783,-48.6450,19.6533,14.1833,-5.5646,68.5272
14:22:30.903,584.527135,-0.0059,0.0215,1.0801,-26.2451,-30.8228,-34.5459,13.6285,-7.6355,65.6598
14:22:31.002,584.627055,0.0532,0.0923,1.0151,-15.7471,-48.8892,-19.6533,13.2495,-10.1843,61.9849
14:22:31.102,584.727043,0.0415,-0.1553,0.9575,-83.3740,47.2412,-43.2739,6.6797,-8.0859,58.2495
14:22:31.202,584.826974,0.0239,-0.0181,1.0415,18.6157,-14.5264,-12.3291,7.1301,-7.2510,57.0575
14:22:31.302,584.926910,0.0513,0.1177,0.9834,31.7383,-42.9077,-15.2588,9.6625,-8.9099,54.2010
14:22:31.402,585.026924,0.1113,0.0566,0.9517,46.6919,-20.5688,-10.1318,13.7274,-11.6730,51.7126
14:22:31.502,585.126921,0.1924,0.2695,0.8760,-0.0610,-13.3057,4.6997,15.9851,-13.0298,50.8557
14:22:31.602,585.226863,0.2358,0.1694,0.9048,-3.2959,-25.3296,-36.3159,15.5017,-14.8425,47.9773
14:22:31.702,585.326761,0.1362,0.0132,1.1309,-32.1045,64.3921,8.2397,12.4640,-13.4583,47.5488
14:22:31.802,585.426710,0.1392,0.0747,0.8926,8.9111,-9.5825,3.7231,11.8652,-12.4310,48.3014
14:22:31.902,585.526623,0.1611,0.2202,1.0259,13.5498,7.7515,2.5024,12.3981,-11.4423,48.4277
14:22:32.002,585.626571,0.1812,0.1372,1.0376,-5.5542,15.0757,8.4229,11.8158,-10.6677,48.8287
14:22:32.102,585.726537,0.0737,0.1152,1.1157,-9.6436,8.4229,4.3945,10.8765,-9.9811,49.6417
14:22:32.202,585.826502,0.2402,0.0972,1.0293,-2.3193,-3.5400,5.6152,10.4755,-10.2173,49.7736
14:22:32.302,585.926451,0.1831,0.0898,1.0195,-3.4180,8.1787,16.4795,9.8328,-9.5581,50.4272
14:22:32.402,586.026670,0.1187,0.1729,0.9907,4.3945,-1.5869,4.6387,9.4812,-8.9648,51.3336
14:22:32.502,586.126433,0.0586,0.4395,0.9395,-11.0474,7.9956,12.5732,8.9594,-9.4647,52.3663
14:22:32.602,586.226382,0.0703,0.3984,0.8818,2.6855,-5.9204,17.9443,9.6185,-9.1956,53.5529
14:22:32.702,586.326293,0.0244,0.3018,1.0234,-7.5684,14.4653,15.8081,9.4757,-7.1191,55.9369
14:22:32.802,586.426249,0.0918,0.3003,0.8896,-12.2070,-6.5918,5.1880,9.6130,-7.3938,56.6071
14:22:32.902,586.526217,0.0825,0.2358,0.8936,9.5215,-10.0098,9.4604,10.2063,-7.0038,57.4750
14:22:33.002,586.626162,0.2319,0.3013,0.8779,-21.3013,-12.9395,0.6104,10.1459,-7.3224,57.7551
14:22:33.101,586.726103,0.3975,-0.0586,0.9854,-25.7568,7.7515,16.8457,9.1956,-6.1139,58.8043
14:22:33.201,586.826030,0.4185,0.5142,0.9004,-29.9683,-23.9258,-6.9580,9.2450,-5.1416,57.3761
14:22:33.301,586.926005,0.0259,0.4360,0.9395,2.8687,-11.5356,21.8506,9.4373,-4.1858,58.6395
14:22:33.401,587.025959,0.1714,0.6084,1.0244,-2.1973,5.4932,14.7095,9.7119,-3.8562,60.2271
14:22:33.501,587.125946,-0.1328,0.1646,0.9390,5.1270,-19.1650,51.2695,10.7611,-6.0480,64.7424
14:22:33.601,587.225907,0.0825,0.3184,1.1304,13.4888,-14.8315,15.4419,10.9479,-6.5643,67.1265
14:22:33.701,587.325852,0.0122,0.2144,0.9780,-4.8828,-6.0425,15.7471,11.5521,-8.3167,68.6371
14:22:33.801,587.425831,-0.0425,0.2041,1.0420,10.7422,-25.5127,-43.3350,12.3596,-8.3496,65.1984
14:22:33.901,587.525793,0.3765,0.2529,0.9585,12.7563,-4.0283,-3.1738,12.7936,-9.0747,63.5559
14:22:34.001,587.625727,-0.0986,0.3149,0.8730,-31.7993,37.4146,-3.6621,11.9312,-9.4043,61.6498
14:22:34.101,587.725682,-0.1177,0.3438,0.9697,-2.8687,-29.1748,16.5405,11.9586,-7.6904,62.8638
14:22:34.201,587.825649,0.0581,0.3506,1.1118,-7.0801,20.0195,0.7324,11.4587,-6.1359,64.2920
14:22:34.301,587.925599,-0.0684,0.3545,1.0679,2.6855,1.4648,8.3008,11.7334,-5.1416,64.7974
14:22:34.401,588.025566,0.1533,0.2046,1.0190,-3.9062,28.9307,2.7466,12.4750,-4.7186,65.3796
14:22:34.501,588.125560,-0.0840,0.2847,0.9561,-2.6245,9.2163,5.1270,12.3816,-3.9386,66.0498
14:22:34.601,588.225563,0.0181,0.4551,1.1138,-11.2305,7.6294,22.7051,12.4036,-4.2023,67.8131
14:22:34.701,588.325457,-0.0347,0.4741,1.0723,-3.2959,3.9673,20.5078,12.3596,-4.1968,69.4666
14:22:34.801,588.425411,-0.0649,0.3994,1.0044,-7.5073,3.9673,17.0898,12.7167,-4.3011,71.3397
14:22:34.901,588.525376,0.0073,0.4209,0.9434,10.0708,-20.0806,20.3857,12.7606,-3.9551,73.2239
14:22:35.001,588.625304,-0.3164,0.2729,1.0083,-4.5166,19.5312,17.7002,13.0298,-3.6200,74.5862
14:22:35.101,588.725269,-0.0581,0.2671,0.9688,5.4321,-16.0522,19.8975,13.2275,-4.0430,76.5143
14:22:35.201,588.825213,-0.0527,0.3696,1.0698,-3.2959,-10.1318,23.5596,13.2111,-4.0869,78.4644
14:22:35.301,588.925189,-0.1055,0.4106,1.0420,-5.6152,7.5073,20.5688,13.5681,-4.5593,79.9146
14:22:35.401,589.025151,-0.0562,0.5498,1.1494,-1.4038,-3.2349,21.3623,13.1342,-4.1254,82.0349
14:22:35.500,589.125133,-0.0571,0.3979,0.7710,-16.6626,-7.6294,23.7427,14.1449,-5.3888,83.4247
14:22:35.600,589.225039,-0.1196,0.3535,1.0479,5.4321,-26.2451,5.1880,14.8041,-4.8560,85.5945
14:22:35.700,589.325001,-0.1177,0.4580,1.2480,15.7471,-5.8594,16.9678,15.1007,-4.4385,86.7755
14:22:35.800,589.424914,0.0103,0.3511,0.9858,-8.5449,23.6816,13.3667,15.6335,-4.7461,87.6270
14:22:35.900,589.524885,-0.1260,0.3979,0.7808,7.8735,-6.9580,15.5029,16.5289,-4.9438,89.3738
14:22:36.000,589.624791,-0.0386,0.4736,0.9712,4.0283,-6.2866,19.0430,16.6223,-4.3066,91.5326
14:22:36.100,589.724761,-0.1924,0.3896,0.8755,-2.9297,-7.4463,12.0239,17.6660,-4.4055,92.4884
14:22:36.200,589.824707,-0.1929,0.4546,1.0176,23.8037,-19.8975,13.9771,17.3639,-3.4003,94.5319
14:22:36.300,589.924659,-0.0723,0.4219,1.0815,-17.3950,41.9312,18.8599,17.9681,-3.7848,95.3009
14:22:36.400,590.024656,-0.0186,0.3428,0.7759,2.5024,-4.8828,7.8735,18.0945,-3.8013,96.7511
14:22:36.500,590.124603,-0.1240,0.3115,1.1108,-1.0986,2.0752,11.2305,18.1439,-3.2739,98.2288
14:22:36.600,590.224613,-0.1240,0.2778,0.9268,6.7749,3.1738,10.9863,18.3087,-3.5376,99.0857
14:22:36.700,590.324471,-0.1206,0.2178,0.9834,15.1978,-7.0190,9.6436,18.5394,-3.1366,100.0305
14:22:36.800,590.424442,0.1743,0.2095,1.2715,5.4321,45.7153,4.3335,18.0450,-2.9388,100.4645
14:22:36.900,590.524394,0.1909,0.0610,0.6118,-17.6392,-7.8735,-4.9438,18.7976,-3.4552,100.2173
14:22:37.000,590.624320,-0.4268,0.1401,0.7056,26.9165,-106.6284,23.6816,18.5449,-3.2025,101.0687
14:22:37.100,590.724312,0.1514,0.2065,0.6851,16.7236,-58.4106,34.7290,18.1329,-2.8564,101.3489
14:22:37.200,590.824243,0.6377,0.2285,1.6318,34.1187,10.5591,2.8076,16.0400,-0.5768,101.4423
14:22:37.300,590.924191,-0.0386,-0.1035,0.4175,-26.4893,-5.8594,-3.5400,17.7594,-4.7186,99.8108
14:22:37.399,591.024078,-0.0298,-0.1108,1.2949,9.4604,-5.4932,-2.9907,15.8917,-1.5381,99.7449
14:22:37.499,591.123999,0.3584,0.0171,1.2051,-1.9531,31.9824,-10.1929,13.8867,-2.9443,99.6240
14:22:37.599,591.223949,-0.1138,-0.1621,0.9141,2.3804,14.7705,-0.7324,13.3868,-3.5870,99.0527
14:22:37.699,591.323867,0.1060,-0.1367,0.9072,18.6157,-1.2817,-16.7847,12.5519,-2.9718,98.5748
14:22:37.799,591.423829,0.2715,-0.3047,1.3018,3.6621,26.7334,-37.8418,11.0413,-3.0103,97.1246
14:22:37.899,591.523766,-0.0210,-0.3223,0.6470,-25.3296,5.9814,8.7280,10.3711,-4.1364,95.1691
14:22:37.999,591.623706,0.1455,-0.2334,1.1743,29.6021,-6.5918,-23.1323,8.5419,-3.0487,93.5431
14:22:38.099,591.723653,0.2090,-0.3677,1.1372,-4.6997,18.3105,-14.3433,7.2290,-3.1641,93.2520
14:22:38.199,591.823584,0.1108,-0.3296,0.7466,-6.6528,15.5029,-6.8970,7.6520,-3.9551,90.7745
14:22:38.299,591.923580,0.1147,-0.3945,1.2114,11.4136,-1.7090,-29.9072,5.7074,-3.0927,88.6597
14:22:38.399,592.023751,-0.0649,-0.5405,0.7163,-21.1792,10.0708,-8.4839,4.5978,-3.6420,86.4789
14:22:38.499,592.123496,-0.0229,-0.5649,1.2241,27.2827,2.6855,-33.8135,1.8732,-2.4939,84.3695
14:22:38.599,592.223469,0.0239,-0.6489,0.9165,-14.5874,14.8926,-3.9062,0.3516,-2.8125,82.8973
14:22:38.699,592.323337,-0.0518,-0.7109,0.8477,24.9634,-21.3623,-14.7095,0.0659,-3.2355,80.5847
14:22:38.799,592.423289,0.1338,-0.7222,1.1929,-6.6528,-9.5825,-41.0156,-2.4060,-2.7631,78.4204
14:22:38.899,592.523245,0.4053,-0.8394,0.9048,-29.9072,30.3345,-35.7056,-3.7354,-3.6090,75.5475
14:22:38.999,592.623176,-0.0913,-0.6689,0.7856,-15.9912,-41.2598,-26.9775,-5.5865,-3.9716,70.6256
14:22:39.099,592.723142,0.1079,-0.9106,1.3374,22.2168,-10.6201,-60.4858,-7.5037,-3.4442,66.4069
14:22:39.198,592.823053,0.2700,-0.9893,0.9800,-14.5264,5.3101,-36.3159,-8.5309,-4.1638,62.4683
14:22:39.298,592.923033,-0.0654,-0.8267,0.7808,-1.7090,-31.4941,-34.9731,-9.6844,-5.4822,58.2605
14:22:39.398,593.022995,0.0005,-1.2817,1.5962,41.1987,12.3291,-48.0957,-10.7391,-4.8669,54.3439
14:22:39.498,593.122950,0.1089,-0.9707,0.8760,-7.3853,23.8037,-24.2920,-12.4915,-7.5092,51.5149
14:22:39.598,593.222897,0.5884,-0.7656,1.0283,-24.7192,-2.4414,-55.2979,-13.1451,-8.6517,48.1256
14:22:39.698,593.322792,0.3281,-0.8120,0.6509,-35.8887,-21.5454,-18.0664,-13.8263,-10.2228,44.4617
14:22:39.798,593.422760,-0.0708,-0.6401,0.9971,-7.2632,-53.5278,-60.7910,-14.4910,-11.2830,38.7927
14:22:39.898,593.522696,0.3872,-1.1226,1.5088,22.5220,-23.0103,-68.6035,-15.1941,-11.2500,34.1235
14:22:39.998,593.622662,0.1631,-0.8354,0.8628,-7.2632,37.2925,-17.2119,-15.8588,-14.1394,29.9158
14:22:40.098,593.722592,0.4019,-0.9204,1.1328,-7.9346,-22.2168,-76.1719,-15.7434,-13.9362,26.0266
14:22:40.198,593.822579,0.4268,-0.7759,0.9365,-38.7573,12.5732,-16.6016,-15.3864,-16.5839,21.0718
14:22:40.298,593.922519,0.2900,-0.6885,1.0068,-14.5874,-63.1714,-72.3267,-15.4688,-17.8143,16.3806
14:22:40.398,594.022448,0.1904,-1.0420,1.0342,-5.7983,18.9209,-37.3535,-15.3040,-18.9349,11.8762
14:22:40.498,594.122392,0.6064,-0.9629,1.1196,-4.2114,-6.2866,-75.1343,-15.4797,-19.0448,6.7676
14:22:40.598,594.222299,0.0474,-0.7944,1.2075,6.7139,-13.4888,-81.7871,-12.8320,-22.6428,-0.5164
14:22:40.698,594.322227,0.3926,-1.2783,1.4849,6.8970,51.7578,-50.7812,-13.4802,-20.8960,-4.8999
14:22:40.798,594.422291,0.1255,-0.3818,0.8140,-13.3057,-70.5566,-87.4023,-11.1896,-26.6748,-12.5354
14:22:40.897,594.522106,0.4702,-1.1797,1.7256,20.3857,-1.5259,-54.1382,-9.3054,-23.4338,-16.7706
14:22:40.997,594.622030,-0.1108,-0.6328,1.0278,19.4702,-41.0767,-52.8564,-8.5364,-27.9987,-23.0603
14:22:41.097,594.722011,0.4404,-1.1885,1.3945,-22.7661,57.8613,-51.4526,-10.0635,-25.6421,-24.2743
14:22:41.197,594.821901,0.3447,-0.1489,0.8667,-16.9067,-32.4707,-61.4624,-8.8934,-28.7732,-29.6906
14:22:41.297,594.921853,0.1050,-1.6187,1.6211,13.9160,86.5479,-24.6582,-9.5087,-26.3342,-31.8109
14:22:41.397,595.021763,0.5288,0.0327,0.7734,-18.9209,-11.7798,-51.0864,-10.1624,-29.5697,-34.6783
14:22:41.497,595.121719,0.3149,-0.7485,1.3398,-16.2964,47.6685,-4.8218,-9.2944,-27.8833,-36.2219
14:22:41.597,595.221652,0.2720,-0.0962,0.7339,0.1221,-33.5083,-29.1748,-9.2999,-30.0092,-38.1940
14:22:41.697,595.321602,0.3618,-0.5000,1.3301,-16.2354,22.9492,-29.3579,-8.4100,-28.6304,-40.1495
14:22:41.797,595.421572,0.3628,-0.3335,0.7437,-2.9907,-20.8130,-34.9121,-7.6025,-29.5697,-42.9071
14:22:41.897,595.521489,0.0728,-0.5161,1.2759,8.6060,18.0054,-37.2925,-6.8994,-27.9987,-45.4669
14:22:41.997,595.621431,0.3770,-0.4551,0.9912,2.5024,2.2583,-39.5508,-7.1741,-28.0756,-48.1696
14:22:42.097,595.721381,0.2437,-0.5830,1.0737,-0.9155,10.2539,-38.5132,-6.9214,-27.1747,-51.3831
14:22:42.197,595.821330,0.0610,-0.6553,1.1948,9.2163,28.0151,-35.4004,-6.4929,-27.0374,-54.6844
14:22:42.297,595.921313,0.4004,-0.6582,0.8672,-7.5684,-2.0752,-37.4756,-6.5314,-27.7405,-57.7551
14:22:42.397,596.021228,0.4844,-0.5493,1.0107,-18.9209,-7.3242,-38.0249,-5.4382,-27.3340,-61.0126
14:22:42.497,596.121196,0.1289,-0.5293,1.0557,4.7607,-1.8921,-32.7759,-5.3119,-27.2900,-64.0778
14:22:42.597,596.221170,0.2363,-0.6416,1.1919,2.7466,17.6392,-33.9355,-5.4218,-26.6034,-67.0111
14:22:42.696,596.321077,0.3379,-0.5435,1.0195,-3.6621,4.5166,-39.3066,-4.8120,-26.6803,-70.5762
14:22:42.796,596.420998,0.2085,-0.5127,0.9741,-2.0752,-10.3149,-25.2075,-4.5483,-26.3068,-72.9327
14:22:42.896,596.520964,0.0835,-0.1157,1.0498,1.2817,11.4746,-2.6855,-4.7626,-25.6586,-73.6853
14:22:42.996,596.620901,0.1592,0.1499,0.8228,-9.7656,-15.2588,-2.8687,-5.7898,-24.9390,-72.6416
14:22:43.096,596.720880,-0.1919,0.2505,0.7881,-16.7236,-36.4990,47.2412,-6.4105,-22.9614,-69.7412
14:22:43.196,596.820806,-0.3706,0.4058,1.1323,8.9111,1.2817,34.4849,-5.6250,-20.2533,-67.1704
14:22:43.296,596.920790,0.2153,0.5493,1.1523,13.8550,57.9834,40.0391,-8.0200,-17.8198,-62.3639
14:22:43.396,597.020807,-0.3350,0.5029,0.8516,-33.9355,-3.2349,26.7334,-8.8110,-16.6223,-59.1998
14:22:43.496,597.120711,-0.2881,0.7974,0.9019,-15.0757,-1.8311,38.6963,-8.7451,-14.3756,-55.0964
14:22:43.596,597.220655,-0.2695,0.6079,0.9741,-21.4233,6.8970,52.1240,-7.5586,-12.6233,-51.0535
14:22:43.696,597.320609,-0.1777,0.7314,0.8721,12.9395,-21.7896,43.8232,-5.7623,-11.5576,-46.2195
14:22:43.796,597.420500,-0.3306,0.8022,1.3403,4.5776,14.5264,41.5649,-4.6362,-9.0582,-41.3251
14:22:43.896,597.520457,0.1084,0.7393,0.7896,-0.9155,5.1880,52.6123,-2.7740,-9.2725,-37.0953
14:22:43.996,597.620404,-0.2661,0.4253,1.0366,-1.8311,-15.0146,67.8101,-0.4504,-7.6685,-33.1183
14:22:44.096,597.720383,-0.1338,0.4199,1.2583,-0.3052,0.3052,20.3857,-0.2142,-5.3009,-30.0916
14:22:44.196,597.820389,0.1445,0.3545,0.8867,3.1128,14.0381,33.2642,1.7963,-5.7129,-27.9492
14:22:44.296,597.920273,-0.8057,0.4282,0.8213,-35.6445,-43.5791,3.5400,0.2252,-3.2739,-27.1912
14:22:44.396,598.020518,-0.3887,1.1992,1.3291,27.4048,-9.0332,128.9673,2.6147,-2.6697,-21.7145
14:22:44.496,598.120263,-1.1328,0.2769,0.9492,-3.2959,-35.5835,18.1274,2.5763,-1.4777,-18.4955
14:22:44.595,598.220153,-0.2827,0.7031,1.2695,-15.9912,48.2788,140.0146,4.9878,-1.7029,-10.0745
14:22:44.695,598.319995,-0.2241,0.8438,1.0688,24.1089,-51.4526,56.7627,5.4163,-3.4882,0.4230
14:22:44.795,598.419942,0.2275,0.7197,0.9233,27.5269,41.9922,54.9316,8.3771,-3.4827,6.4600
14:22:44.895,598.519914,-1.0308,0.5962,1.1108,-44.4336,-24.1089,15.0146,8.5089,-3.2849,10.3491
14:22:44.995,598.619853,-0.1592,1.3584,1.0181,24.9634,12.0239,62.1338,9.0802,-3.2300,15.2435
14:22:45.095,598.719808,-0.4888,0.4639,1.0615,-20.6299,28.4424,28.9917,11.3818,-3.3124,18.6218
14:22:45.195,598.819733,0.0049,0.6875,0.7310,1.4648,-17.5171,40.6494,11.8158,-4.3890,21.8848
14:22:45.295,598.919700,-0.5093,0.7002,1.3823,-16.0522,22.0337,47.7905,12.5958,-3.0377,28.7677
14:22:45.395,599.019649,-0.5239,0.7969,1.0356,-2.0142,17.3340,47.8516,14.5239,-4.8285,32.7667
14:22:45.495,599.119673,-0.1035,0.6719,1.1475,-3.2349,12.3291,56.9458,15.9412,-6.8225,38.3862
14:22:45.595,599.219576,-0.2534,0.7031,0.9575,13.2446,-28.7476,54.3823,16.3586,-7.0532,42.7313
14:22:45.695,599.319505,-0.0327,0.6831,0.9902,-5.1270,12.3291,62.5000,17.2595,-8.0750,47.4500
14:22:45.795,599.419464,-0.2720,0.7603,0.9414,-1.9531,-5.0049,44.8608,17.5836,-8.4155,52.1191
14:22:45.895,599.519418,-0.5039,0.8486,1.4614,-2.6855,41.5039,30.7617,18.9734,-9.1241,56.5631
14:22:45.995,599.619383,0.6104,0.5439,1.0547,14.7705,82.8247,69.8853,17.6660,-9.5746,61.1334
14:22:46.095,599.719330,-0.7104,0.4316,0.7964,-55.9692,-6.4087,-12.8784,19.7644,-11.3654,62.9297
14:22:46.195,599.819319,0.5239,0.4966,1.1006,-16.1743,23.2544,40.7715,18.3142,-9.2065,65.4895
14:22:46.295,599.919245,-0.0659,0.1919,0.8691,-42.6636,5.9204,43.1519,18.4460,-9.7394,68.1921
14:22:46.395,600.019209,0.0522,0.5391,1.0366,25.2686,-27.7710,20.3247,20.2258,-11.0852,70.7190
14:22:46.495,600.119193,0.2207,0.3154,1.0952,-9.0332,36.7432,51.6968,17.8638,-9.4427,74.0204
14:22:46.594,600.219122,-0.0791,0.6387,0.9575,-17.0288,27.5879,42.1753,20.0555,-12.0081,76.7010
14:22:46.694,600.319045,-0.1152,0.5942,1.0352,25.1465,-19.5923,38.3301,18.2373,-9.9152,80.5298
14:22:46.794,600.419016,-0.1597,0.6152,1.1147,-15.6250,51.0254,34.4238,19.8468,-11.4642,83.2874
14:22:46.894,600.518972,-0.0259,0.4619,0.8315,23.8037,-40.3442,25.9399,18.8800,-10.8435,85.9186
14:22:46.994,600.618945,-0.1191,0.3330,1.1450,-10.4370,10.1318,11.5356,19.6271,-10.6458,88.0334
14:22:47.094,600.718869,0.3926,0.2725,0.9937,0.7935,-7.0801,14.2822,19.3140,-11.3049,88.6707
14:22:47.194,600.818810,0.0586,0.2192,0.9922,-10.4370,-17.1509,17.3950,19.9457,-11.0632,89.8517
14:22:47.294,600.918754,-0.0947,0.3472,1.0645,5.0659,-9.5215,-9.9487,19.5392,-10.6512,90.9064
14:22:47.394,601.018743,0.0742,0.4121,1.0664,11.2915,22.1558,22.7661,19.6820,-11.1621,91.1536
14:22:47.494,601.118725,-0.0942,0.3330,0.9053,11.1084,-31.1890,16.7236,19.7809,-11.3983,92.8125
14:22:47.594,601.218695,0.1021,0.3774,1.0786,-9.3994,14.4043,18.7988,20.1654,-12.6617,94.5593
14:22:47.694,601.318653,0.0542,0.3008,0.9829,0.9766,-11.8408,26.0010,18.9349,-11.6730,96.2952
14:22:47.794,601.418571,0.1709,0.2456,1.0703,-2.1973,45.1050,67.3828,18.7976,-11.7059,99.9866
14:22:47.894,601.518510,0.0010,0.2612,0.8423,-1.6479,-8.6670,23.6816,16.9080,-10.5194,102.7881
14:22:47.994,601.618463,-0.1465,0.2407,0.9277,11.7188,2.8687,-5.4932,16.7596,-10.9753,106.8036
14:22:48.094,601.718445,-0.0728,0.1973,1.2490,9.9487,15.4419,19.9585,15.8313,-8.7012,108.6932
14:22:48.194,601.818386,0.1348,0.2065,0.9072,-3.6621,-9.0332,3.9673,15.3864,-10.2008,109.1547
14:22:48.294,601.918315,-0.1216,0.1509,0.8223,-11.0474,-5.2490,-24.7803,13.6780,-8.6847,110.0171
14:22:48.394,602.018282,0.0449,0.5352,1.2476,12.9395,-30.5786,6.4087,13.3154,-9.5142,115.0818
14:22:48.494,602.118342,0.1606,0.2031,0.9707,-23.0103,20.4468,24.7803,12.6782,-7.3883,112.5220
14:22:48.594,602.218238,-0.2383,0.2158,0.8706,9.8267,4.0283,7.1411,13.4802,-9.7504,114.3787
14:22:48.694,602.318155,0.0151,0.3052,1.0488,-5.0049,-20.2637,9.4604,11.9641,-8.9978,117.8943
14:22:48.793,602.418078,0.0483,0.3784,1.0630,-7.3242,31.4941,20.2637,12.2333,-9.4263,118.5150
14:22:48.893,602.518057,0.0015,0.1655,1.0020,-5.9204,-3.7231,51.5137,11.4807,-9.2120,121.2396
14:22:48.993,602.618005,0.0483,0.3193,1.0991,5.0049,-4.6997,2.9297,11.2115,-9.4098,124.3982
14:22:49.093,602.717957,0.1826,0.3174,1.0371,-1.0986,-3.7231,26.7944,11.1456,-9.1187,124.1565
14:22:49.193,602.817897,0.1538,0.2490,0.9458,-13.4277,17.3950,19.8975,10.9094,-8.6737,125.1947
14:22:49.293,602.917830,-0.1455,0.2061,0.9565,3.2349,-21.1182,-20.6299,10.7831,-7.8937,126.5405
14:22:49.393,603.017804,0.1753,0.3667,1.1948,-0.6714,20.3857,12.2070,10.6018,-8.0145,127.5128
14:22:49.493,603.117813,0.1187,0.1650,1.1113,-2.9297,20.2026,21.4233,10.3986,-8.2013,127.9633
14:22:49.593,603.217733,-0.2036,0.0796,0.9126,-2.9297,-9.0942,-16.6016,10.9479,-7.5861,126.6559
14:22:49.693,603.317695,0.0308,0.0952,1.1602,9.0332,4.3335,-0.1221,10.9589,-7.2345,127.1722
14:22:49.793,603.417676,0.1562,0.1694,1.0552,2.3193,4.4556,6.2256,10.9149,-7.1466,127.1777
14:22:49.893,603.517548,0.0005,0.0840,0.9839,-4.9438,-4.0283,-15.4419,10.9314,-7.2290,127.7106
14:22:49.993,603.617529,0.0864,0.1284,0.9629,-0.6104,9.4604,5.0659,10.3876,-7.2894,128.0237
14:22:50.093,603.717487,0.1118,0.1074,1.0259,7.4463,-14.0991,13.7329,10.6018,-6.6797,127.2931
14:22:50.193,603.817451,-0.0693,0.0723,1.1460,13.0615,21.7285,24.7803,9.8822,-6.4819,129.8969
14:22:50.293,603.917397,0.0967,0.0884,1.0830,-2.1973,8.7891,12.6953,8.9868,-5.8887,130.7428
14:22:50.393,604.017610,-0.0801,0.0430,0.9268,-4.8828,2.6855,11.9019,8.6462,-6.2073,131.4404
14:22:50.493,604.117388,0.1216,-0.0303,0.9834,1.7090,-6.5918,-6.5308,8.3771,-6.2622,131.9403
14:22:50.593,604.217315,0.0073,-0.0811,0.9722,2.5635,3.8452,-16.6016,7.9926,-6.0974,131.0944
14:22:50.693,604.317252,0.1572,-0.1655,1.0938,2.3804,-4.4556,-4.3335,7.4927,-5.7404,130.2924
14:22:50.793,604.417164,0.2202,-0.1675,1.0869,-2.6245,4.6997,-5.4321,6.6797,-4.9493,129.9957
14:22:50.893,604.517101,0.2285,-0.2632,1.0029,-10.9253,6.5308,-8.9722,5.5536,-4.7571,128.8586
14:22:50.992,604.617055,0.0649,-0.1660,0.9282,-16.8457,-10.6201,-8.0566,4.2902,-3.9111,127.6172
14:22:51.092,604.717027,-0.3237,-0.2471,0.9619,6.6528,16.0522,9.3384,4.0045,-2.2961,127.4030
14:22:51.192,604.817003,0.3389,-0.2583,1.3311,22.4609,38.5742,8.1787,3.3618,-2.3016,126.2219
14:22:51.292,604.916994,-0.0815,-0.0645,1.1226,-26.1841,41.8091,12.7563,2.8784,-3.1641,125.5243
14:22:51.392,605.017046,-0.2729,-0.1807,1.1084,4.2725,18.6157,-7.6904,2.9059,-2.4060,125.0793
14:22:51.492,605.116972,0.1460,-0.2734,0.9541,5.0659,6.8359,-6.8359,1.4227,-1.8402,124.8981
14:22:51.592,605.216927,0.0522,-0.5215,1.0620,-8.3008,15.3198,-31.9824,0.3131,-1.7029,123.3325
14:22:51.692,605.316850,-0.4023,-0.3516,0.8818,10.9863,6.5308,-20.1416,-0.6976,-1.0986,120.6244
14:22:51.792,605.416834,0.0171,-0.6523,0.7388,8.5449,-6.4697,-2.9907,-2.2137,-2.1698,119.9048
14:22:51.892,605.516739,0.0249,-0.3525,0.6650,-1.9531,-17.6392,-12.0850,-2.8510,-2.5378,118.4930
14:22:51.992,605.616712,0.0537,-0.3735,0.8057,11.4746,-28.3813,-28.3203,-3.2025,-2.4884,117.8064
14:22:52.092,605.716734,-0.5078,-0.4619,0.6177,31.9214,-19.9585,5.8594,-3.1641,-2.1863,116.0925
14:22:52.192,605.816655,0.0596,-0.7383,0.9355,27.7100,-38.2690,-59.6313,-5.5261,-4.0155,114.1205
14:22:52.292,605.916615,0.2085,-0.6587,0.8979,1.2817,-20.0806,3.3569,-5.4272,-5.2570,113.3954
14:22:52.392,606.016566,0.2778,-0.4580,0.9873,20.0806,-32.5928,-28.6865,-5.6909,-8.8220,110.6763
14:22:52.492,606.116549,0.3252,-0.5898,0.8228,-13.6719,-12.6953,-16.9678,-4.9329,-10.1074,108.8196
14:22:52.592,606.216559,0.2231,-0.4570,1.0547,0.2441,-27.0386,-19.8364,-4.8999,-12.6453,105.3864
14:22:52.692,606.316482,0.2065,-0.4946,1.0308,-34.7900,-18.4326,-20.6299,-4.7626,-16.8860,102.7441
14:22:52.792,606.416461,0.3945,-0.5386,1.0059,-64.7583,30.0903,-25.5127,-7.4652,-16.8475,101.0413
14:22:52.892,606.516397,-0.0024,-0.7051,1.4375,-1.3428,11.1694,-23.9868,-6.9214,-14.8810,98.5968
14:22:52.992,606.616360,-0.1299,-0.5498,0.9756,1.2207,13.1836,-15.3809,-9.0747,-14.6558,95.8667
14:22:53.092,606.716317,0.0215,-0.8711,1.4316,19.3481,11.2305,-98.6328,-7.7454,-13.3759,90.5109
14:22:53.192,606.816290,0.4556,-0.3584,0.6558,-24.3530,-88.2568,-61.5845,-7.5970,-18.9899,86.9403
14:22:53.292,606.916204,0.1880,-0.6411,1.6045,-21.7896,60.9131,-27.7710,-7.3169,-19.5886,81.6943
14:22:53.392,607.016205,0.5757,-0.6475,0.9517,-16.1133,14.2822,-44.0674,-9.0088,-19.1272,79.0192
14:22:53.492,607.116171,0.2012,-0.6748,1.0928,-10.1929,6.6528,-36.0107,-9.0308,-18.5614,74.9982
14:22:53.592,607.216201,0.4600,-0.7466,1.0112,-15.5640,13.1836,-25.2075,-10.1569,-17.8912,73.0042
14:22:53.691,607.316108,-0.1162,-0.5669,1.2231,-2.1973,6.5308,-33.6914,-9.7668,-19.0833,68.1647
14:22:53.791,607.415962,0.4600,-0.9819,1.0811,2.5635,-0.4272,-63.8428,-10.6018,-18.6713,65.0226
14:22:53.891,607.515914,0.2046,-0.7471,1.0752,-14.5874,11.7798,-8.7891,-10.6567,-19.7974,61.4520
14:22:53.991,607.615842,-0.1377,-0.6719,1.1553,13.9160,-35.4614,-37.4146,-10.6622,-20.9180,57.8540
14:22:54.091,607.715820,0.0718,-0.9810,1.4810,16.4795,10.9863,-61.1572,-11.5027,-19.4238,56.0522
14:22:54.191,607.815777,0.1084,-0.6543,0.8530,-1.0376,8.7891,26.9165,-12.7771,-20.0171,55.1514
14:22:54.291,607.915714,0.1304,-0.8433,1.5405,5.5542,-13.9771,-83.2520,-13.0573,-20.9125,51.2622
14:22:54.391,608.015718,0.2559,-0.9751,0.9961,-6.2256,-2.7466,-17.3340,-12.9913,-20.8136,48.4937
14:22:54.491,608.115681,-0.1396,-0.3979,0.7729,17.0898,-16.4795,-22.8271,-12.6672,-22.3407,44.8682
14:22:54.591,608.215664,0.2139,-1.0151,1.4990,7.2632,-26.1841,-86.1206,-11.3104,-22.1869,39.4958
14:22:54.691,608.315613,0.3062,-0.9399,1.1987,8.6060,19.2871,-36.2549,-12.4420,-22.1155,37.9193
14:22:54.791,608.415573,-0.1714,-0.6899,1.1753,-12.3901,0.6104,-13.4888,-11.0742,-24.4995,31.4209
14:22:54.891,608.515497,0.2358,-0.9731,0.9580,-21.3013,-38.7573,-91.0645,-11.7938,-24.5160,29.1028
14:22:54.991,608.615448,-0.2051,-1.1660,1.6099,25.9399,43.7622,-19.1650,-11.5741,-25.2960,24.1040
14:22:55.091,608.715385,-0.0068,-1.1445,1.8193,-29.2969,-5.8594,-69.2139,-10.5908,-26.9385,18.8196
14:22:55.191,608.815439,0.8677,-1.0215,1.0894,-23.8037,41.0156,-61.0962,-10.2832,-26.5375,18.4735
14:22:55.291,608.915350,-0.0283,-0.1938,0.4351,-30.4565,-15.3198,58.2275,-9.9646,-29.5258,13.9691
14:22:55.391,609.015339,0.5229,-0.7651,1.2637,-3.6621,-26.9165,-73.1201,-10.7666,-26.7297,12.3871
14:22:55.491,609.115320,0.0791,-0.6689,1.1460,-16.9678,-1.6479,-5.9204,-11.3708,-28.8995,8.9319
14:22:55.591,609.215262,0.3892,-0.5854,0.8833,-30.0293,-26.1841,-32.2266,-12.2003,-27.9932,6.1798
14:22:55.691,609.315208,-0.1509,-0.9746,1.5337,19.8975,16.7236,-38.1470,-12.1893,-28.4381,2.9169
14:22:55.791,609.415182,0.3950,-0.4419,0.6685,-31.8604,2.0752,-20.6909,-14.0680,-27.3889,3.6694
14:22:55.891,609.515155,-0.0190,-0.0942,1.3096,6.7139,11.2305,19.4702,-14.3262,-26.1310,3.4167
14:22:55.990,609.615098,-0.0635,-0.0859,1.0283,17.8833,-2.5024,-7.3242,-15.5292,-25.1917,4.8010
14:22:56.090,609.715031,0.4858,-0.0298,1.2114,-2.2583,30.2124,-13.1836,-17.3804,-24.4775,6.6028
14:22:56.190,609.815018,-0.2046,0.3574,1.0342,-40.5273,8.4229,4.0894,-16.1389,-22.3572,6.9983
14:22:56.290,609.914948,-0.2041,0.1143,0.9487,18.6768,-8.2397,-25.0244,-13.2935,-21.2311,7.1796
14:22:56.391,610.015204,0.4961,0.5015,1.1323,28.7476,-30.7617,27.4658,-14.1394,-19.4348,7.8442
14:22:56.490,610.114965,-0.5010,0.5820,0.7788,-61.4624,58.8379,-14.0991,-12.3871,-20.5774,8.6737
14:22:56.590,610.214904,-0.2881,1.3755,1.3716,-5.0049,-6.2866,23.6816,-7.7014,-18.6053,-0.3735
14:22:56.690,610.314815,-0.1089,0.5410,0.8452,26.3672,0.5493,52.3071,-7.4597,-17.4628,4.2023
14:22:56.790,610.414780,-0.0020,-0.0752,0.9346,-19.4702,-18.3716,-36.9873,-3.5101,-17.1277,5.8118
14:22:56.890,610.514737,0.6309,0.6743,1.0068,-3.2959,-10.8032,8.6060,-2.5543,-16.0071,8.3881
14:22:56.990,610.614662,0.1040,0.3472,0.5894,-64.2700,6.7749,63.8428,-2.7246,-19.2920,11.8488
14:22:57.090,610.714598,0.1968,0.5396,1.1499,8.1787,-28.8696,13.3667,0.1703,-15.7159,13.5681
14:22:57.190,610.814572,0.4858,0.3931,1.1401,24.2920,33.6304,21.8506,-1.1975,-14.1394,15.5182
14:22:57.290,610.914566,0.0181,0.0435,0.8335,-61.4624,17.5171,3.9062,0.8789,-16.4960,15.6281
14:22:57.390,611.014502,-0.2744,0.1333,1.0220,21.4233,-56.0913,-8.1177,1.5381,-12.9309,16.0565
14:22:57.490,611.114446,0.4575,0.1001,1.0864,13.8550,31.7993,-0.1831,0.5328,-13.2770,14.9030
14:22:57.590,611.214381,-0.0200,-0.2871,1.1606,-18.1274,26.1841,-13.8550,2.2852,-12.2113,13.5901
14:22:57.690,611.314290,0.0596,-0.3540,1.0054,-9.5215,14.5264,-31.6772,2.4884,-12.1893,11.3763
14:22:57.790,611.414233,0.0581,-0.4946,1.0518,-17.3340,-12.2070,-33.9966,2.1368,-10.6732,7.1521
14:22:57.890,611.514180,0.3560,-0.5732,1.1748,-20.0806,2.3804,-44.6777,0.8405,-10.7336,3.8947
14:22:57.989,611.614092,0.0859,-0.6772,1.1895,-8.4839,-5.6152,-11.2915,0.1263,-10.6622,0.8185
14:22:58.089,611.714040,0.2148,-0.5532,1.0933,-2.6245,-12.5732,-33.6304,-1.0547,-10.9039,-2.2632
14:22:58.189,611.813979,0.2583,-0.7480,0.9570,-2.5024,-7.9956,-27.5269,-1.6479,-10.2338,-4.7516
14:22:58.289,611.913923,-0.1479,-0.5229,0.8716,-1.4648,-22.0947,-23.4985,-2.9224,-10.6183,-8.4814
14:22:58.389,612.013887,0.1753,-0.9360,1.6118,9.3384,-6.7139,-77.8809,-4.5428,-9.7998,-11.9257
14:22:58.489,612.113859,0.2603,-0.8550,0.9878,7.0190,5.5542,-9.7046,-5.3448,-10.5853,-15.2490
14:22:58.589,612.213830,-0.1885,-0.7466,1.1646,12.0239,-12.6343,-74.0967,-5.2679,-11.3654,-20.3577
14:22:58.689,612.313774,0.3853,-0.9233,1.3569,-4.5166,-0.1221,-56.6406,-6.1963,-10.8545,-23.6481
14:22:58.789,612.413675,0.0073,-0.6470,1.0200,-5.4321,6.5308,-18.2495,-6.6248,-13.1342,-28.2239
14:22:58.889,612.513608,0.0542,-0.8193,1.1777,10.3760,-29.6631,-52.1851,-7.5421,-12.8595,-30.9540
14:22:58.989,612.613583,0.3242,-0.6958,1.1353,1.0986,-3.5400,-28.9307,-8.1683,-14.2767,-33.6456
14:22:59.089,612.713505,-0.1431,-0.5737,1.2148,25.0854,-20.0806,-43.7622,-8.4265,-15.1556,-37.6831
14:22:59.189,612.813440,0.1934,-0.7324,1.3022,-6.6528,21.7285,-47.7295,-9.6680,-15.8917,-39.6387
14:22:59.289,612.913389,0.2227,-0.6436,1.2153,10.8643,3.9062,-34.5459,-9.3384,-17.2815,-43.2532
14:22:59.389,613.013368,0.1738,-0.6753,1.1895,0.6104,8.4229,-33.6304,-9.7668,-17.6825,-45.9723
14:22:59.489,613.113335,0.3047,-0.5288,1.1221,0.7935,0.8545,-39.6118,-9.9756,-18.7372,-48.8013
14:22:59.589,613.213298,0.1323,-0.4951,1.0171,-8.0566,13.6719,-22.4609,-10.3986,-18.9734,-51.0480
14:22:59.689,613.313164,0.1499,-0.4092,1.1509,10.4980,-4.1504,-31.3110,-10.2777,-19.8413,-53.2507
14:22:59.788,613.413106,0.3447,-0.4414,0.9717,-20.5078,13.0005,-23.0713,-10.4755,-19.7040,-54.4427
14:22:59.888,613.513056,0.1255,-0.4673,1.1128,4.1504,-8.1787,-45.3491,-9.9756,-20.5389,-57.9309
14:22:59.988,613.612984,0.1655,-0.6514,1.3037,-7.5073,13.0005,-38.5132,-10.2667,-20.1324,-60.8093
14:23:00.088,613.712920,0.1602,-0.6572,1.0596,4.6997,-16.2964,-54.5044,-9.0143,-22.0001,-65.7532
14:23:00.188,613.812858,0.1519,-0.8281,1.2324,18.2495,9.9487,-49.9878,-8.9484,-21.6925,-69.6313
14:23:00.288,613.912802,0.0908,-0.8745,1.2441,1.5869,-4.2114,-68.8477,-7.8058,-23.4064,-75.5750
14:23:00.388,614.012767,0.4946,-0.8569,1.1392,-10.9253,-10.7422,-44.9829,-6.9763,-23.9227,-79.9640
14:23:00.488,614.112709,0.1440,-0.6660,1.1045,11.4746,-32.4707,-49.6826,-5.4712,-25.7135,-85.8472
14:23:00.588,614.212684,0.1904,-0.7256,0.9258,2.6855,-38.3301,-52.6123,-5.5426,-26.4880,-89.8132
14:23:00.688,614.312572,0.3315,-0.8276,1.1582,28.1982,-27.0386,-60.0586,-4.7021,-26.4716,-94.4934
14:23:00.788,614.412526,-0.1616,-0.7812,1.2886,23.3154,-0.4272,-87.9517,-3.7299,-27.9053,-100.9424
14:23:00.888,614.512482,0.5688,-0.9795,1.1338,20.9351,-2.3193,-72.2046,-4.3341,-26.6418,-102.7936
14:23:00.988,614.612391,-0.4370,-0.6343,1.0889,24.3530,15.6250,-65.4907,-1.8347,-28.5480,-110.4730
14:23:01.088,614.712369,0.9292,-0.9927,1.3740,6.6528,-5.3711,-91.7358,-2.4719,-26.7792,-111.2256
14:23:01.188,614.812287,-0.3735,-0.3535,0.8887,20.6299,23.0103,-8.6670,-0.4724,-29.8828,-118.1964
14:23:01.288,614.912271,0.8213,-0.7715,0.9570,-15.8081,-36.6211,-91.1865,-1.0767,-28.3008,-119.1138
14:23:01.388,615.012181,-0.1826,-0.4805,0.7793,33.2031,-19.7144,-2.2583,1.3513,-29.9597,-126.9415
14:23:01.488,615.112193,0.2842,-0.6343,1.3364,-3.8452,-23.0713,-72.2656,-1.0437,-29.9268,-127.9578
14:23:01.587,615.212148,0.6152,-0.6328,0.9780,-4.3335,8.4839,-15.9912,0.3516,-30.4761,-131.1493
14:23:01.687,615.311980,-0.0898,-0.2012,1.0010,11.3525,-28.6865,-37.7808,-0.2911,-30.4266,-133.8080
14:23:01.787,615.411953,0.4185,-0.3564,1.1626,-16.5405,-2.0142,-37.7197,-0.6757,-30.3552,-135.4724
14:23:01.887,615.511885,0.2056,-0.3438,0.9097,1.8311,-28.8086,-23.7427,-0.1923,-30.6354,-138.3234
14:23:01.987,615.611837,0.3110,-0.2051,1.1729,-25.8179,3.8452,-38.3911,-1.4062,-30.3497,-140.4602
14:23:02.087,615.711790,0.0991,-0.1641,0.7041,-14.7705,-66.6504,-17.3950,-0.4999,-29.7949,-142.5476
14:23:02.187,615.811739,-0.1597,0.1357,1.0752,36.9873,3.6621,4.9438,-1.0931,-26.9934,-143.2782
14:23:02.287,615.911660,0.1836,0.3481,0.9873,-11.0474,15.4419,14.5874,-3.6200,-26.1145,-139.0320
14:23:02.387,616.011799,-0.2495,0.4429,0.8613,-12.8784,-2.9297,28.4424,-3.5211,-24.2963,-136.0931
14:23:02.487,616.111651,-0.3325,0.4614,0.9282,-0.3662,-14.4653,8.0566,-3.4222,-23.1207,-132.5830
14:23:02.587,616.211594,-0.0918,0.7715,1.0513,-10.6201,21.8506,33.2642,-3.1421,-21.2036,-130.2539
14:23:02.687,616.311468,-0.2012,0.6670,0.7993,-6.7139,11.5967,37.4756,-1.9775,-19.4733,-127.7271
14:23:02.787,616.411423,-0.3003,0.9199,1.1675,-2.9907,-9.7046,34.6680,-2.1973,-16.9958,-122.1460
14:23:02.887,616.511378,-0.2598,0.7935,0.9502,4.8218,13.7939,78.1250,-1.5601,-14.8975,-116.9055
14:23:02.987,616.611275,-0.1274,0.8335,1.0288,5.4321,10.0098,48.2788,-0.6812,-13.5791,-111.1102
14:23:03.087,616.711217,-0.2598,0.9531,0.8232,13.7939,-27.0386,62.9272,0.9778,-11.7059,-105.4358
14:23:03.187,616.811162,-0.2593,0.9209,1.2847,-10.0708,40.3442,48.2178,2.7081,-9.2340,-99.6460
14:23:03.287,616.911118,-0.0425,1.0410,0.8955,7.5684,13.4277,65.2466,4.8340,-9.3164,-94.5483
14:23:03.386,617.011076,0.1265,0.8662,0.9023,-11.1084,14.1602,53.1616,6.3556,-7.9376,-89.5276
14:23:03.486,617.111051,-0.3916,0.8306,0.9951,-19.4702,14.9536,31.1279,7.6630,-6.2238,-86.9073
14:23:03.586,617.211062,0.0366,0.8398,0.9673,8.7891,15.0757,73.7915,9.0417,-4.9603,-80.8923
14:23:03.686,617.310915,-0.1230,0.7739,0.8022,-13.3057,-7.6294,38.5742,10.8215,-5.4712,-77.3712
14:23:03.786,617.410822,-0.1035,0.7939,0.9038,1.8311,-20.0806,47.2412,12.5299,-5.4712,-72.8284
14:23:03.886,617.510796,-0.3350,0.6812,1.1382,4.5166,11.9629,30.3345,13.4912,-4.2517,-68.5986
14:23:03.986,617.610815,0.0005,0.8008,0.9092,13.7939,13.3057,47.4243,15.0403,-5.3558,-64.7589
14:23:04.086,617.710806,-0.2529,0.6357,0.8491,-12.1460,-2.0142,36.4990,15.6830,-4.7900,-61.7761
14:23:04.186,617.810683,-0.1455,0.7148,1.1328,15.5029,-7.9956,41.2598,17.9681,-5.2789,-56.9861
14:23:04.286,617.910578,-0.1758,0.7695,1.0791,6.2256,28.5034,46.8140,17.8363,-4.3396,-53.0969
14:23:04.386,618.010525,-0.0952,0.7827,0.8418,-4.6997,17.4561,39.0625,19.1272,-5.7458,-49.7955
14:23:04.486,618.110520,-0.0918,0.7466,1.0366,6.5918,8.8501,40.7104,19.5502,-5.3613,-45.8185
14:23:04.586,618.210507,-0.0864,0.6162,0.9800,-0.2441,12.9395,39.4897,20.4016,-6.2347,-42.6984
14:23:04.686,618.310386,-0.0293,0.7378,0.9961,-2.2583,-2.0752,42.4194,21.5112,-6.5533,-39.1223
14:23:04.786,618.410287,-0.1567,0.7002,0.9155,-0.4272,-6.0425,40.7104,22.0880,-6.6028,-35.1233
14:23:04.886,618.510254,-0.1255,0.7090,0.9722,-1.5869,9.8877,38.0249,22.7747,-7.1576,-31.4154
14:23:04.986,618.610235,0.0713,0.6421,0.9497,4.1504,-1.7700,36.9873,23.3350,-7.7289,-28.2129
14:23:05.086,618.710159,-0.0488,0.4756,0.9590,-3.3569,-0.1221,17.3340,23.9172,-8.0035,-25.9937
14:23:05.186,618.810111,0.0381,0.4375,1.0522,6.9580,14.4043,14.1602,24.2853,-7.5861,-24.0820
14:23:05.285,618.910084,-0.0869,0.3574,0.9546,6.2866,18.0664,18.1274,24.2908,-7.3553,-23.0823
14:23:05.385,619.010059,-0.0820,0.4263,0.9209,7.3242,-2.1362,17.7002,24.3292,-7.3224,-21.3409
14:23:05.485,619.110075,-0.0361,0.4321,0.9468,12.1460,4.7607,18.3716,24.4336,-6.6412,-19.5447
14:23:05.585,619.210033,-0.1172,0.3564,0.9033,1.3428,2.0142,15.0146,24.5764,-6.4105,-18.1659
14:23:05.685,619.309921,-0.0918,0.5117,1.0068,14.4043,-10.3149,18.0054,24.1864,-6.9983,-16.1499
14:23:05.785,619.409871,0.0000,0.4971,1.0723,-0.2441,33.0200,16.8457,24.1974,-7.2510,-14.7382
14:23:05.885,619.509815,0.1523,0.4609,1.0098,-7.0190,14.7095,22.7661,23.6591,-7.9321,-13.5352
14:23:05.985,619.609772,-0.0093,0.3223,0.9424,-5.9204,-23.3765,11.5967,23.8184,-7.6849,-11.8268
14:23:06.085,619.709688,-0.0806,0.2905,1.0371,0.4272,2.3193,6.6528,23.4338,-6.9873,-10.3931
14:23:06.185,619.809613,0.0293,0.2300,1.0850,2.9907,48.3398,3.1738,22.7142,-6.9763,-9.9426
14:23:06.285,619.909577,0.1372,0.1914,1.0381,-6.4697,26.9165,-4.6387,22.2363,-6.5479,-9.9481
14:23:06.385,620.009599,0.1895,0.0127,0.9780,-6.0425,3.9062,-14.7095,22.6648,-6.4435,-10.4150
14:23:06.485,620.109523,0.2085,-0.1211,1.0352,14.5874,-2.6245,-15.1978,22.2144,-5.5206,-11.4368
14:23:06.585,620.209464,0.1436,-0.1411,0.9731,6.4087,-6.5308,-10.3149,21.7474,-4.4110,-12.6288
14:23:06.685,620.309394,0.2349,-0.0889,0.9790,-4.0894,-14.7705,-28.9917,20.5060,-4.4495,-14.7711
14:23:06.785,620.409323,0.1914,-0.2407,0.9961,14.6484,-2.1973,-14.3433,19.2755,-3.9276,-16.6718
14:23:06.885,620.509234,0.1641,-0.2261,0.9619,3.2959,-1.9531,-23.4985,18.1549,-4.2682,-19.0009
14:23:06.985,620.609181,0.3330,-0.2100,1.0522,-4.3945,-20.6299,-19.7144,16.3861,-4.2133,-20.9235
14:23:07.085,620.709140,0.2358,-0.1880,0.9849,-11.4746,-14.9536,-10.8643,15.5951,-4.4330,-22.9395
14:23:07.184,620.809097,0.0908,-0.1841,0.9854,20.3857,-25.9399,-20.8740,14.0955,-4.9878,-25.1147
14:23:07.284,620.909002,0.3325,-0.4644,1.2646,4.6387,4.5166,-29.4189,12.6343,-5.0153,-26.9714
14:23:07.384,621.008988,0.0610,-0.2505,0.9570,30.8228,12.8174,-24.2920,12.7881,-5.3229,-30.9705
14:23:07.484,621.108977,0.2466,-0.2852,1.1978,8.8501,-13.1836,-41.6870,10.6512,-5.8008,-33.7555
14:23:07.584,621.208971,0.3818,-0.3267,0.8477,-22.0337,-19.1650,-26.7944,10.7007,-6.7621,-36.3977
14:23:07.684,621.308837,0.0596,-0.2705,0.9473,19.2871,-15.6250,-10.3149,8.9374,-6.5259,-39.0399
14:23:07.784,621.408774,0.2988,-0.2881,1.1929,12.8784,8.8501,-28.1372,6.8445,-7.0752,-41.1548
14:23:07.884,621.508683,0.2788,-0.3403,1.2715,-2.8076,17.8223,-20.3857,5.8997,-7.8717,-43.4784
14:23:07.984,621.608663,0.3091,-0.2422,1.1250,-7.8735,2.5024,-23.4375,5.2789,-8.2013,-45.2692
14:23:08.084,621.708602,0.1431,-0.2222,1.1973,-6.7749,15.4419,-19.7144,4.3945,-8.7231,-47.4060
14:23:08.184,621.808529,0.1709,-0.1768,0.9893,1.5869,-6.7139,-18.6157,3.6639,-8.8879,-49.3890
14:23:08.284,621.908496,0.2363,-0.1421,1.0117,2.1973,-7.5073,-22.2778,2.7466,-9.5746,-51.2128
14:23:08.384,622.008536,0.1875,-0.1704,0.8848,0.4883,-14.0381,-15.4419,2.0709,-9.7009,-52.6190
14:23:08.484,622.108508,0.0688,-0.1646,0.9097,9.0942,-7.2632,-9.2773,1.5601,-9.9042,-53.9868
14:23:08.584,622.208473,0.2002,-0.1562,0.7979,6.1035,-19.7754,-17.7612,0.8569,-10.3656,-55.1074
14:23:08.684,622.308393,0.1577,-0.1118,0.9326,-5.0049,10.6812,-5.4932,0.3900,-10.5743,-56.1676
14:23:08.784,622.408295,0.0591,-0.1270,0.9180,16.3574,-8.7891,-12.3291,0.1263,-10.4370,-56.9971
14:23:08.884,622.508251,0.1655,-0.1021,1.1118,-1.4648,34.9121,-12.7563,-0.1483,-11.5137,-58.1232
14:23:08.984,622.608192,0.4219,-0.0024,1.0088,-21.7896,-12.7563,-24.0479,0.0604,-14.0955,-59.7437
14:23:09.083,622.708144,0.2573,-0.0371,0.9609,-12.1460,-37.9028,-18.4326,1.1755,-14.9579,-62.0673
14:23:09.183,622.808106,0.4048,-0.0688,0.8901,7.2632,-10.1318,-16.8457,1.3129,-16.4081,-64.2480
14:23:09.283,622.908081,0.2314,-0.2246,1.0303,-5.9814,13.6108,-1.8921,1.1536,-16.8311,-65.4950
14:23:09.383,623.007953,0.2798,-0.0981,0.7949,-7.1411,-11.5356,-9.6436,1.3239,-16.9025,-66.3959
14:23:09.483,623.107958,0.0659,-0.0034,1.0181,25.5127,-21.8506,-3.4790,1.5546,-16.2927,-68.7415
14:23:09.583,623.207904,0.1504,-0.0317,0.9839,4.9438,8.0566,1.9531,1.5381,-14.9249,-69.4006
14:23:09.683,623.307878,0.1235,0.1963,1.0542,11.9629,-37.2925,-5.1880,1.9775,-15.5786,-69.2633
14:23:09.783,623.407806,0.3750,0.1255,1.0376,13.0005,-10.3149,-18.7378,3.8947,-18.6823,-71.1090
14:23:09.883,623.507754,0.3511,0.1362,0.9736,-40.3442,29.1748,9.8877,3.9771,-19.9896,-71.4551
14:23:09.983,623.607705,0.1655,0.1318,1.1089,6.4697,-13.6108,-1.5869,3.3893,-17.9407,-71.0486
14:23:10.083,623.707664,0.3159,0.0459,0.8545,6.4697,15.6860,6.4697,3.4113,-17.4188,-70.7520
14:23:10.183,623.807602,0.2769,0.0405,0.8564,6.5308,8.4839,0.7935,3.4277,-15.8972,-70.3180
14:23:10.283,623.907611,0.1650,0.0464,1.0015,0.6104,8.6670,-37.1704,3.3453,-14.6393,-71.8066
14:23:10.383,624.007497,0.1646,0.0991,1.2334,-4.0283,4.5166,-7.3853,4.0045,-13.8373,-72.4548
14:23:10.483,624.107479,0.3232,0.0195,1.1641,0.0610,14.4653,-4.2725,3.7518,-13.7000,-73.6084
14:23:10.583,624.207468,0.1782,0.0205,0.9224,-4.0894,9.3384,2.5024,3.3563,-14.0680,-73.5919
14:23:10.683,624.307341,0.1655,0.2725,1.0786,-15.6860,8.5449,-0.9766,3.5431,-13.6395,-73.7238
14:23:10.783,624.407281,0.3057,0.2324,0.9463,2.5024,4.7607,54.6265,3.6969,-13.5022,-71.7023
14:23:10.883,624.507207,0.0698,0.2842,0.9521,-4.2114,15.8081,0.0000,3.3179,-12.9089,-71.5485
14:23:10.983,624.607207,0.2202,0.1353,0.9302,-22.2778,10.6201,-1.5869,3.7903,-12.7332,-69.7028
14:23:11.083,624.707165,0.4243,0.1963,1.2036,-7.2021,13.2446,65.2466,3.7299,-11.7114,-69.0161
14:23:11.182,624.807098,0.1582,0.1240,0.9165,-8.4839,-4.5776,77.8198,2.9114,-12.6617,-61.1499
14:23:11.282,624.907077,0.4409,0.0273,1.0293,11.3525,0.9155,4.4556,1.8237,-12.5848,-59.3262
14:23:11.382,625.007005,0.0635,0.1787,1.0137,-10.1929,-5.1270,-17.3950,0.7031,-13.0298,-56.7169
14:23:11.482,625.106988,0.0342,0.0947,0.9912,4.3335,-1.6479,15.9302,1.0822,-12.9419,-55.8545
14:23:11.582,625.207037,0.3037,0.1367,0.9419,9.7656,-3.4180,34.3628,1.3293,-12.8485,-55.2777
14:23:11.682,625.306904,0.1455,0.0186,0.9946,0.6104,0.9155,15.6250,1.2195,-12.6068,-52.0367
14:23:11.782,625.406877,0.4995,0.3052,0.9268,-2.3804,14.9536,14.1602,1.3953,-12.4091,-50.8502
14:23:11.882,625.506801,0.0547,-0.0205,1.0835,-11.5356,16.7847,15.0146,1.3623,-11.7883,-49.4110
14:23:11.982,625.606759,0.2378,0.0742,0.8120,1.1597,8.6670,10.5591,2.2577,-11.8542,-48.7683
14:23:12.082,625.706734,0.2090,0.0586,0.9946,22.6440,-19.9585,15.1367,3.3124,-11.9916,-48.0652
14:23:12.182,625.806693,0.2148,0.1113,0.9644,-5.6763,-6.3477,3.8452,3.7958,-11.6510,-48.6255
14:23:12.282,625.906620,0.1118,0.0986,0.9912,-13.7939,18.8599,-1.7090,2.9553,-10.3162,-47.9773
14:23:12.382,626.006595,-0.0088,0.2056,0.8931,-2.5024,16.8457,-3.6011,3.7683,-10.0415,-47.6477
14:23:12.482,626.106515,0.1270,0.2065,1.0249,12.8784,-3.2349,11.8408,3.9441,-8.9703,-48.3563
14:23:12.582,626.206526,0.0918,0.1460,0.9048,31.7993,15.3809,-14.4653,4.0155,-8.4595,-48.2465
14:23:12.682,626.306451,0.0303,0.1890,1.0664,11.9629,18.9209,-5.0049,4.7461,-8.0475,-47.5543
14:23:12.782,626.406432,-0.0259,0.1890,0.8838,5.6152,18.0664,-15.7471,5.7458,-7.7454,-48.1311
14:23:12.882,626.506319,0.2305,0.2764,1.0835,-5.7983,-3.5400,9.8267,6.1798,-6.5973,-47.8674
14:23:12.982,626.606264,0.1489,0.1030,0.9443,1.0986,-10.4370,-37.6587,6.2457,-7.5476,-48.6859
14:23:13.082,626.706184,0.2939,0.0713,1.0288,-8.5449,9.2773,-14.5874,6.2842,-7.8058,-48.5321
14:23:13.182,626.806151,0.1621,0.0566,0.9043,-8.9722,5.4932,-24.0479,6.1798,-7.6355,-49.8615
14:23:13.281,626.906106,-0.0376,0.1748,0.8218,-3.2959,-13.7329,-49.0723,7.2565,-7.4817,-52.1741
14:23:13.381,627.006035,0.0405,0.1006,1.0669,3.9062,8.9111,-13.6719,7.3663,-6.3336,-53.4375
14:23:13.481,627.105968,0.0562,0.1611,0.9072,17.3340,12.6953,-2.0752,6.9159,-5.6250,-53.6188
14:23:13.581,627.205989,0.2119,0.0415,1.0195,-14.0991,0.9155,0.5493,5.0592,-7.6630,-54.4263
14:23:13.681,627.305904,-0.0776,0.1279,0.9585,-16.4795,16.9678,1.0986,5.3668,-6.2732,-53.6462
14:23:13.781,627.405841,0.0889,0.1670,0.9297,0.7324,-19.7754,-12.7563,5.5371,-6.7621,-56.1072
14:23:13.881,627.505825,0.2095,0.1665,1.0107,-14.2822,-18.1885,-10.0708,4.2188,-8.1573,-57.3376
14:23:13.981,627.605727,0.2241,0.0933,1.1367,-12.3291,-15.5029,-8.6670,4.1528,-10.3326,-58.1287
14:23:14.081,627.705769,0.2974,0.1226,1.0186,-1.0986,-4.3335,-8.5449,4.5923,-11.6565,-59.3427
14:23:14.181,627.805649,0.3677,0.1509,0.8301,-7.8125,-9.3384,-0.9155,5.0647,-13.9471,-60.3424
14:23:14.281,627.905591,0.4951,0.0454,1.1709,13.5498,-21.1792,25.8179,4.9658,-13.1836,-59.5129
14:23:14.381,628.005555,0.4546,0.3174,1.2397,3.1738,-24.5972,-17.8223,8.0804,-16.7487,-60.5841
14:23:14.481,628.105568,0.3071,0.2974,0.7432,20.0195,-7.8735,3.6011,12.3102,-18.2758,-63.1549
14:23:14.581,628.205518,0.3364,0.1074,1.3545,-52.6733,106.0791,38.8184,6.4435,-12.2662,-58.5516
14:23:14.681,628.305396,0.2344,0.1182,0.9985,11.5967,-34.8511,-1.0376,5.6305,-10.7831,-57.5189
14:23:14.781,628.405317,0.2231,0.1382,1.0122,-6.6528,10.8643,4.9438,6.2018,-11.2775,-57.5684
14:23:14.881,628.505252,0.2192,0.0972,0.9902,-6.6528,-18.7378,-12.3291,6.4764,-11.4917,-57.9199
14:23:14.981,628.605200,0.2749,0.2520,1.0234,0.7935,-59.9976,-5.7373,7.4487,-15.8588,-61.7322
14:23:15.081,628.705174,0.1514,0.2246,0.7603,-15.5029,6.4697,9.2163,8.8879,-17.7319,-61.3037
14:23:15.181,628.805131,0.3726,0.0493,1.2231,-3.4790,90.4541,19.2261,4.3671,-13.2770,-59.2163
14:23:15.280,628.905043,-0.0171,0.0225,0.8926,-20.4468,-17.6392,-14.0381,3.6365,-10.5908,-58.9746
14:23:15.380,629.004997,0.2261,0.2144,1.0469,22.6440,-13.0005,-3.6011,4.5813,-10.2063,-59.9744
14:23:15.480,629.104954,0.3149,0.1567,0.8926,-5.0049,-24.5361,-3.7231,4.6912,-12.2388,-60.2985
14:23:15.580,629.204956,0.2134,0.0469,0.9312,-11.7188,23.9258,9.3384,3.7793,-11.2280,-60.1941
14:23:15.680,629.304798,0.1802,0.0376,1.1357,-14.3433,19.1040,0.0000,2.5214,-8.2672,-58.9032
14:23:15.780,629.404796,0.2563,0.0908,0.8804,-10.8643,15.8691,15.1978,3.0487,-7.7454,-59.0625
14:23:15.880,629.504706,0.1108,0.1216,1.0991,-39.0015,-7.3853,1.7090,3.5870,-5.6689,-58.0847
14:23:15.980,629.604691,0.0464,0.0620,0.9297,22.2778,-1.9531,-8.5449,3.3838,-4.6472,-57.7661
14:23:16.080,629.704636,0.0215,-0.1523,1.2251,12.0239,53.1616,32.1655,2.2906,-3.6804,-55.6458
14:23:16.180,629.804550,-0.1318,0.0728,0.9150,-2.6245,-6.3477,5.0659,3.8452,-3.8617,-55.1459
14:23:16.280,629.904478,0.0020,0.0879,1.0112,7.9956,12.4512,-3.2349,3.4717,-3.2739,-54.5526
14:23:16.380,630.004409,0.0386,0.2427,0.8965,8.3008,1.4038,8.8501,3.3728,-2.8674,-53.7781
14:23:16.480,630.104383,0.0420,0.1367,0.9771,-9.2163,4.6997,8.7280,3.8562,-2.9938,-52.7783
14:23:16.580,630.204381,0.0112,0.0488,0.9863,-10.2539,-26.4282,-3.2349,4.6088,-2.7905,-52.2125
14:23:16.680,630.304354,0.1270,-0.0205,1.1431,11.0474,-10.9863,-4.8828,4.3341,-1.9720,-52.3608
14:23:16.780,630.404272,0.0176,-0.0474,1.0073,11.2915,14.0991,-6.5308,4.1418,-1.8951,-53.2507
14:23:16.880,630.504198,0.0107,0.0376,0.8813,1.2207,-3.3569,-9.6436,4.3066,-2.0160,-54.3329
14:23:16.979,630.604165,-0.0718,0.0791,0.9058,13.1226,-12.6953,-5.7983,4.0430,-1.6809,-55.0085
14:23:17.079,630.704085,-0.0186,0.1455,1.0483,3.0518,9.1553,-1.6479,4.0814,-1.6040,-54.9756
14:23:17.179,630.804063,0.0034,0.2310,0.9077,-12.7563,-13.4888,-4.9438,4.5978,-2.1753,-55.4865
14:23:17.279,630.903953,0.0537,0.0498,0.9858,4.8218,-20.0195,-8.1787,5.0372,-2.0380,-54.9481
14:23:17.379,631.003925,0.0552,-0.0200,1.2290,5.9814,19.6533,-1.0376,4.6417,-1.5930,-55.2612
14:23:17.479,631.103853,-0.0952,0.0430,1.0640,-6.9580,13.6108,-2.3193,3.8727,-2.2632,-55.8435
14:23:17.579,631.203851,-0.2100,0.0640,1.0146,7.3853,-2.9907,-0.3662,3.4497,-1.9171,-55.9644
14:23:17.679,631.303770,0.0518,0.1011,0.8994,16.1743,-15.9302,15.2588,4.3506,-1.8347,-55.3326
14:23:17.779,631.403698,0.1211,-0.0112,1.0498,20.3857,-3.1128,17.0898,4.0375,-1.7633,-54.2889
14:23:17.879,631.503649,0.2651,-0.0342,1.0649,-40.1611,48.8892,-9.8877,3.9771,-1.2909,-53.6627
14:23:17.979,631.603607,-0.0439,0.0166,0.8433,-36.6211,23.7427,-10.3149,3.5046,-1.8402,-54.4043
14:23:18.079,631.703544,-0.2012,-0.1392,0.9697,12.8174,7.4463,-23.2544,3.6694,-0.7086,-55.2722
14:23:18.179,631.803451,0.0078,0.0386,0.9756,-2.8076,26.3672,-9.9487,3.5431,-0.1208,-55.8160
14:23:18.279,631.903387,-0.0625,-0.0088,0.9360,-7.7515,-3.3569,-19.3481,4.2188,0.8899,-56.9092
14:23:18.379,632.003327,-0.0493,-0.0386,0.9302,-3.2349,2.3193,0.1831,3.9771,0.7361,-57.4585
14:23:18.479,632.103267,-0.0239,-0.0469,0.8701,-4.5776,3.5400,1.8921,3.5431,0.4285,-56.8433
14:23:18.579,632.203251,-0.1104,-0.1123,0.9331,13.0615,-21.1792,0.6714,3.6255,0.2966,-56.8542
14:23:18.679,632.303196,0.0039,-0.0752,1.1909,22.1558,-6.7749,-0.6714,3.8947,0.3131,-57.3541
14:23:18.779,632.403128,-0.0942,-0.1406,1.1631,12.7563,19.8975,-3.6621,3.9386,0.2362,-57.6727
14:23:18.878,632.503079,-0.0981,-0.0732,1.1665,19.5923,3.9062,-16.2964,4.4385,0.5493,-58.7439
14:23:18.978,632.603030,0.0176,-0.1470,0.9722,6.6528,10.6201,-7.0801,3.9276,-0.3900,-59.3701
14:23:19.078,632.702956,-0.0488,-0.1157,0.8716,12.3291,-13.3057,-4.3945,4.3231,-0.2307,-60.4468
14:23:19.178,632.802956,0.0430,-0.1782,0.9463,14.0991,-14.5874,-15.7471,3.7683,-0.5768,-62.2705
14:23:19.278,632.902881,0.0645,-0.2305,1.0117,-3.1128,-2.9907,-11.4746,3.2849,-0.4340,-63.6768
14:23:19.378,633.002821,0.1099,-0.2573,1.1221,7.6904,6.7139,-13.4277,2.9388,-0.6262,-65.2094
14:23:19.478,633.102779,0.1992,-0.4028,1.3223,9.8267,0.8545,-22.2778,1.9940,-0.9119,-66.7639
14:23:19.578,633.202769,0.1431,-0.3486,0.9692,-13.3667,1.6479,-10.7422,1.7249,-1.6479,-68.4943
14:23:19.678,633.302690,0.0513,-0.3423,1.0342,15.4419,-9.6436,-14.0381,1.4227,-2.0984,-70.7684
14:23:19.778,633.402613,0.2944,-0.4268,1.1465,9.3384,-10.6201,-31.7383,0.2692,-2.2577,-72.5372
14:23:19.878,633.502544,0.3057,-0.4038,1.0649,-15.8081,-1.9531,-20.3857,-0.4340,-2.7795,-74.4873
14:23:19.978,633.602461,0.2158,-0.4761,0.9268,4.7607,7.8125,-24.7192,-1.2964,-3.2245,-76.8658
14:23:20.078,633.702416,0.0747,-0.5254,1.0132,4.3945,-3.5400,-27.0386,-1.7798,-3.7189,-79.6399
14:23:20.178,633.802342,0.3696,-0.7349,1.0889,8.4839,10.1929,-40.8936,-3.1641,-3.5486,-82.0569
14:23:20.278,633.902288,0.2002,-0.6567,1.1260,-3.7231,-0.1221,-28.1982,-3.8177,-4.3341,-85.2814
14:23:20.378,634.002226,0.2129,-0.5737,0.9917,-6.1646,-9.7046,-34.9121,-4.7241,-5.3394,-88.3356
14:23:20.478,634.102223,0.0156,-0.6572,1.1851,4.2725,-10.2539,-32.2876,-5.7239,-6.0205,-91.3788
14:23:20.577,634.202148,0.1777,-0.7759,1.3076,7.0801,-8.9722,-40.7104,-6.5424,-6.6248,-94.2792
14:23:20.677,634.302052,0.0332,-0.6543,1.1021,-9.5215,-4.6997,-19.7144,-7.3059,-7.4762,-96.8445
14:23:20.777,634.401968,0.0044,-0.5317,1.2490,3.3569,-13.6719,-35.0952,-7.7673,-8.5968,-99.5801
14:23:20.877,634.501983,0.2827,-0.6362,1.2549,2.1362,-0.2441,-25.6348,-8.9868,-8.5309,-101.3654
14:23:20.977,634.601858,-0.0391,-0.5093,1.2783,15.1978,4.4556,-20.2637,-8.8495,-9.2725,-103.5242
14:23:21.077,634.701783,-0.1060,-0.4302,1.0332,16.5405,-20.6909,-19.4702,-9.1956,-9.7778,-105.1062
14:23:21.177,634.801723,-0.1357,-0.5825,1.4678,20.9961,-5.7373,-31.4941,-9.0692,-10.6732,-107.6770
14:23:21.277,634.901694,0.5566,-0.6279,1.0317,-7.3853,2.1973,-39.6729,-9.6460,-11.1676,-109.3689
14:23:21.377,635.001635,0.1343,-0.7695,1.3418,-1.4038,-4.0894,-40.5273,-8.6627,-11.9257,-113.0988
14:23:21.477,635.101545,-0.3926,-0.4224,0.6416,-19.2871,-21.1792,-12.4512,-9.1461,-13.1177,-116.0156
14:23:21.577,635.201476,0.2026,-0.9971,1.6475,37.5977,-17.3950,-65.6738,-8.6133,-12.3926,-119.5203
14:23:21.677,635.301391,0.1084,-0.8359,1.3252,-5.6152,4.6997,-13.0615,-8.7012,-13.5022,-123.2281
14:23:21.777,635.401367,-0.4277,-0.6201,0.9028,27.5269,-5.7983,-35.7056,-9.1901,-14.8370,-126.6229
14:23:21.877,635.501253,-0.0850,-0.9468,1.3262,5.1880,-34.7290,-62.7441,-8.8165,-15.1776,-130.4022
14:23:21.977,635.601190,0.4482,-0.8184,1.1929,19.5923,-21.9727,-44.7388,-9.0033,-16.4795,-133.8959
14:23:22.077,635.701133,-0.0913,-0.7720,1.0977,-15.4419,-11.9019,-24.1699,-9.0308,-17.6550,-137.9553
14:23:22.176,635.801068,0.0718,-0.9707,1.4258,5.6152,-20.8130,-76.7822,-8.3936,-19.1217,-142.5037
14:23:22.276,635.901019,0.1650,-0.9673,1.2603,-7.3242,2.0752,-18.2495,-8.6737,-19.3195,-144.6680
14:23:22.376,636.001001,0.0728,-0.7817,1.5278,-2.3193,-15.4419,-43.5181,-7.5531,-21.0004,-148.7604
14:23:22.476,636.100877,0.1860,-0.9761,1.5142,3.4180,21.4233,-29.8462,-9.3109,-20.4016,-149.3372
14:23:22.576,636.200895,0.0176,-0.7998,1.4839,3.5400,-6.1646,-43.1519,-8.1519,-22.2528,-153.5614
14:23:22.676,636.300788,-0.2124,-0.6230,1.0547,22.7051,-34.6069,-36.9873,-7.7618,-23.0658,-155.9509
14:23:22.776,636.400764,0.0254,-0.7466,1.1812,25.3296,-4.3945,-49.0112,-7.8497,-24.1479,-159.5599
14:23:22.876,636.500699,0.0269,-0.7866,1.4009,2.8687,-33.5693,-47.6074,-5.9711,-24.7357,-164.0204
14:23:22.976,636.600622,0.2544,-0.7466,0.9546,8.4839,-28.5645,-48.1567,-5.4657,-25.9991,-167.7063
14:23:23.076,636.700633,-0.0815,-0.6538,1.3252,7.5073,-32.0435,-29.6631,-4.4110,-26.4990,-171.4801
14:23:23.176,636.800515,0.4785,-0.3945,1.1787,-13.7939,-24.8413,-26.0010,-5.8282,-27.4713,-172.6337
14:23:23.276,636.900484,0.5410,-0.2627,1.1943,-44.1895,4.8828,-3.8452,-6.5753,-26.7682,-173.2159
14:23:23.376,637.000446,0.4194,-0.2349,0.9780,-35.4004,-1.1597,-32.3486,-6.9489,-27.6196,-174.7321
14:23:23.476,637.100404,-0.0215,-0.4883,1.0127,-19.7144,-21.7285,-21.9116,-5.6470,-27.3120,-177.6984
14:23:23.576,637.200397,-0.1489,-0.2944,0.7944,15.9302,-54.0161,-35.2783,-4.1089,-28.5699,179.0826
14:23:23.676,637.300351,0.3076,-0.6177,1.1753,2.6855,-19.4702,-46.7529,-4.9054,-27.0428,176.9623
14:23:23.776,637.400253,-0.0815,-0.3921,0.8354,-30.5786,-15.0146,-24.5361,-3.6530,-28.3722,172.3975
14:23:23.876,637.500187,0.3657,-0.5825,1.3984,13.7329,-18.0664,-41.6260,-3.4991,-26.8781,169.6948
14:23:23.975,637.600136,0.2437,-0.6040,1.3159,5.6152,9.4604,-35.4614,-3.9001,-27.4109,166.8109
14:23:24.075,637.700107,0.4409,-0.5571,0.7720,-26.8555,-1.8921,-15.6860,-5.0592,-27.4109,165.1465
14:23:24.175,637.800040,0.1646,-0.7080,1.5483,2.8076,5.0659,-64.4531,-3.9441,-27.7515,160.2081
14:23:24.275,637.899971,0.4800,-0.6411,1.1929,4.3945,-13.1226,-40.6494,-4.6252,-27.4988,158.1482
14:23:24.375,637.999887,-0.0264,-0.4365,1.0791,12.5732,-4.5166,5.4321,-3.8837,-27.6746,155.9399
14:23:24.475,638.099815,-0.0962,-0.3286,1.1138,12.2681,-3.2349,-27.5269,-5.1471,-27.0538,155.8521
14:23:24.575,638.199809,0.3081,-0.6538,1.8110,8.7280,41.7480,-49.7437,-5.3394,-26.6803,153.6548
14:23:24.675,638.299738,0.0156,-0.5635,1.4531,-1.1597,30.0293,-23.6816,-4.6912,-26.6254,150.3424
14:23:24.775,638.399653,-0.3682,-0.3198,0.8335,17.0288,5.5542,-5.9814,-4.3396,-26.4441,148.0737
14:23:24.875,638.499570,-0.2788,-0.1694,0.9507,25.5127,-18.9209,-12.2681,-7.2290,-24.1095,150.0952
14:23:24.975,638.599508,-0.0723,0.0781,0.6650,6.3477,-12.2681,16.7847,-6.0809,-23.6261,149.2548
14:23:25.075,638.699440,0.2114,0.1255,1.0708,-3.4180,-3.9673,17.1509,-7.6300,-21.9836,151.7047
14:23:25.175,638.799371,-0.6729,0.3696,0.9102,-0.3052,13.0005,-3.9062,-7.0532,-20.2368,152.2760
14:23:25.275,638.899342,-0.2490,0.3633,1.0420,44.8608,-7.0190,47.1191,-8.3276,-17.7045,154.8523
14:23:25.375,638.999281,-0.6030,0.3896,0.8271,16.7236,13.9771,-0.1831,-6.6522,-15.6720,156.1047
14:23:25.475,639.099211,-0.3721,0.6489,1.3379,5.1270,40.1001,64.1479,-7.4652,-13.1396,158.7305
14:23:25.575,639.199201,0.4941,0.2529,0.8047,-8.1787,22.2168,3.0518,-5.3174,-12.1454,160.4828
14:23:25.675,639.299146,-0.3198,0.1348,0.5112,-38.8794,-20.5078,-3.1738,-3.0212,-11.6510,161.0046
14:23:25.774,639.399046,-0.4019,0.6655,1.2939,35.7056,-3.7231,28.6255,-4.2627,-7.5311,161.4331
14:23:25.874,639.498999,0.4292,0.3638,0.8076,-16.4795,23.3154,43.2129,-3.6969,-6.8060,162.5043
14:23:25.974,639.598948,-0.4980,0.0161,0.8672,-35.8887,1.8921,-5.3711,-1.1316,-5.7129,165.8386
14:23:26.074,639.698884,-0.2754,0.5088,0.9941,22.0337,-15.7471,26.3062,-1.3239,-3.3783,167.1954
14:23:26.174,639.798789,0.2002,0.1992,1.1143,-28.2593,37.1704,1.8311,-1.0712,-2.9828,167.5360
14:23:26.274,639.898732,-0.5078,0.2090,0.8853,11.2305,-18.3716,-6.1646,0.8679,-2.0654,169.3542
14:23:26.374,639.998746,0.2065,0.2896,1.0806,19.2261,-10.0098,11.9629,0.5493,-0.8624,169.6729
14:23:26.474,640.098738,-0.1016,0.1650,0.8618,-10.1318,-10.1929,2.4414,2.8894,0.0000,169.7388
14:23:26.574,640.198658,-0.4644,0.1597,0.9126,24.6582,8.9722,0.3662,2.7960,0.1758,170.6177
14:23:26.674,640.298522,0.0244,0.2563,1.4551,9.3384,21.4844,20.9961,2.2192,1.8567,170.7605
14:23:26.774,640.398485,-0.0005,0.1460,0.7280,-41.6870,26.1230,-0.7935,4.0924,0.3186,171.7108
14:23:26.874,640.498596,-0.4941,0.1860,0.7603,9.7046,-63.0493,-6.2256,4.6527,1.7908,173.2324
14:23:26.974,640.598398,-0.1768,0.2163,1.2407,9.6436,10.9863,18.9209,3.7518,3.2465,173.6993
14:23:27.074,640.698348,0.2715,0.1025,1.0674,-23.8647,28.7476,-5.3101,4.5758,2.4774,173.4796
14:23:27.174,640.798327,-0.3125,0.0386,0.8208,6.6528,-3.5400,-8.7891,5.0372,2.6642,173.4796
14:23:27.274,640.898238,-0.0825,-0.0479,1.0146,7.2632,-12.2070,-12.3291,4.7021,3.4662,172.7875
14:23:27.374,640.998179,-0.0684,-0.0454,1.0781,-1.3428,0.1831,-15.1978,4.5593,3.5706,171.4746
14:23:27.474,641.098149,-0.0166,-0.1323,1.0366,-2.4414,0.4272,-13.7329,4.1968,3.8177,170.2222
14:23:27.573,641.198100,-0.2012,-0.1738,0.9004,9.6436,8.2397,-18.6768,3.1696,3.8837,168.3655
14:23:27.673,641.298038,-0.0142,-0.0767,1.1982,-8.4229,10.3149,-12.5732,2.5269,4.2242,166.9373
14:23:27.773,641.398011,0.1997,-0.0474,1.0063,-9.4604,6.8970,-14.2822,2.2083,4.0430,165.0366
14:23:27.873,641.497953,-0.1230,-0.0615,0.9209,-1.0986,-31.7383,-7.3853,1.9116,4.8120,164.3774
14:23:27.973,641.597921,-0.1128,0.0278,0.8647,16.5405,-32.8979,7.9956,1.9116,4.5868,163.2843
14:23:28.073,641.697871,-0.3457,-0.0757,0.8643,25.6348,-51.8799,9.9487,1.7853,5.4327,163.9325
14:23:28.173,641.797871,-0.1118,-0.2119,0.8984,22.2168,39.1846,14.7705,0.9558,4.4385,161.2683
14:23:28.273,641.897812,0.1470,0.1113,0.8032,0.7324,-12.2681,12.3291,0.4504,4.4000,160.8893
14:23:28.373,641.997749,-0.3193,0.1274,1.1792,-9.5825,1.5869,-5.7983,1.4008,5.5316,161.3013
14:23:28.473,642.097662,-0.2593,0.0029,0.8833,0.2441,17.2729,0.6104,1.6260,4.9548,162.0044
14:23:28.573,642.197674,-0.0854,0.0825,1.0552,-11.0474,-1.1597,-2.2583,0.7690,6.4819,161.7462
14:23:28.673,642.297606,-0.1846,0.1719,0.9497,-3.1128,-7.9956,6.8970,1.5161,6.1249,161.9550
14:23:28.773,642.397558,-0.2725,0.2905,0.9399,-1.1597,-3.3569,8.7280,1.9446,6.8610,163.0646
14:23:28.873,642.497509,-0.2080,0.2710,0.9282,10.0708,-14.7705,17.2729,2.9169,7.1191,164.7125
14:23:28.973,642.597478,-0.1318,0.3403,1.0078,-1.0376,-1.4648,15.9302,3.6804,6.4325,166.8713
14:23:29.073,642.697420,-0.0483,0.3491,1.0122,-4.6387,-1.7090,12.9395,4.5868,6.1194,168.0084
14:23:29.173,642.797378,-0.1846,0.2812,0.9946,0.0000,2.4414,4.8218,5.3448,6.1578,168.9697
14:23:29.273,642.897348,0.0278,0.3555,1.0649,-7.6904,10.4980,3.3569,5.8447,6.4984,169.8981
14:23:29.373,642.997312,-0.1123,0.3008,0.8960,-11.4746,7.9956,8.9111,6.4600,6.5094,170.2057
14:23:29.473,643.097291,-0.2212,0.2139,0.8730,7.3853,-13.0615,8.6060,7.1246,6.3116,171.3702
14:23:29.573,643.197239,-0.0952,0.3682,1.0542,-1.4038,-7.9956,13.5498,7.3389,5.3064,172.2876
14:23:29.673,643.297212,0.0039,0.1646,0.9497,-25.3296,-5.2490,-1.5259,5.9821,4.3396,172.0074
14:23:29.773,643.397148,-0.2422,0.2617,1.0122,0.2441,8.9111,-36.4990,7.3499,4.7241,171.4362
14:23:29.872,643.497107,0.0400,0.3027,1.0830,38.8794,5.7983,6.8359,8.9044,5.0043,170.7001
14:23:29.972,643.597049,-0.1055,0.2153,1.0977,-43.8232,52.1851,6.2256,6.8555,7.9102,170.0958
14:23:30.072,643.697031,-0.2202,0.1460,0.8936,2.9297,-4.9438,-8.8501,7.2400,8.4375,170.7770
14:23:30.172,643.796992,-0.1357,0.0737,1.0103,5.2490,-3.9062,0.6714,7.1960,8.7891,170.9802
14:23:30.272,643.896935,-0.0630,0.0757,1.0303,-8.4229,18.1885,4.4556,6.5149,8.2782,171.3702
14:23:30.372,643.996908,-0.0137,0.2563,1.0166,-15.4419,10.8643,1.4038,6.6852,9.0088,171.4856
14:23:30.472,644.096832,-0.0176,0.1221,0.9106,-2.1973,-32.5928,13.2446,7.0917,8.8110,171.6394
14:23:30.572,644.196843,-0.0903,-0.1606,1.0532,13.5498,-5.0659,-5.8594,6.6028,8.8824,171.3812
14:23:30.672,644.296808,0.1045,-0.0625,1.0391,-7.5684,-1.4038,-19.0430,6.2292,7.9816,170.2661
14:23:30.772,644.396718,-0.0703,-0.0342,1.0576,-2.1973,3.5400,0.1221,5.5426,9.4537,169.3872
14:23:30.872,644.496685,0.0430,-0.1650,0.8755,6.5308,-6.8970,-11.0474,5.1746,7.9706,168.1897
14:23:30.972,644.596654,0.0298,-0.1885,0.9736,23.9258,-9.2773,-7.1411,4.2462,7.7014,167.1130
14:23:31.072,644.696592,0.0522,-0.1680,1.1479,5.9204,5.4932,-16.2964,3.5486,7.4927,165.4266
14:23:31.172,644.796561,-0.1030,-0.0718,1.1157,4.4556,-4.0283,-21.0571,2.9114,7.5861,163.5480
14:23:31.272,644.896530,0.1343,-0.1128,0.8516,-7.4463,-3.5400,-11.5967,2.3730,6.0315,163.2458
14:23:31.372,644.996450,-0.0757,-0.1626,1.0366,2.7466,-5.6763,-13.5498,2.2028,7.0807,161.7188
14:23:31.472,645.096519,-0.0312,-0.0527,1.0015,-0.7324,1.8921,-11.9629,1.0602,6.2897,159.2139
14:23:31.572,645.196417,0.2041,0.0894,1.1304,-10.9863,3.5400,-5.6763,0.6647,5.1086,158.4668
14:23:31.672,645.296394,-0.1924,-0.1499,1.1455,-15.1978,3.7842,-1.5869,0.4175,4.6033,158.0164
14:23:31.772,645.396294,-0.1724,-0.1250,1.0474,-18.5547,7.8735,-9.3994,-0.2087,4.4659,157.4231
14:23:31.872,645.496245,0.0957,-0.1338,0.9634,-14.7095,-23.4985,-16.5405,-1.4612,4.2133,159.2249
14:23:31.972,645.596233,-0.1763,-0.3066,0.7876,7.6294,-76.1108,-4.8828,-0.8899,4.3396,159.4226
14:23:32.072,645.696181,-0.6602,-0.2134,0.9419,81.0547,5.9814,-13.3667,-0.4889,4.7900,157.5000
14:23:32.171,645.796115,0.2051,-0.1953,0.9136,17.6392,-17.0288,-18.0664,-1.3733,1.7688,156.6705
14:23:32.271,645.896114,-0.1426,-0.2427,1.1807,0.4883,12.1460,-19.6533,0.4395,1.1810,154.9896
14:23:32.371,645.995984,0.1909,-0.2881,0.8853,29.4800,-75.9277,-20.6909,0.4010,-2.7356,154.0833
14:23:32.471,646.096064,0.3271,-0.3169,0.9648,-27.7710,-14.2212,0.4883,1.0217,-3.9276,152.3969
14:23:32.571,646.195919,0.1992,-0.1562,0.8403,-2.1973,-27.3438,-8.6670,-0.0879,-5.1086,151.2488
14:23:32.671,646.295852,0.3896,-0.2759,0.9321,-25.8789,-6.2256,-10.1318,-2.8839,-4.5044,150.6061
14:23:32.771,646.395817,0.2622,-0.2627,0.8726,-3.2959,-5.2490,-21.8506,-3.2904,-4.1968,149.0955
14:23:32.871,646.495742,0.0903,-0.3569,0.9731,15.5640,-9.8877,-28.3203,-4.4275,-4.0814,147.1509
14:23:32.971,646.595703,-0.0400,-0.4595,0.9443,-4.4556,4.1504,-18.1274,-5.7623,-4.2572,145.0470
14:23:33.071,646.695664,0.1553,-0.5645,0.9995,16.7236,-12.4512,-16.6016,-6.3226,-4.9493,142.7069
14:23:33.171,646.795629,0.2349,-0.3813,0.8965,-6.4697,-28.3813,-34.9121,-6.6852,-7.3224,139.8010
14:23:33.271,646.895573,0.3906,-0.7778,1.1523,21.1792,35.9497,-22.6440,-7.4048,-4.0430,137.9114
14:23:33.371,646.995521,-0.2017,-0.7114,1.6396,-30.5786,24.2310,-85.6323,-8.4100,-6.8225,129.7156
14:23:33.471,647.095538,0.8818,-0.9331,1.3569,-14.2212,55.6030,-45.1050,-6.4874,-5.8063,127.6447
14:23:33.571,647.195472,-0.0518,-0.2241,0.9438,-11.7798,9.4604,-39.1846,-7.1027,-10.2722,120.2234
14:23:33.671,647.295417,0.5415,-0.7319,1.0312,-18.7378,-24.9023,-62.3779,-7.5476,-9.2725,118.5370
14:23:33.771,647.395367,0.0864,-0.6226,0.7847,32.5928,-15.9912,-22.8882,-7.9047,-11.2720,112.1320
14:23:33.871,647.495305,-0.0347,-0.5620,1.0669,7.4463,-44.1895,-65.3076,-8.9648,-13.2111,107.5507
14:23:33.971,647.595222,0.1846,-0.7334,1.1138,11.0474,-10.6812,-30.8228,-9.0912,-12.8320,104.3372
14:23:34.071,647.695216,-0.1108,-0.3794,0.8838,13.7939,7.8735,-29.8462,-9.6899,-15.4028,100.8655
14:23:34.171,647.795159,0.2842,-0.3726,1.0410,-4.1504,-24.8413,-34.3628,-9.0747,-13.8428,99.8218
14:23:34.271,647.895123,0.1963,-0.5991,0.8965,12.3901,-7.8735,-23.2544,-8.8989,-13.8318,96.1414
14:23:34.370,647.995122,0.1978,-0.7432,1.3154,-0.9766,-0.3052,-86.4258,-8.6407,-15.2765,90.5219
14:23:34.470,648.095088,0.5249,-0.9214,1.0806,-5.0049,-0.6714,-87.5244,-8.3716,-16.3971,84.6661
14:23:34.570,648.195050,0.1006,-0.9194,1.1538,30.5176,-13.1836,-66.3452,-7.8552,-17.2980,77.0087
14:23:34.670,648.295003,-0.0303,-0.9614,1.2173,-6.2256,17.0898,-75.9277,-6.5369,-19.7809,69.2249
14:23:34.770,648.394912,0.5308,-0.9951,1.1572,-7.0190,3.8452,-68.2983,-5.7239,-18.3252,64.2041
14:23:34.870,648.494856,0.1689,-0.6089,0.9390,1.4648,-13.7939,-53.5889,-4.1583,-21.5277,56.1401
14:23:34.970,648.594787,0.5005,-1.1567,1.3228,3.9673,-2.4414,-44.4336,-5.0427,-18.7152,54.8273
14:23:35.070,648.694763,0.0415,-0.2412,0.8047,7.6904,-21.3013,-48.8281,-3.6145,-22.9504,48.0542
14:23:35.170,648.794705,0.5010,-0.7632,1.4165,-7.6294,6.3477,-27.4658,-3.9111,-20.3961,47.5433
14:23:35.270,648.894682,-0.0737,-0.0181,0.8096,4.2114,-12.1460,-50.2930,-2.5269,-23.7195,42.2644
14:23:35.370,648.994592,0.3145,-0.3066,1.5005,-33.2642,37.6587,-30.9448,-2.6312,-22.6263,40.8417
14:23:35.470,649.094573,0.4365,-0.2485,0.8892,10.3149,-21.3623,-37.1704,-1.3678,-23.7085,37.8699
14:23:35.570,649.194515,0.3184,-0.3569,1.1475,-33.3862,17.0288,-13.4888,-0.5109,-23.4283,34.9365
14:23:35.670,649.294485,0.3379,-0.4336,1.0054,7.6904,-18.0054,-48.6450,-0.1758,-23.2031,31.9373
14:23:35.770,649.394397,0.2192,-0.5708,1.2954,-16.4185,20.5688,-40.1001,-0.5273,-22.0880,28.1635
14:23:35.870,649.494348,0.1436,-0.6934,1.1074,3.3569,-4.8828,-46.6919,0.2582,-22.8131,23.3295
14:23:35.970,649.594299,0.1953,-0.5679,1.0259,2.3193,-3.1128,-43.5791,1.0107,-22.9340,18.6987
14:23:36.070,649.694252,0.2793,-0.3701,1.2266,0.7935,4.5166,-38.1470,0.3680,-22.2858,15.8038
14:23:36.170,649.794174,0.1450,-0.1523,0.9453,19.1650,-24.6582,-35.3394,1.4172,-23.4558,12.6398
14:23:36.270,649.894140,0.0835,-0.1890,0.9648,5.2490,-19.1650,-15.6860,0.6592,-22.0825,11.8323
14:23:36.370,649.994190,-0.0767,-0.1611,0.8804,35.5835,-18.1274,-38.4521,1.6809,-22.6758,9.4098
14:23:36.469,650.094097,0.0376,-0.1924,0.9673,4.3945,-5.3711,-18.7378,1.6589,-21.4728,7.6740
14:23:36.569,650.194029,0.1592,-0.1699,0.8232,28.0762,-24.6582,-32.5928,2.0599,-21.6925,5.7513
14:23:36.669,650.294033,0.1763,-0.0962,1.2241,-28.8086,24.2920,-10.0708,1.8512,-20.7092,3.8947
14:23:36.769,650.393907,0.1685,-0.1577,0.8159,28.1982,-72.9370,-35.1562,1.8732,-22.3846,2.6202
14:23:36.869,650.493868,-0.1035,-0.1265,1.2808,-33.0811,82.2144,-29.6021,3.2849,-20.8081,-2.0599
14:23:36.969,650.593791,0.4146,-0.1748,1.0488,-19.2871,14.6484,-26.3672,1.6260,-22.0441,-1.2634
14:23:37.069,650.693752,-0.1230,-0.0791,1.3604,-50.7812,40.1611,-0.0610,2.3401,-19.1217,-3.4717
14:23:37.169,650.793773,0.1694,-0.1514,0.8726,6.8359,4.0894,-30.4565,1.5656,-20.2258,-3.8287
14:23:37.269,650.893673,-0.0674,-0.1597,1.0122,0.7324,-12.2070,-11.1694,1.6370,-18.3856,-5.5481
14:23:37.369,650.993599,0.1460,0.0078,1.0464,-7.8735,25.8179,-22.7051,3.0597,-20.1544,-7.7618
14:23:37.469,651.093541,0.2031,0.0566,1.1343,-21.5454,27.0386,9.8877,1.8018,-18.4790,-7.9651
14:23:37.569,651.193510,0.0913,-0.0229,1.1382,-24.9023,26.4282,-12.4512,1.3074,-16.5125,-7.6080
14:23:37.669,651.293453,0.2100,0.3447,1.1182,-9.7046,25.2686,30.4565,1.0327,-16.1719,-8.4595
14:23:37.769,651.393418,0.0444,0.1240,1.0752,-10.9253,14.6484,-7.2021,0.4559,-14.1174,-7.4927
14:23:37.869,651.493334,0.0542,0.0918,1.0171,-7.7515,26.3062,69.3359,0.3955,-13.6505,-5.7568
14:23:37.969,651.593279,0.0527,0.1836,1.1279,6.2866,5.3101,3.1738,-0.6097,-12.4530,-3.2904
14:23:38.069,651.693271,-0.1592,0.0146,1.0205,-6.4087,24.5972,-1.1597,-0.2747,-10.7501,-2.5543
14:23:38.169,651.793247,-0.3018,0.0923,0.9370,0.5493,48.2178,-19.1040,0.0604,-8.9648,-3.4113
14:23:38.269,651.893189,0.0405,0.2300,1.0625,1.0986,41.1987,28.8696,0.0934,-7.9266,-2.9718
14:23:38.369,651.993125,-0.0200,0.1040,0.9844,-10.7422,-0.2441,70.1294,0.6097,-9.9591,-3.9331
14:23:38.469,652.093191,0.0122,0.0757,1.1245,7.3853,-4.0283,11.2305,0.8075,-10.2942,-1.2689
14:23:38.569,652.193388,-0.0127,0.1475,1.1289,2.0142,-1.2817,13.7939,1.2909,-10.0140,1.2469
14:23:38.668,652.293076,0.0132,0.1787,0.9780,-9.3384,18.3716,1.7090,1.1426,-10.5469,4.2297
14:23:38.768,652.392982,-0.0586,0.2935,0.9863,-5.9814,-1.6479,18.5547,1.5326,-10.1569,5.5481
14:23:38.868,652.492985,0.1763,0.1294,0.9800,0.5493,-18.6157,29.9072,1.9666,-8.7122,6.4709
14:23:38.968,652.592915,-0.1763,0.0913,0.8550,14.9536,7.9346,61.0962,1.2744,-4.9823,7.5366
14:23:39.068,652.692893,0.0557,0.1841,1.1548,14.4043,50.0488,13.9160,1.6315,-3.3069,9.6954
14:23:39.168,652.792851,-0.0205,0.3550,1.0786,-20.3857,38.9404,1.2817,2.1698,-2.0215,9.5306
14:23:39.268,652.892804,-0.4468,0.2534,0.9790,-9.0942,22.1558,-22.7661,2.8949,-1.2854,10.2722
14:23:39.368,652.992786,0.2549,0.3379,1.3604,6.0425,-2.5635,9.0942,3.0707,0.6097,11.2830
14:23:39.468,653.092740,-0.0659,0.1157,1.0361,-30.0903,54.3823,-10.4980,3.1256,0.5493,10.0195
14:23:39.568,653.192698,-0.2368,0.3315,1.0889,3.4180,-30.8838,-9.0942,4.2737,0.7745,10.2777
14:23:39.668,653.292692,-0.2876,0.2915,0.7441,-6.7749,-11.3525,7.8125,4.1089,2.0325,10.6183
14:23:39.768,653.392622,-0.4761,0.5669,1.0078,0.5493,8.7891,19.1650,4.7131,2.5269,12.1893
14:23:39.868,653.492580,-0.1982,0.6665,1.0801,-18.7378,25.8179,34.3628,4.1473,4.5978,14.5239
14:23:39.968,653.592526,-0.5430,0.5063,0.9111,-15.9912,13.8550,16.7236,5.3943,4.0649,16.8860
14:23:40.068,653.692521,-0.2227,0.4424,1.1045,-12.3901,-38.7573,30.3955,5.1910,5.4382,19.7205
14:23:40.168,653.792502,-0.2075,0.3057,1.0908,-4.4556,-26.4282,35.1562,6.4270,5.0098,21.9397
14:23:40.268,653.892456,-0.5923,0.2246,0.6577,19.5923,-34.7900,1.0376,7.6300,5.4492,23.1262
14:23:40.368,653.992427,-0.3193,0.5762,1.0586,-27.1606,-6.4697,60.9131,7.0038,8.5419,26.2958
14:23:40.468,654.092391,-0.9829,0.3545,0.7534,1.1597,23.8037,-31.7993,8.8220,7.7289,27.2296
14:23:40.568,654.192419,-0.8765,0.3813,0.8091,-29.4189,-51.0254,-22.3389,7.9431,11.0138,30.8167
14:23:40.668,654.292337,-0.7734,0.3315,0.8413,-10.2539,36.6821,21.4233,8.3002,9.6899,33.0963
14:23:40.768,654.392281,-0.4346,1.0151,0.9644,-14.3433,-35.1562,40.0391,8.9264,9.7229,36.1945
14:23:40.868,654.492227,-0.5449,0.5664,0.9717,-8.5449,11.1694,40.8936,10.1459,10.0305,41.0504
14:23:40.968,654.592172,-0.3145,0.6299,0.9131,9.9487,-4.0283,19.4092,11.6400,9.1736,43.2971
14:23:41.067,654.692121,-0.4370,0.2988,1.1943,-10.9253,-5.4321,30.7007,12.7386,9.8602,47.0819
14:23:41.167,654.792076,-0.3418,0.3955,1.0308,-3.9673,-1.6479,42.0532,13.5571,10.4919,49.3396
14:23:41.267,654.892058,-0.7153,0.2720,0.7944,-0.1831,-15.1367,26.3062,14.8975,10.1953,52.7014
14:23:41.367,654.991967,-0.7744,0.6685,1.1021,-16.2354,-9.9487,62.0117,15.0458,12.2388,57.2168
14:23:41.467,655.091914,-0.5776,0.5806,1.1411,4.2114,9.5825,67.3828,15.9851,9.1351,63.4406
14:23:41.567,655.191912,-0.4585,0.8359,0.9766,-7.4463,-21.3013,55.0537,17.4628,8.3990,67.7966
14:23:41.667,655.291829,-0.6411,0.6182,1.0181,-7.4463,4.0894,66.7725,17.5287,9.0417,72.8778
14:23:41.767,655.391779,-0.6362,0.8306,0.8667,-5.0659,-39.7949,54.3213,18.0286,6.6248,78.0579
14:23:41.867,655.491724,-0.6548,0.7944,0.8237,-18.7988,-18.6768,87.5854,19.3140,6.9049,84.8639
14:23:41.967,655.591648,-0.5718,0.6763,0.7939,-10.6812,52.9785,41.0156,20.1654,5.6360,89.2694
14:23:42.067,655.691580,-0.6831,1.0527,0.9854,-19.2871,-32.4097,48.7061,20.0995,4.1144,93.6914
14:23:42.167,655.791560,-0.1304,0.8506,1.5234,-24.7803,27.0386,82.2754,20.6927,3.2684,100.2063
14:23:42.267,655.891559,-0.8486,0.4702,0.6099,-27.8931,2.0752,-1.3428,22.2858,1.6479,101.1896
14:23:42.367,655.991471,0.2212,1.2393,2.0801,-12.6343,-12.9395,116.8213,22.7637,3.1036,108.9185
14:23:42.467,656.091429,-0.8408,0.1772,0.8301,19.3481,46.1426,12.5732,22.7802,2.4445,108.6108
14:23:42.567,656.191368,-0.0566,0.8364,1.2593,-12.6953,-44.6777,50.4761,21.6486,1.5491,114.2908
14:23:42.667,656.291357,-0.7544,0.5244,1.0298,-3.9673,15.8691,36.4380,22.4780,2.5159,118.1085
14:23:42.767,656.391278,-0.4346,0.7769,0.5522,16.2354,-9.8267,59.7534,23.2800,-0.8295,121.0089
14:23:42.867,656.491225,-0.6499,0.8955,1.2261,-38.5132,-2.1362,39.6118,21.2640,-0.6152,128.6664
14:23:42.967,656.591186,-0.1641,0.7920,0.6836,-6.2256,21.0571,68.3594,22.9889,-3.3014,132.4841
14:23:43.067,656.691150,-0.3989,0.5786,0.9834,4.9438,-16.3574,26.3672,21.3849,-4.2023,137.4719
14:23:43.166,656.791084,-0.2251,0.7495,1.0210,-9.5215,-2.0752,24.5361,22.0276,-4.3286,140.2185
14:23:43.266,656.891074,-0.3184,0.4800,0.9180,-15.0146,33.4473,32.4097,22.0825,-3.1860,141.9049
14:23:43.366,656.991037,-0.3540,0.4331,0.7148,23.3154,-29.9072,18.0664,22.0935,-3.1531,144.4977
14:23:43.466,657.090982,-0.3535,0.5791,1.1426,-6.4697,13.6108,20.9961,22.0276,-2.3840,147.4969
14:23:43.566,657.190961,-0.2246,0.5063,1.0508,-6.3477,31.3110,31.7383,22.4615,-3.3234,148.6066
14:23:43.666,657.290891,-0.3086,0.2603,0.6484,6.1035,-63.8428,16.4795,22.9230,-3.2245,151.0785
14:23:43.766,657.390888,-0.3730,0.5522,1.2334,2.8687,24.2310,18.9819,23.3130,-1.7413,153.1934
14:23:43.866,657.490789,-0.1465,0.5366,1.0757,-15.8081,46.7529,36.0107,21.8408,-2.7905,155.0006
14:23:43.966,657.590726,-0.4395,0.4067,0.7705,-6.5918,-24.1089,36.3770,22.4341,-1.1481,157.5659
14:23:44.066,657.690640,-0.3003,0.3486,0.9390,0.5493,6.6528,0.7324,21.7859,-0.8899,160.6970
14:23:44.166,657.790594,-0.1914,0.3784,0.9521,5.9814,8.5449,24.0479,22.1759,-0.3900,161.7133
14:23:44.266,657.890576,-0.4028,0.4131,1.0234,0.9155,25.5127,-1.5869,21.8848,0.1263,163.2404
14:23:44.366,657.990562,0.0029,0.3677,1.0244,-9.5215,-5.9814,27.4658,21.4728,0.4449,165.1575
14:23:44.466,658.090563,-0.3066,0.2129,1.0234,4.0283,7.2632,11.0474,21.3300,0.9119,165.6189
14:23:44.566,658.190503,-0.1484,0.1787,0.8667,-0.9155,0.9155,1.7700,21.1707,1.4392,167.0526
14:23:44.666,658.290430,-0.1553,0.2412,0.9736,9.5825,-3.4790,9.3384,21.0333,2.1808,167.6239
14:23:44.766,658.390357,-0.2666,0.1729,0.9204,-0.3662,-3.9673,-1.8921,20.5939,2.1863,167.9315
14:23:44.866,658.490350,-0.2178,0.1719,1.1201,-0.7935,4.9438,11.7798,19.8138,2.8345,168.7500
14:23:44.966,658.590288,0.1196,0.2339,1.1201,-17.4561,18.8599,18.9209,18.9569,1.7523,170.0299
14:23:45.066,658.690262,-0.2280,0.0981,0.7554,-8.3618,-31.0669,13.7939,18.7097,3.3234,170.4584
14:23:45.166,658.790183,-0.1177,0.0952,0.8950,-4.2725,-11.6577,-8.9111,17.9187,4.0155,171.5680
14:23:45.266,658.890169,-0.0317,-0.0796,0.8164,21.6675,-12.3291,3.7842,17.1497,4.3671,172.5458
14:23:45.365,658.990104,-0.2197,0.0347,1.1416,17.4561,14.4653,-11.9019,15.8643,4.2682,171.2769
14:23:45.465,659.090056,-0.0317,0.1113,0.9893,-17.8223,-31.0059,1.7090,15.7214,4.1638,170.6561
14:23:45.565,659.190039,-0.1440,0.0068,1.0215,-2.0142,5.0049,2.9297,14.8865,3.7793,170.5078
14:23:45.665,659.289951,-0.0347,0.0552,0.9858,-5.7983,-15.1978,-4.4556,13.7769,3.5101,170.6616
14:23:45.765,659.389894,-0.0942,0.0698,1.2139,-3.0518,7.8125,3.4790,13.2056,4.0594,170.2661
14:23:45.865,659.489824,-0.1030,0.0366,0.9834,-19.2871,-2.7466,0.7324,12.4750,3.6090,170.4419
14:23:45.965,659.589761,-0.1309,0.1357,0.9150,-6.1035,-2.3193,0.0000,12.4805,4.2023,170.6671
14:23:46.065,659.689771,-0.1621,0.1455,0.9902,5.0049,5.7983,1.0376,11.9366,4.2902,170.9143
14:23:46.165,659.789685,-0.0249,0.1387,1.0112,6.8359,6.7139,-1.4648,11.6345,4.3781,171.2604
14:23:46.265,659.889643,-0.1479,0.0908,0.9604,-2.6245,-3.8452,8.5449,11.2500,4.9219,171.2769
14:23:46.365,659.989574,-0.2085,0.1660,0.9146,-7.6904,6.3477,-9.8267,11.5851,5.1526,171.4966
14:23:46.465,660.089527,-0.0195,0.1826,1.0220,8.8501,-9.6436,11.7798,11.2885,5.5646,172.1887
14:23:46.565,660.189515,-0.2705,0.1318,1.0747,1.2817,20.6299,6.8359,10.7556,5.6525,171.9415
14:23:46.665,660.289469,-0.1636,0.1919,0.8906,-9.0942,-4.6387,-13.3667,10.6897,6.0699,172.6282
14:23:46.765,660.389391,-0.0786,0.1621,1.1387,-1.7090,0.3662,9.1553,10.4150,6.1578,172.9742
14:23:46.865,660.489388,-0.1606,0.1475,0.9951,1.8311,-7.9956,5.3101,10.6238,5.1416,172.9688
14:23:46.965,660.589303,-0.1265,0.1885,0.9409,0.3052,-28.3203,-4.0283,11.2390,3.9880,172.9578
14:23:47.065,660.689258,-0.1465,0.1689,0.9893,8.0566,-6.5918,7.1411,11.3928,3.0432,173.0841
14:23:47.165,660.789213,-0.0698,0.2021,1.0376,-6.0425,-3.2349,3.5400,11.5631,2.1259,173.4521
14:23:47.265,660.889199,-0.1177,0.2441,0.9502,-3.1128,13.0615,2.7466,11.3873,2.1094,173.8806
14:23:47.365,660.989294,-0.0776,0.2168,1.0405,-8.9111,23.6206,7.0801,10.2228,4.7351,174.4904
14:23:47.464,661.089142,-0.1470,0.1636,0.8857,-6.1646,5.7983,10.7422,9.9152,5.7733,175.5066
14:23:47.564,661.189134,-0.1650,0.1597,0.8950,-4.8828,-5.6152,-0.6714,9.5361,6.4984,176.0284
14:23:47.664,661.289048,-0.1475,0.2441,0.8438,-8.2397,-5.0049,5.3101,9.5032,7.0148,176.4185
14:23:47.764,661.388999,-0.2339,0.1650,0.7173,-13.1226,-33.5083,-13.0005,9.4867,7.8003,176.3416
14:23:47.864,661.488978,-0.4102,0.1982,0.8345,7.9956,-30.6396,-15.5029,9.5746,8.2288,176.8634
14:23:47.964,661.588907,0.1328,0.3716,1.2817,4.1504,32.8369,11.2915,8.6957,7.8387,177.7368
14:23:48.064,661.688857,-0.1167,0.2217,1.0991,-18.6157,19.0430,10.4980,8.9978,6.9489,178.3575
14:23:48.164,661.788846,-0.3530,0.1982,0.7856,7.9956,-26.0620,3.8452,9.6240,7.0807,179.1760
14:23:48.264,661.888782,-0.1079,0.3916,1.1240,0.1221,2.6855,18.3716,9.5691,7.9431,-179.7034
14:23:48.364,661.988781,-0.1680,0.2378,0.8311,-10.8643,-3.2349,27.5879,10.4535,7.2290,-178.4454
14:23:48.464,662.088711,-0.2686,0.3340,0.9692,2.6245,-3.1128,8.8501,10.2502,7.4432,-176.6272
14:23:48.564,662.188723,-0.1509,0.3501,0.9336,-6.1035,-0.8545,16.0522,10.4645,7.6630,-175.5505
14:23:48.664,662.288705,-0.2651,0.3237,0.8726,-5.5542,2.5024,8.9722,10.4700,7.4982,-174.2871
14:23:48.764,662.388579,-0.1313,0.3638,1.0093,-8.4839,-4.7607,13.3667,10.2557,7.8552,-173.0896
14:23:48.864,662.488545,-0.1626,0.1855,0.8809,-8.9722,5.3101,10.0708,10.5853,7.4542,-172.0569
14:23:48.964,662.588480,-0.2744,0.2891,0.8916,-3.9673,-5.9814,16.9067,10.2942,7.7344,-171.0626
14:23:49.064,662.688422,-0.2456,0.1606,0.9873,-5.0049,0.2441,9.2773,10.7501,7.3828,-170.1672
14:23:49.164,662.788390,-0.2988,0.3696,1.1216,0.5493,0.7935,13.0615,10.8929,7.6135,-168.9148
14:23:49.264,662.888409,-0.2466,0.3311,1.1816,-0.9766,10.4370,16.9067,11.1566,6.8060,-167.5085
14:23:49.364,662.988295,-0.1831,0.3477,1.0713,-2.5024,-5.1270,10.3149,11.1401,6.5369,-166.1737
14:23:49.464,663.088255,-0.1318,0.4058,1.0923,-3.1128,1.5259,20.7520,11.3269,6.5973,-164.4818
14:23:49.564,663.188296,-0.3174,0.3188,0.8091,-12.6343,2.1362,13.4277,11.5576,6.1853,-162.8668
14:23:49.664,663.288202,-0.1748,0.4146,0.8599,9.7046,-17.5171,18.8599,11.6620,6.1304,-161.1475
14:23:49.764,663.388161,-0.3604,0.4297,1.0054,-12.6343,20.5688,18.3716,11.4587,6.7621,-159.6368
14:23:49.863,663.488111,-0.3003,0.4028,0.8564,-2.4414,-9.0332,18.4937,12.2333,5.8997,-157.8516
14:23:49.963,663.588103,-0.3047,0.4141,1.1230,1.3428,-16.2964,15.6250,12.4146,6.0974,-156.0278
14:23:50.063,663.687990,-0.0889,0.3267,0.9839,-6.2256,-2.8687,13.7939,12.8760,5.8942,-154.7589
14:23:50.163,663.787954,-0.1611,0.3945,1.0454,-5.2490,-2.0142,14.9536,12.8046,6.1304,-153.8855
14:23:50.263,663.887940,-0.4341,0.3193,0.7334,-7.2632,-1.8921,17.2729,13.6725,5.3888,-152.3254
14:23:50.363,663.987903,-0.0298,0.5845,1.2739,2.5024,-7.3242,36.8652,13.1506,6.5588,-149.3976
14:23:50.463,664.087955,-0.2412,0.3931,1.1841,-17.5781,39.3066,22.6440,13.5406,6.4819,-147.0190
14:23:50.563,664.187869,-0.3989,0.3643,0.8535,2.8076,-14.0991,5.7983,14.7052,5.2899,-145.2118
14:23:50.663,664.287833,-0.0908,0.3608,1.1504,15.2588,-8.0566,16.5405,14.7821,6.5259,-143.3661
14:23:50.763,664.387749,-0.1406,0.3594,0.9717,-13.1836,24.4141,20.2026,15.2655,6.1578,-142.3059
14:23:50.863,664.487726,-0.1753,0.3193,0.8496,0.0610,5.7983,15.0757,15.3149,6.0754,-140.6030
14:23:50.963,664.587675,-0.4414,0.3589,0.8799,-7.2632,6.2866,22.0337,15.2161,6.1249,-137.8729
14:23:51.063,664.687647,-0.2480,0.3652,0.8066,-4.6997,-9.7656,8.0566,15.4907,6.2787,-136.0217
14:23:51.163,664.787644,-0.2544,0.4985,1.0845,3.1128,9.0332,18.8599,15.9302,6.6687,-133.7421
14:23:51.263,664.887543,-0.0859,0.4751,1.2754,1.0986,19.7754,22.7661,16.1938,6.1908,-132.4567
14:23:51.363,664.987654,-0.1406,0.2393,1.0034,-7.0190,15.9302,5.5542,16.3751,5.6964,-131.6217
14:23:51.463,665.087515,-0.3428,0.2417,0.8833,6.6528,-13.5498,7.5684,16.6882,5.7788,-130.4242
14:23:51.563,665.187429,-0.0234,0.1670,1.0498,2.5024,-2.6245,11.1694,16.2927,6.1194,-129.7101
14:23:51.663,665.287386,-0.0674,0.1650,0.9399,-7.6294,11.5356,-1.4648,15.9082,6.1139,-129.6442
14:23:51.763,665.387320,0.1709,0.1553,0.8506,-15.3198,-18.1274,-3.9673,15.6775,5.3668,-129.2981
14:23:51.863,665.487264,-0.3418,-0.0825,0.5278,-25.5127,9.5825,-0.2441,14.7327,7.0093,-129.1168
14:23:51.963,665.587250,-0.0996,0.2168,0.6777,24.9023,-33.8135,8.6060,15.9851,6.1469,-127.1393
14:23:52.063,665.687141,0.4248,-0.0356,1.7109,16.4795,43.7622,-14.0381,13.5736,7.5696,-127.6227
14:23:52.163,665.787119,-0.4180,-0.1597,0.5454,-18.3105,-37.4146,22.9492,13.9142,5.4547,-127.7490
14:23:52.262,665.887072,0.0039,-0.1797,1.1284,-2.8687,-0.3052,-8.7891,13.3649,7.0807,-127.5897
14:23:52.362,665.986952,-0.1733,0.0293,0.9629,1.0986,-5.2490,0.0000,12.5739,6.7456,-127.7820
14:23:52.462,666.087137,-0.0840,-0.0576,0.9858,-10.4370,0.7324,-0.5493,11.7444,6.7346,-128.0511
14:23:52.562,666.186970,0.1089,-0.0005,0.8691,-1.2817,-0.7935,-29.2969,10.3766,7.2290,-128.6005
14:23:52.662,666.286950,-0.2021,-0.1382,0.8662,-18.7378,-7.0801,1.2207,9.2834,8.2178,-128.6719
14:23:52.762,666.386846,-0.3179,-0.1616,0.6782,-11.8408,-19.1040,25.2686,9.8053,7.3993,-128.6829
14:23:52.862,666.486769,-0.3496,-0.2788,1.1304,18.6157,10.1929,-2.1362,8.8440,7.4377,-128.5950
14:23:52.962,666.586750,-0.0298,-0.1948,0.9727,4.0283,-6.0425,-2.2583,7.9980,7.6794,-128.7982
14:23:53.062,666.686716,-0.3604,-0.2295,0.9399,0.5493,6.6528,-9.4604,7.8387,8.1244,-129.5398
14:23:53.162,666.786671,-0.2974,-0.2944,0.9683,10.3149,-3.7842,-14.8926,6.6687,8.7012,-130.5890
14:23:53.262,666.886601,-0.2729,-0.2622,1.0562,0.0000,10.3149,-12.5732,5.6744,9.1681,-131.7535
14:23:53.362,666.986581,-0.2339,-0.1865,0.9141,-19.9585,18.2495,-11.7188,4.6527,9.4977,-132.5610
14:23:53.462,667.086500,-0.6431,-0.1895,0.9912,13.4888,5.4932,-8.3618,3.9990,10.3326,-133.7091
14:23:53.562,667.186516,-0.1665,-0.3555,1.1636,14.0381,3.2959,-20.3247,1.7194,11.1511,-134.6320
14:23:53.662,667.286480,-0.3467,-0.3613,0.9424,-14.2822,-0.4883,-24.5972,1.6589,11.6895,-136.8018
14:23:53.762,667.386407,-0.2915,-0.5234,0.9546,7.9956,11.8408,-29.6631,0.3406,11.9861,-139.0375
14:23:53.862,667.486357,-0.2734,-0.5698,1.1450,9.1553,-3.4180,-35.0952,-0.9723,12.4805,-142.2400
14:23:53.962,667.586294,-0.2754,-0.6270,0.9697,-0.5493,11.9629,-25.0244,-2.1698,12.7551,-144.9646
14:23:54.062,667.686314,-0.2427,-0.6494,0.9844,13.5498,2.1973,-36.1328,-3.4827,12.4750,-148.2935
14:23:54.162,667.786239,-0.4312,-0.8315,1.0469,9.1553,-12.5732,-35.0952,-4.8010,12.6398,-152.3859
14:23:54.262,667.886205,-0.4780,-0.6748,1.0830,18.9819,5.7373,-35.8276,-6.7621,11.9806,-156.0938
14:23:54.361,667.986101,-0.2065,-0.8154,1.1011,-5.4321,-5.1880,-47.6074,-8.3606,11.1621,-160.1532
14:23:54.461,668.086061,-0.2676,-0.8052,1.0356,9.8877,3.1738,-36.6211,-9.7394,10.4590,-163.6139
14:23:54.561,668.185998,-0.2881,-0.8062,1.0801,6.2866,-1.2207,-42.9077,-11.2061,8.9264,-167.7008
14:23:54.661,668.285966,-0.3447,-0.7524,1.3159,8.2397,20.0806,-43.6401,-12.7222,7.9486,-172.0789
14:23:54.761,668.385913,0.1133,-0.9043,1.1880,-20.1416,12.9395,-61.1572,-13.7000,6.7566,-176.0999
14:23:54.861,668.485853,0.0225,-0.5732,0.7896,-26.1841,-6.0425,-28.1982,-14.0735,4.8669,178.7750
14:23:54.961,668.585753,-0.1553,-0.9614,1.2090,41.1377,-35.9497,-73.6084,-15.3094,3.7848,173.1775
14:23:55.061,668.685730,-0.1655,-0.9233,0.9644,1.6479,-0.9766,-40.7715,-16.0071,1.8018,168.2007
14:23:55.161,668.785706,0.0903,-0.8516,1.1948,18.0664,-6.9580,-62.9883,-16.0730,1.1096,163.9874
14:23:55.261,668.885616,-0.2148,-0.9644,1.0962,11.4136,4.8828,-37.3535,-15.8368,-0.5054,159.6368
14:23:55.361,668.985539,-0.1094,-0.8633,0.9536,22.6440,-30.3345,-56.2134,-15.9412,-2.2906,155.8575
14:23:55.461,669.085520,-0.3140,-0.9224,1.3628,33.8745,-2.1362,-47.6685,-15.9412,-3.6420,151.3916
14:23:55.561,669.185482,-0.1323,-0.7251,0.8213,-2.7466,-7.2021,-65.6128,-16.3916,-6.3940,146.9421
14:23:55.661,669.285453,-0.0273,-1.2061,1.3496,57.3120,-27.1606,-68.3594,-14.5129,-5.3943,142.0038
14:23:55.761,669.385375,-0.6675,-0.8555,0.8052,16.9678,0.9766,-45.4102,-14.2987,-10.3436,135.7855
14:23:55.861,669.485312,0.2412,-1.1602,1.2803,25.8179,-13.8550,-85.4492,-13.8373,-7.9321,132.8467
14:23:55.961,669.585281,-0.5396,-0.9604,0.9282,8.9111,23.6206,-27.7100,-13.1067,-12.2388,126.3043
14:23:56.061,669.685212,0.3960,-0.9771,1.3442,6.6528,-9.5215,-94.7876,-12.6123,-12.3157,123.3655
14:23:56.161,669.785183,0.1133,-0.5933,0.7734,-15.3809,-11.5356,-42.1753,-11.2830,-14.4141,117.5977
14:23:56.261,669.885129,-0.3608,-1.0063,1.1104,24.2920,-19.1040,-46.6919,-10.8435,-14.0186,112.7911
14:23:56.360,669.985059,-0.0083,-0.8252,1.0405,8.6670,2.8687,-57.0068,-12.1509,-15.2051,108.6823
14:23:56.460,670.085118,0.0249,-0.8843,1.2012,-13.0005,-7.0801,-42.6025,-11.3049,-14.5679,105.6061
14:23:56.560,670.185038,0.0742,-0.6621,0.9629,-18.9209,2.4414,-36.0107,-11.5192,-16.0400,102.8650
14:23:56.660,670.285004,-0.0630,-0.5059,1.0044,-6.8970,-14.1602,-0.8545,-11.3818,-14.6558,101.9312
14:23:56.760,670.384918,-0.2188,-0.2974,0.9590,18.0664,-7.2632,-39.7339,-11.4368,-15.1447,99.1241
14:23:56.860,670.484868,-0.2021,-0.4043,1.1631,22.0947,-14.6484,-30.9448,-11.0193,-14.1614,97.3773
14:23:56.960,670.584829,-0.0918,-0.3979,1.0454,8.9111,15.5640,-34.9731,-10.9259,-14.7162,95.4163
14:23:57.060,670.684768,-0.0913,-0.5430,0.9287,-2.2583,-17.0898,-45.1660,-9.9042,-14.6338,92.8235
14:23:57.160,670.784722,-0.0576,-0.5244,0.9644,9.1553,-2.3804,-37.1094,-9.3494,-14.2218,89.4617
14:23:57.260,670.884678,-0.1343,-0.6123,1.1470,14.7705,-2.1362,-38.8184,-9.2505,-14.6613,86.4020
14:23:57.360,670.984666,0.0122,-0.7144,1.1426,-1.0376,3.1738,-48.5840,-8.9429,-14.2603,83.2489
14:23:57.460,671.084564,-0.0713,-0.5146,0.9780,-2.4414,2.6855,-41.1377,-8.5693,-14.6173,79.7113
14:23:57.560,671.184500,-0.1562,-0.5415,1.0151,16.8457,-16.3574,-40.2832,-8.3771,-13.9966,75.9705
14:23:57.660,671.284478,-0.0410,-0.5229,1.0664,21.2402,-2.4414,-38.0859,-8.2672,-13.8373,72.6086
14:23:57.760,671.384434,-0.1055,-0.4043,0.9780,1.1597,-17.5781,-24.1089,-8.0310,-14.2657,70.1093
14:23:57.860,671.484474,-0.1118,-0.1235,0.8818,-9.3384,-10.9863,11.8408,-8.5803,-13.9801,70.6696
14:23:57.960,671.584340,-0.3257,0.1040,1.0063,-0.1221,5.6763,6.5918,-9.9866,-12.1564,72.2461
14:23:58.060,671.684347,-0.0454,0.1938,1.4341,13.6719,43.6401,11.2915,-10.9039,-11.0138,75.3387
14:23:58.160,671.784332,-0.0947,0.2925,0.8164,-42.4194,-9.5825,25.6348,-11.5411,-10.1788,79.6729
14:23:58.260,671.884241,-0.1924,0.5532,0.9116,-30.5786,-12.0239,44.6167,-10.6458,-7.5916,85.5890
14:23:58.360,671.984281,-0.0693,0.6162,1.1855,4.6997,6.7139,34.4849,-9.9042,-5.5646,89.0662
14:23:58.459,672.084121,-0.0176,0.3730,0.9800,-10.8643,24.9634,14.8926,-8.5034,-4.8615,90.4449
14:23:58.559,672.184079,-0.2710,0.4492,0.8804,-7.6294,-11.6577,20.9961,-7.2675,-3.4442,93.4058
14:23:58.659,672.284078,-0.1929,0.6411,1.0176,-14.0381,20.8740,38.6963,-6.1304,-1.0876,96.0425
14:23:58.759,672.383987,-0.3335,0.5361,0.8745,-2.3804,11.2915,32.5317,-4.8230,-0.0769,99.3274
14:23:58.859,672.483906,-0.3232,0.8428,1.0996,-7.2632,-4.2725,44.4336,-3.5541,2.4829,103.5626
14:23:58.959,672.583808,-0.3057,0.6431,0.9702,-10.4980,5.3711,54.8706,-1.7249,2.4664,108.0450
14:23:59.059,672.683738,-0.2134,0.7310,1.0420,-2.8076,-15.8081,39.8560,-0.2032,3.4003,112.9614
14:23:59.159,672.783708,-0.2227,0.6748,0.9839,-14.8926,-3.1738,46.9360,1.5546,3.9880,117.0538
14:23:59.259,672.883682,0.0190,0.6157,0.7788,-0.4883,-26.0620,50.4150,3.5156,3.4003,121.7670
14:23:59.359,672.983575,-0.6118,0.6675,0.8369,0.7935,7.1411,0.3052,5.0867,5.5096,124.2828
14:23:59.459,673.083527,0.0801,0.6948,1.2153,-0.0610,23.1323,73.6084,5.5261,4.7955,129.4629
14:23:59.559,673.183506,-0.5215,0.5024,0.8120,-11.3525,26.3062,-1.5259,7.4817,5.1306,130.4572
14:23:59.659,673.283482,-0.1382,0.9375,1.0083,-23.0103,-19.7144,68.3594,7.7673,6.0260,135.6317
14:23:59.759,673.383393,-0.5815,0.7607,0.7788,-19.8975,0.9155,55.6030,9.3494,6.9543,140.4437
14:23:59.859,673.483358,-0.1211,0.8750,0.5889,-37.5366,-14.0381,96.7407,10.1459,5.5426,148.0682
14:23:59.959,673.583311,-0.7456,0.9966,1.0103,14.1602,8.4229,14.5264,12.3102,5.4437,155.2313
14:24:00.059,673.683245,-0.1387,0.9204,0.8638,3.4180,10.8032,104.4922,12.1948,5.6415,158.5876
14:24:00.159,673.783211,-0.2510,0.8965,1.4004,26.8555,-23.0713,37.5977,12.5299,4.1638,168.2611
14:24:00.259,673.883201,-0.4253,1.1382,0.7856,-31.7383,21.0571,29.5410,13.7164,3.7244,169.4476
14:24:00.359,673.983146,-0.1675,0.7266,1.2778,-7.6294,26.7334,104.0039,15.1831,1.7853,176.3690
14:24:00.458,674.083070,0.0259,0.7373,0.9146,12.1460,-27.8320,26.9165,15.5347,0.2417,179.1650
14:24:00.558,674.183088,-0.0908,0.5942,0.8999,-8.6670,-22.7661,34.4849,16.5894,-0.2142,-178.3191
14:24:00.658,674.283004,-0.2349,0.7549,1.2954,4.2114,25.5127,38.6353,17.1222,1.0547,-175.0671
14:24:00.758,674.382981,-0.4790,0.6475,0.7144,-5.6152,3.2959,25.0854,17.7484,-0.3351,-174.2596
14:24:00.858,674.482904,-0.2998,0.9204,1.2354,-0.1221,-1.8311,56.5186,17.6770,-0.1813,-168.9587
14:24:00.958,674.582861,-0.0459,0.5322,0.8252,-5.9814,-1.8311,61.4014,17.6385,-1.9830,-165.0146
14:24:01.058,674.682822,-0.2080,0.7705,0.6357,-50.5371,-30.5786,53.8330,17.1716,-2.5214,-161.8396
14:24:01.158,674.782775,-0.7046,1.0645,1.2012,29.1748,-62.1338,-4.8828,19.0393,-3.6365,-155.3577
14:24:01.258,674.882727,-0.1582,0.4980,0.7153,6.7139,43.0908,79.9561,17.1112,-3.4442,-154.9731
14:24:01.358,674.982689,-0.3345,0.3667,1.0132,6.4697,-56.7627,-1.1597,17.3419,-4.3231,-149.7107
14:24:01.458,675.082629,-0.0532,0.8389,1.1396,2.4414,12.0850,44.0063,17.0673,-3.3783,-146.2280
14:24:01.558,675.182593,-0.4595,0.6128,0.8867,-7.4463,59.4482,30.6396,18.2208,-4.5758,-145.9314
14:24:01.658,675.282587,-0.1572,0.5166,0.8618,19.7144,-65.3076,20.6299,17.9297,-4.7955,-142.6959
14:24:01.758,675.382509,-0.1719,0.5708,1.2314,-16.3574,36.9873,40.1611,17.6660,-3.6420,-139.6307
14:24:01.858,675.482439,-0.1025,0.5034,0.7563,-10.3149,-12.8174,29.0527,18.0396,-5.3503,-138.0817
14:24:01.958,675.582415,-0.3296,0.5742,1.2275,0.6714,-0.9766,24.8413,17.9956,-3.9880,-134.9066
14:24:02.058,675.682363,0.0605,0.4556,1.0508,-2.8687,21.8506,33.0811,17.2540,-4.2407,-132.7972
14:24:02.158,675.782325,-0.3247,0.3794,0.8613,-12.7563,11.0474,10.4980,17.5836,-3.9331,-131.4789
14:24:02.258,675.882260,-0.2480,0.3853,1.0317,17.4561,-17.2119,18.6157,17.5507,-3.6145,-129.2542
14:24:02.358,675.982210,-0.1343,0.3540,1.2397,-5.4321,41.6870,28.4424,16.9354,-2.8345,-127.9303
14:24:02.458,676.082221,-0.1543,0.2861,0.7192,-8.3008,-26.0620,16.7847,17.3145,-4.3286,-126.7987
14:24:02.558,676.182152,-0.2051,0.3052,0.9604,2.9297,-21.8506,7.9346,17.1002,-2.8180,-124.6014
14:24:02.657,676.282134,-0.1548,0.4521,1.2598,-1.5869,27.0386,20.6909,17.0508,-3.4003,-123.0359
14:24:02.757,676.382034,-0.0693,0.3003,0.9097,-6.5308,7.9346,14.3433,16.5784,-3.3563,-122.3767
14:24:02.857,676.481957,-0.0918,0.2300,0.9531,-4.5166,-7.2021,18.9819,16.2213,-2.6917,-120.8936
14:24:02.957,676.581928,-0.2632,0.3315,0.9087,-19.1040,-15.4419,3.1128,16.7322,-2.8400,-119.3335
14:24:03.057,676.681841,0.0283,0.2866,1.0454,3.8452,-6.9580,18.5547,15.7159,-2.1039,-118.5754
14:24:03.157,676.781790,-0.0059,0.1177,0.7871,-24.2310,-0.7935,10.3760,16.5234,-1.9885,-117.7240
14:24:03.257,676.881754,-0.1382,0.3057,0.8984,-1.0376,-39.1846,9.7656,15.7489,-1.8018,-116.2683
14:24:03.357,676.981687,-0.3008,0.3306,1.0083,-18.0664,14.3433,1.6479,15.6226,-1.9775,-115.5157
14:24:03.457,677.081653,0.1133,0.3462,1.1973,-7.2632,19.5312,23.8647,14.2877,-1.1536,-114.6368
14:24:03.557,677.181604,-0.2583,0.2158,1.0176,-6.6528,13.5498,-3.2959,14.4525,-1.5601,-113.5107
14:24:03.657,677.281544,-0.2549,0.2422,0.8774,5.5542,-10.3760,13.7329,13.5956,-0.9888,-112.3572
14:24:03.757,677.381470,-0.1455,0.3442,1.0742,-12.5732,-2.9297,17.3340,13.2825,-0.0934,-111.3464
14:24:03.857,677.481399,-0.2349,0.2798,0.9287,4.6387,-5.9814,12.7563,13.1177,-0.4669,-110.6763
14:24:03.957,677.581371,-0.2266,0.1821,0.8647,-2.0142,-8.1177,2.6855,12.8925,0.2911,-109.4458
14:24:04.057,677.681305,-0.1318,0.2622,1.0117,-1.0986,-11.9019,22.5220,12.5409,0.7196,-108.7866
14:24:04.157,677.781239,-0.1763,0.2354,1.0498,-1.9531,4.9438,5.8594,12.6508,0.7910,-108.0396
14:24:04.257,677.881207,-0.1133,0.1919,1.0596,7.3242,4.2114,0.4272,12.3981,0.6702,-107.5726
14:24:04.357,677.981175,-0.0830,0.2363,1.0688,0.8545,9.2163,6.0425,12.3871,0.0879,-107.6880
14:24:04.456,678.081086,-0.0928,0.1533,0.8911,-9.0332,1.3428,4.0894,12.7661,-0.6757,-108.0835
14:24:04.556,678.181067,-0.2314,0.2012,0.9668,6.7139,4.8218,10.4980,13.1287,1.0712,-106.5234
14:24:04.656,678.281018,-0.1011,0.2686,1.1406,-6.2866,19.5923,-2.6245,12.8210,2.5323,-105.5896
14:24:04.756,678.380936,-0.0405,0.1953,0.9888,-4.0283,9.4604,5.5542,12.4530,2.4554,-105.5402
14:24:04.856,678.480886,-0.1431,0.1333,0.9370,-10.5591,-11.4746,6.3477,12.5299,2.2137,-105.2051
14:24:04.956,678.580830,-0.2764,0.2134,1.1025,15.2588,-14.3433,8.6670,11.4752,2.4994,-104.4305
14:24:05.056,678.680800,0.0479,0.1768,0.9932,-13.6719,21.6675,-1.7700,11.8542,1.3953,-104.5898
14:24:05.156,678.780748,-0.0352,0.0435,0.9849,-10.1318,22.7661,19.4092,11.1841,2.4390,-103.1726
14:24:05.256,678.880666,-0.1069,0.0635,0.8364,9.3384,-17.8223,5.5542,10.7281,3.0322,-102.4475
14:24:05.356,678.980593,-0.2061,0.1328,1.0298,-11.9629,17.3340,-2.1362,10.2557,3.8837,-101.8323
14:24:05.456,679.080525,-0.1597,0.0283,0.9199,6.6528,-13.5498,-12.6343,9.8822,4.2572,-102.2552
14:24:05.556,679.180503,-0.1333,0.0059,0.9858,-7.4463,-7.2021,-6.2866,9.0363,5.2899,-103.1396
14:24:05.656,679.280480,-0.1646,-0.0684,0.9712,4.5166,-11.4746,-7.7515,9.1571,4.9493,-104.8260
14:24:05.756,679.380442,-0.0820,-0.0669,1.0918,5.0049,5.2490,-3.7842,8.2562,5.1636,-105.7599
14:24:05.856,679.480397,-0.0620,-0.1196,1.0410,3.1128,11.5356,-5.0659,8.1573,4.8615,-105.4578
14:24:05.956,679.580336,-0.1719,-0.0938,0.8096,1.0376,-15.3198,-1.4038,8.0969,4.8999,-105.5786
14:24:06.056,679.680271,-0.0684,-0.0747,1.0752,2.3804,1.9531,-11.7188,6.9159,5.3888,-105.7379
14:24:06.156,679.780203,0.0288,-0.0962,1.0830,10.2539,-3.2959,-8.9722,5.6635,4.9988,-106.3367
14:24:06.255,679.880163,-0.1958,-0.1958,0.9077,-22.3999,-18.7378,-11.9629,5.6909,5.2570,-108.1165
14:24:06.356,679.980299,-0.3535,-0.2266,0.8267,22.3999,-20.0806,-35.3394,5.8173,5.3998,-110.3412
14:24:06.455,680.080113,-0.0034,-0.4634,1.2275,8.4839,10.8032,-8.6060,3.2410,5.7788,-111.8793
14:24:06.555,680.179983,-0.1626,-0.3525,0.8120,-19.2261,-2.1362,-10.6812,3.7518,5.0482,-114.3677
14:24:06.655,680.279933,-0.0879,-0.2739,0.8545,29.9072,1.0376,-21.6064,2.8839,4.7900,-116.3562
14:24:06.755,680.379822,-0.1763,-0.5161,0.9277,8.9111,-11.9019,-18.6768,1.2195,4.8505,-118.3887
14:24:06.855,680.479773,0.1265,-0.4502,0.7700,-23.5596,-7.6294,-25.3906,0.7690,4.5648,-120.7288
14:24:06.955,680.579702,0.0024,-0.3296,1.0479,6.6528,-18.1885,-28.0151,-0.4999,4.3890,-123.1018
14:24:07.055,680.679620,0.0586,-0.4814,1.0503,-9.8877,19.2871,-27.5879,-2.5433,4.2242,-124.9969
14:24:07.155,680.779554,0.1313,-0.3716,0.8896,-22.7661,-49.3774,-21.6064,-2.9224,3.7024,-127.0294
14:24:07.255,680.879509,-0.0190,-0.4268,0.7681,-24.3530,-6.8970,-13.0005,-3.6035,5.4877,-129.1278
14:24:07.355,680.979452,-0.3599,-0.4468,0.8716,74.5850,-29.4189,-46.3257,-4.8395,3.5156,-132.1545
14:24:07.455,681.079396,0.0669,-0.8516,1.1655,-13.3057,46.9360,-7.2632,-6.5533,5.6305,-133.2971
14:24:07.555,681.179336,-0.1763,-0.4883,1.1523,34.4238,33.6914,-23.5596,-5.7788,4.5923,-136.1096
14:24:07.655,681.279250,-0.0366,-0.7383,1.1836,-2.1973,16.5405,-19.1040,-7.1466,5.5151,-137.1478
14:24:07.755,681.379155,-0.4302,-0.4834,0.9346,16.4185,31.1890,-10.8032,-7.0312,5.0043,-139.8834
14:24:07.854,681.479073,-0.2280,-0.4839,1.0151,31.0669,2.1362,-14.5874,-8.2068,4.3011,-141.8280
14:24:07.954,681.579041,-0.4097,-0.5884,1.0986,29.5410,12.6953,-17.3340,-9.1022,3.1915,-144.3274
14:24:08.054,681.678927,-0.1914,-0.4038,0.7695,-4.1504,-7.7515,-6.2866,-9.0198,2.8070,-146.2885
14:24:08.154,681.778856,-0.0732,-0.3906,1.0220,27.4658,-0.4883,-28.9307,-9.1571,2.2852,-148.5626
14:24:08.254,681.878772,-0.0737,-0.5918,1.2158,38.5742,-20.0195,-40.1001,-9.5251,1.5436,-151.3971
14:24:08.354,681.978709,0.0552,-0.7192,1.0903,-8.1177,34.3018,-33.6304,-11.4313,1.7084,-153.3746
14:24:08.454,682.078701,-0.3481,-0.5376,0.8809,-1.2817,10.4370,-46.3257,-10.4095,0.3516,-157.1539
14:24:08.554,682.178582,-0.1968,-0.7715,1.2021,20.8130,-6.0425,-42.4805,-12.1893,0.5493,-160.0269
14:24:08.654,682.278492,-0.4209,-0.8252,1.1338,4.6387,20.3247,-19.9585,-12.3651,-0.1648,-163.1964
14:24:08.754,682.378390,0.0444,-0.8105,0.9946,2.0142,9.2163,-41.8701,-13.6230,-0.0604,-165.6464
14:24:08.854,682.478297,-0.0215,-0.5435,0.8975,4.3945,0.0000,-33.6304,-12.8156,-1.4612,-169.4971
14:24:08.954,682.578230,0.0718,-0.8623,0.9907,19.3481,-22.0947,-59.0210,-13.9746,-1.6864,-173.4247
14:24:09.054,682.678153,-0.0630,-0.9565,1.0942,-13.9160,7.9956,-36.9263,-13.5901,-2.1808,-178.0115
14:24:09.153,682.778106,-0.3257,-0.8145,0.9473,19.1040,-10.0708,-38.8794,-13.7000,-3.2410,177.7863
14:24:09.253,682.878061,0.0024,-1.0981,1.3779,44.0674,-8.0566,-49.7437,-14.2767,-3.7134,173.9301
14:24:09.353,682.977975,-0.1001,-0.8877,0.9385,2.5635,24.0479,-14.8315,-14.9689,-4.1583,171.3922
14:24:09.453,683.077911,0.0317,-0.9302,1.1831,24.5972,-8.8501,-66.8945,-14.7162,-5.7458,167.5854
14:24:09.553,683.177955,-0.0625,-0.8594,1.0620,-11.7798,5.7373,-18.5547,-15.1007,-5.6305,164.4928
14:24:09.653,683.277845,-0.4351,-0.6870,0.8091,20.5688,9.7656,-22.4609,-14.8755,-7.0972,161.7517
14:24:09.753,683.377727,-0.0088,-1.1147,1.3145,30.3955,-8.9111,-46.2036,-15.0128,-6.6632,159.0875
14:24:09.853,683.477637,0.0547,-0.7510,0.8237,-17.2729,19.1650,-13.9771,-15.3754,-7.9980,156.4563
14:24:09.953,683.577597,-0.2231,-0.8628,1.3394,28.1982,-43.7012,-62.9272,-14.0790,-8.7726,152.5452
14:24:10.053,683.677524,0.1978,-1.0322,1.1465,-4.4556,20.2637,-40.8325,-15.5841,-8.2617,149.5734
14:24:10.153,683.777468,-0.2812,-0.6855,0.8687,2.0752,-1.5869,-54.3213,-14.0625,-10.5688,144.3494
14:24:10.253,683.877406,-0.0459,-1.0283,1.2266,36.0107,-1.9531,-41.6260,-15.0238,-8.7286,141.2512
14:24:10.353,683.977369,-0.7324,-0.9712,1.1470,31.4331,29.6021,-126.0376,-13.2330,-11.2610,135.2417
14:24:10.453,684.077317,0.6309,-0.7622,1.2432,-2.0142,18.4937,-63.8428,-15.1337,-10.2063,135.8844
14:24:10.553,684.177423,0.0625,-0.6914,0.4834,-42.2363,9.0332,45.1660,-14.2877,-12.8760,133.2202
14:24:10.653,684.277239,-0.1611,-0.7065,1.2871,37.7808,-96.8628,-86.7920,-12.4420,-13.1177,129.6771
14:24:10.752,684.377111,0.2627,-0.8237,0.9102,-7.8735,-0.7935,5.9814,-14.4141,-12.3981,127.2327
14:24:10.852,684.477007,-0.2363,-0.5469,1.1128,15.1367,-29.8462,-53.5889,-13.4637,-13.6945,123.9313
14:24:10.952,684.577005,0.1250,-0.8999,1.5605,19.2871,21.4844,-25.4517,-15.3699,-12.1893,122.2888
14:24:11.052,684.676918,-0.0498,-0.4849,0.8423,-13.7939,0.9155,-20.1416,-15.4138,-13.7384,120.8221
14:24:11.152,684.776848,-0.2827,-0.4126,1.0830,9.3994,-8.2397,-31.6162,-15.8368,-13.2880,120.4266
14:24:11.252,684.876779,-0.4092,-0.1948,0.7959,30.7007,-11.7798,-11.5356,-15.5951,-13.8867,120.5200
14:24:11.352,684.976787,0.1172,0.2446,1.1245,17.5781,28.0762,-42.1143,-15.4248,-15.6445,120.2509
14:24:11.452,685.076717,-0.3657,0.2007,0.7812,-34.9731,-19.5923,53.5889,-15.1831,-14.2273,122.1295
14:24:11.552,685.176631,-0.1602,0.1646,0.8740,14.3433,-29.9683,44.6167,-14.0240,-9.8657,125.2441
14:24:11.652,685.276566,0.2158,0.4165,1.4072,-23.1323,60.7300,63.0493,-14.7766,-6.5643,127.3590
14:24:11.752,685.376499,-0.7578,0.0244,0.3818,-6.5918,-35.7056,-26.0620,-11.5796,-9.1187,129.0454
14:24:11.852,685.476425,-0.4878,1.0298,1.1133,-42.2974,-3.7231,72.5098,-14.2273,-0.0330,132.5446
14:24:11.952,685.576415,-0.2798,0.5054,1.0298,-39.6729,34.1187,34.7900,-9.6185,-1.4941,131.9788
14:24:12.052,685.676367,-0.1255,0.0400,0.9775,19.8364,-42.7246,-18.1274,-8.3496,-0.6976,134.3958
14:24:12.152,685.776310,0.1265,0.5454,1.2979,-40.2222,38.0859,23.8647,-9.0692,1.3513,134.0771
14:24:12.252,685.876255,-0.4238,-0.0171,0.6650,-6.3477,-65.5518,-38.5132,-6.0095,-1.6754,132.1436
14:24:12.352,685.976189,-0.5068,0.3398,1.3364,37.5977,16.8457,25.8179,-9.0363,1.8292,128.7048
14:24:12.452,686.076154,-0.2261,0.2598,1.0039,3.2349,-2.9907,3.4180,-5.8832,0.8350,128.6169
14:24:12.551,686.176133,-0.3198,-0.0952,0.9897,37.9028,-73.9136,6.7139,-1.8732,0.1428,128.5291
14:24:12.651,686.276064,-0.2695,0.3823,0.9956,28.0151,7.7515,3.6011,-0.3131,-3.0817,129.3146
14:24:12.751,686.375915,0.0737,0.1182,0.8042,-49.8657,22.2168,13.1836,-0.1813,-1.7413,131.4514
14:24:12.851,686.475850,-0.0181,-0.2788,0.9233,-2.8687,39.3677,-9.4604,0.7855,3.3453,131.8304
14:24:12.951,686.575802,-0.2041,-0.4580,0.9478,5.9204,-28.9917,-37.8418,0.8459,6.1633,129.8584
14:24:13.051,686.675811,-0.3271,-0.4795,1.1660,10.9253,4.8218,-40.1611,-0.0824,5.8118,126.9031
14:24:13.151,686.775705,-0.0439,-0.5977,0.8623,10.8032,13.6719,-42.3584,-1.0986,4.9329,122.9810
14:24:13.251,686.875654,-0.2515,-0.6626,1.0508,7.5073,-3.0518,-29.1138,-2.9498,6.7896,119.3610
14:24:13.351,686.975580,-0.2427,-0.7080,1.2505,26.3672,0.5493,-36.1938,-3.6200,5.7623,116.3232
14:24:13.451,687.075540,-0.1421,-0.7402,1.0791,7.4463,8.8501,-33.6914,-4.2847,4.7900,113.4558
14:24:13.551,687.175494,-0.0122,-0.7686,1.1655,14.2822,18.7988,-43.8232,-5.4657,4.3011,109.9622
14:24:13.651,687.275476,0.0273,-0.8438,0.8501,-1.0376,2.0142,-37.1704,-6.6852,3.7738,106.4081
14:24:13.751,687.375359,-0.2671,-0.8984,1.0903,7.2021,-13.3057,-31.0059,-7.5037,3.6749,102.4585
14:24:13.851,687.475310,0.0015,-0.8940,1.1401,11.1084,-5.5542,-49.1943,-8.4485,2.6312,99.1791
14:24:13.951,687.575241,-0.0049,-0.7788,1.0098,0.0000,-10.8643,-34.2407,-9.0198,1.6205,95.8612
14:24:14.051,687.675215,-0.0586,-0.6787,1.0537,26.4282,-30.7007,-40.2222,-9.4757,0.2142,92.7136
14:24:14.150,687.775118,0.2427,-0.6279,1.0977,-11.7798,-25.4517,-40.8936,-9.6899,-0.1099,90.4340
14:24:14.250,687.875028,-0.1255,-0.5933,0.9399,2.8076,-10.3149,-10.0708,-9.2670,-2.6917,88.1653
14:24:14.350,687.974951,0.1011,-0.5947,1.4106,6.3477,-4.7607,-55.4810,-10.7776,-3.2849,85.9351
14:24:14.450,688.074963,0.2070,-0.6538,0.9009,1.4648,-18.9209,-29.2358,-9.5911,-5.4492,83.1610
14:24:14.550,688.174863,0.0254,-0.7017,1.4517,6.5918,-14.7095,-56.3965,-9.7009,-6.4160,78.6401
14:24:14.650,688.274801,0.3232,-0.6606,0.8550,3.2959,-29.0527,-41.6260,-8.6902,-9.4153,75.7562
14:24:14.750,688.374734,0.1021,-0.6875,1.1699,2.3193,-22.3999,-35.4614,-8.9868,-9.9976,72.1582
14:24:14.850,688.474625,0.1885,-0.6235,1.1470,-14.0991,3.7842,-36.6211,-8.8660,-11.0028,69.1864
14:24:14.950,688.574556,0.2676,-0.6392,1.1631,15.7471,-22.3999,-44.6777,-9.4427,-11.5027,66.2256
14:24:15.050,688.674527,0.0015,-0.5952,1.0381,-6.7139,-3.9062,-16.4795,-9.4043,-12.0465,63.9349
14:24:15.150,688.774453,0.0249,-0.3770,1.0103,9.7656,-16.9678,-33.2031,-10.3711,-12.2113,62.2375
14:24:15.250,688.874433,0.1514,-0.5796,1.1426,-1.5259,5.9204,-29.4800,-10.0415,-12.4860,60.3094
14:24:15.350,688.974305,0.0928,-0.7065,1.0664,14.9536,-27.5879,-55.1147,-10.1624,-13.1781,56.7609
14:24:15.450,689.074265,0.0742,-0.7729,1.1445,-14.8926,29.9072,-27.2827,-9.3933,-13.6670,53.2672
14:24:15.550,689.174254,0.3301,-0.7451,1.0918,16.9067,-38.9404,-71.2891,-9.6240,-14.4965,49.2572
14:24:15.650,689.274182,0.2588,-0.7905,1.0610,-16.5405,0.8545,-35.9497,-8.8165,-14.4141,45.4010
14:24:15.750,689.374177,-0.1865,-0.8525,1.1646,28.1982,-25.2075,-49.8657,-8.0914,-14.9579,41.0065
14:24:15.849,689.474080,0.0986,-0.8252,1.3286,13.7329,17.0898,-46.0815,-8.4814,-15.0073,37.6776
14:24:15.949,689.573968,-0.1094,-0.7192,1.1099,25.0854,15.0757,-35.2783,-7.1521,-16.1554,33.4314
14:24:16.049,689.673902,-0.0068,-0.9521,1.5420,11.8408,-5.0049,-73.0591,-6.6302,-17.5397,28.8062
14:24:16.149,689.773809,0.3472,-0.9111,0.9565,-24.9634,33.6914,-28.5034,-6.5588,-17.5067,25.7904
14:24:16.249,689.873772,-0.0308,-0.9604,1.5146,21.8506,-24.6582,-85.9985,-4.0979,-18.7866,19.0723
14:24:16.349,689.973689,0.7373,-0.9067,0.8872,-49.6826,38.0249,-25.1465,-5.4877,-17.9681,17.3749
14:24:16.449,690.073615,-0.1079,-0.7925,1.1440,-1.9531,-43.3960,-46.8140,-1.5546,-20.1489,9.6460
14:24:16.549,690.173615,0.6201,-1.0083,1.1592,-5.8594,4.9438,-55.3589,-3.5101,-17.3035,8.6517
14:24:16.649,690.273533,-0.2388,-0.6318,0.9878,25.0244,-19.3481,-42.6636,0.2362,-20.4675,0.5603
14:24:16.749,690.373482,0.1367,-1.1475,1.8486,22.6440,23.6816,-67.6270,-1.8677,-18.3472,-1.4062
14:24:16.849,690.473397,0.1387,-0.4702,0.7368,9.5215,2.1973,-29.3579,0.3900,-21.7255,-6.7456
14:24:16.949,690.573355,-0.1426,-0.9600,1.4648,19.6533,-14.5264,-51.4526,-1.0602,-19.5502,-9.0253
14:24:17.049,690.673269,0.2920,-0.4883,0.8511,-9.0332,2.4414,-18.6157,-0.8240,-21.0828,-11.2061
14:24:17.149,690.773213,-0.0884,-0.3716,1.1890,13.0615,-14.7705,-22.5830,-1.3239,-19.9017,-12.9199
14:24:17.249,690.873152,-0.0850,-0.2461,1.1230,-13.0615,18.7988,-10.6201,-3.1091,-19.7314,-12.8156
14:24:17.348,690.973104,-0.1494,-0.3115,1.4326,-12.4512,61.5845,-17.8833,-3.9111,-18.7372,-14.2218
14:24:17.448,691.073039,0.0732,0.0391,1.0400,-21.7285,-0.9155,-2.8687,-5.1910,-19.2151,-14.5734
14:24:17.548,691.173016,-0.3203,0.1187,0.8169,-11.1694,-37.1094,13.4277,-4.8285,-16.0400,-13.9142
14:24:17.648,691.272971,-0.1978,0.2241,0.9316,5.3711,-6.1646,21.4844,-5.5591,-16.0291,-12.0795
14:24:17.748,691.372911,0.0244,0.4854,1.0063,-13.0005,0.7324,35.0342,-6.8719,-13.8977,-8.4265
14:24:17.848,691.472815,-0.3271,0.4111,0.7964,-5.7983,-10.8032,29.0527,-6.4490,-12.4969,-4.3726
14:24:17.948,691.572742,-0.6133,0.5674,1.0015,7.2021,-0.4272,25.5127,-6.3831,-9.5032,-1.1426
14:24:18.048,691.672718,-0.4097,0.7285,0.8745,-21.9116,14.3433,68.5425,-5.9711,-7.3499,2.8345
14:24:18.148,691.772667,-0.2871,0.7188,0.9287,-10.5591,-20.1416,65.5518,-5.6470,-5.1746,8.4045
14:24:18.248,691.872600,-0.3896,0.9258,1.0029,-15.9912,8.3618,67.7490,-5.0757,-2.7466,14.0735
14:24:18.348,691.972527,-0.2925,0.6816,0.9390,-25.8789,7.3242,50.2930,-3.6475,-2.0105,19.7699
14:24:18.448,692.072499,-0.4009,1.0049,0.9209,-6.2866,-8.7280,62.6831,-2.0270,0.4230,24.6478
14:24:18.548,692.172428,-0.4082,0.8335,1.1284,-15.1978,24.7803,59.0210,-0.3790,1.9446,31.5363
14:24:18.648,692.272438,-0.3813,0.9585,0.8984,-12.7563,-7.6904,79.8950,1.7963,2.6807,37.3975
14:24:18.748,692.372362,-0.0889,0.8481,0.9492,-20.7520,-21.0571,81.4819,2.7411,3.6310,45.3955
14:24:18.848,692.472298,-0.2798,0.7617,0.8369,-6.4697,-11.1694,25.0244,4.8230,3.3563,51.5424
14:24:18.948,692.572229,-0.2056,0.9692,0.9609,-19.2261,-1.4648,59.2651,5.6030,4.7241,55.3491
14:24:19.047,692.672148,-0.5708,0.7739,0.9341,6.1646,-8.0566,20.8130,8.2068,4.5319,58.9032
14:24:19.147,692.772110,-0.1392,0.7729,1.0078,3.3569,-3.1128,42.9077,9.5691,4.5044,62.4298
14:24:19.247,692.872065,-0.3184,0.4854,1.0107,-2.1973,18.5547,28.0762,10.6952,4.9219,64.7424
14:24:19.347,692.971944,-0.3750,0.4668,0.9731,-3.0518,-1.5259,17.8223,11.8048,4.3121,67.1265
14:24:19.447,693.071909,-0.1748,0.5464,1.0293,-10.1929,0.8545,52.0020,12.3761,4.6088,70.2576
14:24:19.547,693.171855,-0.1860,0.4814,0.8950,-12.0850,22.0337,25.6348,13.1122,4.7076,73.8226
14:24:19.647,693.271826,-0.2534,0.4902,0.8599,-1.9531,-3.1128,31.1279,14.1064,5.2954,77.4921
14:24:19.747,693.371793,-0.3198,0.7173,0.9932,-16.7847,9.5825,46.1426,14.8700,6.0095,81.3647
14:24:19.847,693.471712,-0.4521,0.6226,0.9043,11.8408,17.8833,19.5312,16.8091,5.4437,85.5835
14:24:19.947,693.571701,-0.2266,0.8306,1.0298,-19.6533,15.8691,38.8794,16.5399,6.1194,86.8634
14:24:20.047,693.671623,-0.2998,0.3765,0.8379,-9.7046,15.6860,16.1743,17.3309,6.2952,89.7418
14:24:20.147,693.771553,-0.3281,0.4707,1.0137,-11.9019,-19.7754,17.3340,16.4465,6.8060,92.1808
14:24:20.247,693.871514,-0.2915,0.5059,0.9756,-19.3481,13.9160,21.7896,15.6885,5.4822,93.5596
14:24:20.347,693.971414,-0.2998,0.3784,0.9692,5.1880,-58.5938,24.1699,15.6720,3.3728,94.4550
14:24:20.447,694.071428,-0.0635,0.4370,0.9785,23.2544,-22.4609,31.6772,17.4957,-1.3788,96.4435
14:24:20.547,694.171326,-0.0898,0.4365,0.8691,-7.3853,-1.5259,28.2593,19.1492,-2.2797,98.6023
14:24:20.647,694.271303,-0.1118,0.3228,1.0718,3.6011,7.0801,18.1274,19.9677,-2.4719,101.1292
14:24:20.747,694.371173,-0.2104,0.3696,1.1040,-15.1978,10.2539,25.9399,18.2703,-1.0217,102.7991
14:24:20.846,694.471149,-0.0518,0.2393,0.9712,-5.3711,10.0098,13.0615,18.4351,-0.5548,104.1229
14:24:20.946,694.571070,-0.0044,0.3125,1.1201,20.0195,19.9585,33.4473,18.9679,1.5051,107.9242
14:24:21.046,694.671001,0.0269,0.3555,0.7734,9.5825,-66.1621,13.5498,20.6708,-1.0162,107.4298
14:24:21.146,694.770949,-0.0332,0.3853,0.8887,16.9067,-42.9077,8.9722,21.7035,-2.7301,108.5944
14:24:21.246,694.870876,-0.1792,0.4727,1.1270,-17.4561,19.9585,4.2725,22.0715,-3.2520,108.3362
14:24:21.346,694.970939,0.0903,0.4062,1.0215,-1.5259,31.5552,27.5269,21.2970,-4.4275,109.7974
14:24:21.446,695.070744,-0.1338,0.0718,0.7319,-7.0801,-14.2822,6.5308,19.3579,-4.4220,110.9180
14:24:21.546,695.170694,0.0005,0.2607,1.1226,12.5122,-3.5400,-10.2539,18.7482,-3.4827,113.8403
14:24:21.646,695.270671,0.1538,0.1943,1.2559,-24.9634,50.5981,10.1929,17.3090,-2.7136,113.3679
14:24:21.746,695.370603,0.2466,0.0649,0.9819,-31.9214,31.6162,-5.3101,16.4081,-3.4717,112.6538
14:24:21.846,695.470520,-0.1167,-0.0591,0.8472,15.1367,-10.0098,-10.6201,16.0236,-2.2961,113.6041
14:24:21.946,695.570472,0.0723,-0.0190,0.9780,-2.8687,-8.4839,-8.1787,14.8480,-1.1975,113.3130
14:24:22.046,695.670404,0.0303,-0.0791,1.1187,-5.9814,5.0049,-8.8501,14.1724,-0.7745,112.5769
14:24:22.146,695.770358,0.0786,-0.1255,1.0264,4.5166,12.6953,-14.1602,13.1012,-0.2966,111.3245
14:24:22.246,695.870291,0.1958,-0.3213,1.0889,-5.0659,15.8691,-29.1748,12.0520,0.2637,108.7427
14:24:22.346,695.970254,0.0317,-0.2417,1.1694,-3.2959,18.6768,-23.7427,10.6073,0.5548,106.1774
14:24:22.446,696.070175,0.2056,-0.2837,1.0723,-5.7373,-3.7231,-19.1650,9.9097,0.8350,104.4635
14:24:22.545,696.170108,-0.0103,-0.3032,1.0220,13.0005,7.5684,-21.1182,9.3658,0.6976,102.2717
14:24:22.645,696.270066,0.1753,-0.3760,1.0986,8.1177,-3.8452,-29.0527,7.8772,0.7471,99.7943
14:24:22.745,696.370004,0.1162,-0.2666,0.9819,-4.0894,5.3711,-16.4185,7.0038,0.6647,97.5916
14:24:22.845,696.469946,0.0215,-0.2769,0.8779,16.6016,-26.2451,-26.8555,6.1908,0.3131,94.9933
14:24:22.945,696.569898,0.2261,-0.3823,1.1787,-6.2256,1.5259,-17.7002,4.4165,0.8075,93.2520
14:24:23.045,696.669846,0.2554,-0.2969,0.8613,-12.6343,20.7520,-20.6299,3.6420,-0.2032,90.4779
14:24:23.145,696.769807,0.0488,-0.4863,1.3550,16.2964,2.1362,-29.5410,1.7358,0.0769,88.3246
14:24:23.245,696.869808,0.1577,-0.3853,0.9946,-25.8179,2.6245,-20.9961,0.8789,-0.7800,86.0724
14:24:23.345,696.969726,0.0972,-0.2168,0.8721,-0.9766,-22.5220,-20.9351,0.7086,-0.9283,83.8037
14:24:23.445,697.069741,-0.1079,-0.3604,1.2705,35.5225,2.7466,-17.8223,-0.6207,-0.9998,82.1613
14:24:23.545,697.169636,0.1250,-0.3433,1.2290,-0.1831,11.5967,-15.5640,-1.2909,-1.7908,80.7660
14:24:23.645,697.269559,-0.0112,-0.2661,1.0332,-4.2114,13.8550,-15.8081,-1.5820,-2.1808,78.8654
14:24:23.745,697.369543,0.0073,-0.2480,0.9341,7.2021,-1.2817,-15.5029,-2.0984,-2.3566,77.1899
14:24:23.845,697.469468,0.1226,-0.2456,1.1470,4.0894,2.8687,-15.3809,-2.9663,-2.8839,75.7507
14:24:23.945,697.569402,0.1309,-0.1333,1.1270,-10.1929,-4.7607,-8.3008,-3.4772,-3.2520,74.6796
14:24:24.045,697.669374,-0.0410,-0.1323,0.8672,-3.2349,-3.6621,-9.9487,-3.5156,-3.2300,73.6084
14:24:24.145,697.769320,-0.1064,-0.2183,0.9492,16.6016,-1.7700,-14.8926,-3.9441,-2.9883,72.2571
14:24:24.245,697.869258,0.0576,-0.1938,0.9814,7.0801,0.7935,-12.5732,-4.1528,-3.3728,71.1310
14:24:24.345,697.969193,0.1362,-0.1958,1.2114,-2.5635,19.7754,-13.3057,-4.5538,-3.4991,70.0543
14:24:24.444,698.069127,0.1489,-0.0864,1.0874,-7.0190,3.9062,-6.2866,-4.7955,-4.0649,69.1370
14:24:24.544,698.169081,-0.0010,-0.0786,0.9585,-20.5078,-11.1084,-7.0801,-4.8944,-3.7354,68.0823
14:24:24.644,698.269026,-0.1377,0.0088,0.9785,10.1929,-25.1465,-8.2397,-4.9603,-3.6035,67.3846
14:24:24.744,698.368960,-0.0503,-0.1445,0.9570,3.4790,7.6904,-2.8687,-6.0040,-3.6639,66.8463
14:24:24.844,698.468919,-0.1211,-0.1313,0.9375,11.4746,-5.3711,-6.3477,-5.4272,-3.5815,66.1597
14:24:24.944,698.568860,-0.0454,-0.2012,1.0063,16.4795,9.3384,-16.2964,-5.4163,-3.5925,65.3522
14:24:25.044,698.668855,0.0645,-0.1230,1.0195,11.2305,5.0049,-9.7656,-5.4163,-3.7793,64.2426
14:24:25.144,698.768771,0.1704,-0.1353,0.9341,-6.0425,6.1646,-9.8877,-4.9713,-4.2407,63.4625
14:24:25.244,698.868718,0.0933,-0.1367,0.9307,10.6812,-10.3760,-11.3525,-4.8669,-4.1418,62.7924
14:24:25.344,698.968678,0.1719,-0.0869,0.9277,-6.2866,-11.7188,-9.0332,-4.8615,-3.9331,62.2925
14:24:25.444,699.068594,-0.0737,-0.0591,0.9771,15.1978,-1.4038,-9.5825,-4.8669,-3.2629,61.7542
14:24:25.544,699.168579,0.1626,-0.1006,1.1060,14.2212,21.8506,-10.1318,-5.2185,-3.4827,61.3422
14:24:25.644,699.268539,0.0815,-0.0342,0.9321,-4.5776,-13.3057,-1.8921,-4.9438,-3.5870,60.8643
14:24:25.744,699.368465,0.0444,-0.1421,0.9565,-6.8359,4.2725,-16.3574,-4.8230,-3.5486,60.2271
14:24:25.844,699.468403,0.0635,-0.1255,0.9321,12.6343,-5.6152,-14.4043,-4.9713,-3.2080,59.5844
14:24:25.944,699.568370,-0.0054,-0.1240,0.9902,-5.7373,9.6436,-0.6714,-5.2789,-3.2520,58.9417
14:24:26.044,699.668324,-0.0791,-0.1123,0.7915,3.2959,-8.6060,-9.0942,-4.6582,-3.1531,58.1891
14:24:26.144,699.768256,-0.2383,-0.0659,1.0234,20.6299,0.3052,-0.7935,-5.0372,-2.6752,57.9584
14:24:26.244,699.868226,0.0757,0.0327,1.0508,-12.5732,7.3242,5.0659,-4.9109,-2.9718,58.1232
14:24:26.343,699.968109,-0.0200,0.0527,0.8789,-5.9204,-3.2959,4.6387,-4.3011,-3.0432,57.7002
14:24:26.443,700.068135,-0.0132,-0.0093,1.0527,7.9346,-8.9111,-1.5869,-3.8837,-2.6257,57.6233
14:24:26.543,700.167968,0.2515,0.0254,1.1567,-8.9722,16.3574,-0.6104,-4.1583,-2.6312,57.7606
14:24:26.643,700.267903,0.1030,0.0396,0.8691,-3.4790,-18.8599,-8.3008,-3.7189,-3.0267,57.2278
14:24:26.743,700.367813,-0.0332,-0.0073,0.9570,-23.5596,-16.8457,0.4272,-4.0045,-2.9004,57.1124
14:24:26.843,700.467787,-0.0898,0.0278,0.8853,10.4980,-32.6538,-1.5869,-3.2849,-2.4225,57.1948
14:24:26.943,700.567704,0.0483,-0.0156,1.2368,4.0283,15.4419,3.5400,-4.0540,-1.8237,57.2992
14:24:27.043,700.667647,0.0415,0.0410,0.9951,-13.9771,6.7139,-1.5259,-3.2410,-2.2357,57.0190
14:24:27.143,700.767554,0.0400,-0.0107,1.0410,8.6060,-0.4272,-6.0425,-3.2794,-1.9391,57.1399
14:24:27.243,700.867513,0.0029,-0.0044,0.9814,-0.5493,9.5215,3.9673,-3.1750,-1.7468,57.0630
14:24:27.343,700.967410,0.0278,0.0112,0.9932,-14.7095,11.7798,0.0000,-3.0212,-1.4557,56.8927
14:24:27.443,701.067427,-0.0781,0.0146,0.9189,6.7139,-2.5635,-4.3945,-2.4500,-1.1810,56.8268
14:24:27.543,701.167349,-0.0474,-0.0161,1.0586,13.5498,2.2583,-2.4414,-2.6312,-0.7526,56.8158
14:24:27.643,701.267297,-0.1172,0.1396,0.9731,2.6245,-3.4790,13.1836,-2.1368,-1.1755,56.9092
14:24:27.743,701.367199,0.1362,0.0854,0.9150,-30.9448,-2.0142,-1.2207,-1.7468,-1.7468,57.4750
14:24:27.843,701.467135,-0.0698,0.0640,0.9551,3.9673,-14.3433,4.0283,-1.1426,-1.1810,57.4860
14:24:27.942,701.567079,-0.0693,0.0503,0.9814,8.9111,-9.5825,3.2959,-1.0602,-0.5164,57.6178
14:24:28.042,701.667054,-0.0054,0.0161,1.1294,6.6528,5.7373,-7.0801,-1.2634,0.0385,57.3267
14:24:28.142,701.766975,0.0088,-0.0146,0.9590,-14.4043,8.7280,-0.0610,-1.2030,-0.0714,57.1289
14:24:28.242,701.866902,-0.0698,0.0898,0.9521,0.3662,-27.9541,0.2441,-0.8459,-0.5768,56.8927
14:24:28.342,701.966874,-0.0493,0.0029,0.9336,5.3101,-18.6157,-2.0752,-1.0657,-0.8459,57.1124
14:24:28.442,702.066782,0.1089,0.0942,1.0322,-6.5308,6.9580,1.4038,-1.1920,-0.6537,57.1454
14:24:28.542,702.166738,-0.1050,0.0259,0.8623,-4.0894,-3.6011,-3.0518,-0.8569,-0.4504,57.3212
14:24:28.642,702.266663,0.0444,0.0044,1.0405,5.2490,0.0000,-2.6855,-1.3239,0.1373,57.4146
14:24:28.742,702.366577,-0.0151,0.0708,0.8628,-1.3428,5.1880,-1.1597,-1.2305,0.4340,56.5906
14:24:28.842,702.466525,0.0088,0.0571,1.0591,9.5215,9.7046,3.9062,-1.2140,0.5109,56.8323
14:24:28.942,702.566460,0.0791,0.0386,1.0908,-21.4233,10.3149,7.6294,-0.9778,0.1538,57.1838
14:24:29.042,702.666394,-0.0347,0.0122,0.9185,8.6060,-17.2729,-11.7798,0.2032,0.5438,57.3376
14:24:29.142,702.766308,-0.0840,0.0171,1.1587,20.5078,-3.2959,-43.7622,-0.1318,1.4227,56.1731
14:24:29.242,702.866247,-0.0776,0.1060,0.9551,23.1934,0.7324,21.6064,0.2252,1.3293,55.7501
14:24:29.342,702.966253,0.1182,0.0190,1.0889,-19.1040,14.2212,-1.2207,0.0549,1.0052,56.2555
14:24:29.442,703.066135,-0.1675,0.0723,0.8101,3.2959,-26.4282,1.1597,1.2140,0.7745,56.5302
14:24:29.541,703.166079,-0.0981,-0.0396,1.1787,21.1792,-0.3052,-2.3804,0.4889,1.9885,57.0245
14:24:29.641,703.266039,0.0557,0.0288,0.9551,-21.2402,11.6577,-2.1973,0.4834,1.6589,57.0410
14:24:29.741,703.365953,0.0015,0.0742,0.9863,-5.5542,0.1221,-8.5449,0.6976,1.6534,56.7609
14:24:29.841,703.465977,-0.0112,0.0342,1.0552,1.0986,-4.6387,0.1221,0.5438,1.6809,56.6949
14:24:29.941,703.565901,-0.1235,0.1426,0.9297,-6.8359,-8.9722,9.8877,0.8405,1.6370,57.1729
14:24:30.041,703.665843,-0.1128,0.0767,0.9648,2.0752,-1.6479,0.6104,1.1206,1.9336,57.6892
14:24:30.141,703.765729,-0.1958,0.0215,0.7642,27.8320,-19.2871,5.1270,1.7084,2.4060,57.8870
14:24:30.241,703.865705,0.0142,0.0186,1.1572,30.7617,17.4561,3.2349,1.0437,3.1091,57.8320
14:24:30.341,703.965616,-0.0742,0.0029,0.8428,-18.8599,5.3101,3.9673,1.3074,1.5326,57.6123
14:24:30.441,704.065555,-0.0366,0.0068,0.9624,4.3945,-23.5596,-5.5542,1.5985,1.7688,57.3376
14:24:30.541,704.165511,-0.0908,-0.0400,1.0093,5.7373,0.1831,1.5259,1.2469,1.9171,57.5079
14:24:30.641,704.265445,-0.1016,0.0190,0.9922,1.5259,-6.8359,-0.3052,1.4722,2.0874,57.1344
14:24:30.741,704.365367,0.0288,-0.0186,0.8374,16.5405,-15.1367,-3.3569,1.9116,1.4227,56.8268
14:24:30.841,704.465277,0.0181,-0.0703,1.2656,3.6621,-2.0142,-2.5024,0.8405,1.8347,56.6235
14:24:30.941,704.565258,-0.1968,0.0801,0.6670,-8.8501,-17.8833,7.2632,1.5546,0.8459,56.6895
14:24:31.041,704.665169,0.1626,0.0454,1.1289,16.9678,-17.4561,-10.1929,1.1481,1.6589,56.8378
14:24:31.140,704.765089,0.0737,0.0767,1.1025,-29.5410,21.9116,10.6201,0.7196,1.2744,57.1783
14:24:31.240,704.865050,-0.0522,0.0615,0.9854,-9.8267,4.8828,-3.2959,1.7358,1.1646,57.1234
14:24:31.340,704.964984,0.0332,0.0122,1.1763,5.7373,16.9067,-2.1362,1.2085,1.5546,57.6288
14:24:31.440,705.064969,-0.1499,0.0806,1.0596,-5.9204,22.8882,1.2207,1.1975,2.0490,57.5409
14:24:31.540,705.164909,0.0361,0.0635,1.0166,-6.7139,18.0664,2.1362,1.3019,1.5656,57.5629
14:24:31.640,705.264862,0.0664,0.0791,1.2637,-13.6108,24.9023,-0.3052,0.7965,1.8732,57.6453
14:24:31.740,705.364763,-0.0127,0.0020,0.9717,-21.7285,16.2354,2.9297,1.0876,1.1206,57.6947
14:24:31.840,705.464729,-0.1177,-0.0024,0.9536,16.1133,-28.6865,-10.3760,1.8732,1.7029,57.2278
14:24:31.940,705.564736,0.0537,-0.0801,1.2397,14.2822,22.3389,0.4883,0.9668,2.8455,57.5134
14:24:32.040,705.664642,-0.1484,0.0156,0.8892,-9.4604,4.7607,4.8218,1.2744,1.8732,57.1674
14:24:32.140,705.764561,-0.1099,0.0200,1.1079,18.2495,-9.8267,-2.3804,1.5710,2.0764,57.0190
14:24:32.240,705.864480,-0.0044,0.0249,0.9224,9.7656,-2.0752,2.6245,2.1863,1.5436,57.3706
14:24:32.340,705.964405,-0.0903,0.0996,1.1318,4.2114,3.9673,3.9673,2.0325,1.7963,57.5574
14:24:32.440,706.064448,-0.0264,0.0830,0.9180,-19.7144,10.1318,8.7891,1.8127,1.1865,57.6947
14:24:32.540,706.164388,-0.0444,0.0645,0.8696,2.4414,-28.7476,-2.6245,2.3895,1.2469,57.4091
14:24:32.640,706.264322,-0.0684,0.0347,1.1001,16.4795,-13.4277,-1.6479,1.8842,2.2687,57.4969
14:24:32.740,706.364250,-0.0117,0.0093,0.9556,-10.1318,-3.2959,4.3945,1.6809,2.1204,57.2333
14:24:32.839,706.464135,-0.1211,0.0317,0.8452,8.3008,-23.0103,0.0000,1.9391,2.2247,56.9092
14:24:32.939,706.564098,0.0547,-0.0273,1.1147,9.7656,-2.5024,-0.7935,1.2524,2.6093,57.0135
14:24:33.039,706.663997,-0.0864,0.0464,0.8569,-12.5122,-16.1743,6.4697,1.2909,2.0215,57.0465
14:24:33.139,706.763935,-0.0200,0.1099,0.9785,8.6670,-20.5688,-1.0986,1.7743,1.9281,57.0520
14:24:33.239,706.863887,-0.0708,-0.0068,1.2534,15.3198,13.0615,3.2349,1.2415,2.6367,57.4969
14:24:33.339,706.963836,-0.0083,0.0488,1.0938,8.6670,12.8174,5.3101,1.5161,2.3566,57.9419
14:24:33.439,707.063982,0.0688,0.0654,0.9565,-6.8970,-2.7466,0.3052,1.8073,1.9940,57.8979
14:24:33.539,707.163786,-0.0190,0.0088,0.9502,-18.7988,-12.3901,5.0049,2.0270,1.9666,57.7606
14:24:33.639,707.263719,-0.0171,0.0195,0.9629,5.3711,-26.6113,-5.9814,2.0490,2.9773,57.6343
14:24:33.739,707.363642,-0.1230,-0.0630,1.2451,25.4517,20.0806,-0.5493,1.2305,3.5046,57.4969
14:24:33.839,707.463575,-0.0405,-0.0039,1.0132,-18.9819,31.3110,5.0049,1.5051,2.2522,57.3541
14:24:33.939,707.563543,-0.1284,0.0293,0.9561,6.2866,-12.6343,-3.6621,2.0435,2.8125,56.9586
14:24:34.039,707.663471,0.0332,-0.0229,1.1597,0.0000,8.2397,-2.9297,1.4062,2.9333,57.0685
14:24:34.139,707.763436,-0.0825,0.0210,0.9849,-7.9346,0.1221,0.6104,1.6919,2.9718,56.5796
14:24:34.239,707.863378,-0.0215,-0.0063,0.9497,1.9531,-1.0986,-0.2441,1.6644,2.7136,56.5576
14:24:34.339,707.963327,0.0020,-0.0518,1.0654,4.2725,-0.4883,-7.3242,1.4502,3.0597,56.2115
14:24:34.439,708.063269,0.0337,-0.0493,0.9780,-6.5308,2.9907,-6.7749,1.7688,2.9938,55.5524
14:24:34.539,708.163222,-0.1025,-0.1011,0.9443,14.2212,-10.6812,-7.8125,1.5436,3.4772,54.9371
14:24:34.639,708.263182,0.0415,-0.1460,1.1074,17.7612,-9.7046,-13.3057,1.6150,3.8562,53.8550
14:24:34.738,708.363053,-0.0063,-0.1187,1.0005,10.4980,-7.6904,-1.8921,1.8347,3.9111,52.9596
14:24:34.838,708.462995,0.0796,-0.1572,1.0981,0.4883,7.5684,-8.7280,1.6699,3.4442,52.7124
14:24:34.938,708.562913,-0.0688,-0.1494,0.8730,-12.2070,-23.5596,-6.1646,1.7084,3.3179,51.9598
14:24:35.038,708.662838,0.1616,-0.3286,1.0508,8.4839,-3.1128,-16.1133,0.8789,3.2629,51.1743
14:24:35.138,708.762803,0.1104,-0.3789,1.1084,-0.4272,-3.9673,-23.9868,-0.4230,3.3014,49.4440
14:24:35.238,708.862738,-0.0962,-0.3789,1.0410,-3.9673,4.8218,-16.4185,-1.1591,3.3179,47.2961
14:24:35.338,708.962685,-0.0679,-0.5039,1.2832,28.0762,8.6670,-22.0947,-2.4060,2.8290,45.6866
14:24:35.438,709.062691,0.2363,-0.5967,1.0854,-7.7515,9.9487,-13.5498,-3.4827,1.8512,44.4836
14:24:35.538,709.162587,0.1572,-0.5005,0.8945,-8.7891,4.9438,-17.2119,-3.6200,1.3403,42.2864
14:24:35.638,709.262546,0.0093,-0.7095,1.2012,11.9629,0.5493,-36.7432,-4.7955,1.1810,39.6387
14:24:35.738,709.362480,0.0601,-0.9326,1.1787,6.2866,9.5215,-30.0903,-6.1469,0.8130,36.6064
14:24:35.838,709.462377,0.2080,-0.7339,0.9370,-4.9438,8.1787,-25.2686,-7.5146,0.1813,33.6841
14:24:35.938,709.562317,-0.2041,-0.6235,0.8975,-10.1318,-9.3384,-15.5640,-7.9651,-0.3351,30.7452
14:24:36.038,709.662225,0.0659,-0.8066,1.3091,32.8369,10.6201,-29.4800,-9.4537,-0.8844,28.0536
14:24:36.138,709.762179,0.2925,-0.8745,1.2690,3.8452,7.0801,-22.1558,-10.6128,-1.6589,25.7959
14:24:36.238,709.862135,0.2832,-0.6714,0.9844,-11.2305,-1.2207,-23.3765,-11.5192,-2.7631,23.9502
14:24:36.337,709.962059,0.0747,-0.6118,1.0493,-7.5073,-4.6997,-12.7563,-11.9586,-2.9718,22.3022
14:24:36.437,710.062036,-0.0439,-0.6055,1.2515,21.4844,-2.1973,-18.3716,-12.1893,-3.5101,20.7422
14:24:36.537,710.161977,0.1890,-0.6250,1.1309,5.7983,1.4648,-17.0288,-13.1781,-4.0320,19.2755
14:24:36.637,710.261903,-0.0532,-0.4355,0.9243,-0.1221,-4.3945,-18.9819,-12.7606,-5.1526,16.6058
14:24:36.737,710.361842,0.2998,-0.7559,1.1294,30.4565,-1.8921,-35.8276,-13.9471,-5.1801,14.2218
14:24:36.837,710.461757,0.1704,-0.8994,1.1650,1.6479,7.5684,-25.8179,-13.4747,-6.1743,11.1182
14:24:36.937,710.561690,0.4189,-0.8394,1.0483,-2.1973,8.4229,-35.6445,-14.0350,-6.9763,8.5913
14:24:37.037,710.661659,-0.2534,-0.6792,1.0234,-6.9580,-9.3384,-21.9116,-12.9858,-7.4707,5.1801
14:24:37.137,710.761579,0.1943,-0.8442,1.2573,37.7197,12.3901,-33.6914,-13.6230,-7.4762,3.2465
14:24:37.237,710.861517,-0.0283,-1.0747,1.3906,25.5127,-3.3569,-34.1797,-12.3322,-8.6243,-0.4724
14:24:37.337,710.961486,0.5059,-0.6890,0.7217,-0.3052,18.1274,-26.2451,-14.3317,-9.7009,-2.3016
14:24:37.437,711.061410,-0.3706,-1.0996,1.4331,7.2021,-6.1646,-72.0825,-11.7499,-10.5194,-7.6740
14:24:37.537,711.161368,0.5015,-0.7700,0.8950,-2.7466,-7.7515,-57.9224,-13.4967,-11.7828,-11.1456
14:24:37.637,711.261336,0.1436,-1.3560,1.5537,23.8647,27.1606,-50.1099,-12.5024,-12.5574,-15.3369
14:24:37.737,711.361270,0.0859,-1.0015,1.2798,7.8735,-7.2632,-54.3213,-11.8433,-13.8702,-20.0391
14:24:37.837,711.461255,-0.1763,-1.2158,1.2935,22.5220,5.8594,-31.2500,-10.3052,-15.5511,-25.1147
14:24:37.937,711.561139,0.4312,-1.0918,1.4873,25.0244,-6.0425,-63.4766,-10.2228,-15.9961,-28.5645
14:24:38.036,711.661118,0.0483,-1.0571,1.2354,-6.0425,-2.0752,-25.0244,-9.0472,-17.5616,-32.8821
14:24:38.136,711.761051,0.3574,-1.0503,1.3887,18.3105,-32.2876,-54.6875,-8.3606,-18.0505,-36.0077
14:24:38.236,711.861009,0.0176,-1.0654,1.2876,-36.8652,20.2637,-18.7378,-8.9429,-19.5447,-38.7323
14:24:38.336,711.960933,0.5786,-1.2012,1.4722,6.0425,-23.7427,-58.5938,-8.5309,-20.1050,-41.4679
14:24:38.436,712.060965,-0.2573,-0.9194,1.1025,-25.2686,-8.6670,-13.3667,-7.4487,-21.1432,-45.5603
14:24:38.536,712.160977,0.5498,-1.0439,1.0474,39.3677,-9.4604,-67.7490,-8.0969,-21.5057,-48.1146
14:24:38.636,712.260828,0.0239,-1.0933,1.4316,-39.5508,-28.4424,-20.3857,-4.5978,-21.8463,-53.2178
14:24:38.736,712.360714,0.6768,-0.5542,0.7812,-10.0098,-33.9966,-52.3071,-5.2020,-23.0164,-55.9094
14:24:38.836,712.460672,0.0122,-1.1670,1.4971,-8.4229,-9.4604,-16.6626,-3.2629,-22.4670,-59.5844
14:24:38.936,712.560622,0.3389,-0.8530,1.2437,2.0752,-25.5737,-63.4766,-3.1366,-24.2029,-63.5339
14:24:39.036,712.660559,0.3716,-1.1343,1.6846,-5.8594,39.9780,-12.9395,-3.6310,-23.7689,-66.0938
14:24:39.136,712.760518,0.2646,-0.8154,1.2041,4.6387,-12.0239,-66.4062,-2.5323,-25.4938,-70.4114
14:24:39.236,712.860466,0.4697,-1.0850,1.8008,7.2021,28.5034,-27.0386,-3.1091,-24.6259,-72.5977
14:24:39.336,712.960435,-0.1616,-0.7803,1.1582,-5.0049,29.3579,-10.3760,-2.5269,-26.1804,-76.0309
14:24:39.436,713.060391,0.2363,-0.7954,1.3721,47.4243,-15.0146,-54.3213,-3.7354,-25.3729,-76.8439
14:24:39.536,713.160326,0.0977,-0.6206,0.7695,-35.9497,-6.0425,2.9907,-3.7848,-25.9662,-79.7278
14:24:39.636,713.260314,0.1221,-0.7427,1.5239,31.8604,-19.1650,-65.7349,-3.2520,-25.7190,-82.4304
14:24:39.736,713.360193,0.3364,-0.6514,0.8486,-27.8320,7.3242,-8.5449,-4.1748,-25.3729,-84.4849
14:24:39.835,713.460158,0.0391,-0.5078,1.1016,15.7471,-17.0288,-53.1006,-2.6807,-25.7190,-88.0719
14:24:39.935,713.560096,0.0771,-0.7275,1.4058,-14.5264,-3.2959,-11.0474,-4.0375,-24.9170,-89.4397
14:24:40.035,713.659957,0.0020,-0.4468,1.2524,0.1221,8.7280,-5.0659,-4.5319,-24.9719,-90.3076
14:24:40.135,713.759901,-0.0063,-0.1714,0.8062,20.2026,-12.0239,-6.1646,-4.7516,-24.9390,-90.1044
14:24:40.235,713.859826,-0.0464,-0.0884,0.8374,10.3760,-15.3809,-2.0752,-5.8722,-24.2578,-89.4342
14:24:40.335,713.959761,-0.4121,-0.1167,0.6211,3.8452,-29.0527,-12.9395,-4.1913,-22.8296,-90.2142
14:24:40.435,714.059687,0.2705,0.2808,0.9482,32.5928,-17.5781,12.3291,-6.6248,-21.9452,-88.6542
14:24:40.535,714.159709,-0.4644,0.3384,0.8154,-69.5801,0.6714,50.9644,-10.4480,-21.3354,-84.2871
14:24:40.635,714.259701,-0.5771,0.2144,0.5591,9.5825,-58.6548,-24.6582,-11.6455,-14.4910,-71.7847
14:24:40.735,714.359571,0.3560,1.0527,0.9751,-15.9302,21.7896,82.4585,-12.5574,-11.6180,-72.3230
14:24:40.835,714.459487,0.1113,-0.1611,1.3101,-5.0049,-25.7568,-72.8149,-10.4150,-10.0854,-70.3564
14:24:40.935,714.559386,-0.1978,0.2690,1.1289,46.3867,40.6494,0.0000,-8.6243,-8.1354,-69.6588
14:24:41.035,714.659357,0.2705,0.5093,0.5732,-88.1348,40.3442,6.7139,-8.8000,-10.4974,-70.8618
14:24:41.135,714.759336,-0.6392,-0.0654,0.6758,39.5508,-111.3281,-64.2700,-5.0592,-7.1466,-65.6268
14:24:41.235,714.859262,0.1240,0.3506,0.6436,2.1362,23.3765,21.6064,-6.1798,-6.0809,-65.5554
14:24:41.335,714.959210,-0.0249,0.5186,1.5024,-31.0669,65.9180,30.7617,-5.5261,-2.1313,-63.3417
14:24:41.435,715.059166,0.1270,0.0845,0.5430,0.9766,-4.8828,-22.0337,-2.6807,-4.5264,-63.6713
14:24:41.535,715.159136,-0.2407,-0.1055,1.2021,1.8311,11.1084,1.6479,-2.1753,-1.1481,-63.3801
14:24:41.634,715.259097,0.0913,0.2544,1.0596,-3.1738,9.7046,3.4790,-1.6534,-0.6537,-63.3911
14:24:41.734,715.358991,-0.0498,0.0918,0.8462,-27.6489,-5.4321,-11.3525,-1.4832,-1.1755,-63.6163
14:24:41.834,715.458969,-0.2451,0.0449,0.7539,22.6440,-64.7583,2.6245,-0.0165,-1.2964,-62.7155
14:24:41.934,715.558882,-0.0200,0.0049,0.9844,28.2593,-27.3438,-6.7749,-0.1758,0.9778,-62.8638
14:24:42.034,715.658831,-0.0234,-0.1890,1.3247,-3.9673,76.5381,-9.3994,-0.4834,1.1041,-63.9844
14:24:42.134,715.758792,-0.1763,0.0596,0.7007,15.8081,11.8408,-3.4790,0.9393,1.4777,-65.2917
14:24:42.234,715.858779,-0.0840,-0.0527,1.3682,-2.2583,16.2964,-6.2256,-0.2637,3.0817,-65.2478
14:24:42.334,715.958696,-0.1006,0.1216,0.9194,-0.7935,7.5684,12.3901,0.9998,2.6862,-64.9567
14:24:42.434,716.058641,-0.0435,0.0068,1.1279,-16.7847,6.3477,6.5308,-0.0549,2.9938,-63.9789
14:24:42.534,716.158613,-0.1616,0.0190,0.7798,11.1084,-30.7007,-18.1274,1.2195,2.4225,-64.5447
14:24:42.634,716.258601,-0.0752,0.1182,1.0142,8.1177,-14.4043,10.4370,0.2911,4.3506,-63.7866
14:24:42.734,716.358547,0.0649,0.0342,1.5288,-6.1646,44.4336,-10.6201,0.3625,4.8450,-63.9899
14:24:42.834,716.458473,0.2344,0.0005,0.9404,-36.9263,36.0107,-6.7139,1.4008,2.8510,-64.3359
14:24:42.934,716.558404,-0.0459,0.0044,0.7632,12.7563,-42.2974,-0.2441,1.8347,2.9938,-64.4183
14:24:43.034,716.658372,-0.2207,0.1738,1.0864,22.2168,-19.1650,-26.3672,2.0709,4.3835,-68.2251
14:24:43.134,716.758351,0.0649,0.0605,0.8271,10.3760,-2.6855,9.9487,4.0814,3.3453,-68.6700
14:24:43.234,716.858295,-0.1660,0.0444,1.0439,16.3574,-3.1738,-2.7466,3.3069,4.9219,-68.5162
14:24:43.334,716.958267,0.0488,0.2935,1.1094,-45.0439,29.5410,-4.6997,2.4774,4.7131,-68.7854
14:24:43.434,717.058224,-0.2471,-0.0278,0.8770,26.3062,-38.6963,1.9531,3.8068,4.5648,-68.5217
14:24:43.534,717.158202,-0.3521,0.0508,1.1323,18.6768,-8.6060,5.3711,2.4829,5.0922,-68.5437
14:24:43.634,717.258158,-0.0527,0.0527,0.9888,49.6826,-47.6685,1.8921,3.5211,3.6310,-68.7579
14:24:43.733,717.358088,0.2134,0.2300,0.8989,-3.4790,22.6440,-17.6392,7.3389,-1.0931,-69.6973
14:24:43.833,717.458010,-0.4204,-0.0312,0.9043,-39.4287,25.7568,9.6436,5.3448,1.3513,-69.2853
14:24:43.933,717.557951,-0.1641,-0.0215,0.9614,54.4434,-47.3633,-6.8359,4.7351,4.6417,-68.9447
14:24:44.033,717.657905,0.5039,0.2920,1.0186,-79.2236,104.7974,-8.8501,4.6143,0.6427,-70.3784
14:24:44.133,717.757864,-0.3159,-0.1846,0.4321,0.6714,-112.9761,-5.9204,6.7236,1.8787,-69.8346
14:24:44.233,717.857868,-0.1606,0.1631,1.4854,55.6030,4.2725,21.9727,3.6639,6.9873,-69.1260
14:24:44.333,717.957795,0.1904,0.0894,1.4678,-56.6406,122.9248,-16.6626,3.1915,2.7246,-67.8296
14:24:44.433,718.057804,-0.3779,-0.1880,0.6904,-10.4370,-78.5522,-1.9531,5.7294,2.8345,-67.8680
14:24:44.533,718.157724,0.1943,0.1514,1.3115,15.0146,-31.1890,-2.6855,3.3673,5.4767,-68.1097
14:24:44.633,718.257677,0.0659,0.1382,0.7246,-25.1465,-9.2163,-5.9814,4.6527,3.3508,-68.1537
14:24:44.733,718.357576,-0.1221,0.1450,0.8359,18.2495,-45.5933,6.5308,3.6859,5.3888,-67.9120
14:24:44.833,718.457499,-0.3018,0.0752,1.3823,-1.5869,52.9785,0.5493,2.4390,5.0977,-68.3734
14:24:44.933,718.557468,-0.5610,-0.0732,0.5488,3.1738,4.8828,-3.4790,3.7244,4.9438,-68.5437
14:24:45.033,718.657379,-0.2744,0.0850,1.1123,-4.6387,9.6436,-6.5308,2.2522,7.1082,-68.7250
14:24:45.133,718.757339,-0.2866,0.0024,0.8340,-12.7563,-9.7046,-3.6011,2.8729,7.4487,-69.1589
14:24:45.233,718.857290,-0.2837,-0.0488,1.1108,-2.0142,-5.3711,-1.5259,2.3566,8.9374,-68.8129
14:24:45.333,718.957226,-0.3545,-0.0571,1.0396,3.3569,4.8218,-7.2021,2.2961,10.1239,-69.0765
14:24:45.433,719.057164,-0.5098,-0.0410,1.0068,1.8311,7.0801,0.3662,2.1808,10.7227,-69.5764
14:24:45.533,719.157136,-0.4585,0.0425,0.7588,5.9814,-7.9956,5.6763,2.0929,11.3434,-69.3018
14:24:45.632,719.257124,-0.5938,-0.0132,0.9790,35.7056,-15.5640,5.6763,1.7029,12.5244,-69.2743
14:24:45.732,719.357085,-0.1079,0.0342,0.9946,-13.1836,3.9062,1.0376,1.7578,12.0300,-68.8953
14:24:45.832,719.457029,-0.5034,0.0649,0.4136,15.0146,-60.6689,14.1602,3.0432,12.9858,-68.5327
14:24:45.932,719.556910,-0.4473,-0.1270,1.3359,53.2227,-12.3901,6.7139,0.4395,15.1941,-69.5105
14:24:46.032,719.656872,0.0645,-0.1235,1.1177,-50.5981,39.3677,-29.0527,0.4559,13.8593,-70.1752
14:24:46.132,719.756799,-0.3677,-0.2954,0.6792,2.1973,-28.3813,-14.4653,0.9448,14.1449,-71.5869
14:24:46.232,719.856763,-0.2114,-0.4375,0.9946,25.9399,-6.0425,-31.0059,-1.1316,15.1831,-74.8114
14:24:46.332,719.956742,-0.3145,-0.7764,1.5972,-12.6953,37.4756,-60.8521,-3.4003,15.8203,-78.5358
14:24:46.432,720.056669,-0.4492,-0.6621,1.2456,21.8506,41.1987,-15.8081,-4.9713,15.0238,-82.1393
14:24:46.532,720.156608,-0.2397,-0.7935,1.2739,21.4233,40.1611,-27.9541,-6.5698,14.1833,-85.1770
14:24:46.632,720.256568,-0.3003,-0.6685,1.0029,13.7939,5.7983,-22.3389,-7.4048,12.8375,-88.2202
14:24:46.732,720.356495,-0.0825,-0.8267,1.2993,18.0664,11.5356,-44.2505,-8.9319,12.1234,-91.5656
14:24:46.832,720.456434,-0.3501,-0.4976,0.8062,-11.7798,-25.1465,-40.0391,-9.2889,8.9044,-95.7349
14:24:46.932,720.556393,0.3467,-0.8813,1.1240,6.6528,32.1045,-29.6631,-11.9421,11.4972,-97.2949
14:24:47.032,720.656321,-0.8135,-0.8730,1.1196,12.3291,1.6479,-61.7065,-10.6348,6.0535,-106.0675
14:24:47.132,720.756285,0.2720,-0.8159,1.2285,15.0146,-13.6719,-70.3735,-11.0193,7.6080,-106.7761
14:24:47.232,720.856176,-0.8018,-0.9404,0.7222,39.0625,13.8550,-2.1362,-12.5848,4.2242,-113.6810
14:24:47.331,720.956148,0.0239,-0.8491,1.6396,22.4609,-39.3066,-86.3647,-12.1619,4.4495,-117.3230
14:24:47.431,721.056096,0.1118,-0.8945,1.0723,-5.9204,20.0806,-21.4844,-12.7606,1.6809,-121.7615
14:24:47.531,721.155971,-0.5176,-0.9526,1.3691,22.4609,12.8784,-67.4438,-13.2550,-0.1208,-126.5955
14:24:47.631,721.255920,0.8271,-0.8018,0.9971,-15.3809,-4.8218,-68.7866,-14.2932,-0.9174,-129.5398
14:24:47.731,721.355805,-0.6978,-0.7803,0.7407,11.9019,20.1416,-18.6157,-12.9803,-4.1638,-137.2852
14:24:47.831,721.455767,0.1484,-0.5923,1.0718,25.6958,-43.1519,-106.5063,-14.1504,-3.7683,-140.7294
14:24:47.931,721.555700,-0.1348,-1.1479,1.1235,24.1699,18.0054,-10.5591,-12.1509,-5.9601,-147.4420
14:24:48.031,721.655630,0.1558,-0.8076,1.2876,34.3018,-21.9727,-97.8394,-11.6455,-8.0365,-152.5232
14:24:48.131,721.755545,0.1587,-0.8906,1.2354,-3.9673,-5.7373,-49.1943,-10.9863,-9.4977,-157.4341
14:24:48.231,721.855507,0.0381,-0.7720,1.1113,11.7798,-26.7944,-74.9512,-8.5364,-11.5851,-164.3994
14:24:48.331,721.955456,0.0898,-0.8999,0.9146,15.5029,18.6157,-45.0439,-8.2672,-12.1124,-168.6896
14:24:48.431,722.055411,0.0820,-0.7246,1.2720,39.4287,-20.6909,-76.3550,-6.4655,-11.7773,-174.1718
14:24:48.531,722.155381,0.1011,-0.8828,1.1123,7.1411,26.1230,-7.6904,-5.9326,-13.2056,-177.7368
14:24:48.631,722.255306,0.2256,-0.6279,1.1616,16.9678,-25.1465,-76.0498,-5.2130,-13.2715,178.5718
14:24:48.731,722.355235,-0.0190,-0.7959,1.0972,7.9346,18.5547,2.9297,-4.5978,-13.4308,176.4844
14:24:48.831,722.455235,-0.1816,-0.4316,1.1772,18.1274,-36.7432,-73.9136,-3.5651,-14.9304,172.8314
14:24:48.931,722.555167,0.1021,-0.4263,1.0249,-10.2539,8.4839,-0.7324,-3.7079,-14.6942,171.2439
14:24:49.030,722.655084,-0.0654,-0.1484,0.9648,22.3999,-27.4048,-63.0493,-2.4225,-14.9194,168.3325
14:24:49.130,722.755035,-0.0039,-0.5273,1.2861,0.4883,17.2119,-14.4653,-2.4445,-14.3262,166.2286
14:24:49.230,722.854988,0.2275,-0.3086,0.9800,-16.9067,-0.0610,-40.9546,-1.9611,-14.7821,163.1250
14:24:49.330,722.954950,0.1182,-0.3838,1.2314,-18.9209,-26.9775,-20.1416,-1.3623,-14.3207,160.9058
14:24:49.430,723.054863,-0.0591,-0.2695,1.0068,2.5635,-28.6255,-24.9634,-0.6042,-14.2987,159.5325
14:24:49.530,723.154830,-0.1914,-0.1934,1.0059,21.3623,14.2822,-20.9961,-0.6812,-13.0518,157.8186
14:24:49.630,723.254799,-0.0625,-0.1138,0.7598,38.6353,-59.8755,-31.2500,0.2637,-13.9197,155.9894
14:24:49.730,723.354715,-0.1772,-0.2222,0.9756,8.9722,28.4424,-4.3945,-0.1538,-11.8597,155.6927
14:24:49.830,723.454630,0.0557,-0.2808,1.0933,38.0859,-11.1694,-40.2832,0.0549,-13.5187,153.6438
14:24:49.930,723.554562,0.0415,-0.3921,1.2905,-29.0527,37.8418,-15.5029,1.0547,-12.6837,151.7212
14:24:50.030,723.654518,-0.1074,-0.2266,0.9121,24.5972,-39.7949,-49.3164,1.9446,-13.7988,148.8702
14:24:50.130,723.754452,-0.1748,-0.1025,1.2407,3.3569,33.6304,7.4463,1.4172,-12.3981,147.0850
14:24:50.230,723.854438,0.0098,-0.2080,0.7065,37.7197,-62.1338,-64.3311,2.0160,-13.7384,145.4370
14:24:50.330,723.954373,-0.2656,-0.3398,1.0225,3.4790,9.2773,-4.2114,1.2579,-10.8325,144.1791
14:24:50.430,724.054386,0.0581,-0.0903,0.9043,15.7471,-1.3428,-30.2124,1.2964,-12.2882,142.2675
14:24:50.530,724.154298,-0.2085,-0.2812,0.9995,14.0381,-30.2124,-19.6533,1.4777,-10.8655,141.1523
14:24:50.630,724.254213,0.0737,-0.1948,1.0127,-5.1270,18.6768,-27.2217,0.9998,-12.1179,138.5925
14:24:50.730,724.354138,0.1113,-0.1333,1.2158,-5.9814,35.8276,-21.3623,1.0767,-10.2887,136.2524
14:24:50.829,724.454070,0.0464,-0.1709,1.0010,-22.0947,-38.6963,-12.5732,-0.0275,-8.5529,135.8130
14:24:50.929,724.554051,-0.0620,-0.1484,1.0864,17.2729,18.5547,-15.2588,-0.9558,-7.9980,134.6429
14:24:51.029,724.653960,-0.0190,-0.2437,0.9937,10.8032,-10.1318,-31.6162,-1.6370,-8.4595,133.0389
14:24:51.129,724.753882,0.0293,-0.1865,1.1294,-10.0708,-23.8037,-9.7046,-2.1478,-8.8495,132.0227
14:24:51.229,724.853837,-0.0146,-0.1987,0.9761,-7.3242,8.7891,-5.5542,-2.1313,-8.3990,130.9131
14:24:51.329,724.953779,-0.0186,-0.1240,0.9844,1.0986,-28.8086,-21.3623,-2.5269,-8.8605,129.9243
14:24:51.429,725.053770,-0.1187,-0.1299,1.0952,0.1831,12.6343,-6.5918,-2.6697,-7.4487,129.0015
14:24:51.529,725.153678,-0.0669,-0.0396,0.8906,21.5454,12.3291,-16.9067,-2.0544,-7.1356,128.1061
14:24:51.629,725.253661,-0.0400,-0.0786,1.1211,2.1362,26.3672,-4.5776,-3.0157,-6.8610,128.0896
14:24:51.729,725.353567,-0.1782,0.0132,0.9614,2.6855,-6.7139,2.3804,-2.3730,-6.0535,127.6721
14:24:51.829,725.453503,-0.3999,0.0771,0.8755,-12.7563,-26.0010,8.2397,-2.3401,-6.0425,127.5842
14:24:51.929,725.553451,0.0337,0.2266,1.0737,6.2866,4.5776,-1.5869,-2.1259,-4.3561,128.7872
14:24:52.029,725.653410,-0.2334,0.0830,1.0112,-12.3901,1.8311,12.6953,-1.4502,-3.1915,128.8367
14:24:52.129,725.753338,-0.2661,0.1997,0.7769,11.6577,-21.6064,2.3804,-0.3186,-2.6422,129.4574
14:24:52.229,725.853285,-0.3691,-0.0186,0.8013,26.3672,10.6201,-12.6343,-0.2032,0.2582,129.6881
14:24:52.329,725.953249,0.0532,0.2827,1.2168,4.2114,69.4580,-4.0283,-0.5109,0.6537,131.7865
14:24:52.429,726.053207,-0.4487,0.1777,0.8613,-41.0156,14.1602,24.9634,0.1593,0.4834,132.2589
14:24:52.529,726.153176,-0.2666,0.3062,0.9102,7.1411,-13.7329,6.3477,1.4832,2.0654,134.2969
14:24:52.628,726.253114,-0.4302,0.2773,0.8188,-0.4272,-10.4980,13.7329,2.6477,3.9716,134.8022
14:24:52.728,726.353035,-0.2798,0.5195,1.1064,2.3804,18.9209,9.9487,2.8839,4.9384,137.1368
14:24:52.828,726.452989,-0.3745,0.5303,0.9883,-9.8877,31.9824,27.7100,3.9441,5.4602,138.6530
14:24:52.928,726.552936,-0.2681,0.5049,1.0278,-21.1182,-2.6855,24.5972,4.5483,5.3503,141.1798
14:24:53.028,726.652886,-0.4922,0.4443,0.7739,-5.8594,5.9204,19.3481,5.6909,6.4325,142.5641
14:24:53.128,726.752807,-0.5278,0.4795,0.9839,-12.2681,2.8076,17.5781,6.7017,8.2562,144.3768
14:24:53.228,726.852800,-0.3628,0.5088,0.7764,-24.0479,-15.5029,40.0391,7.5256,9.5966,146.4642
14:24:53.328,726.952709,-0.6680,0.6509,0.8574,-7.8125,-9.1553,38.7573,8.7506,10.8820,148.6340
14:24:53.428,727.052641,-0.8354,0.2915,0.7632,-3.4180,-46.1426,-5.3711,8.7231,11.9037,151.1169
14:24:53.528,727.152763,-0.3999,0.8579,0.8687,-67.8101,19.8975,79.3457,10.1459,14.0131,157.2308
14:24:53.628,727.252615,-0.9839,0.5991,0.4805,7.6294,2.6245,39.3677,11.9641,14.6997,159.7632
14:24:53.728,727.352479,-0.8267,0.6802,0.9189,3.4790,-29.0527,11.9629,11.7828,15.3534,168.0579
14:24:53.828,727.452495,-0.5259,0.7466,0.4746,-46.1426,2.5024,85.5713,15.3644,14.5844,170.7825
14:24:53.928,727.552440,-0.4722,1.1509,1.0308,-49.8657,14.2822,110.8398,15.3424,14.2657,179.2694
14:24:54.028,727.652314,-0.6587,0.9180,0.7041,2.2583,-1.5259,69.8853,17.3859,13.3209,-173.3258
14:24:54.128,727.752246,-0.6533,0.6753,0.9639,-15.5029,0.4272,27.0996,18.7482,12.2992,-168.3765
14:24:54.228,727.852183,-0.3018,0.7222,0.8950,-4.1504,-25.2075,15.1978,19.7150,12.4200,-166.4264
14:24:54.328,727.952158,-0.7769,0.3384,0.8315,-3.9673,9.4604,4.5166,20.8685,12.9089,-167.0966
14:24:54.427,728.052143,-0.6655,0.8701,1.0068,-26.4893,15.0146,38.5132,21.5442,14.6887,-164.1302
14:24:54.527,728.152069,-0.6143,0.7368,0.9893,-13.7939,7.1411,62.3779,20.7751,13.9471,-159.3182
14:24:54.627,728.252079,-0.4829,0.8262,0.8623,-22.2778,-1.1597,57.6172,22.0386,12.6453,-154.4128
14:24:54.727,728.351922,-0.7119,1.1323,1.2002,-12.8784,17.8833,63.8428,22.1924,12.9913,-150.4907
14:24:54.827,728.451833,-0.5537,0.8579,0.8979,-10.6812,-6.4697,56.0303,21.7200,10.8600,-145.5194
14:24:54.927,728.551776,-0.5220,0.8960,0.8711,-13.6719,-9.6436,82.4585,22.5494,10.2173,-138.9880
14:24:55.027,728.651732,-0.7432,0.7373,0.8350,-14.4653,11.4136,43.8843,22.2144,9.0363,-134.0387
14:24:55.127,728.751693,-0.4170,1.1592,0.9756,-34.7290,-2.8076,85.3271,20.8246,7.0258,-126.5570
14:24:55.227,728.851662,-0.5137,0.8442,0.8433,-4.5776,-10.1318,62.3779,21.8683,5.1636,-121.5472
14:24:55.327,728.951590,-0.5845,0.9023,0.7251,-13.4277,-14.8315,51.8188,22.9614,4.1034,-116.6583
14:24:55.427,729.051602,-0.5298,1.0522,0.8877,-4.8828,-2.0142,50.2319,22.7582,3.0981,-111.4233
14:24:55.527,729.151532,-0.6694,1.0488,0.8628,-20.6909,31.8604,44.5557,23.3734,1.1041,-106.9244
14:24:55.627,729.251545,-0.2275,1.0498,0.9463,-14.0381,29.0527,66.5894,23.3350,-0.1648,-102.5903
14:24:55.727,729.351382,-0.5249,0.9214,0.8667,-15.9912,-2.8076,40.8936,23.8129,-1.0382,-98.6627
14:24:55.827,729.451314,-0.2642,0.9224,1.0303,-3.5400,15.9912,57.7393,23.7415,-1.9281,-93.8068
14:24:55.927,729.551277,-0.2710,0.7920,0.8296,-20.0806,15.2588,13.6108,24.4775,-2.0599,-91.6809
14:24:56.027,729.651242,-0.5513,0.6196,0.9854,12.0850,12.8174,11.0474,25.1312,-1.2854,-90.2417
14:24:56.127,729.751248,-0.3052,0.6108,1.0479,-17.8223,27.5879,41.6260,24.1864,0.8789,-89.9725
14:24:56.227,729.851197,-0.6206,0.5122,1.0254,-15.2588,24.0479,22.1558,24.3951,0.1923,-86.2262
14:24:56.326,729.951126,-0.0962,0.6025,0.9087,-11.9019,-23.8037,63.2324,22.8680,0.8844,-82.8314
14:24:56.426,730.051141,-0.2632,0.4556,0.7202,-14.5264,-41.3208,16.4185,23.8843,0.2527,-80.6726
14:24:56.526,730.151031,-0.3623,0.5874,1.0410,5.3711,-33.5083,20.4468,22.5769,-0.7306,-78.9093
14:24:56.626,730.250975,-0.4702,0.6074,0.8843,-43.0908,-4.8828,9.2773,21.7145,-4.1418,-81.2109
14:24:56.726,730.350909,-0.0361,0.4785,0.9341,-21.3623,-68.6035,25.3906,20.3632,-5.1581,-79.2609
14:24:56.826,730.450832,-0.2959,0.6333,0.9741,9.0942,5.3711,22.3389,19.0778,-7.3389,-78.2501
14:24:56.926,730.550757,-0.2666,0.5835,0.9604,12.8784,-22.7661,33.1421,19.3909,-6.9434,-75.3937
14:24:57.026,730.650696,0.0532,0.4873,0.8242,13.9771,-40.0391,-13.7329,21.0718,-8.2727,-75.2454
14:24:57.126,730.750631,-0.1484,0.5312,1.0215,-11.7798,-12.0239,32.1655,22.7472,-7.5531,-74.3829
14:24:57.226,730.850570,-0.2266,0.1831,1.0527,-8.7280,-1.7700,-5.0659,21.7859,-7.5146,-72.8064
14:24:57.326,730.950484,-0.0713,0.1211,0.9463,21.3013,-9.0332,-36.5601,21.8079,-8.9099,-77.9645
14:24:57.426,731.050455,0.0078,0.2812,0.9507,8.2397,19.7144,8.7280,23.2581,-9.5306,-81.3538
14:24:57.526,731.150399,-0.0811,0.0869,0.9180,-0.4883,17.6392,-0.4272,22.0111,-7.5146,-80.4529
14:24:57.626,731.250356,0.1548,0.2808,0.9165,-11.9629,-8.7280,26.3062,20.4016,-5.8942,-77.4591
14:24:57.726,731.350250,0.1382,0.1699,1.1260,-21.0571,21.4233,12.3291,19.0063,-5.0537,-75.8826
14:24:57.826,731.450168,-0.2002,0.0273,1.0020,32.1655,-18.7378,2.7466,18.3417,-4.1418,-75.0476
14:24:57.926,731.550118,-0.1069,0.0664,1.0996,1.4038,38.6353,17.4561,17.7759,-3.3124,-74.0204
14:24:58.025,731.650062,0.1494,0.2227,1.1777,-7.5684,46.6919,48.8281,18.5449,-5.1361,-71.0376
14:24:58.125,731.750001,0.1064,0.1328,0.8857,7.2632,-47.6685,29.5410,19.0063,-4.9384,-69.0820
14:24:58.225,731.849960,-0.2466,0.1133,0.9062,13.0005,-33.3862,-29.4800,18.2812,-4.7791,-65.5225
14:24:58.325,731.949884,-0.1675,0.0938,0.8228,0.0000,-59.5093,8.3618,17.2101,-3.7463,-65.4840
14:24:58.425,732.049860,-0.0254,0.1152,1.0718,13.3057,-9.0332,-1.4648,16.5070,-4.6967,-64.3799
14:24:58.525,732.149938,0.2290,0.0938,1.0381,-1.2207,7.7515,-4.7607,16.1938,-4.7736,-65.4785
14:24:58.625,732.249846,-0.0869,0.0459,1.0522,-4.0283,-5.0049,-2.9297,16.3037,-3.9606,-66.1816
14:24:58.725,732.349667,0.0679,-0.0142,1.0327,0.0610,12.3291,-8.1787,15.0018,-4.3671,-67.3846
14:24:58.825,732.449603,0.0669,0.0864,1.0518,-3.4180,-2.9907,-7.2632,14.0350,-3.4827,-67.6923
14:24:58.925,732.549522,-0.0532,0.1006,1.0615,-4.3945,16.1743,-1.4648,13.7604,-2.7631,-68.0603
14:24:59.025,732.649626,-0.0469,0.1562,0.9229,4.0283,-13.3667,3.6621,13.6395,-3.2794,-68.1976
14:24:59.125,732.749436,0.0479,0.1758,0.9673,-5.3101,-10.3760,4.6387,13.2825,-3.1311,-67.8021
14:24:59.225,732.849340,-0.0830,0.1060,1.0610,-5.9204,0.8545,0.4272,12.5134,-2.3621,-67.6703
14:24:59.325,732.949292,0.0864,0.2466,0.9663,6.8970,-1.5259,7.1411,12.4036,-2.8235,-67.7747
14:24:59.425,733.049268,0.0117,0.0767,0.9546,-7.6294,-12.8784,-4.5776,12.9803,-2.9938,-67.9669
14:24:59.525,733.149182,-0.0610,0.1426,1.0815,11.5967,0.2441,1.8921,12.0245,-2.0105,-67.6428
14:24:59.625,733.249211,0.0518,0.2466,1.0513,5.4932,-18.0054,9.7656,12.6343,-2.1808,-67.6483
14:24:59.724,733.349046,-0.1201,0.1982,0.9717,-15.8081,26.3062,-0.6714,12.2937,-2.3511,-67.4725
14:24:59.824,733.448941,-0.0459,0.0825,0.9209,-15.9912,-5.1880,-3.5400,11.6840,-2.1918,-67.3242
14:24:59.924,733.548881,-0.1704,0.2173,1.0576,-0.7935,-5.4321,-5.9814,11.1346,-1.4008,-67.4561
14:25:00.024,733.648815,0.0796,0.1836,1.0825,-5.6152,-3.7842,2.5024,10.4865,-2.2412,-67.5879
14:25:00.124,733.748753,-0.1177,0.2607,0.9712,-13.1226,-1.7090,2.8687,10.0195,-2.3840,-68.3350
14:25:00.224,733.848736,-0.0728,0.3110,0.9771,3.7231,-15.1367,13.2446,10.1898,-3.1366,-67.4561
14:25:00.324,733.948640,-0.0479,0.3940,1.0015,-2.7466,2.0752,8.4229,10.1129,-3.0267,-66.3245
14:25:00.424,734.048588,-0.0688,0.2573,1.0005,-7.6294,-4.8218,7.3853,10.4865,-3.4222,-65.6104
14:25:00.524,734.148554,-0.0210,0.2812,1.0972,8.6060,-3.0518,10.1318,10.8820,-2.9498,-64.6051
14:25:00.624,734.248539,-0.0942,0.2563,0.8335,8.7891,-4.0283,24.5972,11.2115,-3.0597,-63.4900
14:25:00.724,734.348416,-0.3740,0.2417,0.8071,20.2026,-12.4512,25.1465,12.1234,-2.3126,-61.5674
14:25:00.824,734.448355,-0.0566,0.2793,0.8682,6.2256,28.1372,14.5874,11.7938,-2.2742,-58.2880
14:25:00.924,734.548298,0.3779,0.3604,1.1201,1.5259,39.6729,18.5547,11.7499,-2.8180,-56.1731
14:25:01.024,734.648292,-0.0879,0.3511,0.9014,0.0610,-19.8364,24.5972,12.7496,-5.3119,-55.0745
14:25:01.124,734.748195,0.0005,0.3882,0.9883,16.2354,-41.6260,13.4888,13.2440,-4.8175,-55.0415
14:25:01.224,734.848201,0.2471,0.4380,0.9741,-26.1841,31.3721,31.6772,12.7112,-5.2460,-53.6572
14:25:01.323,734.948093,-0.0605,0.2788,0.9663,-9.3994,5.7373,10.1318,11.9421,-4.5483,-51.8610
14:25:01.423,735.047991,0.0718,0.2837,0.9966,-2.6245,6.9580,8.1177,11.9476,-3.7628,-50.3339
14:25:01.523,735.147974,-0.0034,0.3340,1.0840,-11.1084,17.5171,9.3994,11.5137,-2.8070,-49.6307
14:25:01.623,735.248091,-0.0459,0.2812,1.0132,-6.2256,13.7939,4.3335,11.5961,-2.7576,-49.0045
14:25:01.723,735.347892,-0.0596,0.3242,1.0508,11.4136,-12.0239,7.3853,11.7499,-2.5049,-47.9883
14:25:01.823,735.447788,0.0947,0.2944,1.1104,6.5308,8.4839,13.0005,11.9312,-1.9611,-46.9336
14:25:01.923,735.547740,-0.1372,0.2568,0.9478,4.5166,-12.1460,16.2354,12.4805,-2.5763,-45.9998
14:25:02.023,735.647756,-0.1318,0.2402,0.9048,9.7046,-15.5029,4.5166,12.3376,-2.7191,-44.7363
14:25:02.123,735.747652,0.0713,0.2812,1.0898,1.4648,2.2583,15.0757,11.7114,-2.0764,-43.5938
14:25:02.223,735.847610,0.0176,0.3125,0.9780,-5.2490,9.0332,16.3574,12.0959,-2.4774,-42.4512
14:25:02.323,735.947569,-0.0054,0.3418,1.1626,-12.5122,15.7471,7.3242,11.9147,-2.3566,-41.2592
14:25:02.423,736.047601,0.1240,0.2832,0.9609,-13.9160,2.2583,7.0190,11.9257,-2.9993,-40.6329
14:25:02.523,736.147497,-0.0684,0.3872,1.0444,-20.4468,9.0942,10.8032,11.4587,-2.2357,-39.9243
14:25:02.623,736.247463,-0.1704,0.3652,0.7666,-7.6294,-25.6958,14.7095,11.9751,-3.2904,-38.6719
14:25:02.723,736.347364,0.1089,0.4434,1.1157,-6.7139,1.7090,20.2637,11.6455,-2.4005,-36.7767
14:25:02.823,736.447286,-0.0366,0.3735,1.0664,-6.1035,2.1362,17.6392,12.2223,-2.3895,-35.4913
14:25:02.923,736.547208,-0.1919,0.4458,0.9912,-6.8359,-7.7515,13.9771,12.7606,-2.6312,-34.3817
14:25:03.023,736.647180,-0.0610,0.3750,0.9106,7.0801,-18.9209,14.5264,13.0737,-2.7246,-32.6404
14:25:03.123,736.747154,0.1548,0.4873,1.1875,-9.5215,0.3662,26.9775,12.7386,-2.1973,-30.6299
14:25:03.222,736.847098,-0.1021,0.3535,1.0122,-21.8506,25.2686,13.1226,13.6670,-2.7631,-30.2509
14:25:03.322,736.947075,-0.2402,0.5884,0.8081,-4.0283,-56.6406,44.1284,14.3976,-3.1860,-27.5702
14:25:03.422,737.047048,0.0225,1.1299,1.4893,-7.8125,27.2827,30.2124,13.2001,-2.7521,-24.6478
14:25:03.522,737.146989,-0.0132,0.7988,1.0913,-12.5732,20.8740,39.6729,13.9746,-3.4222,-21.0992
14:25:03.622,737.247009,0.1973,0.4224,0.8857,-4.0283,4.8828,2.9907,15.1172,-3.1970,-17.9846
14:25:03.722,737.346909,-0.4194,0.4341,0.7109,26.1230,-18.4326,5.2490,17.8198,-1.7633,-18.7811
14:25:03.822,737.446822,-0.4321,0.7261,0.8408,56.9458,-18.6768,35.7056,19.4073,-1.9116,-16.9519
14:25:03.922,737.546749,0.0581,0.9990,1.5669,14.9536,47.1802,-4.6997,18.0890,-1.4612,-14.5844
14:25:04.022,737.646713,0.1450,-0.1587,0.4067,-34.3628,16.6626,-8.2397,20.2203,-2.4280,-14.5514
14:25:04.122,737.746645,-0.3467,0.4004,0.7915,26.6724,-70.9229,-5.7373,20.2203,-0.3461,-13.4363
14:25:04.222,737.846655,-0.2432,0.4741,0.9390,18.4326,30.2124,32.2876,17.7100,-0.8679,-13.6615
14:25:04.322,737.946561,-0.0352,-0.0244,0.9902,65.9180,-27.0996,-1.2817,18.5504,0.2362,-11.0522
14:25:04.422,738.046536,0.1948,-0.2881,0.7505,-0.0610,37.8418,-49.7437,18.0505,-1.3348,-14.5404
14:25:04.522,738.146516,0.0264,-0.2139,1.1313,2.4414,-19.2261,-20.2637,17.1002,1.5601,-16.2488
14:25:04.622,738.246469,-0.0942,0.1436,0.9204,-23.0713,9.0332,-9.3384,14.1284,1.9995,-18.8470
14:25:04.722,738.346349,-0.3774,-0.0415,0.7983,30.8228,-27.8320,7.8735,13.8538,2.7081,-19.0778
14:25:04.822,738.446287,0.2139,-0.0166,1.0684,36.2549,5.2490,4.2725,11.7554,2.1149,-18.6658
14:25:04.922,738.546242,0.1436,-0.0659,1.3652,-46.6309,77.3926,-14.9536,11.7993,1.2415,-18.5669
14:25:05.022,738.646186,-0.4170,-0.0791,0.4585,15.7471,-77.0874,12.1460,13.5461,0.8459,-18.6877
14:25:05.121,738.746095,0.4253,-0.0137,1.4531,35.7666,10.1929,-18.7378,9.5251,3.6639,-19.2590
14:25:05.221,738.846063,-0.2007,0.0254,0.9199,-36.7432,36.1938,10.8643,10.6952,1.9830,-20.3192
14:25:05.321,738.946012,-0.0903,-0.0068,0.7793,18.0664,-23.1934,-0.9155,9.9261,2.0050,-19.8523
14:25:05.421,739.045956,0.0054,-0.1475,0.8926,-4.3335,-11.7798,-17.4561,8.4375,2.9279,-19.8962
14:25:05.521,739.145937,-0.2119,-0.0601,0.9111,-11.9019,2.3804,-6.9580,8.7177,3.2794,-20.4950
14:25:05.621,739.245896,-0.3296,-0.1226,0.9946,18.4937,9.0942,5.1270,7.3334,4.2957,-21.9727
14:25:05.721,739.345815,0.0781,-0.0972,1.0903,-17.5171,2.5024,-10.9253,6.5039,4.6802,-22.3846
14:25:05.821,739.445716,-0.3501,-0.2085,0.7686,10.0708,-22.8271,-2.9297,6.0645,5.5426,-23.0988
14:25:05.921,739.545657,-0.1836,-0.2324,1.1343,25.3906,-8.3618,-1.8921,4.9274,5.7074,-23.7030
14:25:06.021,739.645590,-0.0649,-0.2446,0.9175,-4.5166,-4.1504,-10.0708,4.4495,5.7458,-24.5490
14:25:06.121,739.745553,-0.1372,-0.2056,1.0107,-3.7231,-3.9062,-9.8877,3.5321,6.4380,-25.3619
14:25:06.221,739.845512,-0.3540,-0.3662,0.6743,9.7656,-5.2490,-25.2686,2.7246,6.9269,-27.0044
14:25:06.321,739.945473,-0.0410,-0.4702,1.4023,15.4419,25.7568,-27.1606,0.1044,8.0475,-30.4047
14:25:06.421,740.045510,-0.1470,-0.4810,0.9995,-21.9116,3.2349,-12.0850,-0.4285,7.8662,-31.5417
14:25:06.521,740.145407,-0.3257,-0.5132,0.9771,12.9395,5.3101,-20.6299,-1.7908,7.8717,-34.3103
14:25:06.621,740.245340,-0.0684,-0.4932,0.9067,0.1221,-8.9111,-22.9492,-3.6859,7.8442,-36.5186
14:25:06.721,740.345280,-0.1372,-0.7012,1.0664,8.9111,5.7373,-29.1138,-5.2185,8.6133,-38.7653
14:25:06.821,740.445219,-0.2231,-0.5713,0.9263,12.8174,-1.5259,-19.5923,-6.6962,8.0035,-42.1710
14:25:06.921,740.545195,0.0029,-0.8589,1.1748,3.8452,14.5264,-35.8887,-8.6792,8.1134,-44.4617
14:25:07.020,740.645074,-0.1284,-0.7944,0.9058,-15.6860,9.7046,-24.2920,-9.6899,7.5421,-47.6422
14:25:07.120,740.745026,-0.1538,-0.5908,0.8506,13.4277,-14.4653,-34.7900,-10.8435,7.1466,-50.6799
14:25:07.220,740.844994,-0.0576,-0.7529,0.8027,4.7607,-4.4556,-39.5508,-12.0905,6.6138,-53.9044
14:25:07.320,740.944971,-0.3301,-0.8867,1.0552,26.8555,-16.1133,-66.1011,-13.1287,5.7898,-57.9639
14:25:07.420,741.044965,-0.0908,-1.0459,1.2017,19.4702,15.0757,-40.1001,-14.9030,4.6912,-62.4023
14:25:07.520,741.144893,0.0664,-0.9849,0.9795,-8.3008,6.2256,-49.6216,-15.9357,3.2190,-66.9232
14:25:07.620,741.244853,0.1646,-0.9619,0.7065,-19.1650,5.7373,-31.2500,-16.7871,2.6147,-71.1969
14:25:07.720,741.344796,-0.2471,-0.6196,0.8369,-1.4648,-7.0801,-85.4492,-16.5619,0.4889,-77.4811
14:25:07.820,741.444719,0.1333,-1.2046,1.1348,34.6069,30.9448,-37.7197,-18.7097,0.9613,-80.5298
14:25:07.920,741.544697,-0.1626,-1.0674,1.4395,21.5454,-5.3711,-85.5103,-18.1714,-2.1533,-87.1490
14:25:08.020,741.644618,0.2036,-1.2510,1.3579,25.1465,42.9077,-24.7192,-19.6381,-3.4717,-91.9775
14:25:08.120,741.744558,0.2725,-0.5630,0.7500,-18.1885,11.2305,-63.1714,-19.8743,-5.4108,-97.5092
14:25:08.220,741.844479,0.2671,-1.1416,0.9653,8.9722,12.5732,-61.4014,-18.6108,-6.4270,-102.6068
14:25:08.320,741.944450,0.1528,-0.8877,1.0049,-3.7842,-21.9116,-63.5376,-17.6825,-8.3057,-108.2703
14:25:08.420,742.044697,0.2910,-1.2236,1.3311,12.8174,34.6069,-54.7485,-17.4353,-9.7614,-112.5824
14:25:08.520,742.144409,0.2212,-0.4736,0.6587,-40.4663,-19.8364,-72.5708,-16.9739,-11.9421,-118.4106
14:25:08.620,742.244376,-0.0640,-1.6162,1.6060,41.2598,7.2021,-46.0205,-14.4690,-11.5796,-123.3545
14:25:08.720,742.344266,0.2939,-0.5386,0.8032,-27.0996,-25.8789,-62.1338,-13.9032,-14.5239,-128.2434
14:25:08.820,742.444191,0.4404,-1.2183,1.3691,23.0103,21.8506,-44.0674,-13.3868,-13.5571,-129.9792
14:25:08.919,742.544140,0.2349,-0.5215,0.9019,4.0283,-1.4648,-36.4380,-13.3923,-16.6882,-135.3845
14:25:09.019,742.644070,0.2354,-0.8887,0.9106,-4.8828,-15.1978,-51.8799,-11.9916,-16.7102,-137.6202
14:25:09.119,742.743981,0.0962,-0.3042,0.5054,-6.0425,-29.1748,-40.4663,-11.0522,-17.3804,-141.5204
14:25:09.219,742.843945,-0.3525,-0.5947,1.2983,34.4849,-17.6392,-58.6548,-9.7668,-17.2925,-144.7833
14:25:09.319,742.943925,0.1719,-0.8130,1.3564,14.4043,8.7891,-64.6973,-10.1294,-17.9242,-148.8757
14:25:09.419,743.043842,0.4805,-0.9150,1.0488,-15.8081,18.4937,-54.8706,-9.4647,-18.4570,-153.9624
14:25:09.519,743.143814,0.0601,-0.7798,0.9014,-13.3667,1.9531,-45.9595,-8.2947,-19.4238,-158.8239
14:25:09.619,743.243771,0.1016,-0.6758,1.0342,13.3667,-8.1177,-48.2788,-7.9761,-19.0558,-162.5812
14:25:09.719,743.343661,0.2871,-0.6260,0.8267,-9.2773,-4.3945,-34.1187,-7.6465,-19.2920,-165.7013
14:25:09.819,743.443603,0.1265,-0.4941,0.8467,-6.6528,-19.1650,-42.7856,-6.9928,-19.0063,-168.7775
14:25:09.919,743.543560,-0.1147,-0.6035,1.0200,-2.8076,-2.8687,-21.4844,-7.2949,-18.8031,-170.2771
14:25:10.019,743.643470,0.1875,-0.3203,0.8247,-10.6812,-26.0620,-18.9209,-7.5861,-18.8470,-171.5240
14:25:10.119,743.743426,-0.0068,-0.3086,0.9019,0.4883,-28.6865,-26.2451,-6.5149,-18.3472,-173.1775
14:25:10.219,743.843359,-0.1519,-0.3218,1.0474,16.2354,-7.0801,-35.5225,-6.7621,-17.8583,-175.2869
14:25:10.319,743.943319,-0.0547,-0.5674,1.3965,11.2915,13.7939,-34.2407,-7.8223,-17.2760,-177.1271
14:25:10.419,744.043275,0.0674,-0.4526,0.9092,-1.4038,4.2725,-18.3716,-7.4707,-17.4133,-179.5056
14:25:10.519,744.143250,0.1045,-0.2212,0.8955,7.9346,-20.6909,-35.5835,-6.8555,-17.1771,178.3356
14:25:10.619,744.243222,0.0381,-0.4229,0.9800,-3.6621,-2.0752,-32.1655,-7.2510,-16.5729,176.4624
14:25:10.718,744.343110,-0.0200,-0.3789,1.1641,-3.2959,6.1035,-12.4512,-7.2729,-16.2323,174.7705
14:25:10.818,744.443046,0.0371,-0.1831,1.0049,-12.2070,8.7280,-10.6812,-7.2565,-15.8643,173.8916
14:25:10.918,744.542962,-0.2192,0.1235,0.7651,-4.6387,-25.9399,1.5259,-7.2400,-15.0568,173.9630
14:25:11.018,744.642916,-0.5288,0.0386,1.0308,57.4341,-2.5024,49.3164,-6.0754,-12.6508,175.6384
14:25:11.118,744.742811,-0.3418,0.1548,1.2407,22.3999,17.8833,29.5410,-7.1082,-10.8270,179.4672
14:25:11.218,744.842783,-0.0215,0.4419,0.7632,-24.2920,-5.1270,14.5264,-7.4487,-9.8163,-178.9673
14:25:11.318,744.942732,-0.4468,0.3042,0.8008,14.1602,-29.5410,24.2920,-5.6195,-8.1079,-176.6217
14:25:11.418,745.042705,-0.3047,0.4795,1.1948,16.7236,10.5591,26.6113,-6.1963,-6.1743,-173.7433
14:25:11.518,745.142626,-0.4321,0.4194,0.7915,-11.3525,9.2163,21.3623,-5.1196,-5.3998,-172.2382
14:25:11.618,745.242654,-0.5923,0.4165,0.8623,-0.1221,-6.4087,28.0762,-4.2682,-3.3014,-169.4531
14:25:11.718,745.342509,-0.5889,0.6689,0.9775,-11.9019,-6.1035,54.6875,-4.0210,-1.4227,-165.2948
14:25:11.818,745.442458,-0.5625,0.6045,0.9458,-2.9297,-15.3198,54.2603,-2.7850,0.3900,-160.7190
14:25:11.918,745.542401,-0.5874,0.6455,1.0312,13.2446,16.9067,39.6729,-1.7084,2.1039,-155.3522
14:25:12.018,745.642361,-0.6265,0.6670,0.9312,-2.5024,-0.3662,50.4150,-0.4944,3.1476,-151.7981
14:25:12.118,745.742291,-0.3354,0.5386,0.6694,-2.5024,-4.6997,42.2974,1.4777,3.7903,-147.4915
14:25:12.218,745.842226,-1.2529,0.5288,1.1108,17.1509,1.5869,-8.9111,2.9608,6.5479,-144.9207
14:25:12.318,745.942174,-0.1069,0.6641,0.8691,-23.3765,20.5688,75.3784,2.8345,5.6689,-139.6527
14:25:12.418,746.042140,-0.5405,0.3330,1.0254,-38.4521,-16.9678,31.7383,5.0427,6.9653,-135.1044
14:25:12.517,746.142130,-0.4233,0.7822,0.7788,0.4883,-24.7192,53.1006,6.6522,6.3721,-131.6821
14:25:12.617,746.242069,-0.6685,0.6270,0.9849,-19.1040,-17.8833,57.2510,7.7563,8.1244,-126.1725
14:25:12.717,746.341984,-0.3877,0.7847,0.6064,-4.3335,-7.0190,60.4248,9.6185,7.3224,-119.8334
14:25:12.817,746.441924,-0.9634,0.6797,1.3374,-11.2305,34.9121,25.2075,10.6293,8.4979,-113.8733
14:25:12.917,746.541893,-0.0820,1.1934,0.9927,-13.3057,18.3105,64.6973,10.2502,7.2290,-110.0830
14:25:13.017,746.641815,-0.0840,0.5029,1.0200,-18.6157,-42.2974,57.0068,13.0298,6.5863,-101.8378
14:25:13.117,746.741793,-0.4648,0.9399,0.7456,6.2256,-16.0522,30.5786,14.1449,6.1963,-100.1184
14:25:13.217,746.841720,-0.7339,0.6572,1.2036,14.8926,5.9204,59.3262,15.4193,6.4215,-95.0427
14:25:13.317,746.941675,-0.4028,0.9028,1.0967,8.8501,8.1177,39.2456,15.6830,4.9219,-91.1206
14:25:13.417,747.041613,-0.4878,0.5063,0.8042,-5.4321,-18.4326,61.0352,17.1112,4.0265,-87.7094
14:25:13.517,747.141615,-0.2598,0.7979,1.0913,-11.2305,14.2822,51.0864,16.5399,3.4113,-82.6392
14:25:13.617,747.241577,-0.5977,0.5557,0.8818,-14.6484,-22.8882,40.3442,17.9297,2.3236,-79.3597
14:25:13.717,747.341487,-0.2739,0.8857,1.1157,-4.8828,14.9536,71.9604,18.2483,1.0052,-73.2953
14:25:13.817,747.441423,-0.1782,0.6079,0.9985,-6.6528,3.1128,64.7583,19.2645,0.4010,-68.3844
14:25:13.917,747.541389,-0.1733,0.7070,0.5264,-37.9028,-10.8643,92.7124,18.6603,-1.4227,-63.6658
14:25:14.017,747.641346,-0.6543,0.4287,0.8086,-5.8594,-76.1719,28.0762,21.4453,-0.5383,-58.6560
14:25:14.117,747.741295,0.0205,1.0679,1.0020,6.8970,-14.8315,67.8711,19.0503,-2.2467,-57.1069
14:25:14.217,747.841210,-0.3755,0.1445,1.0249,-32.4707,-40.7715,46.1426,21.1432,-0.7690,-53.3057
14:25:14.317,747.941125,-0.0151,0.4663,1.0576,52.7954,13.2446,6.2866,20.1654,-0.8624,-51.9159
14:25:14.417,748.041259,-0.1328,0.3872,1.0205,-44.0674,32.7148,39.2456,20.0006,-0.8185,-50.9601
14:25:14.516,748.141089,-0.4658,0.2412,0.8716,2.8076,-21.4844,2.3193,21.2640,-0.9668,-47.9224
14:25:14.616,748.241015,-0.1035,0.5737,1.2441,6.5308,11.8408,53.7109,19.1492,-0.9338,-45.1978
14:25:14.716,748.340932,-0.2788,0.3877,0.8354,-26.4893,7.8125,27.9541,20.5884,-2.2522,-42.6215
14:25:14.816,748.440886,-0.3989,0.5049,1.0039,14.4653,-16.7236,23.9868,20.2478,-1.9391,-39.0179
14:25:14.916,748.540810,-0.1855,0.5767,1.1704,-3.6011,15.6860,36.0718,19.8138,-2.5323,-36.0681
14:25:15.016,748.640795,-0.2632,0.4102,0.8301,-22.5830,-4.7607,34.6680,20.1984,-2.9279,-34.2554
14:25:15.116,748.740683,-0.2876,0.3828,1.0947,23.0713,-5.4321,11.7188,19.8083,-2.5323,-30.9375
14:25:15.216,748.840636,-0.2026,0.4287,1.3643,-16.4795,51.2085,27.2217,19.7919,-2.1863,-29.5642
14:25:15.316,748.940825,-0.1104,0.3545,0.6694,-9.5215,-4.5166,12.8784,20.9619,-2.3895,-28.3612
14:25:15.416,749.040613,-0.3472,0.4175,1.0898,16.2964,-13.1226,17.3340,19.4238,-0.1154,-27.0593
14:25:15.516,749.140557,-0.1079,0.3936,0.9331,-1.8921,6.1646,16.2964,20.3247,-0.7855,-25.5487
14:25:15.616,749.240441,-0.2607,0.4043,1.0166,7.4463,-13.3667,9.7656,20.7477,-1.1371,-24.6808
14:25:15.716,749.340428,-0.0503,0.2793,0.8623,9.8267,-42.0532,9.6436,21.2036,-1.2964,-24.7412
14:25:15.816,749.440331,-0.1582,0.3833,1.0566,24.2920,0.1831,16.9067,22.8735,-2.8729,-23.5492
14:25:15.916,749.540266,0.0605,0.4492,0.8413,-16.7847,-27.6489,21.8506,21.5552,-3.6090,-23.1317
14:25:16.016,749.640211,-0.3130,0.2422,1.0405,17.9443,-26.1841,21.8506,20.7147,-3.7518,-20.6213
14:25:16.115,749.740135,-0.3730,0.2554,1.0381,24.1089,-18.1274,13.0005,20.5499,-4.6143,-16.7761
14:25:16.215,749.840117,-0.0029,0.4619,1.1157,-9.3384,10.0708,24.8413,20.4016,-5.4218,-14.9744
14:25:16.315,749.940041,0.0161,0.3115,0.8921,-26.1230,0.3662,2.9297,20.2368,-5.4382,-14.6832
14:25:16.415,750.040049,-0.1235,0.1685,1.0259,23.0103,-0.8545,14.9536,20.2863,-4.5483,-13.1396
14:25:16.515,750.139964,0.1582,0.3047,0.9385,-12.3291,-13.4888,37.9028,19.0448,-4.5538,-12.5079
14:25:16.615,750.239904,-0.0625,0.1729,0.9707,-9.2163,-32.8979,-7.4463,19.3304,-6.0974,-12.3596
14:25:16.715,750.339899,0.0156,0.1665,0.9053,2.0142,-8.1177,6.8970,18.3307,-5.8337,-12.4146
14:25:16.815,750.439751,-0.1416,0.2388,1.1929,-13.9160,-0.8545,17.8833,17.6221,-6.1084,-11.5686
14:25:16.915,750.539731,-0.0518,0.2354,0.8813,3.5400,3.1128,19.3481,17.2870,-6.8610,-9.6899
14:25:17.015,750.639715,-0.0312,0.2441,1.0010,7.1411,14.4653,-7.4463,16.9519,-5.3998,-8.6737
14:25:17.115,750.739643,-0.0171,0.1895,0.9526,-0.5493,-4.5166,23.2544,16.7926,-5.5646,-5.3613
14:25:17.215,750.839563,0.0620,0.2417,1.0977,-6.4087,21.7285,11.7188,16.1719,-5.0592,-3.4717
14:25:17.315,750.939486,0.0757,0.1187,0.8984,-12.8784,14.3433,1.0986,16.0400,-4.8340,-2.1643
14:25:17.415,751.039455,-0.1152,0.2256,1.0039,8.2397,-1.2817,-34.6680,15.5566,-3.3728,-2.3071
14:25:17.515,751.139467,0.0259,0.1978,1.0645,-4.8218,-0.2441,7.3242,14.9194,-2.6971,-2.5104
14:25:17.615,751.239435,-0.1733,0.1582,0.9951,3.6011,-1.4038,1.5869,14.9030,-2.4884,-2.6422
14:25:17.715,751.339336,-0.0347,0.1562,1.0137,1.4038,7.3853,-7.6904,13.7384,-2.2137,-2.2632
14:25:17.815,751.439251,0.2012,0.2036,1.0752,-13.3057,0.3662,-2.4414,13.0518,-2.1863,-2.6093
14:25:17.915,751.539209,-0.0640,0.1274,0.9761,-9.7656,9.8267,5.1270,13.1012,-2.3071,-2.5543
14:25:18.015,751.639182,0.1445,0.0449,0.9995,1.7700,-18.6768,-3.2959,11.8652,-1.6974,-2.0050
14:25:18.114,751.739096,0.0508,0.1348,1.0039,-6.8359,10.3760,7.1411,11.6235,-1.0547,-1.8292
14:25:18.214,751.839050,-0.0654,0.0547,0.9429,7.2021,-6.9580,-2.6245,11.2335,-0.3790,-1.7578
14:25:18.314,751.939014,-0.0244,0.0283,1.0586,1.0986,9.8267,-2.7466,10.2722,-0.0714,-1.7798
14:25:18.414,752.039031,-0.0161,0.0327,0.9697,-8.6060,19.1040,1.2817,10.3546,-0.3351,-1.7523
14:25:18.514,752.138976,0.0020,0.0723,0.9922,-0.4272,-12.8174,2.6245,10.7831,0.0055,-1.4227
14:25:18.614,752.238891,-0.1646,-0.0474,0.9175,15.0757,0.1831,4.7607,10.3052,-0.0055,-1.1206
14:25:18.714,752.338869,0.2310,0.0352,1.0376,-5.5542,-3.7231,2.5635,9.1241,0.1648,-1.2524
14:25:18.814,752.438777,0.0103,-0.0801,0.9219,-0.6714,-9.3994,-2.6855,9.1187,0.2087,-1.0217
14:25:18.914,752.538731,0.0288,-0.1074,1.0435,2.9297,-8.7891,-11.1694,8.0420,0.2637,-1.6040
14:25:19.014,752.638733,-0.0796,-0.2100,0.9712,-2.9297,14.5264,2.7466,7.3169,0.9338,-2.5378
14:25:19.114,752.738636,0.0215,-0.2109,1.0342,22.3999,-8.0566,-18.1885,6.3885,0.9558,-3.9935
14:25:19.214,752.838607,-0.0928,-0.3042,0.9800,10.4980,-5.0659,-3.4790,6.1633,1.0712,-4.5538
14:25:19.314,752.938515,0.0229,-0.2715,1.0479,25.8179,-0.7324,-5.7373,5.4108,0.6042,-5.8777
14:25:19.414,753.038526,0.2178,-0.2202,1.0967,-10.1318,-11.5356,-3.6011,4.4275,0.0494,-6.0699
14:25:19.514,753.138648,0.0894,-0.1479,0.9785,-10.5591,-0.0610,-8.3008,4.1144,-0.7416,-7.0203
14:25:19.614,753.238404,-0.0918,-0.3501,0.8828,19.9585,-23.0713,-30.0293,3.1750,-0.9778,-8.9374
14:25:19.714,753.338376,0.0615,-0.2632,1.0371,1.7700,-1.9531,-16.1133,1.2799,-0.4285,-10.4810
14:25:19.814,753.438304,0.0693,-0.2900,1.0381,-3.4180,-3.2959,-21.3013,0.2362,-1.2524,-12.3047
14:25:19.914,753.538277,0.1689,-0.4443,1.0684,2.1362,9.2773,-32.7148,-1.0547,-1.8182,-14.7491
14:25:20.014,753.638234,0.1050,-0.4927,1.0396,-15.2588,19.4092,-23.3154,-2.4829,-1.8182,-17.3199
14:25:20.114,753.738191,0.1875,-0.4355,1.3403,14.8315,33.5693,-25.8179,-4.0979,-1.6260,-20.0775
14:25:20.214,753.838140,0.1426,-0.2896,0.8633,-1.6479,11.0474,1.1597,-4.8285,-2.4115,-21.2695
14:25:20.313,753.938072,0.1221,-0.4800,1.0317,9.3384,-10.9253,-18.0664,-5.5536,-1.5875,-22.3792
14:25:20.414,754.038307,-0.2461,-0.3032,0.9316,29.5410,-30.7617,-18.5547,-4.9548,-2.1973,-25.4938
14:25:20.513,754.138113,0.1172,-0.5928,1.0024,3.4180,33.3862,-26.7334,-7.5366,-1.8677,-26.5375
14:25:20.613,754.237973,0.1758,-0.6709,1.2759,17.1509,11.4746,-38.7573,-7.3224,-2.3621,-30.4156
14:25:20.713,754.337948,-0.0024,-0.4380,0.7998,-20.5688,-6.4087,-6.1035,-7.9651,-2.4060,-32.4097
14:25:20.813,754.437897,-0.1699,-0.5156,1.0181,64.5142,19.0430,-30.9448,-7.6520,-2.4005,-35.8813
14:25:20.913,754.537798,0.1284,-0.7236,1.2344,34.4238,27.8320,-20.7520,-9.0363,-3.0267,-38.1885
14:25:21.013,754.637770,0.1392,-0.5088,1.0679,20.2637,-12.5122,-18.1274,-8.8440,-3.8892,-40.0781
14:25:21.113,754.737729,0.0576,-0.3042,0.8384,3.1128,-19.8975,-21.1182,-8.7012,-4.5044,-42.4786
14:25:21.213,754.837713,0.1240,-0.3687,1.1030,23.5596,16.4795,-28.3813,-9.3933,-4.7845,-44.8846
14:25:21.313,754.937654,0.1475,-0.5088,0.9272,8.5449,-12.8784,-23.7427,-9.5801,-5.4987,-47.0764
14:25:21.413,755.037647,0.2734,-0.6099,0.9043,-18.1274,3.6011,-26.8555,-10.5194,-5.7898,-49.2462
14:25:21.513,755.137568,0.2046,-0.4463,0.8818,-17.4561,-11.5356,-31.9824,-10.0305,-6.9763,-53.1464
14:25:21.613,755.237488,0.4229,-0.6187,1.1182,-6.7139,-16.6016,-40.5273,-10.9149,-7.1191,-55.7172
14:25:21.713,755.337477,0.3618,-0.7095,1.2866,-5.4932,3.4180,-41.9312,-10.7776,-7.4817,-59.7217
14:25:21.813,755.437386,0.0674,-0.5972,0.9194,3.8452,0.0000,-40.7104,-11.2939,-8.5748,-63.6108
14:25:21.913,755.537374,0.4712,-1.0073,1.0347,-0.0610,-10.3760,-63.1714,-11.6510,-9.9316,-68.2800
14:25:22.013,755.637313,0.2080,-0.5283,0.7612,-54.8096,-24.2310,5.3101,-12.2058,-10.7776,-71.9879
14:25:22.113,755.737247,0.1279,-0.9741,1.4639,55.1147,-1.8921,-78.4912,-10.8380,-10.4535,-77.0856
14:25:22.213,755.837195,0.3022,-0.8145,0.9692,-2.9907,-6.1035,-7.7515,-12.4475,-11.1127,-79.5410
14:25:22.313,755.937126,0.2471,-0.8599,1.0156,-5.3101,18.1885,-39.1846,-13.4528,-12.0465,-82.0789
14:25:22.412,756.037083,0.4731,-0.7324,0.9917,-44.1895,-7.3242,-21.1792,-13.1836,-13.1067,-85.1715
14:25:22.512,756.137118,0.5723,-0.8613,0.9351,-10.7422,9.2773,-27.5269,-13.8702,-12.8156,-87.5336
14:25:22.612,756.237082,-0.0977,-0.8062,1.1045,8.4839,-0.6104,-54.6265,-11.9696,-14.1833,-93.3673
14:25:22.712,756.337018,0.5010,-0.6641,0.8394,-21.1792,-10.9253,-11.7798,-13.4967,-14.4745,-95.1855
14:25:22.812,756.436921,0.4365,-0.9106,0.8970,-5.6763,13.5498,-29.3579,-13.3319,-14.3427,-97.7234
14:25:22.912,756.536870,-0.1597,-0.7251,1.2290,16.6626,2.8076,-48.8892,-12.1344,-15.1501,-102.3706
14:25:23.012,756.636856,0.3140,-1.0098,1.0439,20.8740,-22.1558,-57.9224,-12.2992,-15.8972,-105.6995
14:25:23.112,756.736805,0.0239,-0.8179,1.0225,-1.1597,-6.5918,-27.9541,-11.6730,-16.5948,-110.0116
14:25:23.212,756.836758,0.3457,-1.0903,1.2627,25.1465,-0.7935,-61.7676,-11.4587,-17.0947,-113.9612
14:25:23.312,756.936713,0.2041,-1.1694,1.7119,21.6064,75.3784,-6.4697,-12.5079,-16.4081,-116.5759
14:25:23.412,757.036717,0.5142,-1.1572,1.1250,5.8594,9.8267,-65.4297,-12.2168,-18.3911,-119.9597
14:25:23.512,757.136647,0.7725,-1.3018,1.1646,1.7090,44.2505,-32.0435,-11.7883,-18.3307,-123.9313
14:25:23.612,757.236571,0.0205,-0.4263,0.6694,-27.4048,7.9346,-2.0752,-11.0632,-20.0226,-127.8754
14:25:23.712,757.336528,0.5269,-1.0269,1.1304,11.4746,-15.4419,-67.1387,-10.1514,-18.7592,-130.2319
14:25:23.812,757.436504,0.4390,-1.0508,1.0117,-27.5879,22.5220,-29.3579,-10.6842,-20.2917,-133.3136
14:25:23.912,757.536400,0.3164,-0.6582,0.8813,-14.2212,-3.9673,-48.2178,-11.1292,-20.3522,-137.0050
14:25:24.012,757.636399,-0.0811,-1.0518,1.2886,16.8457,9.8877,-39.8560,-10.8710,-20.4620,-140.3888
14:25:24.112,757.736356,0.0815,-0.5342,0.8706,7.8125,-24.5972,-46.6919,-11.2885,-20.8026,-143.1628
14:25:24.212,757.836317,-0.0518,-0.4434,1.3667,12.9395,-12.7563,-2.1362,-11.5631,-20.6818,-144.9152
14:25:24.312,757.936248,-0.1680,-0.0596,0.8457,8.9722,-34.6680,33.7524,-11.8213,-20.6323,-143.9099
14:25:24.412,758.036205,0.0938,0.0713,1.4346,41.8091,43.4570,0.6714,-16.7596,-18.8306,-138.1201
14:25:24.512,758.136189,0.0952,0.5913,1.0015,-36.7432,1.2817,39.0625,-16.4246,-17.1442,-133.5114
14:25:24.612,758.236205,-0.5854,0.1445,1.0552,-2.8687,-48.0957,34.2407,-14.2822,-15.0458,-133.7366
14:25:24.711,758.336099,0.5806,0.6016,1.4292,23.1323,52.6733,-11.1694,-14.5844,-13.1726,-131.2207
14:25:24.811,758.435947,-0.8188,0.8408,0.5786,-75.3174,-7.9956,-62.5000,-10.5688,-14.9359,-132.9565
14:25:24.911,758.535894,-0.2729,0.4658,1.4219,-3.6011,111.8774,-15.3198,-12.6892,-10.3711,-133.5608
14:25:25.011,758.635834,-0.4268,0.5034,0.7676,-26.5503,-35.2173,48.8281,-9.7284,-9.1571,-129.9738
14:25:25.111,758.735777,-0.1089,-0.2695,0.7524,97.2900,-32.5928,26.9775,-6.5314,-5.0317,-128.7213
14:25:25.211,758.835760,0.3457,0.7104,1.3809,-29.2358,44.9219,120.0562,-7.7618,-4.9713,-125.0958
14:25:25.311,758.935690,-0.3540,0.0439,0.4458,-68.6035,-68.7256,-36.3159,-1.6370,-4.0100,-121.8768
14:25:25.411,759.035587,-0.2715,0.2173,1.6665,39.7339,64.3311,26.6113,-5.7129,-1.3898,-121.4594
14:25:25.511,759.135589,0.1182,0.1924,0.8696,-96.6187,25.8789,9.1553,-2.1368,-2.3676,-117.9382
14:25:25.611,759.235479,-0.3672,-0.1006,0.9751,8.6670,-25.6348,-29.5410,-0.5603,-0.4944,-116.3397
14:25:25.711,759.335442,-0.4712,-0.0781,1.0376,33.4473,14.8315,2.0142,-2.0984,1.1975,-117.4548
14:25:25.811,759.435370,0.2251,0.0366,1.2666,-59.5703,49.8047,-6.7749,-2.1039,1.4612,-117.2626
14:25:25.911,759.535335,-0.3735,-0.4004,0.9077,-33.3862,6.5308,-14.4043,-0.2802,2.2192,-116.8121
14:25:26.011,759.635264,-0.4141,-0.2769,0.9844,17.3950,9.7046,-14.3433,-2.2137,3.2355,-118.5754
14:25:26.111,759.735207,0.0361,-0.5083,0.9375,-2.4414,-8.1787,-31.0669,-4.2517,3.6859,-119.3994
14:25:26.211,759.835182,-0.1660,-0.5640,1.0249,-1.9531,-13.6719,-19.8975,-4.2847,4.2682,-121.8384
14:25:26.310,759.935099,-0.1343,-0.6919,0.8853,1.5869,8.4229,-23.6816,-6.1084,4.0979,-124.1620
14:25:26.411,760.035354,-0.1831,-0.8125,1.1460,2.4414,-17.5171,-50.3540,-7.5421,3.8617,-127.6337
14:25:26.510,760.135059,-0.0366,-0.8828,0.7998,-4.5776,9.5825,-17.9443,-9.2285,3.7903,-129.7650
14:25:26.610,760.235011,-0.4473,-0.7222,0.9180,26.6113,-5.6152,-36.2549,-9.8108,3.6969,-133.5114
14:25:26.710,760.334955,-0.2222,-1.3496,1.2578,38.1470,5.1270,-58.1665,-12.1619,3.4552,-136.1591
14:25:26.810,760.434891,-0.1689,-0.9155,0.9883,11.4746,8.4839,-35.4004,-13.2220,2.5928,-139.9878
14:25:26.910,760.534831,-0.2412,-1.0044,1.1289,28.6865,1.8921,-40.1611,-13.8757,2.0929,-143.2892
14:25:27.010,760.634779,0.0269,-0.9790,0.9692,7.8125,-2.3804,-35.7666,-15.0787,0.9558,-146.2280
14:25:27.110,760.734764,-0.0454,-0.9619,1.1245,-5.5542,6.1035,-30.2734,-15.7819,0.1154,-149.2218
14:25:27.210,760.834726,0.1763,-0.8643,1.0854,-6.8359,-3.9673,-42.1753,-16.2817,-0.4889,-151.3751
14:25:27.310,760.934660,0.0210,-0.6963,0.9609,-13.0005,13.1836,-14.8315,-16.7926,-1.2854,-153.6218
14:25:27.410,761.034603,-0.0762,-0.8687,1.2900,3.2959,-2.6245,-57.1289,-16.9739,-2.2961,-156.0553
14:25:27.510,761.134538,0.2090,-0.8120,0.9424,-15.6250,19.7144,-25.8179,-17.2485,-3.1146,-158.3295
14:25:27.610,761.234444,-0.0952,-0.5898,0.8813,-6.2256,-0.7324,-41.9922,-16.9025,-4.8340,-162.5427
14:25:27.710,761.334425,0.0737,-0.8901,1.0850,-3.3569,2.8076,-33.1421,-17.8967,-5.0262,-164.7015
14:25:27.810,761.434313,0.1973,-0.6055,0.8301,-14.0381,-6.9580,-4.3335,-17.7484,-5.9161,-166.6956
14:25:27.910,761.534281,-0.1196,-0.5864,0.8779,1.2817,-17.4561,-34.4238,-17.6990,-6.9049,-168.7445
14:25:28.010,761.634232,0.1699,-0.5376,0.9785,7.2632,-31.0669,-41.2598,-17.5177,-8.4100,-171.1505
14:25:28.110,761.734160,-0.0547,-0.5513,1.0742,16.7847,-14.1602,-25.5127,-16.9739,-10.3656,-173.7213
14:25:28.210,761.834129,0.0171,-0.6597,1.0161,-0.0610,11.8408,-31.3721,-17.3584,-10.9204,-175.7758
14:25:28.309,761.934060,0.0371,-0.6147,1.1406,22.2778,-1.1597,-40.1611,-16.6992,-11.6565,-178.6816
14:25:28.409,762.034000,0.0439,-0.6768,0.9956,0.0000,-15.0146,-34.0576,-16.6223,-12.1179,178.6652
14:25:28.509,762.133989,-0.0127,-0.5957,0.9854,12.1460,-15.4419,-46.5088,-16.1389,-13.3044,175.3638
14:25:28.609,762.233896,0.1396,-0.6548,1.0825,2.6245,-19.8364,-39.4897,-14.9854,-13.6505,172.8204
14:25:28.709,762.333889,-0.1470,-0.7061,1.2495,10.4980,17.5171,-37.9028,-15.3369,-14.3152,169.4586
14:25:28.809,762.433830,0.1372,-0.9092,0.9995,0.1221,-12.8784,-50.4150,-14.9194,-14.8206,165.5585
14:25:28.909,762.533762,0.1606,-0.8174,0.9644,9.0942,-10.1929,-57.1289,-14.4415,-15.7709,160.7904
14:25:29.009,762.633717,-0.0229,-0.7974,0.8960,9.6436,-20.7520,-54.3823,-13.7933,-16.2708,155.4785
14:25:29.109,762.733619,0.0278,-1.0420,1.3677,20.9961,-4.3335,-65.3687,-13.0188,-16.0181,150.5566
14:25:29.209,762.833588,-0.0127,-0.9395,1.2393,6.1035,14.7705,-62.1338,-11.3763,-17.0947,144.7888
14:25:29.309,762.933546,-0.0806,-1.1978,1.4121,31.7993,23.6206,-52.4292,-11.2225,-16.5344,140.6635
14:25:29.409,763.033480,-0.1963,-0.9639,1.1318,12.3901,11.4746,-57.6782,-9.7504,-18.0396,135.1648
14:25:29.509,763.133458,0.2231,-1.3535,1.6167,36.9263,28.7476,-69.5801,-10.0745,-17.4628,131.3306
14:25:29.609,763.233376,0.2798,-0.7344,0.7480,-21.4233,9.0332,-20.5078,-9.4263,-20.1819,127.0129
14:25:29.709,763.333333,0.2437,-1.0454,0.9634,16.2354,-7.9346,-46.9971,-9.0912,-18.9459,124.4806
14:25:29.809,763.433300,-0.1660,-0.5903,1.0596,11.6577,4.5166,-31.1279,-8.3386,-20.4730,120.4431
14:25:29.909,763.533219,0.1919,-0.7949,1.2368,5.2490,-7.1411,-47.3633,-9.1077,-19.8798,118.5205
14:25:30.009,763.633159,0.2534,-0.5273,0.8081,-14.7095,8.5449,-24.7192,-8.3002,-20.8136,115.6256
14:25:30.109,763.733171,0.0249,-0.5278,0.9878,-0.7935,-12.2070,-41.1987,-8.5034,-20.2039,113.2745
14:25:30.208,763.833043,-0.0137,-0.6182,1.1343,-11.7798,19.0430,-21.7896,-8.3276,-19.4678,111.1761
14:25:30.308,763.933006,0.0317,-0.4048,1.0337,6.2866,0.1221,-35.6445,-7.7728,-19.4403,108.3691
14:25:30.408,764.032967,-0.0503,-0.3735,1.2021,12.6343,2.3193,-33.9355,-7.4872,-18.6768,105.8752
14:25:30.508,764.132967,0.1431,-0.3877,0.9585,-19.7754,11.5356,-33.2031,-7.7454,-18.6987,103.2935
14:25:30.608,764.232908,0.0083,0.0962,0.5962,-32.5928,-44.4946,-9.2773,-7.1741,-18.9899,101.6016
14:25:30.708,764.332840,-0.1694,-0.0903,1.1489,21.3013,-13.7329,12.6343,-8.0420,-16.0950,102.5354
14:25:30.808,764.432742,-0.0093,0.2876,1.0562,-20.0806,10.5591,11.0474,-9.1132,-15.7104,104.9304
14:25:30.908,764.532707,-0.3232,0.3354,0.8804,-19.7144,-8.1177,20.2026,-9.6460,-14.2273,107.6331
14:25:31.008,764.632619,-0.3818,0.3354,1.0474,8.1787,4.0894,20.3857,-9.5526,-12.2607,110.1270
14:25:31.108,764.732556,-0.0464,0.5356,1.0391,-11.0474,19.4092,60.7910,-9.2340,-10.2997,114.1589
14:25:31.208,764.832524,-0.4780,0.5332,0.9141,-26.0010,-1.4648,17.2729,-7.6630,-8.3057,116.2793
14:25:31.308,764.932522,-0.2949,0.7202,1.0566,11.7798,11.3525,43.0908,-7.6025,-5.4877,121.0419
14:25:31.408,765.032495,-0.5532,0.6558,0.8154,-20.8740,-4.3335,41.0156,-6.3116,-4.2078,124.6783
14:25:31.508,765.132416,-0.4302,0.8145,0.9214,2.6245,11.1084,60.2417,-5.3229,-1.7194,131.0944
14:25:31.608,765.232348,-0.4536,0.8184,1.0151,-7.6294,8.3008,48.0347,-3.8342,-0.3845,136.0052
14:25:31.708,765.332330,-0.3149,0.8223,0.9800,-14.2212,6.7749,64.2700,-1.9226,0.5768,141.5314
14:25:31.808,765.432272,-0.3965,0.9067,1.0811,-2.1362,5.0659,55.2368,-0.2527,2.3016,147.7332
14:25:31.908,765.532203,-0.2090,0.7510,0.9858,-12.6343,-3.4180,73.6694,1.5106,2.4664,153.5999
14:25:32.007,765.632167,0.0103,0.6870,0.9297,-4.3945,-17.7612,38.9404,3.3344,2.7960,159.2358
14:25:32.107,765.732070,-0.3535,0.5728,0.9863,-2.9297,-0.2441,3.3569,5.1141,3.4991,160.5048
14:25:32.207,765.832160,-0.2334,0.4971,0.7280,-15.8081,-10.9863,46.0205,5.3833,3.8837,162.3999
14:25:32.307,765.931969,-0.5771,0.4604,1.1221,-0.4883,-20.9961,33.2642,7.4652,5.2460,167.1790
14:25:32.407,766.032126,-0.0566,0.7080,1.0747,9.2163,11.2305,59.2041,7.6520,4.6527,171.7712
14:25:32.507,766.131899,-0.4717,0.4966,1.0200,-21.7896,6.1646,30.2124,8.7781,4.5538,175.0397
14:25:32.607,766.231780,-0.1699,0.5894,1.1201,-5.4321,9.0942,44.0674,9.9316,4.3066,179.8407
14:25:32.707,766.331765,-0.1909,0.5479,1.0210,-12.5732,9.7046,52.7344,10.8380,4.0100,-176.8359
14:25:32.807,766.431650,-0.2183,0.5630,0.8804,-5.7373,-9.6436,29.1138,12.2552,3.2629,-172.1283
14:25:32.907,766.531606,-0.3359,0.5977,0.8950,3.9673,-6.9580,43.1519,13.1177,3.6584,-168.2501
14:25:33.007,766.631573,-0.3740,0.6816,0.9424,-11.9629,5.1880,46.7529,13.6011,3.1915,-164.2017
14:25:33.107,766.731516,-0.1846,0.6235,1.1162,6.3477,3.6011,36.7432,14.5679,2.4664,-158.9941
14:25:33.207,766.831442,-0.1670,0.5801,0.8428,-11.5356,-5.0659,47.2412,14.8370,1.6809,-156.6980
14:25:33.307,766.931410,-0.3140,0.3511,0.9673,-14.3433,-14.2822,10.7422,15.2875,1.5930,-153.6877
14:25:33.407,767.031367,-0.1396,0.3403,1.1445,7.9346,-0.7935,27.8931,15.0513,2.0819,-151.5948
14:25:33.507,767.131351,-0.1973,0.3403,0.9771,-16.6016,12.3901,31.3721,15.0018,1.4612,-149.6558
14:25:33.607,767.231271,-0.2285,0.2759,0.8936,2.3804,-21.7896,16.8457,16.1829,1.9281,-147.0081
14:25:33.707,767.331246,-0.0923,0.4326,1.1138,2.8076,12.0850,34.4849,16.0181,2.0929,-144.4098
14:25:33.807,767.431165,-0.2295,0.2344,0.9663,5.0659,-14.9536,37.1704,17.7264,0.9283,-142.8168
14:25:33.907,767.531170,-0.1333,0.3623,0.9683,32.5317,-31.4941,34.0576,19.3744,-1.7249,-141.3062
14:25:34.006,767.631100,-0.0410,0.5732,1.0298,-12.2681,20.8130,16.8457,20.6763,-3.5706,-140.4932
14:25:34.106,767.731031,-0.0801,0.2065,0.8638,-5.6763,-2.7466,55.9692,19.8743,-4.3506,-138.0817
14:25:34.206,767.830976,0.0869,0.2012,0.9482,-1.6479,-36.0107,29.4800,18.9020,-5.6744,-134.5551
14:25:34.306,767.930892,-0.0205,0.2061,0.9585,0.2441,-14.4043,3.7231,20.0940,-7.3553,-134.7528
14:25:34.406,768.030852,-0.0093,0.2046,1.1470,5.4932,12.3291,3.3569,18.8416,-7.2565,-134.2804
14:25:34.506,768.130847,0.0088,0.2544,1.1016,-8.3008,33.7524,0.2441,18.7262,-6.8829,-134.1321
14:25:34.606,768.230760,0.1152,0.1763,0.9453,-15.5029,11.9629,-43.7622,17.6056,-5.2295,-134.9066
14:25:34.706,768.330744,-0.0977,-0.0361,1.1187,8.9111,24.4141,48.8892,17.4792,-2.7411,-135.4395
14:25:34.806,768.430646,0.2090,0.1138,1.0024,-6.4697,6.1646,-26.4893,17.1057,-2.9938,-134.8901
14:25:34.906,768.530658,0.0571,0.1411,0.9360,-5.4321,-17.3340,-2.3193,16.8146,-2.0819,-135.3351
14:25:35.006,768.630564,-0.1089,0.0005,0.8818,12.2681,-23.8647,2.8687,15.5676,-1.3788,-135.5219
14:25:35.106,768.730478,-0.0020,-0.0254,1.0640,16.0522,24.5361,5.4932,13.6395,-1.6040,-136.5820
14:25:35.206,768.830419,0.1113,0.0444,1.0986,-28.1982,26.8555,-7.2632,13.3539,-2.6422,-136.7908
14:25:35.306,768.930343,0.0757,-0.0488,1.0200,-10.9863,24.7803,0.7324,12.2937,-3.1915,-135.3735
14:25:35.406,769.030383,0.0527,-0.0186,0.9883,2.8076,-17.3340,-11.5356,11.5851,-2.3566,-135.0879
14:25:35.506,769.130291,0.0938,-0.1445,1.0244,3.5400,10.3760,-6.3477,10.8655,-1.6370,-136.9556
14:25:35.606,769.230254,0.0977,-0.2832,0.9922,7.2021,-14.5264,-17.8223,10.3491,-1.4722,-138.3179
14:25:35.706,769.330257,0.0884,-0.3262,0.9551,30.2734,10.5591,-12.6953,9.5471,-2.3456,-139.6967
14:25:35.805,769.430099,0.1382,-0.2114,1.0308,-5.9204,-5.4932,8.5449,9.5197,-1.8677,-140.1306
14:25:35.905,769.530052,-0.0576,-0.1489,0.9409,11.5356,12.3901,0.6104,8.5913,-2.1698,-138.5760
14:25:36.005,769.629999,0.1929,-0.2773,1.0112,10.0708,-16.1743,-12.2070,6.9434,-2.2083,-138.9935
14:25:36.105,769.729951,0.0435,-0.3618,1.2290,-16.8457,15.4419,-11.9019,6.4270,-2.1533,-140.1196
14:25:36.205,769.829968,0.1875,-0.2939,0.9966,0.0000,9.8877,-12.9395,4.8505,-3.2520,-141.6852
14:25:36.305,769.929876,0.0327,-0.3359,1.1396,-18.3716,-9.9487,-11.9019,3.4113,-2.8015,-142.5696
14:25:36.405,770.029992,0.0718,-0.2964,0.8687,-3.2959,13.6719,-15.3198,1.9446,-3.3838,-144.4318
14:25:36.505,770.129849,0.1396,-0.4922,1.1953,17.1509,12.1460,-32.5928,0.4779,-3.6200,-146.5686
14:25:36.605,770.229740,0.1396,-0.2358,1.0659,-25.8179,15.1978,-13.6108,-0.0934,-4.3176,-148.1012
14:25:36.705,770.329667,0.0127,-0.2134,0.8291,1.0376,-24.8413,-16.1743,-0.5878,-4.1309,-149.9030
14:25:36.805,770.429579,0.0288,-0.2612,1.0586,33.0811,-12.7563,-20.4468,-1.5820,-3.8562,-151.7102
14:25:36.905,770.529567,0.1216,-0.4209,1.2041,1.6479,15.2588,-14.0991,-2.4939,-4.1913,-153.2703
14:25:37.005,770.629503,-0.0171,-0.3188,1.0103,-14.2212,27.4658,-13.6719,-2.8235,-4.5264,-154.7864
14:25:37.105,770.729450,0.0308,-0.1929,0.8433,11.7798,-3.4180,-17.7002,-3.2410,-4.7076,-156.4618
14:25:37.205,770.829388,0.1958,-0.2075,1.1313,4.6997,13.3667,-14.8315,-4.1144,-4.5923,-157.7032
14:25:37.305,770.929321,0.0903,-0.2344,1.0381,-3.4180,-3.6011,-4.5166,-4.2078,-4.3671,-158.1207
14:25:37.405,771.029307,0.0503,-0.2280,0.9370,0.7324,-10.9863,-15.6250,-4.5538,-4.4714,-158.9172
14:25:37.505,771.129273,-0.0195,-0.2241,0.8804,6.7749,-8.4839,-17.7002,-4.6747,-4.1254,-160.4114
14:25:37.605,771.229230,0.0259,-0.2397,1.0156,0.3052,-4.3945,-13.1226,-5.2405,-3.9990,-161.9330
14:25:37.704,771.329136,0.1465,-0.2012,1.2905,-13.1836,25.2686,-8.4229,-5.8887,-4.0704,-162.9053
14:25:37.804,771.429028,0.2378,-0.1772,0.9492,-17.9443,-4.3335,-9.0332,-6.3501,-5.3064,-164.0808
14:25:37.904,771.529019,-0.0879,-0.2207,1.0410,10.3149,-19.5923,-13.4277,-6.3831,-4.3506,-165.4321
14:25:38.004,771.628963,0.0273,-0.3433,0.8789,11.3525,1.3428,-15.0146,-6.8884,-4.4220,-167.1899
14:25:38.104,771.728914,0.2114,-0.2544,1.1353,-21.5454,24.5361,-10.2539,-7.4048,-4.0814,-168.5193
14:25:38.204,771.828862,-0.0415,-0.2192,0.9497,-10.2539,16.2964,-9.0942,-7.1960,-4.1968,-169.5520
14:25:38.304,771.928792,0.0605,-0.1567,0.9243,-4.1504,8.6670,-10.3149,-7.9871,-4.5758,-170.4474
14:25:38.404,772.029008,0.2461,-0.1528,1.0186,-10.2539,-14.7095,-26.6113,-7.9651,-5.0977,-171.8262
14:25:38.504,772.128794,0.0142,-0.1514,0.8853,14.0991,-10.1318,-2.3193,-7.5531,-5.4822,-173.3423
14:25:38.604,772.228716,-0.0068,-0.1943,0.9058,29.9072,-26.7944,-13.7939,-7.7948,-5.2350,-173.9630
14:25:38.704,772.328695,0.1387,-0.2070,1.1465,-3.1738,-6.8970,-6.6528,-7.7948,-5.5042,-174.9463
14:25:38.804,772.428571,0.1279,-0.1577,0.9312,0.8545,11.4746,-3.8452,-7.3883,-5.8228,-175.1550
14:25:38.904,772.528493,0.1230,-0.1475,1.0688,-0.9766,-0.9766,-4.1504,-7.9706,-5.6085,-175.2594
14:25:39.004,772.628478,-0.0264,-0.1514,0.9561,0.6714,-7.5073,6.1035,-7.5092,-5.5371,-175.0067
14:25:39.104,772.728411,-0.0132,-0.1060,1.0298,4.3945,0.5493,-6.8359,-8.0914,-5.3119,-174.3585
14:25:39.204,772.828381,0.0933,-0.0518,0.9326,0.3662,-15.8691,-1.5869,-7.8223,-5.0922,-173.5675
14:25:39.304,772.928345,-0.0376,-0.0869,0.9917,10.6812,-1.2207,-1.7090,-7.8223,-4.8834,-173.7653
14:25:39.404,773.028386,0.0610,0.0107,1.0737,1.7700,5.4321,-1.6479,-7.5696,-4.9823,-173.8147
14:25:39.504,773.128328,0.2129,-0.0312,1.0479,-5.3711,15.4419,-6.5308,-7.2729,-5.2350,-174.2047
14:25:39.604,773.228298,0.0991,0.0420,1.0068,-12.3901,5.5542,-5.8594,-6.8555,-4.8889,-174.8474
14:25:39.704,773.328229,0.0200,0.0239,0.9932,-4.6387,2.1362,-2.3804,-6.2677,-4.1583,-175.4352
14:25:39.803,773.428153,-0.0220,-0.0088,0.9985,9.0942,1.3428,-6.8359,-6.4764,-3.2465,-175.8691
14:25:39.903,773.528086,0.1226,-0.0659,0.9692,-18.0054,-4.8218,-15.0146,-6.1688,-2.9004,-176.3086
14:25:40.004,773.628201,-0.0977,-0.0488,0.7441,29.9683,-23.0713,-8.4229,-5.2185,-2.8345,-176.9843
14:25:40.103,773.727966,-0.1055,-0.0503,1.0649,2.5024,-28.0762,2.3193,-5.6470,-2.2522,-177.4402
14:25:40.203,773.827919,-0.0420,-0.0225,0.9121,12.8174,-16.6016,-1.1597,-4.6472,-2.4609,-177.8027
14:25:40.303,773.927864,0.1880,-0.0742,1.2021,-3.5400,1.2207,-2.0752,-5.3998,-2.3456,-178.3630
14:25:40.403,774.027817,-0.0410,0.0425,0.9155,-18.7378,5.3711,-2.7466,-4.0485,-2.5983,-178.1543
14:25:40.503,774.127794,-0.0557,0.0098,0.9248,12.8784,-6.7749,3.9062,-4.2902,-2.6312,-177.8522
14:25:40.603,774.227718,0.0527,0.0405,0.9331,-4.2725,-25.5737,3.6621,-3.9661,-2.4609,-177.8632
14:25:40.703,774.327700,0.0317,-0.0151,1.0781,6.6528,-5.1880,-4.9438,-3.8507,-1.9611,-178.2257
14:25:40.803,774.427576,-0.0312,-0.0352,0.8354,1.1597,3.5400,-5.7373,-3.3014,-2.0105,-178.5168
14:25:40.903,774.527477,-0.0493,0.0117,1.0190,9.7656,10.9863,0.0000,-3.4827,-1.4227,-178.8080
14:25:41.003,774.627449,-0.0234,0.0146,1.0405,4.0894,11.9629,2.6245,-3.2025,-1.3293,-179.1156
14:25:41.103,774.727408,0.0415,0.1123,1.0010,-10.7422,20.2637,-0.8545,-2.9059,-1.5271,-178.9618
14:25:41.203,774.827342,-0.0894,0.0332,0.9146,-9.3994,-9.3384,-5.4321,-2.2742,-1.9611,-179.6045
14:25:41.303,774.927321,0.0063,-0.0566,0.9644,22.5220,-22.9492,-16.9067,-1.9666,-1.3513,-179.8077
14:25:41.403,775.027248,0.1719,0.0566,1.1597,-10.6201,16.4185,20.6299,-2.9828,-0.4010,-179.5551
14:25:41.503,775.127264,-0.1680,0.0415,0.8521,-22.5830,9.8877,3.2959,-1.8842,-1.1975,-179.6100
14:25:41.603,775.227194,-0.1309,0.0137,0.8877,20.3247,-31.7383,-3.4790,-1.9720,-1.7578,-178.8629
14:25:41.703,775.327228,0.0435,0.0967,1.0718,7.1411,-9.8877,10.3760,-2.4225,-0.8295,-178.4894
14:25:41.802,775.427099,0.0449,0.0073,0.9937,-5.3711,16.5405,6.4697,-2.0105,-0.8075,-178.2861
14:25:41.902,775.527033,-0.0356,0.0474,0.8638,2.7466,5.8594,4.3945,-0.9998,-0.8185,-178.2642
14:25:42.002,775.626992,-0.0684,-0.0312,0.9907,13.6108,-11.1694,-8.7891,-1.1646,-0.4395,-178.1982
14:25:42.102,775.726947,-0.0391,0.0352,1.1177,-7.5073,20.6299,7.3853,-1.3678,0.4944,-178.1982
14:25:42.202,775.826923,0.1221,-0.0186,0.9888,-12.3901,16.4795,-6.7749,-1.5161,0.0714,-178.6816
14:25:42.302,775.926866,-0.0693,0.0415,0.9390,-21.1792,1.8921,0.9155,-1.4447,-0.0330,-178.6102
14:25:42.402,776.026835,-0.1050,0.0513,0.8491,3.6011,-14.7095,-10.1318,-1.0822,0.2362,-178.6267
14:25:42.502,776.126835,-0.1255,0.0200,0.9482,11.6577,5.8594,9.3994,-1.6150,1.4227,-178.1049
14:25:42.602,776.226848,0.0347,0.0122,0.9790,13.5498,25.2075,2.9907,-1.4612,1.5930,-177.7533
14:25:42.702,776.326819,0.1323,-0.0322,1.0669,-20.8130,30.7007,1.6479,-1.3898,0.9119,-177.7533
14:25:42.802,776.426707,-0.1079,0.0244,0.9033,9.0332,-5.9814,-4.3945,-0.4999,0.4724,-177.9291
14:25:42.902,776.526681,0.0322,-0.0361,1.0093,18.6157,-13.7329,-5.7373,-0.5933,0.5219,-178.1763
14:25:43.002,776.626658,0.0430,0.0649,1.0244,-0.1831,-10.9863,5.0659,-0.7581,0.5219,-178.1378
14:25:43.102,776.726601,0.0225,0.0420,1.0298,-10.8643,8.4229,-2.6855,-0.3790,0.3571,-178.0060
14:25:43.202,776.826568,-0.0229,0.0444,0.9868,-3.4790,2.6245,-7.3242,-0.4175,0.1483,-178.1982
14:25:43.302,776.926520,0.0879,0.0210,0.9297,-5.4321,-12.3901,-3.5400,-0.1099,-0.3076,-178.3575
14:25:43.402,777.026507,-0.1089,0.0269,0.8706,14.0991,-24.2310,-6.2256,0.0604,0.1208,-179.3024
14:25:43.502,777.126443,-0.0884,-0.0239,0.8687,8.2397,-25.3906,-4.2114,0.7965,0.0275,-179.6045
14:25:43.602,777.226425,-0.1597,0.0669,0.8906,33.3252,-46.0815,-4.6997,0.8240,-0.0055,-179.2694
14:25:43.702,777.326367,0.1831,0.0859,1.3257,-18.1885,27.7100,8.1177,0.0110,0.2802,-179.1321
14:25:43.802,777.426322,-0.1240,0.1138,0.8999,-15.9302,8.7891,-11.1694,1.7853,-0.4559,-179.6429
14:25:43.902,777.526263,-0.0249,0.0288,0.9907,9.5215,-2.8076,-11.7188,1.2415,-0.2637,179.9341
14:25:44.002,777.626213,-0.0322,-0.0156,1.1069,-9.7046,-11.6577,-13.9771,0.8679,-0.1318,178.8794
14:25:44.102,777.726183,0.0820,0.0229,0.9082,-10.4370,6.5308,-4.1504,1.4392,-0.4120,178.0664
14:25:44.202,777.826141,0.1606,0.0845,1.1929,20.3247,-7.8735,-0.2441,0.1483,0.6976,178.6926
14:25:44.301,777.926066,0.2710,0.1001,1.2710,-48.5840,27.0996,6.4087,0.9174,-0.1813,178.8025
14:25:44.402,778.026322,-0.1699,0.0137,0.8281,30.7617,-14.5874,-4.2725,1.6534,0.0439,178.7091
14:25:44.501,778.126031,0.0044,0.0156,1.1909,11.6577,19.5312,4.3335,0.4010,0.5548,178.3630
14:25:44.601,778.225955,-0.0376,0.0503,0.8784,-20.0806,5.7983,2.7466,1.6534,0.1538,178.2697
14:25:44.701,778.325919,-0.1348,-0.0547,1.0010,25.0244,-3.3569,10.3149,0.9998,0.7361,179.4727
14:25:44.801,778.425848,0.0151,0.0234,0.9194,18.2495,-28.3203,7.5073,1.1316,0.3241,-179.7748
14:25:44.901,778.525769,-0.1777,0.0225,0.9653,4.5166,-6.0425,8.1787,0.8844,0.7526,-178.7860
14:25:45.001,778.625718,-0.2549,0.0381,0.8188,35.8276,-18.7988,15.9302,0.7361,0.6097,-178.0774
14:25:45.101,778.725862,0.1338,-0.0371,1.3018,-0.3052,34.7900,3.9062,0.6372,0.3571,-176.4899
14:25:45.201,778.825676,-0.1016,0.0625,0.7397,-17.7002,-0.9766,17.6392,2.4500,-1.3293,-175.8527
14:25:45.301,778.925633,-0.1196,-0.0693,0.9678,32.6538,-31.3110,-1.8311,1.3239,0.0330,-175.5011
14:25:45.401,779.025519,0.1191,0.0356,1.1240,-10.3760,-0.2441,0.0000,0.8734,-0.1868,-175.7373
14:25:45.501,779.125549,0.0322,0.0337,1.0249,-13.6719,-1.9531,-5.1880,1.5051,-0.4010,-175.6659
14:25:45.601,779.225443,0.0078,0.0176,0.9712,2.3193,-10.6201,-0.7324,1.6260,-0.9174,-175.6824
14:25:45.701,779.325423,-0.0435,0.0024,0.9126,10.3149,-14.0381,-5.9814,1.0712,-0.1703,-175.8691
14:25:45.801,779.425321,0.1147,0.0146,1.1968,-17.5781,20.5078,-2.6855,0.6537,0.3131,-176.2811
14:25:45.901,779.525281,-0.0947,0.0396,1.1104,-26.2451,27.2217,0.0000,1.3623,-0.0604,-176.5173
14:25:46.001,779.625220,-0.0132,-0.0352,0.8467,13.3057,-2.6245,-4.6997,1.2469,-0.2692,-176.5778
14:25:46.101,779.725157,0.1201,0.0015,1.2251,-11.9629,13.4277,-2.9907,0.0824,0.6482,-176.4899
14:25:46.200,779.825109,-0.0420,0.1309,0.8906,-29.8462,15.9912,-0.0610,1.6370,-0.2252,-176.5558
14:25:46.300,779.925060,-0.0640,0.0674,0.9536,17.3950,-2.2583,-2.3193,1.2634,0.3461,-176.0559
14:25:46.400,780.025037,0.1338,0.0845,1.0596,-20.8740,20.9351,-2.9297,0.8899,0.2527,-175.9570
14:25:46.500,780.125007,-0.1406,0.0864,0.8774,-13.2446,9.5215,-1.6479,1.9446,0.0494,-176.0724
14:25:46.600,780.224973,-0.1479,0.0391,0.8740,24.6582,-26.3062,-2.5024,1.8787,0.1483,-176.0394
14:25:46.700,780.324902,0.0547,0.0747,1.0537,2.8687,-13.3057,0.3052,1.4667,0.7086,-175.7703
14:25:46.800,780.424852,0.1548,0.1025,1.0146,-23.1934,12.0239,-2.3804,1.9720,0.4285,-175.6879
14:25:46.900,780.524788,0.0234,0.1152,1.0786,-38.5132,36.9263,1.1597,2.0050,0.2417,-175.7153
14:25:47.000,780.624711,-0.2871,-0.0112,0.7241,12.5732,-19.8364,-3.7842,2.6202,0.1648,-175.8911
14:25:47.100,780.724653,-0.0596,-0.0293,0.9229,44.2505,-32.6538,0.3662,1.6315,1.7578,-175.6659
14:25:47.200,780.824606,0.1255,-0.0088,1.2441,-32.6538,54.2603,4.7607,1.5216,1.8073,-175.7373
14:25:47.300,780.924558,-0.2363,-0.0464,0.7412,9.3384,-2.8687,-6.3477,2.4829,1.0876,-176.0834
14:25:47.400,781.024580,0.0332,-0.1011,1.1606,6.1035,13.4277,-2.7466,1.3623,1.7249,-176.2811
14:25:47.500,781.124470,-0.0327,-0.0278,1.0698,-11.4746,2.3193,3.9062,1.3293,1.5930,-176.6876
14:25:47.600,781.224409,-0.1636,-0.0308,0.9355,-3.2959,5.7983,0.3052,1.5875,1.4447,-176.7865
14:25:47.700,781.324458,-0.0200,-0.0654,0.8745,11.4746,-10.2539,-4.8218,1.1426,1.3568,-177.2479
14:25:47.800,781.424361,0.0381,-0.1836,1.0684,-15.8081,-4.2114,-7.3853,0.6427,1.5930,-177.7698
14:25:47.900,781.524249,-0.1685,-0.1533,0.8286,12.6953,-21.3623,-1.4648,0.9448,1.5436,-178.4290
14:25:48.000,781.624224,0.0532,-0.3594,1.0396,6.4087,-32.2876,-15.0757,0.3790,1.7963,-179.5221
14:25:48.100,781.724197,0.0161,-0.3184,0.8999,6.8970,-20.5688,-18.6768,-0.3241,1.5930,178.8409
14:25:48.199,781.824111,0.0127,-0.5029,1.2173,9.0942,-2.0752,-23.8037,-1.2524,1.9336,177.0776
14:25:48.299,781.924050,0.1201,-0.4824,0.9741,-2.9907,-1.4038,-7.0190,-2.1423,1.4337,175.6000
14:25:48.399,782.023959,0.0059,-0.3325,1.0171,-8.7891,-5.1270,-11.2915,-2.6093,1.4062,173.9575
14:25:48.499,782.123959,0.0146,-0.4180,1.0254,4.6997,-13.0005,-10.9863,-3.8068,1.3129,173.0017
14:25:48.599,782.223855,-0.1196,-0.2964,0.9351,-1.3428,-16.5405,0.0000,-4.1803,0.8954,171.8097
14:25:48.699,782.323825,0.0000,-0.3154,1.1484,17.0288,-13.1836,-12.8784,-4.9493,0.5438,170.5792
14:25:48.799,782.423735,0.1099,-0.5039,1.1851,-5.3101,4.4556,-16.0522,-5.7788,0.4065,169.5355
14:25:48.899,782.523648,0.0269,-0.4639,1.0557,-2.6245,4.3335,-11.4746,-6.0040,-0.0330,167.7502
14:25:48.999,782.623585,-0.0913,-0.4961,1.0845,14.6484,10.8643,-16.2964,-6.8280,-0.1648,165.5804
14:25:49.099,782.723506,-0.0186,-0.4658,0.9028,12.8174,-12.1460,-17.1509,-7.8607,-0.9119,163.6249
14:25:49.199,782.823454,0.1997,-0.6992,1.1284,9.3384,-9.2773,-32.2876,-8.8660,-0.9119,161.6364
14:25:49.299,782.923400,0.0439,-0.3516,0.6919,-7.0190,-30.7007,-13.6108,-9.2834,-1.9556,158.8568
14:25:49.399,783.023326,-0.0952,-0.5703,1.0640,31.0669,-15.1978,-37.6587,-10.4315,-1.9336,155.6488
14:25:49.499,783.123363,-0.1162,-0.8511,1.1333,17.0288,-8.3618,-18.7378,-11.6730,-2.3016,153.2703
14:25:49.599,783.223302,0.0103,-0.8213,1.1377,10.8643,10.1929,-28.0762,-12.6562,-3.0981,151.1169
14:25:49.699,783.323245,-0.0503,-0.7788,1.2466,10.9253,20.8130,-17.3950,-13.1012,-3.2135,149.6722
14:25:49.799,783.423354,0.0005,-0.5957,1.0820,2.4414,6.0425,-18.0664,-13.4637,-4.4330,147.6178
14:25:49.898,783.523125,0.1953,-0.8511,1.1899,10.6201,3.4180,-33.1421,-13.9856,-4.6582,145.8325
14:25:49.998,783.623060,0.0576,-0.5293,0.8154,-8.7891,7.9956,-13.9771,-14.5404,-5.8008,143.0530
14:25:50.098,783.722991,-0.0439,-0.9331,1.2759,19.4702,2.9907,-54.5044,-14.6558,-6.1688,139.2462
14:25:50.198,783.823030,0.0796,-1.0713,1.2148,4.6997,8.3008,-34.4849,-15.5237,-6.8939,135.8514
14:25:50.298,783.922963,0.0581,-0.9023,1.2725,16.9678,6.6528,-35.7666,-15.7874,-8.1299,132.6050
14:25:50.398,784.023070,0.1494,-0.8882,0.9604,15.5640,3.2959,-28.3203,-15.7050,-8.5638,130.3748
14:25:50.498,784.122899,0.2856,-0.7197,1.0083,16.2354,-17.7612,-30.5176,-15.9302,-9.3054,128.3203
14:25:50.598,784.222712,-0.1929,-0.4912,1.0376,-23.0713,-22.6440,-19.2261,-15.9027,-10.7117,125.1672
14:25:50.698,784.322635,0.4604,-1.0137,1.1499,32.9590,14.4653,-55.9082,-17.6605,-10.2832,124.0082
14:25:50.798,784.422565,-0.5801,-0.8237,1.2695,-18.3105,-17.9443,-31.1890,-16.7981,-12.2333,118.2349
14:25:50.898,784.522478,-0.0464,-0.9717,0.9141,13.5498,-26.2451,-43.7012,-18.6932,-13.3264,116.1365
14:25:50.998,784.622382,-0.3999,-1.0732,1.3262,17.3950,-3.2349,-46.5698,-17.1826,-13.6285,112.3572
14:25:51.098,784.722345,0.1958,-1.0063,1.0542,25.5127,-22.7661,-52.5513,-17.4408,-14.8425,109.2975
14:25:51.198,784.822270,-0.3569,-0.9268,1.0566,1.2207,-3.7231,-27.2827,-17.5232,-15.7434,106.1334
14:25:51.298,784.922242,-0.1152,-1.1353,1.2476,18.4326,-17.7002,-56.7017,-17.3804,-17.3309,102.1893
14:25:51.398,785.022281,-0.0161,-1.3501,1.5000,7.8125,9.3994,-33.8745,-17.5287,-17.4078,99.7009
14:25:51.498,785.122178,-0.1919,-1.0566,1.3242,-3.1128,-6.4087,-43.2739,-17.0782,-19.4513,96.3171
14:25:51.597,785.222061,0.0430,-1.2402,1.4883,32.5928,40.8936,-47.4854,-17.7594,-18.5779,93.6420
14:25:51.697,785.322024,-0.0264,-1.4854,1.7314,28.0151,2.8687,-83.8623,-15.9247,-21.4124,88.1653
14:25:51.797,785.421944,0.1465,-0.7803,0.8013,-16.1133,-7.6904,-9.1553,-16.7596,-21.7749,86.1108
14:25:51.897,785.521855,0.0825,-1.0669,1.3701,33.2642,9.2773,-45.2271,-15.7544,-22.2858,82.7875
14:25:51.997,785.621791,-0.0015,-1.0708,1.3345,-7.1411,-0.1221,-36.0107,-14.9908,-22.8076,79.7552
14:25:52.097,785.721722,0.3726,-0.9429,0.9438,-9.3384,-9.6436,-29.7852,-15.6006,-23.3954,78.8049
14:25:52.197,785.821680,-0.0293,-0.9419,1.3135,-4.5776,-13.4277,-30.9448,-14.9854,-23.5931,76.2012
14:25:52.297,785.921640,-0.0996,-0.7798,1.1587,8.6060,-14.7095,-30.7617,-15.6061,-24.5215,74.5532
14:25:52.397,786.021552,0.2876,-1.0347,1.1367,-36.1328,1.5869,-30.7007,-16.4026,-24.7137,72.4768
14:25:52.497,786.121550,0.1387,-0.8330,1.1460,-18.9819,-5.4321,-25.9399,-15.8917,-24.9060,70.0488
14:25:52.597,786.221459,0.2441,-0.9116,1.3818,-20.3247,11.2305,-32.4097,-15.5017,-25.2356,66.9012
14:25:52.697,786.321426,0.3682,-0.9692,1.0894,-25.4517,1.8921,-38.2690,-15.2435,-26.1530,63.5284
14:25:52.797,786.421368,0.2808,-0.9980,1.1655,-17.4561,-1.2207,-43.7622,-15.1666,-26.1749,60.4028
14:25:52.897,786.521345,0.1997,-0.9346,1.1260,-23.0713,12.5732,-29.9072,-14.7382,-26.6089,56.9531
14:25:52.997,786.621224,0.3208,-0.8418,0.8677,-22.9492,-12.6343,-31.0669,-13.9087,-26.5155,53.6572
14:25:53.097,786.721147,-0.0376,-0.5913,1.1929,5.3711,4.0283,-34.3018,-13.2440,-26.3947,50.1526
14:25:53.197,786.821116,0.4243,-0.7705,0.8291,-11.4136,6.4087,-27.7100,-14.9744,-25.5927,49.3726
14:25:53.296,786.921034,-0.1631,-0.5859,1.4541,14.6484,23.0713,-19.5923,-13.9471,-25.3015,46.4117
14:25:53.396,787.021018,0.3389,-0.4937,1.0342,-6.3477,-17.9443,-20.6909,-15.2545,-25.0378,46.7139
14:25:53.496,787.120984,-0.1626,-0.4663,1.2378,10.4370,2.6245,-2.4414,-14.9579,-24.3677,45.9503
14:25:53.596,787.220870,0.1177,-0.3169,1.2295,-0.0610,22.7661,-25.2686,-14.9963,-23.6316,44.4012
14:25:53.696,787.320851,0.2412,-0.8521,1.5146,-16.1743,10.6201,-49.3164,-14.8700,-22.6758,42.4457
14:25:53.796,787.420786,-0.1230,-0.5923,1.3823,0.9155,24.8413,-12.0239,-14.2273,-21.9342,40.6165
14:25:53.896,787.520734,-0.3516,-0.1592,0.9473,26.7334,33.2031,-4.2725,-14.4635,-21.3574,39.3530
14:25:53.996,787.620652,-0.4609,0.1328,0.8999,8.0566,29.0527,25.6958,-15.9521,-19.2535,41.4240
14:25:54.096,787.720600,-0.2451,0.2314,0.8301,17.5171,10.6812,-3.7231,-15.5072,-17.1167,43.6267
14:25:54.196,787.820560,-0.1655,0.5122,0.9482,-26.3062,12.8174,36.3159,-14.4196,-15.3204,43.1213
14:25:54.296,787.920488,0.0562,0.3081,0.9868,0.4272,2.1362,19.0430,-13.6780,-13.6011,46.5106
14:25:54.396,788.020417,-0.1279,0.5049,1.1597,-24.1699,5.5542,14.0381,-11.6565,-12.1729,46.2689
14:25:54.496,788.120452,-0.0327,-0.0586,1.0322,20.5688,56.8848,1.2207,-10.3162,-10.8215,48.7244
14:25:54.596,788.220400,0.0737,0.4194,0.8989,-58.1055,9.6436,10.0098,-9.8108,-9.6680,49.1364
14:25:54.696,788.320363,-0.4546,0.1187,0.8003,0.4272,-62.1338,-5.3101,-6.7841,-7.6080,50.8832
14:25:54.796,788.420324,0.2354,0.0005,0.8281,33.5693,19.2261,17.5781,-8.0530,-7.2015,52.3224
14:25:54.896,788.520251,-0.0049,0.5161,1.1094,-50.1709,3.2349,11.4746,-7.1686,-6.2018,52.4048
14:25:54.996,788.620173,-0.2192,0.0742,0.8965,8.8501,-37.7197,-9.2163,-4.7571,-5.0153,53.9813
14:25:55.095,788.720133,0.1157,-0.0498,1.1533,22.1558,17.2119,14.4043,-5.5151,-4.5923,54.5801
14:25:55.195,788.820081,-0.0771,0.2241,0.9688,-34.5459,16.1743,6.8970,-4.1858,-3.9386,54.1461
14:25:55.295,788.919992,-0.1841,0.1279,0.9751,13.3057,4.6997,-1.3428,-2.8290,-2.8455,54.8273
14:25:55.395,789.020082,0.2456,0.0820,1.0083,-15.0757,-17.0288,9.8877,-2.8345,-3.0377,55.4645
14:25:55.495,789.119983,-0.2471,0.0459,0.8301,15.1978,-28.2593,-1.4038,-1.5216,-2.0874,55.7391
14:25:55.595,789.219878,0.0537,0.0742,1.1616,23.1934,0.4272,7.3853,-2.2632,-1.5820,56.1786
14:25:55.695,789.319880,0.2144,0.1318,1.1294,-44.7388,22.7051,6.9580,-0.9558,-2.7411,56.0577
14:25:55.795,789.419795,-0.1382,0.0908,0.7061,0.0000,-48.2788,-0.4883,0.2142,-2.8949,56.5411
14:25:55.895,789.519756,-0.0581,0.0547,0.8755,25.2686,-48.8281,10.6201,-0.8295,-1.1371,57.3102
14:25:55.995,789.619702,0.0581,0.1855,1.4004,-4.0894,17.4561,8.5449,-1.1920,-0.3461,57.6562
14:25:56.095,789.719618,-0.1714,0.1240,0.8589,-1.7700,46.3257,1.0986,0.2966,-1.5930,57.8320
14:25:56.195,789.819569,0.0947,0.0508,1.1470,-5.6763,21.4844,-3.6011,-0.2692,-1.0382,58.1506
14:25:56.295,789.919509,-0.1958,0.0532,0.9375,3.6621,-16.2964,0.4272,1.3568,-0.7086,58.0408
14:25:56.395,790.019719,-0.1597,0.0957,1.0562,29.2358,12.0850,-1.1597,-0.3076,0.4944,58.3539
14:25:56.495,790.119475,0.2568,0.0659,1.1714,-57.9224,67.6880,-1.0376,0.4065,-0.8624,58.6835
14:25:56.595,790.219394,-0.2925,-0.0190,0.7471,28.6255,-51.6968,5.6152,2.1423,-1.1536,59.2987
14:25:56.695,790.319352,-0.0732,-0.1387,0.7700,66.1011,-67.1997,4.4556,1.7413,0.0769,59.0186
14:25:56.795,790.419285,0.3438,0.0420,1.5957,-45.5322,76.9043,-27.5879,0.0769,0.4724,57.8375
14:25:56.895,790.519266,-0.1279,0.0576,0.5806,-35.7666,-15.9912,-2.5024,1.9391,-1.9995,57.5244
14:25:56.995,790.619204,-0.1982,-0.1035,0.8433,39.1846,-47.2412,-6.7749,0.6976,0.1373,57.7881
14:25:57.095,790.719145,0.0688,0.0356,0.9976,38.3911,-13.6108,-1.4648,0.1483,0.5438,58.1342
14:25:57.194,790.819049,0.0283,0.0020,1.1890,-51.7578,57.4951,2.6855,0.2417,-0.0769,58.2825
14:25:57.294,790.918977,-0.1958,0.0205,0.8955,8.6060,6.9580,-6.7139,1.2250,-0.5054,57.6837
14:25:57.394,791.018942,0.2476,0.0063,1.1694,1.1597,7.7515,-12.8784,-0.1483,-0.2252,57.6233
14:25:57.494,791.118929,0.1465,0.0903,1.1465,-24.4751,-2.7466,-2.5635,0.4504,-0.2747,57.2937
14:25:57.594,791.218826,-0.0898,-0.0117,0.8140,3.6011,-15.4419,0.2441,1.1481,-0.7690,57.0685
14:25:57.694,791.318803,0.0298,-0.0562,1.1084,5.9814,-7.3853,-14.2212,-0.2911,0.1923,56.6455
14:25:57.794,791.418681,-0.0894,0.0156,1.0142,-15.9302,16.7236,-5.0659,-0.2087,0.3241,56.2665
14:25:57.894,791.518623,-0.1182,-0.0923,0.9790,18.0054,12.6953,-3.6621,0.3735,0.3571,55.7886
14:25:57.994,791.618575,0.3447,0.0527,1.2676,-5.4932,14.3433,-5.3711,-0.9393,0.0055,55.1184
14:25:58.094,791.718554,-0.3003,-0.0767,0.5386,-13.4888,-26.6724,2.5024,2.1313,-0.7581,55.0854
14:25:58.194,791.818508,0.2246,0.1377,0.9741,84.0454,-69.3359,-1.9531,-0.1154,0.9448,54.4702
14:25:58.294,791.918388,-0.0342,-0.0420,1.2158,-61.0352,40.2832,8.3618,-0.9174,0.9283,54.8053
14:25:58.394,792.018331,-0.2461,-0.0400,0.5527,23.8647,-33.6914,-3.4180,1.4996,-1.1536,54.2670
14:25:58.494,792.118323,0.0225,-0.0972,1.2988,23.1934,-28.5034,-9.3384,-0.6537,0.8130,54.3329
14:25:58.594,792.218250,0.0645,0.0518,0.9106,-8.9722,4.3945,0.3662,0.6976,0.0275,53.7506
14:25:58.694,792.318212,0.2197,0.0010,1.1943,-19.7754,5.3101,-10.1318,-0.0769,-0.0439,53.1409
14:25:58.794,792.418128,-0.2104,0.0181,0.7622,-12.8174,-13.0615,-4.8828,0.6647,-0.0659,53.0090
14:25:58.893,792.518037,-0.2827,-0.0996,1.1323,16.0522,6.5918,-7.4463,-0.3241,1.4996,52.8168
14:25:58.993,792.617983,-0.2656,0.0488,0.9609,-9.8267,9.8267,2.9297,-0.4614,1.9006,52.8278
14:25:59.093,792.717913,-0.2388,0.0215,0.9956,-10.6812,12.3901,4.4556,-0.4285,2.7301,53.3221
14:25:59.193,792.817850,-0.3032,0.0708,0.7915,2.9297,-14.1602,6.8359,0.2362,2.9993,53.7946
14:25:59.293,792.917750,-0.3213,0.0254,1.0327,11.7188,10.3149,-3.1738,-0.2307,4.4330,54.3219
14:25:59.393,793.017734,0.0801,-0.0088,1.0791,-20.8740,16.7236,-5.5542,0.0714,4.3286,54.2010
14:25:59.493,793.117662,-0.1919,-0.1030,0.9712,-8.7891,-11.3525,-11.5356,0.5054,4.8505,53.3990
14:25:59.593,793.217567,-0.3042,-0.0830,0.8394,6.1035,-30.8228,-1.2207,0.4669,5.4327,52.7234
14:25:59.693,793.317550,-0.1509,-0.0513,1.2402,10.3149,-3.2959,-2.8076,-0.7086,6.4215,52.3608
14:25:59.793,793.417438,0.0151,-0.0166,1.0947,-36.6211,23.6816,-3.1738,-0.4065,5.9436,52.6300
14:25:59.893,793.517427,-0.0625,-0.0186,1.1216,-11.1694,23.6816,-6.7749,-0.4230,6.1798,52.3169
14:25:59.993,793.617334,-0.0938,0.0493,0.9741,-37.7808,-19.3481,-0.6714,-0.1868,5.9930,52.3993
14:26:00.093,793.717291,-0.3628,-0.1890,0.9980,39.0625,-32.2876,-6.2866,-0.3406,7.8113,51.5314
14:26:00.193,793.817187,0.1445,-0.1797,1.2944,-34.4849,17.7612,-20.2026,-2.1808,7.5421,50.8282
14:26:00.292,793.917092,-0.1265,-0.1060,0.8223,-23.4375,-29.9072,-10.1318,-0.9943,7.0038,49.6912
14:26:00.392,794.017055,-0.0771,-0.4165,0.8618,18.0664,-53.1616,-18.6768,-2.4170,7.4707,47.8180
14:26:00.492,794.117099,0.0215,-0.4863,1.3813,-15.3809,0.9155,-29.2358,-4.8010,7.6740,44.8297
14:26:00.592,794.216981,-0.0557,-0.7178,1.4058,-39.6118,46.6919,-25.5127,-6.5533,6.4270,43.2697
14:26:00.692,794.316852,0.0791,-0.7104,1.1958,-31.6162,13.4277,-33.3862,-7.8442,5.7184,40.4901
14:26:00.792,794.416740,-0.2144,-0.6890,1.0366,-0.1831,28.0762,-24.0479,-9.4867,5.1801,36.6779
14:26:00.892,794.516688,-0.0171,-0.9268,1.1655,-10.3149,2.5024,-50.0488,-11.3214,4.8505,32.9865
14:26:00.992,794.616635,-0.1021,-0.8301,0.9385,4.2725,-11.0474,-59.6924,-12.2223,2.7301,27.9272
14:26:01.092,794.716580,-0.4067,-0.8281,0.7251,24.5361,11.1084,-13.5498,-15.3424,3.2190,25.0928
14:26:01.192,794.816502,-0.0332,-0.8750,0.8442,31.8604,-39.4287,-81.7871,-15.8423,0.8130,19.1711
14:26:01.292,794.916419,-0.1250,-1.0913,0.7578,34.6069,6.1646,-19.1650,-15.2985,-0.1978,15.2051
14:26:01.392,795.016394,-0.2432,-0.6567,0.9790,-4.3335,-27.0386,-93.8721,-16.2817,-2.3071,8.9484
14:26:01.492,795.116385,0.5415,-1.4849,1.4028,56.5796,35.8276,-31.0059,-16.3422,-1.5601,7.0422
14:26:01.592,795.216342,0.1191,-0.4717,0.8887,-8.2397,-8.6670,-46.6309,-17.6825,-4.9274,2.3950
14:26:01.692,795.316260,0.0718,-0.8071,0.9775,2.5024,-31.2500,-64.4531,-17.9846,-6.4874,-1.2140
14:26:01.792,795.416220,-0.1118,-0.7998,0.9404,24.5972,16.9067,-37.7808,-18.9899,-7.8003,-5.1306
14:26:01.891,795.516089,0.4097,-0.9097,1.0840,-7.2021,-18.7988,-93.5059,-20.2863,-11.7334,-12.0026
14:26:01.991,795.616051,0.2075,-1.0703,0.8618,-29.0527,0.4883,-6.9580,-20.0281,-12.2443,-16.1060
14:26:02.091,795.715938,0.3408,-0.7593,1.0132,-14.7705,-9.2163,-87.7075,-20.1105,-14.4470,-22.6208
14:26:02.191,795.815952,0.3486,-1.0288,0.8423,8.3618,14.0381,-21.5454,-17.8198,-15.0897,-28.5480
14:26:02.291,795.915826,-0.1704,-1.0728,0.9771,-0.7324,-24.6582,-115.4175,-16.2872,-17.9462,-36.4966
14:26:02.391,796.016083,0.4614,-1.2769,1.4497,22.8882,15.1978,-81.9702,-15.4907,-19.0558,-41.6711
14:26:02.491,796.115814,0.1177,-0.8921,1.0190,3.0518,15.3198,-42.7246,-15.1117,-21.5442,-47.4335
14:26:02.591,796.215692,0.2783,-1.0747,0.9702,23.2544,17.7002,-58.2275,-14.6832,-20.2478,-50.5261
14:26:02.691,796.315614,0.0874,-0.8428,1.0298,3.4790,-10.0708,-56.0913,-12.7551,-22.1704,-56.7004
14:26:02.791,796.415516,0.3965,-1.0200,0.9790,10.4980,13.1226,-36.6821,-12.8705,-21.1432,-58.6176
14:26:02.891,796.515455,-0.3081,-0.6016,0.8247,17.2729,-14.4043,-31.1890,-11.4587,-22.3682,-63.2977
14:26:02.991,796.615384,0.0771,-0.9468,1.2261,46.3867,13.8550,-36.8652,-11.9806,-20.6873,-63.6438
14:26:03.091,796.715332,0.1094,-0.2778,0.7344,7.9956,-14.8926,-18.7988,-12.3651,-22.0166,-64.5776
14:26:03.191,796.815276,0.0708,-0.3428,1.1201,5.4321,-9.6436,-17.7612,-12.0959,-20.6818,-64.9072
14:26:03.291,796.915251,0.1509,-0.3315,0.8970,-3.9673,-18.0664,-33.3862,-11.7664,-21.6266,-67.2803
14:26:03.391,797.015213,-0.1738,-0.4067,0.9829,26.0010,-0.1831,-34.1187,-11.0577,-20.9399,-69.4061
14:26:03.490,797.115131,0.1606,-0.5132,1.2109,24.1089,15.1367,-41.8091,-11.2170,-20.9674,-71.9550
14:26:03.590,797.215066,0.1768,-0.6279,1.0732,-12.5122,-17.5171,-35.8887,-10.7062,-21.5442,-74.4598
14:26:03.690,797.315019,0.0342,-0.3530,0.8091,-15.9912,-12.4512,-20.4468,-9.8877,-21.6376,-77.1021
14:26:03.790,797.414942,0.1362,-0.4243,1.2158,12.4512,-15.0757,-37.2925,-8.8220,-20.5829,-79.5630
14:26:03.890,797.514886,0.1055,-0.1577,0.7471,-2.1362,-27.5879,-14.3433,-8.0804,-21.4124,-81.2988
14:26:03.990,797.614800,0.1528,-0.3286,1.1260,-17.5171,-13.3057,-39.6729,-7.7344,-20.0940,-83.4082
14:26:04.090,797.714759,0.1553,-0.3120,0.7749,-21.4233,-13.1836,-9.5215,-6.9214,-20.3302,-85.6165
14:26:04.190,797.814696,0.1162,-0.2217,1.0557,8.8501,-12.9395,-31.3110,-7.5806,-19.1382,-87.2644
14:26:04.290,797.914641,-0.0645,-0.4438,0.9536,8.7891,6.4087,-32.8979,-7.6794,-19.4623,-89.6155
14:26:04.390,798.014602,-0.0103,-0.2490,0.9331,22.8882,-20.5078,-19.8364,-6.9708,-18.0670,-91.4502
14:26:04.490,798.114601,0.0947,-0.2310,0.8784,18.1885,-11.9629,-20.3857,-7.0477,-18.4900,-93.2465
14:26:04.590,798.214482,0.0840,-0.3833,1.0811,-5.4321,-21.9727,-20.8130,-6.7566,-17.1661,-94.6802
14:26:04.690,798.314495,0.1855,-0.2510,1.0991,8.3008,-2.8687,-25.3906,-6.4600,-17.7155,-96.6357
14:26:04.790,798.414377,0.0869,-0.2197,0.9473,-11.5356,-4.2114,-14.7095,-5.9106,-17.0013,-98.2892
14:26:04.890,798.514335,0.0859,-0.2671,0.9404,11.8408,0.1221,-28.5034,-6.2018,-16.6388,-100.2448
14:26:04.990,798.614300,0.1362,-0.3423,1.1895,4.2725,-3.0518,-23.4375,-6.3171,-15.8203,-102.1234
14:26:05.090,798.714273,0.0972,-0.4312,1.1235,-13.4277,6.9580,-18.4937,-6.4984,-15.9357,-103.8867
14:26:05.190,798.814176,0.1470,-0.2822,0.9648,-0.1221,2.6245,-26.3672,-6.1139,-15.3424,-105.8588
14:26:05.290,798.914121,0.0601,-0.3413,1.1846,8.4839,4.6997,-15.3198,-6.6962,-15.1611,-107.5342
14:26:05.389,799.014070,0.0474,-0.4033,1.0767,-5.3101,7.0801,-24.0479,-6.7731,-15.0293,-109.1382
14:26:05.489,799.114059,0.1909,-0.3838,1.1069,-14.4043,12.0850,-23.9258,-6.9379,-14.8920,-110.6653
14:26:05.589,799.214129,-0.0127,-0.2798,1.2046,2.5635,24.2310,-8.6060,-6.9983,-14.7272,-112.6154
14:26:05.689,799.313938,0.0942,-0.2012,1.1157,-19.0430,1.5259,-11.7188,-6.6852,-14.1339,-113.2416
14:26:05.789,799.413815,0.1025,-0.0957,0.8711,-14.7705,-8.5449,-0.3052,-6.7236,-13.7439,-113.8733
14:26:05.889,799.513739,-0.0327,0.0601,1.0005,10.1318,-27.4048,-2.9297,-6.8170,-12.7057,-113.9117
14:26:05.989,799.613661,-0.0835,0.0654,0.9507,15.4419,-21.7896,1.0376,-6.6907,-12.1454,-113.7195
14:26:06.089,799.713597,-0.1265,0.2080,1.0205,0.0000,24.3530,20.2026,-7.2565,-11.3379,-112.3901
14:26:06.189,799.813519,-0.1538,0.2100,0.7949,0.0000,14.7095,17.2729,-6.5588,-10.9918,-111.2695
14:26:06.289,799.913477,-0.1558,0.2515,1.1035,3.9673,0.0000,13.3667,-6.5808,-9.5966,-109.5721
14:26:06.389,800.013548,0.2466,0.1084,1.1948,-29.3579,54.9316,-26.0620,-6.2018,-9.8712,-108.2043
14:26:06.489,800.113444,-0.1650,0.1055,1.0659,-44.3115,-49.3774,72.2046,-4.2957,-9.0912,-107.7155
14:26:06.589,800.213336,-0.4297,0.1616,0.8721,45.7153,-94.4824,15.5640,-2.5323,-8.1628,-106.5289
14:26:06.689,800.313295,0.2598,0.2739,1.4253,1.7700,4.4556,20.7520,-3.7628,-6.7126,-106.8091
14:26:06.789,800.413266,-0.3804,0.1831,0.8257,11.9019,7.9956,1.9531,-1.5491,-6.8170,-105.4578
14:26:06.889,800.513173,0.0234,0.4517,1.1880,-2.3193,0.9766,36.5601,-1.5106,-5.3448,-103.2825
14:26:06.988,800.613138,-0.3125,0.4473,0.9707,-20.5688,20.6909,5.7373,0.3241,-5.2570,-101.6730
14:26:07.088,800.713064,-0.2612,0.4570,1.0059,-11.5356,-5.3711,20.2026,0.4779,-3.6584,-99.5416
14:26:07.188,800.812999,-0.4097,0.3315,0.9287,-5.9814,-10.3760,14.2212,0.9009,-1.8567,-98.2343
14:26:07.288,800.912937,-0.4399,0.3813,0.9517,13.1226,-5.9204,22.5220,1.8732,-1.0217,-96.4819
14:26:07.388,801.012922,-0.3618,0.3701,0.7476,15.9302,-14.6484,20.9961,3.4222,-0.0549,-94.6967
14:26:07.488,801.112860,-0.6758,0.2959,0.9424,5.8594,-18.4326,17.0288,4.3506,1.0767,-93.2465
14:26:07.588,801.212813,-0.5747,0.5063,0.9487,41.0156,-16.0522,20.9961,5.5701,1.4447,-90.8624
14:26:07.688,801.312749,-0.4053,0.6143,0.7656,-38.8794,7.5073,32.4707,4.6802,1.4282,-90.6482
14:26:07.788,801.412667,-0.5928,0.5293,1.0420,-4.7607,-46.7529,31.7383,7.1191,2.4280,-87.3138
14:26:07.888,801.512624,-0.2529,0.4888,0.8853,35.0342,33.0200,50.7812,6.5314,2.8125,-83.2324
14:26:07.988,801.612542,-0.9009,0.5884,0.7402,-70.5566,-0.1221,3.5400,8.1683,3.1256,-82.0184
14:26:08.088,801.712508,-0.4268,0.9429,1.0488,-5.1880,-23.6206,106.2012,9.7888,4.1473,-77.5085
14:26:08.188,801.812440,-0.8389,0.5063,0.9746,-13.5498,6.7139,39.3677,9.9976,4.9768,-73.3063
14:26:08.288,801.912362,-0.2598,0.8975,0.9321,-9.2163,5.1880,56.2134,12.0026,3.9990,-67.5769
14:26:08.388,802.012497,-0.7769,0.8140,1.1270,-11.5967,-10.2539,52.4902,12.6947,4.5868,-62.9352
14:26:08.488,802.112355,-0.1572,0.7803,0.9712,-12.6953,15.5029,48.1567,14.4965,3.1915,-58.2715
14:26:08.588,802.212212,-0.6011,0.5205,1.0669,-16.9678,-11.4136,8.8501,15.3424,4.1968,-56.0303
14:26:08.687,802.312166,-0.6475,0.7212,0.9272,-3.4180,-7.7515,70.8618,15.6390,4.2957,-52.0917
14:26:08.787,802.412108,-0.5962,0.5093,0.8721,-3.4180,2.0142,27.4658,16.3202,3.7903,-47.2577
14:26:08.887,802.512045,-0.7241,0.8789,1.1191,-19.4092,1.5259,41.5039,17.4628,3.0652,-42.9565
14:26:08.987,802.611915,-0.3525,0.8940,1.2949,10.4980,10.6201,90.5151,17.8638,2.0599,-37.3535
14:26:09.087,802.711829,-0.5776,0.6650,0.9551,-1.7700,-15.0757,53.8940,18.5614,-0.3406,-32.6294
14:26:09.187,802.811788,-0.0796,0.9331,1.0049,10.9863,-0.8545,57.9224,19.8633,-1.5216,-25.0983
14:26:09.287,802.911746,-0.6680,0.6465,0.9683,0.2441,-4.6387,32.8369,19.0778,-1.7523,-21.6650
14:26:09.387,803.011663,-0.3135,0.8350,0.7817,-15.7471,-21.8506,65.6738,19.7369,-4.1034,-17.2375
14:26:09.487,803.111643,-0.5371,0.6880,1.1816,32.7148,-8.9111,27.8320,20.5499,-2.5433,-12.0465
14:26:09.587,803.211560,-0.3218,0.6494,0.7031,8.6670,-0.6104,68.6646,20.1654,-5.1581,-9.7888
14:26:09.687,803.311547,-0.4004,0.5386,1.2344,-3.9673,-30.6396,10.8032,22.0496,-4.1858,-5.5811
14:26:09.787,803.411457,-0.3198,0.6953,0.7446,14.8926,-18.3105,59.9976,21.5057,-5.8228,-3.4717
14:26:09.887,803.511382,-0.3926,0.4531,1.2363,-11.3525,6.6528,47.7905,22.1265,-5.5096,0.5823
14:26:09.987,803.611322,-0.5020,0.7319,0.9087,8.8501,-29.5410,55.3589,22.0001,-6.6797,4.0814
14:26:10.087,803.711257,-0.2231,0.7402,1.2588,-9.7656,17.7002,70.4956,22.3407,-7.8717,10.9204
14:26:10.187,803.811248,-0.2886,0.8218,0.7183,8.1177,-17.5781,64.2700,21.9672,-9.3054,14.5679
14:26:10.287,803.911183,-0.4453,0.7729,1.1558,-14.1602,10.4370,31.6772,21.8298,-9.7668,19.9677
14:26:10.386,804.011064,-0.1426,0.7920,0.9858,10.9863,-5.0049,57.9224,21.5222,-10.7336,23.7799
14:26:10.486,804.111097,-0.3071,0.6147,1.0776,-14.4653,3.2349,15.6250,22.0880,-10.4315,26.2244
14:26:10.586,804.210972,0.0005,0.4951,1.2271,5.0049,13.9771,37.4756,21.7145,-10.3217,29.0094
14:26:10.686,804.310963,-0.0161,0.3184,1.0508,-14.7705,-5.7373,36.1938,21.6486,-9.9426,30.5969
14:26:10.786,804.410920,-0.3032,0.2964,0.8521,13.9160,-30.5176,6.4087,21.6156,-9.0198,32.7173
14:26:10.886,804.510823,-0.1909,0.3638,1.1709,18.3105,10.8643,20.5078,19.8029,-8.3771,35.0629
14:26:10.986,804.610797,-0.0010,0.3540,1.0601,-33.2642,22.5220,24.8413,19.9567,-9.2560,36.4581
14:26:11.086,804.710737,-0.1040,0.3481,0.8633,14.2822,-40.9546,33.0811,19.8468,-8.9923,38.3368
14:26:11.186,804.810694,-0.3843,0.3672,1.1919,5.1880,5.5542,10.5591,18.9514,-8.3057,41.3745
14:26:11.286,804.910603,0.0703,0.4912,1.0347,0.0000,10.0098,47.4243,18.6328,-8.9539,43.8739
14:26:11.386,805.010615,-0.2773,0.3032,0.9395,-11.4746,6.7749,-1.4038,19.0997,-7.8442,44.7198
14:26:11.486,805.110563,0.0967,0.4023,1.0205,18.1274,-6.2256,31.0059,18.5889,-8.3167,46.7743
14:26:11.586,805.210540,-0.1523,0.1797,0.9873,-11.4746,-10.4980,10.0098,18.1110,-6.9763,48.0927
14:26:11.686,805.310461,-0.1274,0.2378,0.9180,16.7847,-4.8828,8.7891,18.3966,-7.1906,50.1031
14:26:11.786,805.410395,-0.0327,0.2759,1.0728,-7.3853,3.7231,26.7944,17.0453,-6.3007,51.5863
14:26:11.886,805.510340,-0.2017,0.1665,0.8755,-7.8735,12.3901,5.1880,17.5122,-6.1084,52.1521
14:26:11.986,805.610264,0.1045,0.1631,1.0903,11.9629,2.1973,0.7324,16.8640,-6.0315,53.4375
14:26:12.086,805.710225,0.0527,0.0933,1.3013,-19.0430,10.2539,12.5732,16.2653,-5.3229,53.8385
14:26:12.186,805.810157,0.0435,0.0967,0.8481,9.5215,-12.8784,6.7749,16.1774,-6.1194,53.8660
14:26:12.285,805.910074,-0.2026,-0.0869,0.8486,20.3247,-19.8975,-10.0708,15.3973,-4.8505,54.2010
14:26:12.385,806.010020,-0.0015,0.2007,0.9009,10.2539,-2.2583,12.8174,14.6008,-4.8505,55.1239
14:26:12.485,806.109988,-0.1509,0.1465,0.9844,1.0376,-0.4883,7.3242,14.0240,-3.7299,55.6897
14:26:12.585,806.209894,0.0698,0.1851,1.0142,-0.4272,23.4375,7.5073,13.9526,-4.7351,56.4093
14:26:12.685,806.309846,0.0728,0.0854,1.0537,-2.8076,-12.5732,9.3384,13.4967,-4.1144,55.9534
14:26:12.785,806.409764,-0.0591,-0.0762,1.1567,0.4272,26.6113,-7.3242,13.5681,-3.9276,56.0083
14:26:12.885,806.509697,0.1763,0.0933,1.0801,-1.8311,-18.4937,-2.3804,12.8046,-3.7628,55.6458
14:26:12.985,806.609641,0.0049,0.0112,1.1943,-19.3481,10.1929,-0.8545,12.0300,-2.9553,55.4645
14:26:13.085,806.709586,0.0483,-0.0078,0.9966,-8.7280,11.1084,3.9062,11.5796,-2.8125,55.1843
14:26:13.185,806.809535,-0.0586,0.0181,0.8804,2.5635,-1.2207,-12.9395,11.1072,-1.9556,55.4315
14:26:13.285,806.909462,-0.0806,-0.0078,0.9810,16.4185,-0.3052,1.4648,10.6512,-0.7690,55.3162
14:26:13.385,807.009404,-0.0186,0.0586,1.0361,2.9907,15.2588,-8.3008,10.7117,-0.3790,54.8108
14:26:13.485,807.109389,-0.0195,0.0225,0.9946,4.5166,4.5166,-2.9297,10.4810,-0.1978,54.6350
14:26:13.585,807.209361,-0.0854,-0.0869,0.9897,-7.0801,-31.9214,43.7012,10.2448,-2.2302,55.8105
14:26:13.685,807.309285,-0.0156,0.0234,0.9512,17.1509,-18.9819,4.2114,9.7614,-3.7189,56.1127
14:26:13.785,807.409185,0.3052,0.1616,1.0220,13.6719,-15.8081,-33.9355,9.9756,-4.7186,55.2228
14:26:13.884,807.509090,-0.0356,0.1182,0.9590,5.9814,-12.4512,-16.7236,11.0358,-5.5316,53.3826
14:26:13.984,807.609032,0.0972,0.0264,1.0093,9.5825,-12.0850,-19.1040,10.8051,-5.6854,51.1249
14:26:14.084,807.708950,0.0034,0.1011,1.1265,16.4795,-4.0894,4.9438,12.6562,-7.3169,50.7678
14:26:14.184,807.808899,0.1426,0.1968,1.0127,18.9209,-38.2690,-1.7090,13.4418,-10.0745,50.3339
14:26:14.284,807.908861,0.0181,0.2803,0.8950,-17.3950,30.8838,-5.2490,15.6610,-11.6895,48.9496
14:26:14.384,808.008994,-0.1025,0.2583,1.1333,-37.7808,57.3730,15.9912,11.2939,-6.5369,49.8889
14:26:14.484,808.108780,0.0054,0.3872,0.9731,1.7700,-6.6528,9.2163,10.6073,-5.2350,50.8832
14:26:14.584,808.208695,-0.0508,0.2500,1.0415,12.3291,3.3569,25.6348,10.7172,-4.9658,53.8220
14:26:14.684,808.308621,0.0347,0.3286,1.0020,3.7842,-8.4839,15.7471,11.3159,-4.6637,55.9314
14:26:14.784,808.408567,0.0552,0.2598,0.9614,10.6812,-5.9814,12.6343,12.2168,-4.2078,56.9751
14:26:14.884,808.508519,-0.0747,0.2104,0.8862,-0.6104,-34.2407,1.7700,11.8103,-3.6530,57.4475
14:26:14.984,808.608467,-0.2354,0.0610,0.9292,39.3066,-8.4229,-2.9297,10.8600,-3.1311,57.6947
14:26:15.084,808.708398,0.1113,0.3125,1.2104,-6.5918,29.3579,24.4751,10.0745,-2.3950,58.5626
14:26:15.184,808.808386,0.1528,0.3647,1.0864,-41.0156,37.2925,15.5029,11.4203,-2.7795,57.9529
14:26:15.284,808.908286,-0.1455,0.2271,0.9082,11.7188,-15.5029,-13.2446,11.5027,-2.7191,61.1884
14:26:15.384,809.008297,0.0327,0.3774,1.1851,15.7471,-9.0332,17.0288,10.4315,-1.9061,62.7374
14:26:15.484,809.108216,-0.0190,0.3662,0.9053,-9.3994,14.1602,5.0659,11.6785,-2.5323,63.1879
14:26:15.583,809.208138,-0.0503,0.2886,0.9932,0.6104,1.2207,4.3335,11.8872,-2.6367,63.0231
14:26:15.683,809.308075,-0.0879,0.1997,0.8496,7.0801,-11.3525,6.1035,11.8103,-2.0929,63.7097
14:26:15.783,809.407919,-0.0928,0.3203,0.9565,-2.6855,-6.9580,12.9395,11.4697,-2.0874,65.0555
14:26:15.883,809.507924,-0.0503,0.2900,0.9365,-9.5215,-2.5024,15.7471,12.1289,-2.1698,66.2036
14:26:15.983,809.607842,-0.0322,0.2920,0.9761,4.6387,-6.1035,9.4604,11.8378,-1.8951,67.5165
14:26:16.083,809.707756,0.0361,0.3569,1.1685,-12.1460,11.1084,21.8506,12.0575,-1.9446,68.4503
14:26:16.183,809.807700,0.0127,0.2842,1.1201,-9.3994,2.0142,15.6860,12.5574,-2.1588,69.6259
14:26:16.283,809.907628,-0.0942,0.1938,0.9346,13.4888,-9.8267,6.2866,12.4091,-2.4225,71.7902
14:26:16.383,810.007602,-0.0469,0.2544,1.0210,4.6997,-5.8594,27.5879,12.2607,-2.4060,73.5425
14:26:16.483,810.107591,-0.0635,0.5005,0.8975,4.4556,-11.1694,39.1235,12.5244,-3.0542,75.6738
14:26:16.583,810.207464,-0.1099,0.4448,1.0146,-4.5776,14.8926,12.7563,12.7002,-3.5541,77.7887
14:26:16.683,810.307446,-0.0352,0.5596,1.1289,-5.3101,13.7329,23.4375,12.3431,-3.5815,79.3488
14:26:16.783,810.407346,-0.1084,0.4614,0.9175,-18.1885,17.2729,17.5171,13.7933,-4.4275,80.6781
14:26:16.883,810.507264,-0.1089,0.4531,0.9219,8.4839,-7.9346,15.9302,13.4143,-3.9331,82.7655
14:26:16.983,810.607243,0.0435,0.4395,1.1968,-12.1460,16.8457,14.2212,13.7769,-3.7573,84.3970
14:26:17.083,810.707160,0.1821,0.3569,1.1372,-8.7280,20.2026,7.9956,14.0845,-3.8013,85.1056
14:26:17.182,810.807098,-0.1787,0.2002,1.0137,-12.3291,16.9067,5.6763,14.1119,-3.2794,85.5450
14:26:17.282,810.907031,-0.1792,0.3979,0.9990,15.9912,-5.1880,2.3804,14.3207,-3.6310,87.3468
14:26:17.382,811.006956,-0.0781,0.5664,1.0503,-8.8501,1.7700,58.3496,13.8867,-3.5980,88.8080
14:26:17.482,811.106915,-0.3174,0.7612,0.8018,-0.7324,-18.2495,23.3765,15.3864,-5.4657,92.6038
14:26:17.582,811.206844,0.0420,0.8677,1.0483,26.3062,-2.5635,35.2783,14.7876,-5.2570,96.7731
14:26:17.682,811.306779,-0.0298,0.4443,0.9980,-25.4517,17.4561,5.8594,16.3971,-5.3503,97.8442
14:26:17.782,811.406699,-0.1230,0.2959,0.9390,8.6060,9.6436,-14.5264,17.3584,-4.3011,97.9980
14:26:17.882,811.506642,0.0371,0.1538,0.8784,6.5308,-1.8921,22.7051,17.1497,-3.3234,98.4650
14:26:17.982,811.606579,-0.0273,0.2866,1.0215,-19.7144,4.8218,13.8550,17.7704,-3.3289,99.7229
14:26:18.082,811.706511,-0.1519,0.2402,0.8936,28.1372,-33.3252,3.6621,18.0945,-3.0927,101.0742
14:26:18.182,811.806493,-0.0049,0.3906,1.1143,3.1128,7.6294,24.7803,16.9629,-2.6807,102.8430
14:26:18.282,811.906425,-0.0620,0.3096,0.7598,-11.5967,-2.5635,6.5918,17.8418,-3.0981,103.3264
14:26:18.382,812.006354,-0.0391,0.2764,1.1040,11.4746,-3.3569,7.5684,17.4463,-3.0212,105.1172
14:26:18.482,812.106256,-0.0234,0.2397,0.8696,3.2349,-7.7515,16.4795,17.1606,-2.9553,106.0400
14:26:18.582,812.206224,-0.0610,0.2490,0.8374,-1.3428,9.2163,6.5308,17.6605,-3.0432,107.1222
14:26:18.682,812.306158,0.1455,0.2617,1.0142,23.8647,0.1831,4.4556,16.8750,-2.7576,108.0286
14:26:18.781,812.406098,0.2651,0.1621,1.1558,-29.9072,22.7051,5.0049,16.8915,-2.6477,107.9077
14:26:18.881,812.505993,0.1113,0.1128,0.8218,6.1035,-52.3071,16.1133,17.3199,-3.4772,108.0615
14:26:18.981,812.605971,-0.1318,0.0869,0.9326,35.1562,-34.4849,18.0664,15.6445,-2.0599,109.7314
14:26:19.081,812.705871,0.4385,0.2026,1.6060,43.9453,16.9067,-0.7324,13.4198,-1.0931,110.0116
14:26:19.181,812.805804,-0.0059,-0.1392,0.6157,-57.5562,2.3193,-4.3335,15.7874,-3.3508,108.6877
14:26:19.281,812.905755,0.0254,-0.2051,1.0542,49.6826,-6.7139,-12.7563,13.1451,-1.3953,108.6053
14:26:19.381,813.005703,0.1738,0.1196,1.2007,-24.1089,4.8828,12.2070,11.7389,-1.5051,108.6548
14:26:19.481,813.105612,-0.2046,-0.0835,0.8428,0.3052,21.3013,-0.7324,11.8762,-1.8732,109.6600
14:26:19.581,813.205559,0.1978,-0.0894,1.0254,7.0190,27.5269,-2.5024,10.5524,-2.0160,109.5886
14:26:19.681,813.305509,-0.1753,-0.1685,1.1060,-23.1934,23.9868,-6.2866,9.3878,-0.7361,108.8141
14:26:19.781,813.405418,-0.2822,-0.1812,0.8018,10.0708,-2.9907,-7.3242,9.1022,-0.4559,107.9022
14:26:19.881,813.505340,-0.1157,-0.2910,1.0498,13.5498,19.3481,-10.3760,6.9818,0.5109,106.8640
14:26:19.981,813.605268,0.0039,-0.2583,1.0503,-31.0669,11.4746,-9.7656,6.1359,0.3296,106.0126
14:26:20.081,813.705202,-0.1484,-0.2119,0.7847,11.9019,-16.6016,-10.2539,5.9711,1.2030,104.6558
14:26:20.181,813.805116,-0.1494,-0.3682,1.1245,9.0942,13.0615,-16.1133,3.3838,2.3016,103.9471
14:26:20.280,813.905041,-0.1191,-0.2412,0.8286,-5.4932,10.6812,-4.9438,2.8070,2.3126,102.6617
14:26:20.380,814.004977,0.1631,-0.2979,1.1445,-12.8174,-16.0522,-11.4746,1.7633,2.4445,102.0190
14:26:20.480,814.104966,-0.2529,-0.3677,0.8462,19.3481,-23.2544,-0.1831,1.5161,3.1641,99.9756
14:26:20.580,814.204869,-0.0503,-0.6167,1.0752,4.6387,14.6484,-38.3301,-1.2799,3.5156,98.3771
14:26:20.680,814.304790,-0.0239,-0.6211,1.0913,-14.8315,-3.7842,-28.5034,-2.3566,3.6365,95.8777
14:26:20.780,814.404676,-0.1548,-0.6226,0.9473,-2.2583,10.4980,-23.6816,-4.4495,3.7683,92.7466
14:26:20.880,814.504650,-0.0029,-0.7749,0.9648,-4.6387,1.7090,-32.2876,-6.4490,3.1750,90.0549
14:26:20.980,814.604663,0.0332,-0.7759,0.9688,-6.1646,-2.8076,-18.6768,-8.1738,3.2959,88.4180
14:26:21.080,814.704535,-0.2310,-0.8711,0.9272,8.3618,5.2490,-35.7666,-9.6735,2.6257,84.7705
14:26:21.180,814.804494,-0.0229,-1.0210,1.0312,9.3384,2.1973,-38.6963,-11.4038,2.0215,81.2878
14:26:21.280,814.904446,-0.0308,-0.9624,1.0205,-3.7842,6.5918,-37.1094,-13.5901,1.2415,77.5140
14:26:21.380,815.004465,0.0010,-0.9468,1.0127,2.9297,5.1880,-51.8188,-14.9249,0.6592,73.4766
14:26:21.480,815.104409,-0.0938,-0.9702,0.9819,9.3994,5.1880,-47.1802,-16.2653,-0.2197,69.8950
14:26:21.580,815.204292,-0.0376,-0.9980,0.9878,14.1602,4.8828,-49.2554,-17.4738,-1.2195,65.6268
14:26:21.680,815.304267,-0.1802,-0.5908,0.8018,6.3477,7.0190,-38.2690,-18.5284,-2.5763,61.1444
14:26:21.779,815.404157,0.0503,-0.9995,0.9526,36.7432,-2.3804,-82.9468,-18.3087,-3.3014,56.3049
14:26:21.879,815.504073,-0.4268,-0.7246,0.7520,18.6157,6.4087,-33.9966,-19.5831,-5.4492,50.3943
14:26:21.979,815.604045,0.1245,-1.1626,0.8242,30.5176,-15.3198,-75.7446,-20.2313,-6.4600,47.4335
14:26:22.079,815.703946,-0.1494,-0.7114,0.5757,-2.3804,-11.5967,-69.1528,-21.3574,-11.0742,41.9458
14:26:22.179,815.803851,0.0000,-0.9912,1.0137,14.9536,-3.4790,-59.2041,-21.5167,-11.5082,37.6117
14:26:22.279,815.903784,0.2241,-1.2124,0.9136,12.5732,22.8882,-62.1948,-22.5000,-13.7714,32.3822
14:26:22.379,816.003823,0.3740,-1.2983,1.3467,30.6396,13.6108,-78.6743,-20.0995,-14.1449,26.9714
14:26:22.479,816.103753,0.2925,-1.0986,0.9263,1.2207,28.0151,-42.4805,-21.3849,-16.9409,21.7529
14:26:22.579,816.203693,0.1885,-0.8955,0.9077,-12.2681,-19.9585,-67.2607,-19.1547,-17.7924,16.9904
14:26:22.679,816.303647,-0.0815,-1.7314,1.2612,72.2046,37.0483,-54.8096,-18.6163,-18.2208,12.1069
14:26:22.779,816.403497,0.1045,-0.4175,0.6426,-15.1367,-28.6865,-28.3203,-15.9576,-20.8740,7.4817
14:26:22.879,816.503426,-0.0859,-1.2705,0.8799,47.6074,1.2207,-61.7676,-15.7104,-20.8301,4.0155
14:26:22.979,816.603361,0.2104,-0.6699,1.1162,-11.2915,-46.5698,-82.0923,-14.5624,-23.5986,-3.2025
14:26:23.079,816.703326,0.3076,-1.1982,0.9492,-10.6812,-6.4697,-48.1567,-13.6450,-24.5325,-7.6245
14:26:23.179,816.803332,0.0562,-0.5200,0.8203,-30.6396,-24.2310,-58.8379,-11.5137,-25.2960,-15.3534
14:26:23.279,816.903184,-0.1362,-1.4341,1.3364,45.8984,0.7935,-81.6650,-9.7064,-25.0159,-19.9731
14:26:23.378,817.003083,-0.0322,-0.6987,1.0669,12.7563,11.9629,-44.6167,-10.3052,-25.5762,-24.3896
14:26:23.478,817.103048,0.4395,-0.8618,1.1309,11.3525,-0.1831,-41.4429,-11.4203,-25.1862,-26.0321
14:26:23.578,817.203002,0.0688,-0.7593,0.9795,-16.1743,10.0708,18.9819,-12.5079,-24.7906,-26.0596
14:26:23.678,817.302965,0.2720,-0.2100,1.0176,2.0142,-11.9629,-32.1045,-12.7167,-24.6368,-26.2463
14:26:23.778,817.402837,0.1846,-0.4722,1.0723,-14.4653,2.0752,-1.8921,-12.6013,-23.9996,-26.2903
14:26:23.878,817.502750,0.1499,-0.2910,0.9541,-6.1035,-3.0518,-33.0811,-11.9751,-23.6371,-28.5095
14:26:23.978,817.602753,0.0864,-0.5278,1.1372,-5.3711,8.1177,-35.8887,-11.5411,-23.1207,-31.2616
14:26:24.078,817.702665,0.2393,-0.5898,1.0972,-19.4092,2.6245,-32.5928,-11.4532,-22.9999,-34.2279
14:26:24.178,817.802603,0.0859,-0.5674,1.2720,-4.6387,8.0566,-35.8887,-10.4535,-22.4176,-37.2986
14:26:24.278,817.902517,0.0444,-0.4907,0.9170,3.1128,8.7891,-32.2876,-10.0690,-22.2308,-39.8859
14:26:24.378,818.002497,0.1523,-0.4834,0.9497,-0.3052,-7.9956,-40.0391,-8.6078,-21.4563,-42.9291
14:26:24.478,818.102393,0.1558,-0.4956,0.9653,-1.8311,-8.8501,-35.5225,-8.6792,-21.6266,-45.7141
14:26:24.578,818.202372,0.0083,-0.5122,0.9893,1.5259,-2.5635,-27.5879,-8.6188,-21.3959,-48.1091
14:26:24.678,818.302371,0.2026,-0.4795,1.1270,4.2725,-3.0518,-28.5034,-8.5419,-20.8685,-50.1416
14:26:24.778,818.402234,-0.0146,-0.2852,0.9517,1.5869,-6.5308,-13.3057,-8.5693,-20.3467,-51.7566
14:26:24.878,818.502146,-0.1406,0.0918,0.8940,-0.8545,-15.1367,3.6011,-9.7998,-19.3909,-51.6522
14:26:24.977,818.602075,-0.1597,0.2300,1.2578,11.7188,26.6724,31.2500,-11.8872,-18.2758,-48.7738
14:26:25.077,818.702048,0.1416,0.4395,1.0986,-35.4004,9.7046,46.3257,-11.8707,-17.6605,-43.5553
14:26:25.177,818.801981,-0.1426,0.4692,0.8501,-16.9067,-26.3062,24.9023,-11.3104,-14.6283,-39.1058
14:26:25.277,818.901911,-0.1172,0.3999,1.0073,19.7754,-4.9438,21.3623,-11.4807,-12.7441,-36.4252
14:26:25.377,819.001837,-0.0449,0.3965,1.0205,-7.2632,10.8643,20.9351,-9.9811,-11.6016,-34.4751
14:26:25.477,819.101794,-0.3188,0.4702,0.9165,-5.1880,-1.3428,10.4370,-7.9706,-9.9371,-32.4591
14:26:25.577,819.201767,-0.2944,0.6074,0.9766,6.3477,2.9907,40.7104,-7.2290,-7.6630,-29.5422
14:26:25.677,819.301740,-0.1562,0.5942,0.9751,-6.2866,8.7280,49.0112,-6.0260,-6.1029,-25.7684
14:26:25.777,819.401614,-0.3862,0.4395,0.9233,-2.1973,-23.6206,16.2964,-4.0924,-4.5923,-22.3572
14:26:25.877,819.501533,-0.3203,0.6494,1.0039,13.1836,22.7051,28.1372,-3.0432,-3.3453,-19.5282
14:26:25.977,819.601473,-0.5083,0.6230,0.9619,-38.6963,6.3477,36.8042,-2.1149,-2.1533,-17.6660
14:26:26.077,819.701595,-0.1094,0.6870,0.6401,16.4185,-15.9912,73.3032,-1.0107,-1.1206,-12.5299
14:26:26.177,819.801350,-1.0874,0.4980,1.0132,-19.4702,-17.9443,13.3057,-0.3351,1.0547,-8.4595
14:26:26.277,819.901276,-0.0923,1.0303,0.9058,9.7656,15.1978,98.0225,0.7526,-0.2472,-3.3728
14:26:26.377,820.001208,-0.4297,0.4814,1.1655,-11.8408,-15.6250,21.7285,2.8784,1.2195,2.3346
14:26:26.476,820.101163,-0.3848,1.0122,0.9131,26.1230,-24.9634,84.1675,3.8397,0.7361,5.3558
14:26:26.576,820.201108,-0.3306,0.5098,1.1558,0.7324,-9.6436,58.0444,5.5426,1.5381,12.5299
14:26:26.676,820.301096,-0.0752,0.6992,0.5718,13.7939,-10.9253,63.0493,7.8772,0.6812,17.8748
14:26:26.776,820.400946,-1.1553,0.7505,1.1289,-23.6816,-9.2163,-6.9580,8.7891,2.8564,22.1814
14:26:26.876,820.500888,0.0850,1.0542,1.0356,19.9585,13.1836,104.6143,9.6240,0.8789,27.0978
14:26:26.976,820.600838,-0.2627,0.5439,1.4468,-19.7144,-14.2822,-4.1504,12.7881,0.9064,32.4316
14:26:27.076,820.700792,-0.3516,0.7017,0.8647,7.3242,-21.4233,67.1387,12.4255,0.3680,32.5854
14:26:27.176,820.800723,-0.6089,0.5146,1.2427,-6.5308,-5.9204,74.5239,13.8757,0.3076,39.9353
14:26:27.276,820.900678,-0.2441,1.0122,0.9502,11.0474,-16.1133,61.7065,14.7382,-1.2524,45.0879
14:26:27.376,821.000684,-0.3457,0.5684,0.9678,-19.1650,-2.4414,60.2417,15.9192,-2.4829,49.8120
14:26:27.476,821.100567,-0.1211,0.9995,1.3613,20.6299,15.7471,43.5791,16.6992,-2.4005,56.3654
14:26:27.576,821.200496,-0.3101,0.6499,0.6782,-2.3804,6.3477,48.7671,16.8750,-4.2847,58.5352
14:26:27.676,821.300492,-0.3472,0.8687,1.1777,-3.2349,22.0947,31.8604,18.5229,-4.2902,63.8800
14:26:27.776,821.400402,-0.0776,0.7578,1.1543,13.4888,24.7192,39.9780,18.6548,-5.2020,67.3517
14:26:27.876,821.500356,0.1152,0.5303,0.9097,-7.8125,-5.6763,72.6318,19.0778,-6.2128,70.2960
14:26:27.976,821.600267,-0.7695,0.5103,1.3511,-11.3525,-52.2461,-34.7290,20.8356,-5.1526,74.3115
14:26:28.076,821.700237,0.1230,0.2515,0.6025,40.0391,4.0894,83.8013,18.3362,-5.9216,75.5914
14:26:28.175,821.800138,-0.1406,0.2832,1.1021,-5.1880,-36.3770,21.1792,19.2261,-6.3721,79.8871
14:26:28.275,821.899976,0.0171,0.7109,1.1055,40.1001,4.2114,34.0576,19.7314,-7.5092,83.9960
14:26:28.375,821.999940,-0.1250,0.3457,0.8076,-14.0381,21.9116,41.0767,19.2480,-7.4762,84.9078
14:26:28.475,822.099866,-0.1445,0.5571,1.1035,-1.3428,-8.3618,2.0142,20.6268,-7.6575,89.3188
14:26:28.575,822.199791,-0.1245,0.4346,0.8926,23.6206,9.0942,55.9082,19.7644,-7.7563,91.2579
14:26:28.675,822.299782,-0.1577,0.5845,0.9629,-19.5923,5.7983,7.7515,20.6543,-8.7561,93.4003
14:26:28.775,822.399641,-0.0464,0.4580,1.0088,14.0381,-31.6162,40.2222,20.3137,-8.5529,96.0864
14:26:28.875,822.499586,-0.1084,0.5020,1.1733,-11.4136,26.9165,21.3013,20.4730,-9.1022,98.5309
14:26:28.975,822.599492,0.0010,0.4175,0.8999,-1.8311,-18.7378,42.9077,19.9237,-9.3988,100.1624
14:26:29.075,822.699426,-0.2188,0.3638,0.9619,0.6104,-5.0659,10.4370,20.4346,-9.0198,103.1506
14:26:29.175,822.799391,-0.1191,0.4746,1.0571,8.4839,3.2959,22.2168,19.7699,-8.6243,105.0128
14:26:29.275,822.899271,-0.1343,0.4106,0.9336,-9.2773,7.7515,21.8506,19.9567,-8.8550,106.7981
14:26:29.375,822.999157,-0.0337,0.3979,1.0649,3.5400,-5.0659,16.8457,19.8248,-8.6353,108.9404
14:26:29.474,823.099077,-0.0571,0.3564,1.0991,-8.7891,2.2583,26.0010,19.5447,-8.5144,110.5774
14:26:29.574,823.199044,-0.0425,0.3110,0.9023,-0.0610,-7.6904,18.1885,19.3579,-8.2782,112.0276
14:26:29.674,823.299017,-0.1709,0.3896,0.9858,0.6104,-1.3428,13.4277,18.8800,-7.8717,114.0436
14:26:29.774,823.398882,-0.1411,0.2915,1.1729,-16.7236,13.0005,17.2119,18.2977,-7.8662,115.2850
14:26:29.874,823.498806,0.1382,0.2070,1.1138,-1.5259,26.1841,28.0762,18.1604,-8.5364,117.1033
14:26:29.974,823.598757,0.0430,0.2974,1.2290,-21.8506,-8.4229,25.6958,17.1716,-7.4268,117.6801
14:26:30.074,823.698690,0.0259,0.2036,0.9951,6.1035,-16.4795,11.8408,17.3090,-8.2068,119.5862
14:26:30.174,823.798623,-0.1362,0.1890,0.9482,5.6152,-19.3481,9.3384,16.2103,-6.9873,120.4706
14:26:30.274,823.898547,0.0771,0.2656,1.0542,-6.2256,9.4604,3.7842,15.5292,-7.2894,121.2891
14:26:30.374,823.998481,-0.0674,0.1548,1.1055,-4.2114,3.7842,6.8970,15.1666,-6.6632,122.1899
14:26:30.474,824.098448,0.1387,0.2490,0.9805,-12.8174,13.5498,10.8643,14.3372,-6.8665,122.9755
14:26:30.574,824.198390,-0.0522,0.1353,0.9131,-2.8687,-7.3853,5.9814,14.3866,-6.1798,123.6731
14:26:30.674,824.298391,-0.0488,0.2124,1.0376,8.4229,0.3662,6.8970,13.8483,-6.3226,125.0464
14:26:30.774,824.398254,0.0728,0.1836,1.1455,-10.3760,4.9438,17.8223,13.2605,-6.0480,125.7880
14:26:30.874,824.498177,-0.0059,0.2231,0.8574,-7.5684,-7.3242,8.2397,13.3868,-6.3062,126.5021
14:26:30.973,824.598108,-0.3257,0.1636,0.9248,16.0522,-1.3428,-4.0894,12.8595,-4.9438,127.3041
14:26:31.073,824.698042,0.0938,0.2368,1.1606,-10.3149,25.5737,10.6812,12.0630,-4.9493,127.9193
14:26:31.174,824.798249,0.0332,0.2212,0.9917,-21.0571,17.1509,14.4043,12.7936,-4.3396,128.4961
14:26:31.273,824.897974,0.0586,0.1768,0.8867,11.4746,-10.1318,6.4087,12.6508,-4.4659,129.4299
14:26:31.373,824.997883,-0.1777,0.1709,0.9272,-2.0142,-15.7471,0.9155,11.9147,-3.6310,130.6769
14:26:31.473,825.097844,0.0083,0.1880,1.1104,-4.5166,17.6392,-3.5400,11.6016,-3.4662,129.9463
14:26:31.573,825.197797,0.0059,0.0640,1.1260,-15.9912,18.5547,-6.2866,11.4038,-2.8619,128.7817
14:26:31.673,825.297784,0.0562,0.0112,0.8975,-10.1929,-2.8076,-5.4932,10.6787,-2.7136,128.0347
14:26:31.773,825.397645,-0.0210,-0.0859,0.9312,5.0049,-11.1084,-12.4512,9.6899,-2.2412,127.5677
14:26:31.873,825.497602,0.1753,0.0078,1.0986,-4.5166,-4.6387,-11.3525,8.9044,-2.5873,126.7603
14:26:31.973,825.597529,-0.0015,-0.0923,1.0977,-5.9204,-9.0942,3.7231,8.6792,-2.2577,125.9802
14:26:32.073,825.697475,-0.0835,-0.0459,0.8330,13.9771,12.2070,-1.9531,8.8330,-1.9336,127.1283
14:26:32.173,825.797396,0.0996,-0.0444,1.1860,12.6343,12.2681,-12.5122,8.7012,-1.3788,126.4032
14:26:32.273,825.897371,0.0288,0.0137,1.0503,-8.4839,12.5122,8.6670,8.2672,-1.7743,126.8317
14:26:32.373,825.997274,0.0381,-0.0732,0.9590,1.7700,-15.5029,0.8545,8.2892,-1.7358,126.8866
14:26:32.473,826.097312,-0.0488,-0.0630,0.9062,7.1411,0.6714,-7.3242,7.3883,-1.3458,126.8042
14:26:32.573,826.197188,0.3330,-0.0205,1.1660,-6.4087,0.3662,-5.7373,6.6632,-1.5601,126.2933
14:26:32.673,826.297185,-0.0718,-0.1084,1.0684,-18.6768,-1.2207,1.0986,6.3776,-1.2085,126.0791
14:26:32.772,826.397112,0.1030,-0.0273,1.1040,-0.7324,7.6904,-7.9956,5.9216,-1.4282,125.5902
14:26:32.872,826.497007,0.0820,-0.1084,1.1626,-11.5967,-11.2915,-2.4414,4.9548,-1.1646,125.1343
14:26:32.972,826.596921,-0.0298,-0.0156,0.9731,-9.6436,5.4932,2.3193,5.2075,-1.5875,124.4696
14:26:33.072,826.696852,0.1626,-0.1587,0.9829,8.7280,-28.5034,-18.2495,4.4550,-1.6479,123.2886
14:26:33.172,826.796806,-0.1724,-0.2930,0.8799,21.8506,0.4883,-11.6577,3.8123,-1.0437,121.6187
14:26:33.272,826.896746,0.1162,-0.2290,0.8828,10.7422,-2.2583,-19.7144,2.5543,-1.1041,119.8389
14:26:33.372,826.996730,0.0332,-0.3013,1.0615,11.6577,5.3101,-12.8174,1.8347,-1.0767,118.5535
14:26:33.472,827.096642,0.1191,-0.2871,1.0034,-9.3384,8.6670,-9.8267,1.0712,-1.2085,117.3889
14:26:33.572,827.196612,0.1230,-0.2290,1.0830,13.4277,2.8076,-11.2915,0.6097,-1.3623,116.3068
14:26:33.672,827.296616,0.1157,-0.2808,0.9282,2.6245,-11.2305,-7.5684,0.0439,-1.7468,115.3015
14:26:33.772,827.396519,0.1040,-0.2520,0.9229,4.6997,-14.4043,-15.6860,-0.7581,-2.0380,113.6536
14:26:33.872,827.496444,0.3408,-0.2886,1.1172,2.1362,-13.2446,-23.3154,-1.8237,-2.4500,112.0825
14:26:33.972,827.596407,0.1045,-0.2896,0.8657,8.4229,-21.8506,-17.7002,-2.1368,-2.6532,109.9731
14:26:34.072,827.696341,0.2153,-0.3999,0.8569,-14.2822,-11.8408,-18.5547,-4.0045,-2.1204,108.0945
14:26:34.172,827.796279,0.0283,-0.7036,1.3926,28.2593,16.9067,-32.9590,-4.0375,-2.7356,104.9359
14:26:34.272,827.896307,0.3076,-0.5264,0.8706,-24.8413,25.9399,-6.4087,-6.3226,-3.2520,104.9359
14:26:34.372,827.996182,0.2261,-0.3931,1.0806,8.7280,-8.0566,-23.4985,-5.8228,-3.3069,102.7057
14:26:34.471,828.096123,-0.0820,-0.3838,0.7310,6.7749,-21.7896,-2.5024,-6.6357,-3.5706,101.3489
14:26:34.571,828.195993,0.0425,-0.6348,1.0830,27.4658,22.7051,-60.9131,-7.4487,-3.9056,98.2947
14:26:34.671,828.295991,0.1250,-0.8638,1.0483,-0.9155,2.6245,-20.8740,-8.5144,-4.5209,96.2567
14:26:34.771,828.395876,0.2090,-0.3257,0.6621,-16.1133,-29.2969,7.9346,-8.7781,-5.0757,93.9716
14:26:34.871,828.495830,-0.4224,-0.2817,1.1514,24.4141,17.3950,-71.8994,-8.5858,-5.3339,90.1538
14:26:34.971,828.595762,0.2998,-1.0425,1.0991,20.3857,30.3345,-34.5459,-10.8875,-5.9601,89.6375
14:26:35.071,828.695737,0.3145,-0.6694,1.2451,-20.3857,-3.6621,-40.8325,-10.5414,-6.9104,85.3857
14:26:35.171,828.795656,0.1289,-0.8726,1.0723,-0.9766,15.3198,-37.2925,-11.6730,-7.4707,82.1448
14:26:35.271,828.895608,0.3032,-1.0786,1.1865,-10.9253,10.6201,-46.7529,-11.9257,-8.3496,77.7887
14:26:35.371,828.995558,0.0967,-0.9277,1.0454,12.6343,8.5449,-42.6636,-12.4640,-8.6462,74.1742
14:26:35.471,829.095542,-0.0376,-0.9341,1.2100,27.4658,12.6343,-43.0908,-12.6233,-9.6130,69.9060
14:26:35.571,829.195466,0.2139,-1.0039,1.2925,10.6201,19.5923,-43.9453,-13.5242,-10.4865,66.8573
14:26:35.671,829.295466,0.4087,-1.0908,1.2246,7.3853,14.0381,-44.0674,-13.4637,-11.0522,63.4515
14:26:35.771,829.395331,0.2358,-0.6831,0.8008,-27.3438,-2.4414,-14.3433,-13.3868,-10.7831,60.6335
14:26:35.871,829.495298,0.1157,-0.6519,1.1089,5.8594,-3.8452,-48.0347,-12.8815,-11.7389,56.8378
14:26:35.971,829.595242,0.2534,-0.8174,0.8745,2.2583,-32.1045,-26.3062,-12.8320,-11.7554,53.1409
14:26:36.071,829.695179,0.0205,-0.4761,0.7251,-16.4185,-25.6348,-30.4565,-13.3923,-12.7386,50.2734
14:26:36.170,829.795113,0.2612,-0.7930,1.1294,-26.1230,-29.6631,-64.2700,-12.7057,-13.8702,45.7306
14:26:36.270,829.895081,0.1978,-0.9526,1.0107,-12.0239,8.0566,-5.1880,-13.7439,-14.1339,42.7972
14:26:36.371,829.995206,0.0293,-0.7969,1.3013,42.7246,7.5684,-75.6226,-13.9966,-15.2820,39.1058
14:26:36.470,830.095022,0.6001,-1.0479,1.0156,-7.3853,4.5166,-34.9121,-13.7659,-15.4797,36.0077
14:26:36.570,830.194973,-0.0361,-0.5771,0.6841,2.3804,-1.7700,-17.2729,-13.8263,-16.4191,32.4701
14:26:36.670,830.294927,-0.1294,-0.8013,1.3564,23.0713,-17.9443,-66.7114,-12.4915,-16.2982,28.5150
14:26:36.770,830.394819,0.2744,-0.9995,1.2217,21.7285,9.3994,-29.8462,-12.9694,-16.1554,26.1530
14:26:36.870,830.494765,-0.0645,-0.7129,1.0034,4.4556,2.8687,-29.9072,-12.3431,-17.4628,23.0493
14:26:36.970,830.594745,0.7354,-1.2119,1.2090,14.4043,-2.0142,-69.0918,-13.4418,-17.2925,20.8685
14:26:37.070,830.694659,0.3682,-0.9556,1.2251,-15.2588,47.1191,-8.4839,-13.5681,-19.0118,16.5619
14:26:37.170,830.794618,0.7671,-1.2070,1.3867,0.1221,1.2207,-64.6362,-12.7551,-18.9185,12.8485
14:26:37.270,830.894561,0.7314,-1.0996,1.0674,-1.5869,30.3955,-35.0952,-11.9421,-19.6985,9.3109
14:26:37.370,830.994526,-0.1562,-0.4165,0.6973,-18.9819,-7.6904,-14.5874,-10.6128,-21.0059,4.2627
14:26:37.470,831.094439,0.3071,-0.9888,1.0786,6.1035,-26.1841,-60.4858,-11.3379,-19.2316,3.1311
14:26:37.570,831.194410,-0.1294,-0.7280,1.0869,0.2441,-12.0239,-39.0625,-10.2612,-21.0608,-1.6205
14:26:37.670,831.294421,0.2915,-0.7583,0.6543,-23.3765,-16.1743,-36.6821,-11.6180,-20.7257,-4.0100
14:26:37.770,831.394260,-0.4224,-0.8872,1.4937,16.2964,3.0518,-56.9458,-10.2228,-21.9232,-9.3604
14:26:37.870,831.494212,0.8984,-0.5195,0.7715,-7.0190,17.8833,18.6768,-13.9691,-21.6486,-8.3716
14:26:37.970,831.594163,-0.2329,-0.1284,1.0620,5.2490,-10.4370,18.4326,-12.4805,-20.9399,-10.0415
14:26:38.070,831.694114,-0.1367,-0.2178,0.9253,23.6816,-18.4326,9.7656,-14.8206,-20.2533,-6.6797
14:26:38.169,831.794053,0.2505,0.0771,1.2373,-15.4419,60.1807,-9.7046,-15.3864,-20.1874,-4.7955
14:26:38.269,831.893956,0.1353,0.2773,1.0005,-37.1704,6.5918,2.3193,-13.7494,-18.9075,-4.8834
14:26:38.369,831.993922,-0.5312,0.1670,0.8657,19.6533,-19.7754,1.2207,-11.9971,-16.4960,-3.9551
14:26:38.469,832.094002,0.2417,0.2842,1.2080,13.3667,25.5737,47.9126,-14.0625,-14.3207,-0.7471
14:26:38.569,832.193986,-0.4077,0.6992,0.8804,-82.0923,17.7612,-2.5635,-11.7224,-13.9856,-0.4120
14:26:38.669,832.293868,-0.0806,0.6294,1.0781,12.5122,-15.5029,115.9058,-10.9644,-8.8715,1.6864
14:26:38.769,832.393738,0.0190,0.3696,0.8955,19.9585,-6.4087,37.5977,-11.5961,-8.1244,6.9873
14:26:38.869,832.493661,-0.6084,0.1294,0.8311,-22.7051,-32.2876,-51.7578,-7.6849,-7.2565,5.3558
14:26:38.969,832.593624,-0.4966,-0.0854,1.1206,78.0029,25.2075,44.0674,-7.1851,-4.7241,6.2677
14:26:39.069,832.693584,0.1895,1.2168,0.7437,-79.4067,44.0063,64.5752,-6.6962,-6.0809,8.1464
14:26:39.169,832.793514,-0.5986,0.2451,0.9526,-7.6904,-53.3447,-4.8218,-2.6532,-3.5541,11.9257
14:26:39.269,832.893426,0.0684,0.0615,1.1206,77.1484,-20.1416,-7.0801,-3.0267,-2.1918,12.9089
14:26:39.369,832.993366,-0.1494,0.1636,1.3501,-37.6587,49.3164,-0.6104,-3.4662,-2.9663,11.1786
14:26:39.469,833.093410,-0.2754,0.0532,0.6602,-39.3066,-11.4136,-20.0806,-1.8622,-2.8180,10.9479
14:26:39.569,833.193268,-0.2065,-0.4741,1.0303,63.8428,17.9443,-12.8174,-2.1478,-0.8569,10.7611
14:26:39.669,833.293268,0.0571,-0.5220,0.9658,-25.8789,-13.3667,-26.9165,-2.6917,-0.9338,9.3933
14:26:39.769,833.393136,-0.1094,-0.7974,1.0503,0.4883,-1.5259,-44.9219,-3.3673,0.4230,6.7291
14:26:39.868,833.493058,-0.1494,-0.6870,0.8052,2.1362,-11.3525,-24.4751,-5.7843,0.2197,2.9883
14:26:39.968,833.593011,-0.2104,-0.8784,1.1289,-0.5493,-9.3994,-30.4565,-6.5973,-0.0659,-0.0385
14:26:40.068,833.692957,0.0928,-0.8677,0.8804,3.2349,-8.9111,-42.1753,-8.2672,-0.6427,-2.7850
14:26:40.168,833.792881,0.0488,-0.7939,0.8076,-12.2681,-13.4277,-21.6064,-9.1736,-0.9503,-5.7843
14:26:40.268,833.892790,-0.2783,-0.7310,0.7310,3.9673,-13.7329,-30.7007,-10.3931,-1.2305,-9.0033
14:26:40.368,833.992846,-0.1294,-1.1240,1.2451,28.4424,-2.8076,-57.8613,-11.4038,-1.7303,-13.1177
14:26:40.468,834.092704,0.1187,-0.9233,0.9580,8.1787,0.3052,-35.1562,-12.7881,-1.9556,-15.9412
14:26:40.568,834.192684,-0.1851,-0.9775,1.0166,11.7798,13.6719,-36.4380,-13.3319,-2.9718,-19.8248
14:26:40.668,834.292676,0.1699,-1.2202,1.1831,7.0190,-12.9395,-52.3682,-14.2548,-3.6475,-23.0109
14:26:40.768,834.392544,0.1865,-0.8804,0.9810,-10.3760,0.0610,-29.0527,-15.3534,-5.1031,-26.2024
14:26:40.868,834.492471,-0.0386,-1.1606,1.0742,6.1646,16.6016,-30.8838,-16.2762,-6.1908,-29.0533
14:26:40.968,834.592418,0.3828,-0.9995,1.0347,-13.5498,-10.4980,-47.7295,-16.4136,-7.8827,-32.6239
14:26:41.068,834.692421,0.2720,-0.9536,0.9390,-8.6670,4.8218,-24.5972,-16.6388,-8.8989,-36.2054
14:26:41.168,834.792357,0.4497,-0.9165,0.8809,-9.6436,-10.5591,-52.7344,-16.7981,-10.3326,-40.1331
14:26:41.268,834.892262,-0.0972,-0.8838,1.0264,8.4229,-1.7090,-40.9546,-16.7432,-11.0193,-43.8135
14:26:41.368,834.992189,0.0894,-0.7974,0.9829,-0.7935,-5.6763,-31.6772,-17.4463,-11.8158,-46.4722
14:26:41.468,835.092208,-0.1099,-0.7598,1.1060,0.9155,3.1128,-20.6299,-17.7155,-12.1344,-48.5596
14:26:41.567,835.192127,0.1885,-0.7065,1.0483,1.0376,-3.7231,-23.8037,-18.5449,-12.7386,-49.4165
14:26:41.667,835.292133,-0.0684,-0.6060,0.9868,2.5024,14.5264,-15.9912,-18.7756,-12.6727,-50.7898
14:26:41.767,835.391931,0.1304,-0.7939,1.0962,-1.8311,-10.4370,-41.6260,-19.1766,-13.3099,-52.9541
14:26:41.867,835.491888,0.0581,-1.0518,1.2217,-5.4932,16.1133,-33.3862,-19.2371,-14.3921,-55.8765
14:26:41.967,835.591865,0.0659,-1.0669,1.0151,-15.3198,-0.4883,-47.1191,-19.5831,-16.0016,-58.8043
14:26:42.067,835.691849,-0.2246,-1.2393,1.1157,9.8877,20.0806,-48.8892,-19.0887,-16.6937,-63.4406
14:26:42.167,835.791758,0.0103,-0.9736,1.1372,4.2725,4.6387,-47.3633,-18.2318,-17.4628,-67.4286
14:26:42.267,835.891702,0.1040,-1.0903,1.0967,15.8691,13.0615,-49.6216,-17.5012,-17.6166,-71.2518
14:26:42.367,835.991654,-0.0049,-0.8823,0.8481,8.7891,-17.7002,-46.3257,-17.1167,-18.9954,-75.3113
14:26:42.467,836.091592,-0.0439,-0.9468,1.0972,14.6484,-16.6626,-60.6689,-16.3641,-19.3085,-79.8486
14:26:42.567,836.191573,0.0122,-1.1045,1.1924,37.1094,7.9956,-50.9644,-16.5454,-19.0942,-83.1775
14:26:42.667,836.291560,0.0942,-1.1333,1.4097,14.3433,8.4839,-70.6177,-15.2490,-21.3684,-88.9618
14:26:42.767,836.391462,0.2935,-1.1787,1.3447,17.5171,75.1953,-42.1753,-15.5347,-19.9786,-91.6425
14:26:42.867,836.491385,0.0967,-1.1147,1.3813,17.0898,22.3999,-70.2515,-13.4473,-22.1594,-97.6740
14:26:42.967,836.591330,0.5356,-1.5425,1.3340,15.4419,75.0122,-27.1606,-13.3978,-20.1160,-100.6293
14:26:43.067,836.691297,0.0864,-0.8120,1.0825,-0.1221,31.9824,-61.8286,-11.4917,-22.8516,-106.1115
14:26:43.167,836.791239,0.3843,-1.1187,0.8569,7.3242,24.0479,-48.6450,-11.5961,-20.8301,-108.0670
14:26:43.267,836.891159,-0.1084,-0.8223,0.9956,37.2314,19.1650,-86.7920,-9.3768,-22.4506,-114.2468
14:26:43.366,836.991111,0.0288,-0.8398,1.3691,23.8647,-3.5400,-62.0728,-9.4043,-21.5881,-117.3889
14:26:43.466,837.091100,0.2227,-0.7979,0.9556,6.2256,13.0615,-19.9585,-9.1846,-22.3132,-120.5969
14:26:43.566,837.191065,-0.0977,-0.5786,1.0103,10.9863,-5.6152,-56.8237,-8.3386,-22.2034,-123.6676
14:26:43.666,837.291018,0.1133,-0.6626,1.0483,-2.3804,-0.1221,-27.9541,-9.0692,-21.4673,-125.1453
14:26:43.766,837.390957,-0.1265,-0.3042,1.0249,17.3950,-9.4604,-28.3203,-6.2128,-21.7859,-129.9738
14:26:43.866,837.490879,0.1133,-0.2612,1.1274,-5.7983,-9.7046,-28.9917,-7.3993,-21.5387,-131.5118
14:26:43.966,837.590811,-0.2300,-0.2251,0.7900,3.7842,-28.7476,-6.8359,-7.0422,-20.7971,-132.1875
14:26:44.066,837.690822,-0.4282,0.0181,1.1455,20.5078,29.6631,20.9961,-9.1571,-18.8086,-130.6055
14:26:44.166,837.790715,-0.0718,0.3218,0.8892,0.4883,-22.8882,42.8467,-9.2395,-17.9022,-125.8264
14:26:44.266,837.890691,-0.3789,0.4297,0.8760,17.3950,-5.3101,32.2266,-8.7341,-15.2985,-121.3550
14:26:44.366,837.990616,-0.1445,0.5615,1.0879,-18.1274,7.2021,25.4517,-9.9536,-13.3923,-117.8174
14:26:44.466,838.090707,-0.0850,0.5781,0.9619,-13.7939,8.9722,35.8887,-8.7946,-11.8817,-114.9939
14:26:44.566,838.190559,-0.4121,0.3994,0.8447,3.9673,-19.5923,10.8032,-6.6467,-10.2667,-113.0273
14:26:44.666,838.290577,-0.1514,0.5493,1.1416,11.4746,7.9956,36.9873,-6.5533,-8.2507,-109.0448
14:26:44.766,838.390451,-0.4517,0.6182,0.7788,-18.1885,-7.1411,44.5557,-4.8615,-7.4542,-106.6113
14:26:44.866,838.490382,-0.2256,0.5327,1.0796,3.6011,-8.3618,53.5889,-4.6198,-4.5044,-100.6787
14:26:44.966,838.590347,-0.3989,0.9507,0.9048,-17.9443,5.7373,45.2271,-3.4277,-4.0100,-97.1906
14:26:45.066,838.690306,-0.2300,0.6289,1.0381,1.5869,-23.9868,54.4434,-2.3016,-2.9718,-91.0547
14:26:45.166,838.790246,-0.4473,0.9653,0.9194,1.5259,-0.1221,53.1616,-0.6152,-1.7029,-85.8417
14:26:45.266,838.890221,-0.4097,0.7866,0.9595,-6.2866,-3.4180,72.0825,0.8844,-1.2634,-79.4861
14:26:45.366,838.990144,-0.3047,0.9209,1.0386,0.1831,6.5918,53.5889,2.6532,0.0220,-72.3944
14:26:45.465,839.090097,-0.3350,1.0171,0.8135,-6.2866,3.8452,68.5425,4.6143,-0.0714,-66.8079
14:26:45.565,839.190079,-0.2817,0.9648,1.1685,-6.1035,18.2495,63.7817,5.7623,0.8789,-60.0403
14:26:45.665,839.290072,-0.0771,0.9634,0.9185,-1.3428,-3.5400,50.7812,7.8168,0.1099,-55.0635
14:26:45.765,839.389981,-0.2207,0.8599,1.1846,-12.6343,14.0381,31.1279,9.7943,0.0659,-51.2402
14:26:45.865,839.489915,-0.0781,0.7109,0.8608,-0.6714,-11.6577,42.7856,11.2445,0.1813,-48.5815
14:26:45.965,839.589840,-0.1748,0.4136,1.0532,16.4185,-2.4414,10.6812,12.8101,0.4669,-46.0382
14:26:46.065,839.689833,-0.2471,0.5625,0.8394,-4.6387,-17.8223,38.3911,14.0350,0.7855,-44.0057
14:26:46.165,839.789773,-0.2129,0.4282,1.1094,21.1182,11.6577,37.4756,14.4196,0.3790,-40.3473
14:26:46.265,839.889733,-0.2188,0.5767,0.8735,-9.0942,-8.2397,42.4805,15.3479,0.0439,-37.5897
14:26:46.365,839.989675,-0.0698,0.4585,0.9609,1.4038,-6.1035,30.9448,16.1499,-0.6976,-33.7885
14:26:46.465,840.089627,-0.2026,0.5264,0.9209,-4.8218,-21.3623,27.5269,16.5509,-0.5603,-31.0968
14:26:46.565,840.189682,-0.2871,0.4951,1.1289,4.8828,29.2969,26.2451,15.9576,-0.8624,-28.2733
14:26:46.665,840.289623,-0.1665,0.5093,1.0527,-17.2729,12.3901,34.9731,16.3531,-0.8514,-25.7245
14:26:46.765,840.389500,-0.1914,0.5317,0.9604,1.2207,-0.1831,34.6069,17.0233,-1.0327,-22.4890
14:26:46.865,840.489447,-0.1782,0.5977,0.9390,1.6479,3.4790,37.8418,17.3859,-1.0437,-19.1931
14:26:46.965,840.589383,-0.2085,0.6001,0.9458,-2.8076,1.8921,40.9546,17.8143,-1.5820,-15.9027
14:26:47.065,840.689481,-0.1211,0.5586,0.9990,2.8687,0.9766,33.0200,18.5999,-2.1863,-12.2168
14:26:47.165,840.789284,-0.0405,0.4868,0.8770,-2.9297,-3.7842,32.5317,18.7701,-2.4554,-9.7284
14:26:47.265,840.889208,-0.1128,0.3130,1.0439,0.4883,-8.6060,8.3008,19.0723,-2.5049,-7.2894
14:26:47.365,840.989134,-0.0356,0.1919,0.9341,3.0518,0.4883,18.6157,18.8800,-2.2961,-6.5149
14:26:47.464,841.089096,-0.1143,0.2319,1.1255,-0.4272,-2.3804,7.3853,18.5779,-1.4996,-5.6250
14:26:47.564,841.189064,0.0337,0.1562,1.0806,-3.5400,22.5830,4.4556,18.2098,-2.2028,-4.6527
14:26:47.664,841.289044,-0.0171,0.1704,0.8926,-7.8125,-19.7754,16.1743,18.4515,-1.5765,-4.1034
14:26:47.764,841.388943,-0.1211,0.0845,0.8921,28.1982,-7.3853,6.1035,17.7594,-1.5326,-3.1750
14:26:47.864,841.488888,-0.1392,0.0732,0.9165,15.5640,-5.7373,9.3994,17.1826,-0.2637,-2.3950
14:26:47.964,841.588856,0.0630,0.1953,1.1436,9.3994,10.8032,5.6152,17.1387,-0.3076,-2.0874
14:26:48.064,841.688792,-0.0020,0.0879,0.9165,0.6104,-22.4609,0.1831,17.6880,0.6042,-2.1204
14:26:48.164,841.788789,-0.2378,-0.0054,1.0444,16.5405,5.6152,0.3052,16.7267,1.2085,-1.7139
14:26:48.264,841.888727,-0.0444,0.1865,1.1836,-10.9253,29.3579,-20.2637,15.7983,1.8732,-2.4774
14:26:48.364,841.988660,0.2148,0.1323,1.0850,-37.7197,14.8315,-20.9351,15.3864,1.1371,-3.6145
14:26:48.464,842.088603,-0.0239,-0.0488,0.8423,-9.5825,-19.2261,-4.3335,14.6558,1.3623,-4.2792
14:26:48.564,842.188595,-0.0850,-0.0356,0.9902,1.0986,-11.7188,-5.2490,12.1674,2.0544,-4.4440
14:26:48.664,842.288564,-0.0410,-0.0156,0.9756,3.2349,-8.9111,-8.2397,11.0358,2.5983,-5.0977
14:26:48.764,842.388474,0.1094,-0.1924,1.1499,6.1646,9.7046,-8.3618,9.9207,2.9224,-6.0754
14:26:48.864,842.488473,-0.0239,-0.2534,1.0952,-5.7373,12.1460,-10.8643,8.8330,3.3289,-7.0312
14:26:48.964,842.588404,-0.0366,-0.2163,1.0698,1.3428,8.5449,-11.1694,7.7948,3.2190,-8.2947
14:26:49.064,842.688347,-0.0537,-0.2280,1.0415,-3.2349,-1.5869,-1.6479,7.5201,3.3563,-8.8440
14:26:49.164,842.788320,-0.0674,-0.3325,1.0293,-1.4648,11.4746,-11.0474,6.3885,2.9828,-9.9536
14:26:49.264,842.888264,0.0503,-0.2002,1.1963,2.8687,-3.4790,-7.6904,5.7074,2.5818,-10.8875
14:26:49.364,842.988191,-0.0776,-0.3315,0.9204,-2.3193,3.6621,2.6855,4.8615,2.4500,-11.7004
14:26:49.464,843.088150,0.1211,-0.1636,1.0049,25.9399,-10.6812,-5.3101,4.2957,1.8347,-12.7332
14:26:49.563,843.188121,-0.0796,-0.3291,1.1211,-2.3193,-13.7329,-5.6152,3.6420,2.4005,-13.8867
14:26:49.663,843.288098,0.1304,-0.3599,1.0615,-3.3569,12.0850,-17.7612,2.1588,1.9116,-15.6885
14:26:49.763,843.387999,0.0938,-0.5171,1.0776,-10.9253,-9.5215,-37.4146,0.0165,1.4557,-17.6440
14:26:49.863,843.487927,0.0293,-0.3979,0.9097,-6.7749,-12.3901,-21.9727,-1.3733,1.4172,-20.7477
14:26:49.963,843.587874,0.0669,-0.4419,0.8901,1.6479,-8.4839,-2.6855,-3.1146,1.2030,-22.6318
14:26:50.063,843.687880,-0.0308,-0.5317,1.0747,22.5830,1.0986,-30.5786,-4.7131,0.6262,-23.9172
14:26:50.163,843.787805,-0.0347,-0.4614,1.1504,2.1362,-2.0752,-16.6016,-5.1801,0.3076,-26.0651
14:26:50.263,843.887764,-0.0615,-0.4771,1.0449,0.3662,10.3760,-22.3389,-5.8228,0.0000,-28.1689
14:26:50.363,843.987688,0.0068,-0.3765,0.9736,2.6855,7.3853,-20.0806,-6.6522,-0.1208,-29.9872
14:26:50.463,844.087740,-0.0708,-0.2925,0.9648,23.6816,-1.8921,-18.7378,-6.9818,-0.3625,-31.8988
14:26:50.563,844.187649,-0.1289,-0.3096,1.0776,6.5918,-1.5259,-13.9771,-7.5531,-0.1263,-33.1403
14:26:50.663,844.287639,-0.0464,-0.3379,0.9746,3.8452,2.5635,-11.6577,-7.9486,-0.3955,-34.1895
14:26:50.763,844.387510,0.0381,-0.2773,0.9053,-3.5400,2.6855,-16.3574,-8.0695,-0.6482,-35.4584
14:26:50.863,844.487481,-0.0947,-0.2881,1.0981,12.6953,-2.6855,-14.9536,-8.1244,-0.8350,-36.7493
14:26:50.963,844.587382,0.0610,-0.1689,1.0776,-9.8267,-1.2817,-12.6953,-8.4155,-1.1261,-37.9083
14:26:51.063,844.687326,-0.0571,-0.1318,0.9121,0.3052,-6.8359,-6.8359,-8.5089,-1.0437,-38.7762
14:26:51.163,844.787292,-0.2085,-0.1646,0.7920,10.4370,-10.7422,-3.4790,-8.5089,-0.5603,-39.5343
14:26:51.263,844.887283,0.0176,-0.1650,1.1807,3.9673,16.7236,-28.2593,-9.2670,-0.6097,-40.7043
14:26:51.363,844.987308,-0.0029,-0.1143,0.9077,-17.5781,17.4561,-0.7324,-8.3990,-1.0437,-42.2699
14:26:51.463,845.087178,-0.0464,-0.1885,1.0615,10.8032,4.7607,-17.6392,-7.9541,-0.8844,-43.2806
14:26:51.562,845.187099,0.0659,-0.2036,1.1792,2.1973,6.9580,-12.2070,-8.1464,-0.5823,-44.2529
14:26:51.663,845.287211,0.0283,-0.0972,0.9707,-20.2026,4.5166,-9.9487,-7.8058,-0.4889,-45.3625
14:26:51.762,845.386980,-0.1245,-0.0845,0.9595,16.7847,-11.9019,-11.2305,-7.6794,0.0385,-45.9174
14:26:51.862,845.486920,-0.0693,-0.1113,0.9980,5.3711,-3.8452,3.3569,-7.6190,0.3186,-45.9943
14:26:51.962,845.586893,-0.0337,-0.0298,1.1592,-2.9907,0.2441,0.2441,-7.4103,0.3241,-45.7745
14:26:52.062,845.686794,0.0859,0.0186,1.0361,-19.2261,17.0898,-1.7700,-7.3663,-0.2472,-46.2415
14:26:52.162,845.786732,-0.0708,-0.0977,0.8857,-19.0430,-15.8081,-11.0474,-7.1301,-0.4010,-46.7578
14:26:52.262,845.886716,-0.1660,-0.0391,0.9570,10.1929,-7.8735,1.4648,-6.7017,-0.2197,-47.2192
14:26:52.362,845.986677,0.0088,-0.0425,1.0278,9.7656,4.0894,-6.4697,-7.2290,-0.2307,-47.6532
14:26:52.462,846.086568,-0.0098,0.0107,1.0728,-21.4233,9.8877,0.4883,-6.6467,-0.3680,-47.6147
14:26:52.562,846.186529,-0.0791,-0.0859,0.9565,-9.1553,-8.6670,-0.9766,-6.2567,-0.4395,-47.6917
14:26:52.662,846.286493,-0.0371,-0.0430,1.0645,11.9019,10.4370,-5.3711,-6.7456,0.2142,-47.9828
14:26:52.762,846.386432,0.1523,-0.1182,1.0972,-21.1792,4.5776,-18.1885,-6.6412,0.4999,-48.7573
14:26:52.862,846.486358,-0.1001,-0.0864,0.8662,0.3052,-19.7144,-10.9253,-5.8228,0.5109,-49.2737
14:26:52.962,846.586312,-0.0996,-0.1069,0.9399,17.8223,-12.5122,-11.1084,-6.0205,1.3348,-50.0977
14:26:53.062,846.686230,0.1162,-0.0913,1.1665,-3.2349,-0.8545,-8.8501,-6.8939,1.2744,-51.2457
14:26:53.162,846.786181,-0.2104,-0.0815,0.8774,-15.3198,5.2490,5.1880,-6.2952,0.8679,-51.4215
14:26:53.262,846.886151,-0.1646,-0.0293,0.9946,12.6953,-4.0283,0.5493,-6.2897,1.0492,-51.5369
14:26:53.361,846.986064,-0.2222,-0.0840,0.9756,-3.9673,20.8740,14.5874,-6.6962,2.6697,-51.1084
14:26:53.461,847.085992,0.0249,-0.0776,1.2935,-10.1318,12.5732,2.1362,-7.0148,2.0984,-51.8555
14:26:53.561,847.185983,-0.1152,-0.0518,0.9170,-24.7192,13.9160,-4.2725,-5.6964,1.0162,-51.4105
14:26:53.661,847.285905,-0.1548,-0.1006,0.9785,35.7056,-12.8784,1.5869,-5.5261,1.1371,-51.4819
14:26:53.761,847.385888,0.0210,-0.0239,1.1162,-14.7095,12.6953,0.1831,-5.8777,1.3513,-50.3943
14:26:53.861,847.485796,-0.0649,-0.0483,0.9385,-2.6245,0.6104,2.1973,-4.8944,1.0822,-50.8173
14:26:53.961,847.585742,-0.0737,-0.0850,1.0400,6.0425,2.6855,0.2441,-5.0427,1.2030,-50.8447
14:26:54.061,847.685723,-0.0107,-0.0352,1.0571,2.6855,-0.7935,-2.1362,-4.9658,1.3019,-49.8724
14:26:54.161,847.785656,0.0635,-0.0215,0.9590,-18.4937,9.4604,5.2490,-4.8889,1.4062,-49.4934
14:26:54.261,847.885639,0.0181,0.0010,0.9810,-4.4556,-10.9253,10.0098,-4.2133,1.1755,-49.0430
14:26:54.361,847.985574,-0.1216,-0.0176,0.8779,-0.9766,1.0986,5.4932,-4.1748,1.5820,-48.3124
14:26:54.461,848.085517,-0.1128,0.0132,0.9946,15.1978,-1.0986,4.3335,-4.1418,2.2577,-47.6532
14:26:54.561,848.185515,-0.0200,0.0601,1.0366,-9.0332,20.8130,12.3901,-4.1309,2.3950,-47.2467
14:26:54.661,848.285396,-0.1016,0.1284,0.9683,-14.2822,6.6528,-1.7090,-3.1750,1.9501,-46.8127
14:26:54.761,848.385397,-0.1455,0.0811,0.8970,13.9771,-16.1743,1.5259,-2.5214,1.9226,-46.3568
14:26:54.861,848.485301,0.0859,-0.0186,1.2598,1.1597,1.6479,-0.3662,-3.0981,2.7576,-46.5161
14:26:54.961,848.585311,0.0405,0.0576,1.0479,-21.4844,22.3999,-3.9673,-2.7960,2.6532,-47.0819
14:26:55.061,848.685174,-0.1206,0.0635,0.8623,-4.4556,13.3667,-3.1738,-2.3621,2.3126,-47.1973
14:26:55.160,848.785090,-0.0396,0.0269,0.9678,9.0942,-3.6621,3.7231,-2.2028,2.6862,-47.1588
14:26:55.260,848.885079,-0.0312,0.0576,1.0371,-1.3428,5.5542,1.6479,-2.1259,2.9498,-46.8402
14:26:55.361,848.985231,-0.0229,0.0903,0.9570,-11.8408,13.9160,0.6714,-1.5271,2.5598,-46.5601
14:26:55.460,849.085000,0.0366,0.0625,0.9692,-2.7466,-1.8921,-0.6714,-1.1920,2.7521,-46.3678
14:26:55.560,849.184947,-0.1099,0.0493,0.9014,5.3101,-22.7661,2.3804,-0.5273,3.1256,-46.0712
14:26:55.660,849.284818,-0.1353,0.0078,1.1133,24.5361,-7.8125,0.0000,-0.8679,3.7134,-46.1371
14:26:55.760,849.384841,0.1157,0.0522,1.1846,-18.2495,29.7852,2.3804,-0.5493,3.6859,-46.3733
14:26:55.860,849.484734,-0.0024,0.0703,1.0820,-19.1040,19.7144,-3.1738,-0.3845,3.6530,-46.2415
14:26:55.960,849.584681,-0.2803,-0.0005,0.8032,-2.9907,-1.4648,1.7090,0.0110,3.7573,-45.9833
14:26:56.060,849.684588,-0.1323,0.0591,0.9526,23.0713,-17.3950,0.9155,-0.4065,4.2517,-45.8899
14:26:56.160,849.784537,0.0562,0.0605,1.2510,-20.4468,17.3340,5.4932,-0.3735,3.9880,-45.6482
14:26:56.260,849.884569,-0.1621,0.0322,0.8843,-9.4604,5.4932,-4.0283,0.3845,3.4662,-45.4010
14:26:56.360,849.984376,-0.1187,0.0098,0.9727,9.0942,-9.6436,2.7466,-0.1483,3.6584,-45.4504
14:26:56.460,850.084377,-0.0811,0.0444,1.0098,-1.7700,-15.9912,14.7095,-0.1154,3.6255,-45.3296
14:26:56.560,850.184254,-0.0894,-0.0581,1.0361,8.6060,-9.1553,-1.5259,0.0000,3.6420,-44.0332
14:26:56.659,850.284106,-0.0371,0.0361,1.0991,11.2915,1.5869,6.8359,-0.0714,3.5266,-43.6102
14:26:56.759,850.383997,0.0469,-0.0386,1.2241,-7.2632,27.1606,1.5259,-0.1373,3.3783,-43.6047
14:26:56.859,850.483922,0.0615,-0.0322,1.1865,-35.5225,48.3398,-9.7656,-0.5438,2.6147,-43.6487
14:26:56.959,850.583806,-0.2729,0.0576,0.6929,-1.2817,2.6855,1.2207,0.5823,2.1753,-43.7585
14:26:57.059,850.683738,-0.1147,0.0352,1.0522,28.0151,-15.1978,7.9956,-0.5383,3.5815,-43.4839
14:26:57.159,850.783639,0.0308,-0.0312,1.0532,-9.5825,4.6387,4.2114,0.0165,3.1311,-43.3850
14:26:57.259,850.883562,-0.2158,0.1294,1.0415,-0.6104,15.3809,10.9253,0.2417,3.3618,-42.0612
14:26:57.359,850.983501,-0.0938,-0.0210,1.0322,5.3711,13.9160,9.0942,0.2087,3.5925,-40.2759
14:26:57.459,851.083399,-0.0840,0.1240,1.1499,-15.7471,32.5317,-1.8921,1.2689,3.4827,-39.6387
14:26:57.559,851.183378,-0.2856,0.0806,0.8276,20.2637,-17.0288,-0.0610,1.3293,3.9276,-39.6112
14:26:57.659,851.283240,0.0938,0.0845,1.1489,-15.8691,25.8179,0.9766,0.5713,4.3066,-41.0944
14:26:57.759,851.383178,-0.2168,0.1074,0.8062,-4.0894,-11.9019,0.1831,2.1204,3.4937,-40.8032
14:26:57.858,851.483088,-0.1543,0.0269,1.2246,22.9492,-36.0718,15.3198,1.2305,3.9825,-39.8419
14:26:57.958,851.582993,0.1196,-0.1655,1.0322,-18.9819,-4.5166,16.3574,1.4447,3.3289,-39.1058
14:26:58.058,851.682887,0.0791,0.0000,1.1934,-10.6201,11.6577,-0.3052,1.6095,3.3124,-38.6389
14:26:58.158,851.782787,-0.0664,0.0693,0.7485,-5.9814,-9.2773,6.3477,2.0764,3.0212,-38.3203
14:26:58.258,851.882714,-0.0747,0.0542,1.1016,-8.1787,-22.7661,-2.5024,1.5985,4.0704,-38.0237
14:26:58.358,851.982646,-0.1152,0.0249,0.9141,10.0708,-39.0625,-2.1362,1.7358,3.8177,-38.1390
14:26:58.458,852.082565,-0.1001,0.0195,1.2090,15.0146,-8.2397,0.4883,0.8734,4.8999,-38.3752
14:26:58.558,852.182488,-0.0132,0.0181,1.1851,-28.2593,22.2778,0.1221,0.7471,4.0869,-38.4906
14:26:58.658,852.282393,-0.2256,0.0200,0.8657,-2.8687,-3.6011,-1.5259,0.8020,3.8507,-38.5455
14:26:58.758,852.382315,-0.0337,0.0063,1.0557,7.1411,-1.5869,-10.0098,0.0714,4.4824,-39.2761
14:26:58.858,852.482222,-0.1621,0.1489,1.1519,-5.3711,16.2354,-4.4556,-0.1154,4.7351,-39.6442
14:26:58.958,852.582136,-0.2119,0.1216,0.9780,-8.7280,18.3716,7.2632,0.0220,4.4275,-39.8145
14:26:59.057,852.682030,-0.2954,0.0186,0.7808,8.1787,-11.0474,0.0000,0.5823,3.9716,-39.5233
14:26:59.157,852.781987,-0.1455,0.0410,0.9307,21.6064,-25.8179,8.3618,0.6866,4.5593,-38.2050
14:26:59.257,852.881902,-0.0366,0.0640,1.1372,-7.6294,22.2778,1.8311,0.7745,4.3890,-37.3260
14:26:59.357,852.981841,-0.3745,0.0659,0.7393,2.5024,1.4038,6.5308,1.5546,3.5431,-36.8701
14:26:59.457,853.081816,-0.1406,-0.0063,0.9517,19.4092,-0.4883,4.0283,1.5106,4.3835,-36.3812
14:26:59.557,853.181711,-0.0186,0.0645,1.0303,-10.2539,18.3716,4.2114,1.4612,4.2792,-36.3208
14:26:59.657,853.281592,-0.3022,0.1299,0.7158,7.0190,2.1362,-1.0986,1.9391,3.9001,-36.1121
14:26:59.757,853.381549,-0.1523,0.0381,1.0430,13.0005,0.9766,-3.2349,1.7194,4.6143,-36.2000
14:26:59.857,853.481439,0.0034,0.0303,1.0054,-5.9814,10.9863,-13.0005,2.0325,3.9606,-36.9086
14:26:59.957,853.581356,-0.1831,0.0415,0.8931,-7.4463,-9.3384,-4.1504,2.7356,3.0707,-37.6172
14:27:00.057,853.681258,-0.1577,0.0093,1.1250,5.1880,-13.5498,4.9438,1.9830,4.1638,-38.1281
14:27:00.157,853.781230,-0.2622,0.1479,0.8296,-1.1597,14.8926,-0.2441,1.7029,4.6967,-38.2983
14:27:00.256,853.881096,-0.0718,0.0771,1.0728,-12.0850,29.0527,2.6245,1.1371,5.1251,-38.3972
14:27:00.356,853.981026,-0.4111,-0.0640,0.9062,-10.6812,-14.2822,18.1885,1.9775,4.5154,-37.7600
14:27:00.456,854.080907,-0.1592,-0.0889,0.8218,29.2358,-59.4482,-1.5259,2.3291,4.9768,-37.1338
14:27:00.556,854.180867,0.0776,-0.0532,1.2793,14.7705,7.6904,2.1973,1.5381,6.3556,-37.1173
14:27:00.656,854.280732,-0.1592,-0.0259,0.7827,-6.1646,8.1787,-8.1787,2.2577,5.7898,-37.5348
14:27:00.756,854.380678,-0.1709,-0.0640,1.0352,3.9062,12.5732,2.4414,2.0380,6.0370,-37.4744
14:27:00.856,854.480542,-0.1338,-0.0278,0.9224,-4.9438,-2.0142,0.0000,1.7303,6.0919,-37.4854
14:27:00.956,854.580520,-0.2031,-0.0176,0.9810,-2.5024,1.1597,-2.1973,1.4557,6.0095,-37.5842
14:27:01.056,854.680423,-0.0586,-0.0708,0.8989,5.1270,1.5259,0.0610,1.3129,5.7623,-37.7380
14:27:01.156,854.780371,-0.0854,-0.0723,1.1343,-16.9067,-2.5024,-5.5542,0.9119,5.6854,-37.8699
14:27:01.256,854.880323,-0.2764,-0.0664,0.7852,1.3428,-9.8877,-5.3101,1.1755,5.4053,-38.4796
14:27:01.356,854.980277,-0.0874,-0.1729,1.0889,4.8218,-19.0430,-7.1411,0.8350,5.5646,-39.6606
14:27:01.456,855.080227,-0.0532,-0.2549,0.9360,2.3193,-8.6060,-12.2070,0.5054,5.5811,-40.6384
14:27:01.555,855.180187,-0.1377,-0.4160,1.2178,4.3335,4.0283,-17.2729,-0.4340,6.1029,-42.3358
14:27:01.655,855.280097,-0.2031,-0.4858,1.0522,-14.0381,0.3052,-13.4277,-1.2085,6.2787,-43.8574
14:27:01.755,855.379926,-0.1797,-0.3516,0.9897,-1.0986,8.7280,-13.6108,-1.6040,6.4545,-45.6702
14:27:01.855,855.479834,-0.1489,-0.4658,1.0142,14.0991,-3.9062,-8.9722,-2.6697,6.7621,-46.6479
14:27:01.955,855.579796,-0.2285,-0.3584,0.9326,5.3101,-4.2725,-7.9346,-3.0597,7.0587,-48.2190
14:27:02.055,855.679692,-0.1831,-0.3843,1.0498,15.2588,-8.3008,-20.0806,-3.9111,6.5973,-49.9384
14:27:02.155,855.779598,-0.2197,-0.5835,1.1201,-2.5635,-0.0610,-15.8081,-5.2570,6.1688,-51.3446
14:27:02.255,855.879508,-0.3286,-0.5176,1.0854,-5.1270,9.8877,-12.0850,-5.5316,6.0864,-53.2288
14:27:02.355,855.979449,-0.3130,-0.5703,1.1343,11.0474,11.9629,-22.2168,-6.7456,5.7184,-55.5414
14:27:02.455,856.079431,-0.4277,-0.6768,1.0796,-0.3052,5.7373,-23.6206,-7.4377,5.6030,-58.2056
14:27:02.555,856.179330,-0.2222,-0.6724,1.0210,4.9438,-6.5308,-22.3389,-8.7726,5.5865,-61.5125
14:27:02.655,856.279241,-0.4585,-0.2241,0.7676,4.0894,-2.5635,-7.9956,-9.2505,4.7955,-64.0009
14:27:02.755,856.379181,-0.3950,-0.9194,1.2749,21.1182,-0.9766,-29.3579,-10.6348,4.4220,-65.2313
14:27:02.854,856.479069,-0.2695,-0.8125,1.3237,-0.9155,9.8267,-2.3804,-11.4093,4.0924,-67.3297
14:27:02.954,856.579033,-0.1484,-0.7651,1.1680,1.3428,6.3477,-16.8457,-12.5134,3.2904,-68.8678
14:27:03.054,856.678939,-0.0347,-0.7007,0.9136,-13.1226,13.1226,-16.9067,-13.0627,2.9059,-70.8234
14:27:03.154,856.778891,-0.2197,-0.7021,1.1318,2.8687,-1.6479,-21.7285,-13.3649,2.0984,-72.9877
14:27:03.254,856.878756,-0.1050,-0.7607,0.9766,-3.7231,-2.7466,-20.1416,-14.0295,1.9336,-75.0916
14:27:03.354,856.978748,-0.2573,-0.4995,0.9868,-4.2725,1.8921,-25.6958,-14.4415,1.0986,-78.3820
14:27:03.454,857.078647,-0.0596,-1.0513,1.0864,6.5918,4.2114,-42.6025,-15.1666,1.1755,-80.8209
14:27:03.554,857.178576,-0.1904,-0.8179,1.0400,6.2256,2.3804,-25.0244,-15.2161,0.1208,-83.9905
14:27:03.654,857.278444,-0.1514,-0.8208,1.0874,-1.5869,-13.1836,-51.2695,-15.6500,-0.9613,-87.8687
14:27:03.754,857.378400,-0.5073,-0.6772,1.1514,2.0142,-6.5308,-12.5122,-15.7269,-1.4447,-90.3351
14:27:03.854,857.478292,-0.3433,-0.7119,1.1655,4.2114,12.4512,-19.5312,-16.8805,-1.7358,-91.9171
14:27:03.954,857.578227,-0.5503,-0.8433,1.6558,23.3154,-10.7422,-32.7148,-16.3586,-2.9938,-94.2517
14:27:04.054,857.678163,-0.0146,-0.7290,0.5166,-25.9399,11.2915,4.9438,-18.3966,-3.0267,-95.0702
14:27:04.153,857.778111,-0.3574,-0.9082,1.8530,27.5879,6.2256,-66.5283,-17.5397,-4.4495,-99.3109
14:27:04.253,857.877993,0.1279,-1.2368,0.8213,-8.2397,11.0474,-28.8086,-18.9954,-4.4714,-100.0580
14:27:04.353,857.977909,-0.2871,-0.5103,1.0864,25.5127,2.6855,-26.4893,-17.8583,-5.4492,-104.1724
14:27:04.453,858.077851,-0.4521,-0.9346,1.1484,5.0049,-16.1743,-51.8188,-18.4241,-5.9985,-106.6223
14:27:04.553,858.177806,-0.5752,-1.0679,1.2915,10.0708,0.0000,-55.4810,-18.0560,-7.2235,-109.9567
14:27:04.653,858.277684,-0.1362,-0.8560,0.9346,-16.9678,-23.5596,-33.5693,-18.5559,-8.5034,-112.7197
14:27:04.753,858.377637,-0.4575,-0.9380,1.0527,5.5542,-32.7759,-44.7998,-17.6880,-9.7174,-115.9552
14:27:04.853,858.477547,-0.2417,-0.9810,1.0767,9.3994,-23.3765,-54.3823,-17.5287,-10.5249,-119.7070
14:27:04.953,858.577497,-0.4980,-0.7139,0.8208,1.7090,-25.4517,-29.4189,-17.7814,-12.3322,-123.0688
14:27:05.053,858.677419,0.0527,-1.0601,1.0205,-18.6768,-53.1616,-67.2607,-17.6825,-13.1781,-126.6724
14:27:05.153,858.777368,-0.4863,-0.7969,0.8384,-16.7236,-33.6914,-22.5830,-17.4078,-14.5734,-130.6384
14:27:05.253,858.877422,0.0088,-0.9146,0.9194,6.6528,-21.7285,-48.7671,-18.0011,-14.4635,-133.0994
14:27:05.353,858.977301,-0.5059,-1.0581,1.0356,-15.8691,-27.8320,-38.8184,-16.4905,-15.7379,-137.3291
14:27:05.453,859.077164,0.2290,-0.8755,0.7983,-7.2021,-24.4751,-46.1426,-16.8805,-16.4850,-139.8065
14:27:05.553,859.177190,-0.1807,-0.9868,1.1245,7.2632,-12.2681,-40.8936,-15.6995,-17.9132,-144.5526
14:27:05.652,859.277063,-0.0132,-1.0063,0.9336,-4.1504,-21.4844,-45.2271,-16.3971,-19.1766,-147.2113
14:27:05.752,859.377018,0.0581,-1.1470,1.2319,-5.1270,26.5503,-24.9634,-16.2323,-19.5392,-149.7986
14:27:05.852,859.476927,0.4932,-0.8872,0.8525,-18.0054,3.1128,-13.6108,-17.5836,-19.6600,-150.5072
14:27:05.952,859.576867,-0.1763,-0.5469,0.8887,-10.1929,-12.6343,-5.7373,-17.1387,-19.0063,-152.1332
14:27:06.052,859.676803,0.1636,-0.3223,0.7876,-20.0806,-16.6016,-14.6484,-18.0011,-19.8468,-152.8253
14:27:06.152,859.776765,0.0806,-0.7129,0.7939,-11.5967,-24.7192,-39.1235,-18.3472,-18.5614,-153.7207
14:27:06.252,859.876658,-0.0552,-0.6934,0.9614,4.3945,13.4888,-24.1699,-17.8857,-19.3469,-156.6101
14:27:06.352,859.976824,-0.1772,-0.7134,1.0981,5.3101,-3.6011,-60.5469,-17.3859,-19.3140,-160.4333
14:27:06.452,860.076543,-0.1118,-0.9048,1.2383,35.6445,15.0757,-45.2271,-17.1442,-18.8196,-163.4326
14:27:06.552,860.176495,0.2764,-0.4609,0.5127,-15.4419,7.8735,-8.3008,-16.5289,-18.2153,-166.0638
14:27:06.652,860.276396,-0.1899,-0.6299,1.1831,9.7656,-9.0332,-58.2275,-16.3971,-17.9572,-169.1290
14:27:06.752,860.376396,-0.0864,-0.7515,0.9199,-29.1748,-8.2397,-21.1182,-16.5509,-17.7869,-171.4471
14:27:06.852,860.476305,-0.4170,-0.2319,1.1152,7.5684,-11.7798,-12.4512,-15.8368,-17.3749,-174.0289
14:27:06.952,860.576223,-0.2544,-0.5269,1.3931,28.1372,19.2871,-24.5972,-16.9794,-16.9464,-173.8916
14:27:07.052,860.676244,0.0342,-0.6406,1.2363,-5.0659,14.2822,-20.9961,-16.7157,-16.3367,-175.0562
14:27:07.151,860.776155,-0.2744,-0.5068,1.0903,-39.6729,39.0625,-3.8452,-15.4358,-16.5070,-176.8744
14:27:07.251,860.876063,0.0029,-0.4336,1.2188,-19.1040,34.2407,-32.9590,-15.9961,-15.9137,-177.9181
14:27:07.351,860.975948,-0.2969,0.2002,0.8579,-44.2505,38.5132,1.4038,-17.2266,-14.0680,-177.7313
14:27:07.451,861.075888,-0.1313,0.3691,1.0146,29.9683,27.2827,26.9775,-17.1332,-11.6840,-176.0284
14:27:07.551,861.175867,0.0386,0.2993,0.8413,-12.1460,26.7334,5.4932,-14.9634,-9.7504,-173.8586
14:27:07.651,861.275751,0.1489,0.4268,1.0845,-12.5732,11.4136,8.8501,-14.6283,-8.5419,-172.6337
14:27:07.751,861.375716,0.0488,0.3237,1.0605,-19.2261,2.3193,11.5356,-12.4200,-7.7893,-172.3206
14:27:07.851,861.475602,0.0439,-0.0908,1.0332,23.4375,25.0854,-14.6484,-10.9424,-6.1084,-170.7935
14:27:07.951,861.575533,-0.0059,0.4795,1.0791,-63.7207,20.0806,-8.4229,-10.2942,-5.6689,-172.2546
14:27:08.051,861.675613,-0.1851,0.1484,0.6284,32.8369,-73.6694,-14.5874,-7.4323,-4.9329,-170.7605
14:27:08.151,861.775397,-0.1948,0.0596,1.0015,31.6772,29.7241,24.6582,-8.0255,-1.9006,-170.4254
14:27:08.251,861.875343,0.2524,0.3984,1.1265,-50.9033,27.1606,2.9907,-7.2565,-2.1698,-170.4364
14:27:08.351,861.975289,-0.2979,0.0591,0.7310,27.0996,-47.5464,-10.4980,-4.1418,-1.6974,-169.0027
14:27:08.451,862.075261,-0.0229,-0.0371,1.1445,3.1128,8.7891,16.1743,-4.8944,-0.3406,-168.6786
14:27:08.551,862.175160,-0.0645,0.2749,0.8564,-26.9775,8.4839,6.6528,-4.4550,-0.4559,-168.6951
14:27:08.650,862.275058,-0.2148,0.0469,0.8643,-0.1221,-16.2964,-4.3335,-2.5049,-0.0879,-168.2831
14:27:08.750,862.375005,-0.0508,0.1528,1.1445,11.1084,9.6436,17.2729,-3.1421,0.9009,-167.4756
14:27:08.850,862.474899,0.0967,0.1958,0.9688,-27.7100,-7.1411,10.5591,-1.9995,0.3900,-166.9537
14:27:08.950,862.574824,-0.3086,0.1968,0.8398,7.0801,-13.6719,-1.5869,-0.7690,1.1536,-165.9979
14:27:09.050,862.674738,-0.1562,0.1270,1.2476,21.4844,9.3994,3.1738,-1.3843,2.0599,-165.5200
14:27:09.150,862.774680,0.1587,0.0879,1.1074,-36.7432,36.9873,-5.2490,-0.2911,1.7468,-165.1355
14:27:09.250,862.874632,-0.1699,0.1123,0.8550,-17.2729,14.2212,-7.3242,0.5273,1.6699,-164.4543
14:27:09.350,862.974589,-0.1909,0.1108,0.8115,20.0806,-27.6489,-1.0986,0.7471,2.5598,-164.1632
14:27:09.450,863.074508,-0.0342,0.0449,0.9468,4.2725,-5.4321,3.6011,0.8789,2.9004,-164.1138
14:27:09.550,863.174506,-0.0088,0.1577,1.0088,-0.8545,1.0986,4.6997,1.1865,2.8235,-163.9984
14:27:09.650,863.274372,-0.1772,0.1123,0.8721,-1.9531,-20.4468,1.6479,2.3511,2.9224,-163.5754
14:27:09.750,863.374370,-0.1626,0.1470,0.8857,27.2827,-18.3716,2.5635,2.3071,3.6255,-163.6798
14:27:09.850,863.474284,0.1440,0.1255,1.2700,-0.0610,5.6763,-2.1973,1.4667,3.5101,-163.8281
14:27:09.950,863.574236,-0.1860,-0.0386,0.8350,-1.5869,2.9297,-3.8452,3.0322,3.3014,-163.5809
14:27:10.050,863.674129,0.0254,0.0713,1.0664,2.9297,2.8687,2.9907,2.4170,3.2190,-164.0973
14:27:10.149,863.774099,-0.2256,0.1533,1.0176,-0.6714,1.2817,-8.6670,3.0432,3.7628,-163.9709
14:27:10.249,863.874038,-0.1064,0.0439,0.9570,2.1973,10.8643,3.1738,3.1476,3.6200,-163.4821
14:27:10.349,863.973959,0.2104,0.1255,1.3760,7.0801,24.8413,-1.7700,2.4829,4.1144,-163.7128
14:27:10.449,864.073953,-0.2798,0.0605,1.0508,-50.2319,19.2261,-1.9531,3.5101,3.4442,-163.2678
14:27:10.549,864.173869,-0.2427,0.0791,0.8438,28.8696,-0.1831,-4.0894,3.8452,3.7958,-163.2678
14:27:10.649,864.273769,0.3438,0.0049,1.4619,-21.8506,-0.1831,-7.5073,2.5104,3.8562,-163.8885
14:27:10.749,864.373734,-0.3267,0.1543,0.8970,-37.3535,12.8784,-5.8594,4.1089,3.6090,-163.6359
14:27:10.849,864.473640,-0.0371,0.0601,0.7993,25.0244,-16.4185,1.1597,3.3563,3.5431,-164.0094
14:27:10.949,864.573558,0.1138,0.0430,1.1899,-12.2681,-10.3760,-2.4414,2.6367,4.3011,-164.0973
14:27:11.049,864.673505,-0.1748,0.1128,1.1270,-7.9956,11.1084,-0.3052,3.0762,4.3561,-164.1248
14:27:11.149,864.773484,-0.0640,0.0649,0.8716,-0.3052,7.7515,-1.2207,2.7631,4.1913,-164.2126
14:27:11.249,864.873419,0.0415,0.0435,1.2593,-8.4839,4.7607,-3.7842,2.3456,4.4604,-164.4379
14:27:11.349,864.973361,-0.2007,0.0215,0.5972,-13.1836,-22.7661,-1.6479,4.2847,3.7518,-164.6191
14:27:11.449,865.073301,-0.0400,0.1641,1.0889,40.1001,-14.1602,10.0098,2.4884,4.9109,-164.7565
14:27:11.549,865.173248,0.0693,0.0151,1.2188,-50.5371,1.5259,-6.8970,2.3511,4.5758,-164.8389
14:27:11.649,865.273213,-0.2979,0.0220,0.7246,27.3438,0.6714,0.3662,3.9056,4.2462,-164.5367
14:27:11.749,865.373162,0.0859,0.0269,1.1406,10.1929,-16.5405,-4.6387,2.1643,4.2517,-165.1959
14:27:11.848,865.473002,-0.1489,0.0010,0.8696,5.9204,-6.8359,0.5493,3.2629,4.5044,-165.1630
14:27:11.948,865.573011,0.1489,0.0381,1.3198,-13.7939,13.8550,-7.5073,1.9940,4.4275,-165.5365
14:27:12.048,865.672916,-0.2500,-0.0005,0.5630,2.5635,-2.8076,3.4180,3.7408,4.0704,-165.3168
14:27:12.148,865.772988,-0.0752,-0.0254,1.1470,34.9731,-14.0991,-4.8218,2.0544,4.8175,-166.0089
14:27:12.248,865.872802,-0.2104,0.0259,1.0703,-21.3623,0.6104,-3.9062,2.3346,5.2844,-166.2726
14:27:12.348,865.972742,-0.4600,0.0547,0.8760,-9.1553,9.5825,-4.5776,2.2961,5.6744,-166.5417
14:27:12.448,866.072650,-0.3975,0.1006,0.8667,7.7515,0.5493,3.6011,2.2357,6.9324,-166.9318
14:27:12.548,866.172656,-0.3501,-0.0278,0.9790,7.2021,-0.9766,-5.4321,1.8018,7.8717,-166.8658
14:27:12.648,866.272591,-0.3101,-0.0444,1.0698,-16.7236,17.1509,-4.0283,1.7798,8.7561,-166.9263
14:27:12.748,866.372568,-0.3291,0.0093,1.0659,-7.5073,16.6626,-6.5918,1.9281,9.1296,-167.5854
14:27:12.848,866.472455,-0.2437,-0.0049,0.8247,-8.1177,-0.8545,-0.5493,2.1863,9.3494,-167.7228
14:27:12.948,866.572450,-0.4731,0.0317,0.7832,21.8506,-7.3853,-4.6997,2.0819,10.2667,-168.2666
14:27:13.048,866.672373,-0.4453,-0.0186,0.9922,5.9814,-7.3242,-6.4087,1.5161,11.0577,-168.5193
14:27:13.148,866.772331,-0.5522,-0.0303,0.8804,3.0518,27.0996,-4.5166,1.3788,12.1509,-168.7885
14:27:13.248,866.872262,-0.2456,0.0146,1.1240,-30.2734,28.1372,-10.9863,0.7910,12.1509,-168.8489
14:27:13.348,866.972217,-0.5088,-0.0459,0.6807,12.6343,-9.6436,-0.6714,2.2467,11.7114,-169.3268
14:27:13.447,867.072171,-0.3779,-0.2480,0.9990,27.3438,-5.1270,-12.8784,0.5933,12.2772,-170.6616
14:27:13.547,867.172140,-0.3496,-0.3394,1.1128,-9.0332,8.0566,-16.9067,-0.4614,12.6343,-172.2931
14:27:13.647,867.271976,-0.4009,-0.4619,0.9551,-6.4087,2.3804,-21.1182,-1.2799,12.7496,-174.0564
14:27:13.747,867.371971,-0.3672,-0.2148,0.6455,19.7754,-17.2729,-13.4888,-2.5818,12.5354,-176.1053
14:27:13.847,867.471883,-0.3643,-0.3140,0.7075,14.2212,-12.6343,-28.5645,-4.2902,12.1674,-178.9508
14:27:13.947,867.571815,-0.3472,-0.3970,0.7861,24.4751,-24.1699,-33.3252,-6.0315,11.6180,177.9456
14:27:14.047,867.671772,-0.2739,-0.5679,0.8140,15.8691,3.9062,-34.4238,-8.0310,12.2662,174.5068
14:27:14.147,867.771704,-0.3789,-0.8091,1.1572,9.8877,-17.1509,-50.8423,-9.8657,11.3269,170.2716
14:27:14.247,867.871640,-0.6079,-0.5376,0.8354,9.0942,38.0859,-9.7656,-12.7441,11.5247,167.3273
14:27:14.347,867.971586,0.2075,-1.1729,1.0615,9.7656,-19.5923,-93.2007,-13.6890,10.9259,163.9600
14:27:14.447,868.071643,-1.1631,-0.5928,0.9771,40.1001,0.6714,-6.4087,-14.1010,9.4922,159.2139
14:27:14.547,868.171532,-0.2690,-0.8774,1.1001,-18.4326,-38.0859,-68.4814,-16.4246,8.0750,155.8905
14:27:14.647,868.271437,-0.4531,-1.0176,1.2598,23.5596,0.6104,-24.4141,-15.6006,8.6682,153.0780
14:27:14.747,868.371419,-0.5796,-0.7573,0.8999,12.5122,-3.8452,-61.2183,-17.6550,5.6195,147.7881
14:27:14.847,868.471328,-0.3359,-0.9209,1.1938,11.4746,-18.4937,-83.6182,-18.2758,4.4659,142.4597
14:27:14.947,868.571291,-0.4883,-0.9072,1.0405,25.8789,4.1504,-37.2925,-19.5941,2.8949,137.4115
14:27:15.047,868.671210,-0.0840,-0.6289,0.7578,-32.1045,-32.4707,-65.7959,-20.9235,0.1373,132.0776
14:27:15.147,868.771122,-0.4482,-0.9033,0.8379,-10.3149,-1.8921,-8.0566,-20.6213,-0.4175,127.1008
14:27:15.246,868.871079,-0.0679,-0.5073,0.9771,17.3340,-24.1699,-65.0024,-21.1267,-1.3403,123.6292
14:27:15.346,868.970988,-0.1211,-0.9839,0.9990,6.2256,-3.6621,-32.0435,-20.5609,-1.8732,119.9927
14:27:15.446,869.070972,-0.2993,-0.5264,0.9629,14.2212,-13.1226,-60.5469,-21.0718,-4.0814,115.6146
14:27:15.546,869.170890,-0.0601,-1.4468,1.3027,-2.3804,-3.7231,-75.5615,-20.8850,-5.6854,111.3574
14:27:15.646,869.270865,0.1890,-0.8271,0.7422,-15.7471,-15.7471,-59.7534,-20.3961,-7.9376,106.0510
14:27:15.746,869.370817,-0.4927,-0.7061,0.8643,13.3667,9.7656,-35.1562,-19.4513,-9.3494,100.9808
14:27:15.846,869.470704,-0.0044,-0.8535,0.9580,18.8599,-21.6675,-67.5049,-19.1052,-8.7396,97.7344
14:27:15.946,869.570606,-0.4629,-0.8296,0.9692,42.7856,1.7700,-32.8369,-18.0615,-10.6018,93.2520
14:27:16.046,869.670529,-0.2495,-0.6484,0.9585,19.0430,-34.8511,-71.2891,-17.4573,-10.7611,89.7858
14:27:16.146,869.770487,-0.3452,-0.9819,1.2764,33.7524,5.1270,-18.8599,-16.6278,-11.8103,85.6659
14:27:16.246,869.870416,-0.1567,-0.7144,1.3286,19.4702,-11.5967,-58.5938,-16.7871,-13.2440,83.2379
14:27:16.346,869.970353,0.0977,-1.0669,1.3184,-12.2070,34.8511,-21.7896,-16.0840,-13.2440,81.0626
14:27:16.446,870.070338,-0.1484,-0.3867,0.9121,3.7231,17.8223,-41.9312,-15.7434,-14.1559,77.8326
14:27:16.546,870.170273,-0.2241,-0.6606,1.2393,13.9771,5.8594,-32.2266,-15.7874,-13.4143,75.6683
14:27:16.646,870.270174,0.0522,-0.6025,1.1079,1.8921,8.8501,-28.8696,-15.4138,-13.5077,73.2074
14:27:16.746,870.370148,-0.1357,-0.6816,1.1851,-16.8457,0.0000,-31.3721,-14.6173,-13.9966,70.6915
14:27:16.845,870.470085,0.0063,-0.5239,0.9658,-7.9956,2.9297,-25.0854,-14.2603,-14.2548,68.6041
14:27:16.945,870.569978,-0.0439,-0.3408,1.0610,17.5171,9.8267,-33.9355,-13.8483,-13.1836,66.1047
14:27:17.045,870.669949,-0.2119,-0.2383,0.6855,-1.9531,-28.6865,-31.8604,-13.0463,-14.1833,63.4570
14:27:17.145,870.769845,-0.2632,-0.1030,0.7378,29.9683,-35.0952,-12.1460,-11.9037,-12.3541,61.9409
14:27:17.245,870.869787,-0.1934,-0.1001,0.9917,44.9219,-10.9863,-43.2739,-11.9257,-13.1561,59.3317
14:27:17.345,870.969790,-0.1006,-0.6396,1.3550,-6.5918,-4.9438,-15.5640,-11.2500,-11.8597,58.5791
14:27:17.445,871.069696,-0.0757,-0.2891,0.9404,-9.9487,6.2866,-21.3013,-10.7611,-12.3047,56.0962
14:27:17.545,871.169647,-0.3862,-0.3003,1.1357,4.1504,4.5166,-23.4375,-10.4095,-11.3654,54.4153
14:27:17.645,871.269539,0.0664,-0.3242,1.0972,4.8218,6.2866,-28.6255,-10.9534,-11.8817,52.7124
14:27:17.745,871.369504,-0.2749,-0.2061,0.9971,12.5732,-6.2866,-20.9961,-10.4370,-10.7666,51.0260
14:27:17.845,871.469428,-0.0420,-0.3853,1.2070,17.2729,3.9062,-34.3018,-10.8875,-10.8270,49.2078
14:27:17.945,871.569351,-0.2500,-0.2578,0.8667,-5.4321,-2.4414,-12.4512,-9.8053,-10.6348,47.3401
14:27:18.045,871.669297,-0.0264,-0.3101,1.0410,15.2588,-3.7231,-28.9917,-10.1898,-10.2063,45.7635
14:27:18.145,871.769194,-0.0830,-0.3652,0.9775,-19.5312,-2.9297,-16.7847,-9.3109,-10.2502,44.0057
14:27:18.245,871.869160,0.0146,-0.2617,0.9087,-1.6479,-13.2446,-26.6113,-9.3054,-9.7998,42.1820
14:27:18.344,871.969067,-0.1079,-0.2241,1.0347,12.6953,-9.0942,-14.6484,-8.9374,-9.2780,39.9408
14:27:18.444,872.068992,-0.0093,-0.3779,1.0923,-1.0986,6.1646,-28.8086,-9.3933,-9.0912,38.5510
14:27:18.544,872.168939,-0.1016,-0.2329,1.0283,0.7324,-13.9160,-15.6250,-9.0143,-8.9539,37.0129
14:27:18.644,872.268801,-0.0918,-0.2124,0.8564,-6.7749,2.9297,-7.8125,-8.9648,-8.5474,35.8264
14:27:18.744,872.368776,0.0327,-0.0996,0.9058,5.1270,-14.0991,-27.2217,-9.0472,-8.3331,34.4861
14:27:18.844,872.468680,-0.1489,-0.1465,0.9780,7.3853,-19.6533,-0.9766,-8.8055,-7.9266,33.5358
14:27:18.944,872.568627,-0.1543,-0.0718,0.7876,9.7046,-22.6440,-13.6719,-8.4100,-7.3718,32.9700
14:27:19.044,872.668551,-0.1743,-0.0132,1.0605,22.9492,-6.4087,-9.3994,-8.8110,-6.6028,32.3328
14:27:19.144,872.768487,-0.1733,-0.0537,1.2095,8.9111,15.1978,-3.1738,-8.7781,-6.4050,32.3987
14:27:19.244,872.868429,-0.0352,0.1475,1.0381,-27.6489,7.8125,1.0376,-8.1244,-6.2018,33.0908
14:27:19.344,872.968392,-0.0059,0.2495,0.8867,-13.4277,1.2207,12.8174,-7.3663,-4.9878,34.3268
14:27:19.444,873.068368,0.0190,0.2222,1.0708,-9.0942,-1.8311,12.8174,-6.7291,-3.6804,35.5847
14:27:19.544,873.168289,0.0454,0.2920,0.7529,-12.8784,-17.5171,16.0522,-5.9711,-3.6694,36.9470
14:27:19.644,873.268214,-0.4849,0.2388,0.7109,47.4854,-39.9780,-5.9814,-4.3341,-1.8127,36.8921
14:27:19.743,873.368184,0.0347,0.6304,1.3145,-22.0337,45.6543,33.3862,-6.3556,-1.2579,39.5178
14:27:19.843,873.468071,-0.0176,0.1440,0.7153,-50.5371,55.2368,-5.3711,-3.6420,-1.6260,40.2374
14:27:19.943,873.567918,-0.0083,0.2842,0.9702,2.3804,0.2441,15.4419,-3.4058,-0.6097,42.0612
14:27:20.043,873.667863,-0.0947,0.3027,0.8398,-5.7983,-0.9766,-2.3193,-2.2192,0.1813,42.2260
14:27:20.143,873.767772,-0.2134,0.3735,0.9189,11.0474,-9.0332,11.3525,-0.9833,0.2637,43.8574
14:27:20.243,873.867733,-0.3374,0.3584,0.8394,6.0425,-10.7422,5.2490,0.6427,1.1151,44.1815
14:27:20.343,873.967651,-0.5166,0.4268,0.9722,18.1274,16.2964,7.7515,1.0986,2.0819,45.2966
14:27:20.443,874.067692,-0.1958,0.3672,1.0396,-15.0146,9.3384,17.0898,1.6589,2.9059,46.1151
14:27:20.543,874.167572,-0.2603,0.4536,1.0190,-15.7471,4.2114,22.9492,3.2904,3.7958,47.8290
14:27:20.643,874.267464,-0.0894,0.3916,0.9888,-5.4321,-14.2212,28.9307,4.4879,4.1473,50.0262
14:27:20.743,874.367435,-0.1714,0.5615,0.9858,-23.5596,-18.0054,28.8086,5.5426,5.0757,51.3995
14:27:20.843,874.467405,-0.5928,0.4863,0.8892,-11.4746,-34.4238,15.1978,7.1851,5.7404,54.2615
14:27:20.943,874.567283,-0.2417,0.7402,0.8481,-4.0283,7.0190,79.1016,6.3611,6.7126,57.7991
14:27:21.043,874.667181,-0.8286,0.6968,0.7676,-42.9077,-19.9585,1.4038,7.9486,6.6467,60.3424
14:27:21.143,874.767119,-0.1025,1.0249,0.8872,10.0098,24.3530,93.2007,9.3658,7.6080,65.8795
14:27:21.242,874.867058,-0.6333,0.6543,0.8970,-26.4282,7.1411,9.0332,9.7943,7.3773,68.4668
14:27:21.342,874.967124,-0.0981,0.9756,0.9282,-10.4980,4.6387,40.4663,12.2113,7.1851,72.7570
14:27:21.442,875.066951,-0.4546,0.8145,1.0752,0.6104,0.0610,50.1709,13.2275,7.4652,76.8439
14:27:21.542,875.166876,-0.1567,0.8359,0.9019,-0.9155,9.3994,50.1709,15.1392,6.3171,81.1230
14:27:21.642,875.266758,-0.3018,0.8052,1.0186,-12.7563,-2.5024,43.5181,15.8643,5.8392,84.9902
14:27:21.742,875.366736,-0.1499,0.7466,0.7544,-15.3809,-7.8735,62.1338,16.8036,4.4714,88.9178
14:27:21.842,875.466651,-0.2173,0.6094,1.0063,-12.3291,-6.0425,26.7334,18.0011,4.3231,93.7903
14:27:21.942,875.566564,-0.4297,0.8467,0.8701,-4.8218,1.0986,39.7949,18.2263,3.4332,95.6580
14:27:22.042,875.666482,-0.0718,0.6318,1.0908,-7.6294,4.9438,53.7720,18.8306,2.7356,100.6952
14:27:22.142,875.766425,-0.1880,0.6401,0.6294,-4.2725,-14.5264,38.6353,19.7974,1.8073,103.9087
14:27:22.242,875.866373,-0.6157,0.9609,0.8638,-16.0522,-14.8926,41.1377,19.8248,1.1920,108.1824
14:27:22.342,875.966277,-0.1138,1.0869,1.1680,12.3291,13.3057,66.4062,20.1654,-0.6592,115.2301
14:27:22.442,876.066272,-0.0972,0.8882,0.9478,-18.1274,14.2212,78.4302,18.8470,-3.0377,117.8888
14:27:22.542,876.166203,0.0547,0.7939,1.1909,-28.6255,-4.8218,12.5732,20.9674,-2.5214,124.0411
14:27:22.641,876.266078,-0.1987,0.8545,1.0264,23.1934,-5.1880,57.1899,19.4403,-4.0155,125.7770
14:27:22.741,876.366063,0.0278,0.6162,0.9795,-27.3438,2.0142,59.3872,18.4735,-5.1581,128.9905
14:27:22.841,876.465936,-0.5537,0.5205,1.1094,4.4556,-38.6963,29.0527,20.5444,-4.6857,133.7750
14:27:22.941,876.565884,0.1587,0.8823,0.7686,4.8218,20.2026,111.3281,18.3856,-6.7511,137.8345
14:27:23.041,876.665813,-0.3687,0.5728,1.0713,-33.5083,-56.6406,14.0381,19.3689,-8.2013,142.3389
14:27:23.141,876.765786,-0.0132,1.0078,0.8110,8.8501,-14.0381,79.1626,18.9075,-9.6240,146.4478
14:27:23.241,876.865706,-0.4189,0.6592,1.1938,-6.5308,-21.9116,40.6494,18.4241,-10.4260,150.6390
14:27:23.341,876.965650,0.0063,0.9268,0.7451,-6.8970,-4.5776,73.7305,18.1384,-12.0630,155.4840
14:27:23.441,877.065625,-0.2695,0.9067,1.1763,-15.3809,1.2817,32.0435,18.0835,-12.4695,159.6973
14:27:23.541,877.165564,0.0752,0.7661,0.9316,-4.9438,-1.9531,60.3638,17.8253,-13.3923,163.7238
14:27:23.641,877.265452,-0.1348,0.6362,1.0063,-16.0522,-10.2539,38.8184,17.2925,-13.6230,166.5802
14:27:23.741,877.365425,-0.0205,0.6646,1.1030,9.9487,-1.7700,28.1372,17.5122,-13.8593,170.6067
14:27:23.841,877.465325,-0.1152,0.5337,0.8130,-7.5073,4.3945,36.0718,17.3364,-13.7604,171.7877
14:27:23.941,877.565285,-0.2715,0.6943,0.8066,-0.4272,-7.9346,12.4512,18.0011,-13.1451,174.2157
14:27:24.041,877.665235,-0.0659,0.5361,1.0811,10.4980,16.2354,24.4751,16.7926,-12.8375,176.8634
14:27:24.141,877.765127,-0.0142,0.4810,1.2407,-28.9917,20.1416,21.9116,16.2982,-12.9144,177.4182
14:27:24.240,877.865103,-0.0620,0.2554,0.8467,-8.7280,-14.5264,23.6206,17.2321,-13.0298,178.8519
14:27:24.340,877.965044,-0.1743,0.4678,0.9004,9.0332,-10.9863,20.8740,16.2488,-11.8323,-179.6045
14:27:24.440,878.065002,-0.1519,0.4961,1.0840,-1.9531,15.3809,17.8223,15.6885,-11.3708,-177.3962
14:27:24.540,878.164971,0.0679,0.4624,1.0923,-2.9907,3.6621,43.1519,15.5237,-11.3708,-175.4187
14:27:24.640,878.264887,-0.1470,0.3828,0.9849,-4.8218,-2.0752,18.5547,15.8038,-11.0468,-173.3972
14:27:24.740,878.364877,0.1450,0.5059,0.9814,2.9907,-8.4839,48.6450,14.9139,-11.1841,-170.8209
14:27:24.840,878.464803,-0.0503,0.3696,0.9810,-25.0244,-2.3193,14.8315,15.5566,-10.5084,-169.2828
14:27:24.940,878.564767,-0.0757,0.2710,0.9668,8.5449,-14.8926,4.2114,15.5731,-10.4865,-167.0636
14:27:25.040,878.664705,0.0625,0.1729,0.9810,3.6011,0.7935,12.7563,14.9908,-9.5142,-167.1790
14:27:25.140,878.764668,-0.0981,0.2173,0.9243,-9.4604,0.6714,-1.0376,15.7214,-9.1461,-166.8713
14:27:25.240,878.864631,0.0513,0.0522,0.9756,20.2637,-2.0752,-3.2349,14.7876,-8.6792,-166.3879
14:27:25.340,878.964521,-0.0942,-0.0112,1.2046,0.7324,2.9907,0.8545,14.4470,-7.2675,-167.2888
14:27:25.440,879.064474,-0.0220,0.0366,1.2261,-9.6436,34.6680,-5.3101,14.0131,-6.9763,-167.7393
14:27:25.540,879.164511,0.0742,-0.0205,1.0210,-23.8037,-10.9863,6.2866,13.8593,-6.3062,-168.1458
14:27:25.640,879.264400,-0.2578,0.0229,1.0410,8.1787,-3.4180,3.2959,13.6066,-5.5975,-167.7448
14:27:25.740,879.364437,0.2754,0.1182,1.1318,-5.7373,-18.4326,-8.8501,12.8815,-4.8230,-169.3433
14:27:25.840,879.464335,-0.1992,0.1284,1.0210,-3.6621,3.4790,2.5635,13.0902,-4.1473,-169.0851
14:27:25.940,879.564313,-0.0229,0.0933,0.9199,19.8364,-2.6245,-0.7935,12.1124,-3.9001,-169.0961
14:27:26.040,879.664254,-0.0356,0.0322,0.9609,-5.1880,0.5493,4.7607,12.4036,-3.7134,-169.1071
14:27:26.140,879.764158,-0.1987,0.0693,0.9482,20.0195,0.6104,-3.7842,12.4585,-3.4607,-169.1949
14:27:26.239,879.864138,0.0488,0.1079,1.0312,-0.1221,-10.3760,-22.3389,11.8652,-3.0103,-169.4531
14:27:26.339,879.964067,-0.0132,-0.0132,0.9038,0.0000,-6.6528,6.2866,11.5521,-2.5214,-171.4911
14:27:26.439,880.064142,-0.1509,0.0776,1.0000,10.4370,-0.3052,0.5493,11.3434,-2.1643,-171.4691
14:27:26.539,880.163983,0.0127,0.0674,1.0576,10.3760,4.8828,-0.9155,10.6403,-1.7084,-171.2494
14:27:26.639,880.263914,-0.0186,0.0151,1.0327,-18.7378,-4.2725,-2.8687,10.8545,-1.3239,-171.8042
14:27:26.739,880.363917,-0.1987,0.0396,0.8599,9.8267,-1.0986,-1.2207,10.7336,-1.1151,-171.9965
14:27:26.839,880.463826,0.0972,0.0483,1.0054,9.3994,-10.7422,-1.5259,9.7668,-0.7086,-172.4579
14:27:26.939,880.563776,-0.1323,0.1177,1.1328,-3.6621,-1.4038,16.2354,9.9261,-0.4120,-172.2766
14:27:27.039,880.663752,-0.1348,0.1401,0.9434,3.2349,3.7842,1.8311,9.6185,-0.7471,-171.4471
14:27:27.139,880.763694,0.0117,0.2402,1.0796,0.0000,-7.5684,11.2305,9.1901,-0.2582,-170.7550
14:27:27.239,880.863665,-0.1147,0.1777,0.9707,-5.2490,8.0566,6.6528,9.0582,-0.2252,-170.6396
14:27:27.339,880.963603,-0.0400,0.2300,0.9556,-5.0049,-0.5493,5.7373,9.1077,-0.2966,-169.9750
14:27:27.439,881.063595,-0.0562,0.2529,0.9834,-6.7749,4.9438,10.8643,9.2010,0.0000,-169.5081
14:27:27.539,881.163626,-0.0977,0.3267,0.9136,-6.7139,5.1270,4.1504,9.4098,0.0659,-168.8379
14:27:27.639,881.263507,-0.0215,0.3545,0.9883,-6.1035,-4.3945,16.2964,9.4922,0.1758,-168.0634
14:27:27.739,881.363472,-0.1104,0.3394,0.8467,-3.1738,7.3853,11.4136,9.8822,0.2911,-166.9702
14:27:27.839,881.463421,-0.0298,0.3242,0.9062,-7.1411,-4.5166,11.4136,10.0854,0.2472,-165.9210
14:27:27.939,881.563379,-0.0786,0.3447,0.8467,-6.2256,-3.6621,-7.1411,10.3821,0.5109,-165.2069
14:27:28.039,881.663332,-0.1143,0.2231,0.8281,-0.4272,-26.7944,24.9023,10.6183,0.6702,-165.0092
14:27:28.139,881.763239,-0.1699,0.2612,0.7788,39.3066,-36.6821,18.4937,11.2170,0.8240,-162.3340
14:27:28.239,881.863201,0.0176,0.2900,1.1333,-0.2441,17.0288,1.1597,10.2557,1.1865,-161.3287
14:27:28.339,881.963145,0.0620,0.3003,1.1318,-28.3203,36.5601,9.3994,11.1566,0.3461,-161.2738
14:27:28.439,882.063112,-0.2329,0.3125,0.8823,5.6763,-8.6670,0.3662,12.1729,0.1923,-160.4498
14:27:28.538,882.163126,0.0034,0.4238,1.1704,9.2163,-18.3716,13.6719,11.0742,0.9833,-159.2963
14:27:28.638,882.263083,-0.0898,0.3721,0.7993,-10.7422,10.8032,5.8594,12.0026,0.6152,-158.4998
14:27:28.738,882.363047,-0.0410,0.3501,0.9854,3.1738,-4.9438,7.1411,11.5466,0.5219,-157.6978
14:27:28.838,882.462967,-0.0156,0.2661,0.9019,-6.3477,-9.2773,-10.0708,11.6455,0.5988,-158.5107
14:27:28.938,882.562917,-0.0425,0.3301,1.0127,-3.5400,3.4790,9.8267,11.5137,0.9558,-159.1040
14:27:29.038,882.662884,-0.0952,0.2461,0.9409,-10.3149,0.9766,2.9297,11.5851,1.1261,-158.7689
14:27:29.138,882.762806,-0.0352,0.1514,1.1401,9.4604,3.2349,5.9204,11.4148,1.3293,-158.0054
14:27:29.238,882.862729,-0.0884,0.1919,1.1050,-10.8643,9.1553,6.1646,11.0358,1.0822,-155.4346
14:27:29.338,882.962662,-0.0820,0.2798,0.9897,-7.2632,5.1880,8.5449,11.1346,0.9119,-154.0778
14:27:29.438,883.062651,-0.1084,0.3359,0.9600,-5.4932,-2.9907,13.1226,11.3544,1.2964,-153.1934
14:27:29.538,883.162625,-0.0762,0.3643,1.1641,-0.7935,0.7324,16.9067,11.3434,1.2964,-151.9189
14:27:29.638,883.262572,-0.1211,0.3594,0.8618,-3.3569,-10.9863,14.0991,12.1179,1.0327,-150.4303
14:27:29.738,883.362543,-0.1772,0.3271,0.8892,5.6763,-16.3574,34.6069,12.0685,0.8844,-147.9364
14:27:29.838,883.462486,-0.1040,0.4243,0.8037,4.0894,-23.2544,16.4185,12.3486,0.2197,-145.8051
14:27:29.938,883.562422,-0.0396,0.5200,1.1069,-9.2163,2.2583,19.2261,12.3322,-0.2362,-144.1626
14:27:30.038,883.662339,-0.0078,0.5186,0.9878,3.0518,-4.6387,20.0806,13.0682,-0.9229,-142.4707
14:27:30.138,883.762325,-0.1387,0.4595,0.9619,2.4414,-10.9253,14.2822,13.6560,-0.9119,-140.9766
14:27:30.238,883.862307,-0.1650,0.4951,1.0034,7.8735,-2.5635,6.2866,14.1669,-1.0107,-139.4495
14:27:30.338,883.962250,0.1904,0.5815,1.2173,-13.3667,15.3198,30.5176,14.0295,-0.9668,-137.8674
14:27:30.438,884.062214,-0.2197,0.4136,0.7627,-4.7607,-7.0801,9.1553,15.7489,-1.2085,-137.2247
14:27:30.538,884.162222,-0.1978,0.5166,1.1382,23.6816,-18.4937,15.6860,15.3918,-0.3735,-134.2090
14:27:30.638,884.262165,0.0684,0.5273,1.0903,-25.8789,17.5781,30.3955,15.5072,-1.1371,-132.9291
14:27:30.737,884.362125,-0.0762,0.4287,0.8335,2.8076,-1.3428,2.5635,16.8750,-2.0654,-131.5118
14:27:30.837,884.462035,-0.1514,0.2729,0.9287,3.6621,-9.2773,4.8828,17.1277,-1.3458,-129.6332
14:27:30.937,884.562029,-0.1323,0.5503,0.8848,1.0986,10.6201,12.2681,16.8915,-0.9283,-129.0234
14:27:31.037,884.661968,-0.1182,0.3750,0.7876,-5.1880,-2.6855,6.0425,17.0618,-0.6976,-128.6060
14:27:31.137,884.761965,0.0337,0.5698,1.0728,-3.6011,0.7935,16.6016,17.1057,-0.1923,-126.5680
14:27:31.237,884.861890,-0.0693,0.4497,1.0234,-10.0098,17.2119,16.1133,17.4957,-0.3131,-125.6287
14:27:31.337,884.961802,-0.0176,0.3853,1.0713,-4.0283,0.9766,16.9678,18.1219,-0.4724,-124.3158
14:27:31.437,885.061778,-0.1147,0.2769,0.9917,1.9531,-7.5073,8.8501,18.3636,-0.6812,-123.1787
14:27:31.537,885.161761,0.0151,0.2891,1.0244,-5.6152,8.4839,12.0850,17.7539,-1.1810,-121.5967
14:27:31.637,885.261702,-0.0078,0.4277,0.9141,-18.3105,8.4839,20.0195,18.4351,-0.5493,-120.4376
14:27:31.737,885.361641,-0.1997,0.3306,0.9058,-1.5869,6.2866,18.3716,18.2483,-0.4834,-118.8226
14:27:31.837,885.461586,-0.1240,0.3667,0.8398,0.3052,-33.3252,-6.9580,18.1769,-1.0931,-117.8778
14:27:31.937,885.561545,-0.3638,0.3774,0.7964,28.0762,-24.4141,10.0708,18.1714,-0.5988,-117.3010
14:27:32.037,885.661488,0.0005,0.3506,0.4653,12.6343,-7.2021,41.8091,17.2101,-0.8954,-115.0818
14:27:32.137,885.761473,-0.2871,0.3442,1.1958,-21.5454,40.2832,-4.3945,17.1002,-1.3074,-114.5435
14:27:32.237,885.861421,-0.0688,0.1484,0.7241,45.5933,-72.7539,-6.8359,18.8416,-2.0599,-113.2965
14:27:32.337,885.961356,0.0425,-0.3193,1.2700,-18.3716,26.4893,-10.4980,16.4355,-0.1538,-114.4720
14:27:32.437,886.061383,-0.1514,-0.1025,0.8140,2.2583,-0.7935,-15.5029,16.6223,0.1154,-116.0870
14:27:32.537,886.161475,0.0127,-0.1709,1.0234,10.1929,-6.4087,-5.0659,14.4141,0.7690,-117.0703
14:27:32.637,886.261384,0.0195,-0.1489,0.8320,-10.1929,-7.7515,-17.5781,13.0902,1.3513,-118.1744
14:27:32.737,886.361224,-0.1416,-0.2114,1.1226,1.0986,-11.6577,-2.0752,11.5686,2.1588,-119.2181
14:27:32.837,886.461128,-0.2671,-0.2285,0.8652,0.0000,1.4038,-5.0049,10.9753,3.1256,-119.9597
14:27:32.936,886.561102,-0.3442,-0.4253,1.1328,13.6719,17.7002,-7.6294,8.9758,4.4110,-119.9982
14:27:33.036,886.661030,-0.2671,-0.2451,1.0239,-13.1226,-11.5356,-14.9536,8.4595,5.3558,-120.8716
14:27:33.136,886.761093,-0.4175,-0.2705,0.9238,15.9912,-0.9766,-8.7280,8.4155,6.2238,-122.4426
14:27:33.236,886.861017,-0.3057,-0.3481,0.9272,8.7280,6.8359,-8.2397,6.7511,7.2839,-123.1128
14:27:33.336,886.960918,-0.3174,-0.3857,1.0381,0.4883,7.0801,-25.8179,5.4437,7.8552,-124.7333
14:27:33.436,887.060858,-0.2212,-0.3438,0.8384,-12.8784,-8.3008,-3.9062,3.9496,8.7451,-125.4639
14:27:33.536,887.160840,-0.5508,-0.3188,1.0664,18.9209,-2.9907,-11.0474,3.2245,9.9316,-127.8918
14:27:33.636,887.260796,-0.3677,-0.5288,1.1279,-9.9487,1.6479,-18.3105,0.7690,10.2667,-127.9742
14:27:33.736,887.360769,-0.4502,-0.3413,0.9507,-2.3193,-10.8643,-20.3857,0.6592,10.7117,-130.2594
14:27:33.836,887.460690,-0.3833,-0.4736,0.9731,9.7046,-0.2441,-17.7612,-1.2030,11.1017,-133.0280
14:27:33.936,887.560656,-0.3013,-0.5581,1.2090,-9.5825,-8.4839,-39.9780,-2.9004,11.2830,-135.6537
14:27:34.036,887.660586,-0.3164,-0.5625,0.8892,-3.1128,6.5918,-28.8086,-4.4879,12.3981,-138.7628
14:27:34.136,887.760564,-0.5195,-0.6938,0.9136,13.3667,9.3384,-44.1895,-7.0477,12.3102,-143.7891
14:27:34.236,887.860506,-0.4795,-0.7939,0.9385,5.5542,-3.7231,-42.5415,-8.8770,12.1783,-147.4969
14:27:34.336,887.960453,-0.5220,-0.7241,0.9434,27.1606,0.9155,-34.6680,-10.7556,12.2333,-151.1774
14:27:34.436,888.060427,-0.3975,-0.8843,1.0806,-1.4038,-2.1973,-42.5415,-12.0795,11.3544,-154.9237
14:27:34.536,888.160405,-0.3486,-0.8604,1.0923,4.3335,-1.0376,-38.5742,-13.4088,11.1841,-158.2910
14:27:34.636,888.260383,-0.5020,-0.8042,1.1890,3.5400,10.1318,-38.0249,-15.0348,10.2887,-162.2845
14:27:34.736,888.360404,-0.3911,-1.0586,1.4087,2.0142,14.7095,-48.4009,-17.9517,9.0637,-165.8936
14:27:34.836,888.460315,0.0342,-1.0244,1.2271,-47.2412,-8.2397,-42.6636,-18.9185,8.1738,-169.5575
14:27:34.936,888.560284,-0.4062,-0.4888,0.8062,-19.7754,-7.6904,-29.9683,-19.0668,6.9983,-174.6002
14:27:35.036,888.660196,-0.3564,-0.7100,0.8779,14.6484,-10.4980,-46.2646,-20.7092,5.0922,-178.6652
14:27:35.136,888.760191,-0.2695,-0.6382,0.8418,-18.5547,-3.1128,-17.2119,-21.0168,4.0155,177.4841
14:27:35.236,888.860158,-0.1333,-0.6323,0.8765,4.7607,-12.7563,-42.8467,-20.8850,3.9990,175.1550
14:27:35.335,888.960082,-0.5308,-0.7271,1.0513,50.9033,24.5972,-50.0488,-21.7090,2.1423,171.5515
14:27:35.435,889.060069,-0.2124,-1.1357,1.1968,20.2026,-14.1602,-74.5239,-21.9287,1.1316,167.7008
14:27:35.535,889.160071,-0.3804,-1.1055,1.4570,28.2593,21.5454,-73.6084,-22.4341,-1.6425,162.3999
14:27:35.635,889.259981,-0.2271,-1.0430,0.9253,-16.2354,4.4556,-56.8848,-22.5714,-3.0157,157.3462
14:27:35.735,889.359970,-0.2505,-1.2261,1.3540,44.5557,-12.9395,-76.9653,-21.5497,-3.8123,151.8530
14:27:35.835,889.459912,-0.6245,-0.8979,1.1724,21.1182,32.4097,-59.8755,-22.0880,-7.0917,147.3761
14:27:35.935,889.559873,0.5039,-1.3252,1.3901,-17.3340,-1.0986,-44.9219,-21.5167,-6.1688,144.1296
14:27:36.035,889.659865,-0.4565,-0.6860,1.1582,11.1084,27.7100,-50.2319,-21.2256,-8.8165,139.2407
14:27:36.135,889.759857,-0.0103,-1.1152,1.2476,-1.7700,-6.5308,-70.0073,-20.4620,-9.0088,135.1868
14:27:36.235,889.859836,-0.2754,-0.7300,0.8237,11.5356,-1.6479,-59.6924,-19.7534,-11.2830,129.6771
14:27:36.335,889.959796,-0.4067,-1.0000,1.0532,26.4893,15.4419,-67.1387,-19.9237,-12.0959,125.0134
14:27:36.435,890.059821,-0.1528,-0.7495,0.7163,-9.6436,-21.9116,-42.7856,-19.2371,-12.9144,119.7949
14:27:36.535,890.159718,-0.4634,-1.0186,1.1831,53.7720,23.4375,-97.0459,-18.3472,-13.7988,113.9667
14:27:36.635,890.259684,0.3213,-0.6802,1.0103,-19.7754,-19.5312,-27.1606,-18.7317,-14.3976,111.6705
14:27:36.735,890.359633,-0.3677,-0.8115,1.1763,10.0708,6.4697,-21.6675,-17.7539,-14.4635,108.4845
14:27:36.835,890.459595,0.2495,-0.3628,0.9863,-21.4844,-7.6904,-25.9399,-18.5889,-14.3481,107.7264
14:27:36.935,890.559526,-0.0840,-0.5063,1.0337,5.7373,-1.5869,-20.7520,-17.5397,-14.0131,106.2048
14:27:37.035,890.659496,-0.1562,-0.3726,0.9385,-6.5918,-6.2256,-25.6958,-17.0343,-13.8318,104.2218
14:27:37.135,890.759458,-0.0664,-0.5020,1.0142,-0.7935,-1.2207,-34.9121,-16.8585,-14.3591,101.6730
14:27:37.235,890.859434,-0.1304,-0.5063,1.0601,-12.4512,-9.1553,-27.0996,-16.2158,-13.6945,99.0472
14:27:37.335,890.959390,-0.1494,-0.5503,1.2012,23.3154,20.0195,-29.3579,-16.1938,-13.5571,96.3666
14:27:37.435,891.059340,-0.1694,-0.4839,1.1099,-7.0801,2.8687,-29.1748,-16.0455,-13.2330,94.3286
14:27:37.535,891.159326,-0.1919,-0.3267,0.9731,3.4790,7.2021,-12.8784,-15.5402,-12.4805,92.6587
14:27:37.635,891.259267,-0.0854,-0.2295,0.9399,12.5122,0.1221,-22.0947,-15.1062,-11.9971,91.2415
14:27:37.735,891.359598,-0.0532,-0.3462,1.1265,9.6436,4.0894,-21.8506,-14.8755,-11.4862,89.6814
14:27:37.834,891.459108,-0.1001,-0.2285,0.9121,-9.7656,1.5259,-22.0337,-13.9911,-11.1896,87.9730
14:27:37.935,891.559133,-0.1675,-0.2163,0.9287,7.6904,-2.3804,-16.9067,-13.4528,-10.7446,85.9955
14:27:38.034,891.659095,-0.0327,-0.3105,1.1079,5.0049,-3.2349,-17.3340,-13.4747,-10.3491,84.8914
14:27:38.134,891.759049,0.0645,-0.2021,0.9434,-6.7749,-6.4697,-18.1274,-13.0902,-10.2502,83.7378
14:27:38.234,891.858985,-0.1606,-0.0684,0.8940,9.2163,-24.1089,-13.0005,-12.4805,-9.2889,82.6062
14:27:38.334,891.958968,-0.1724,-0.1196,1.3555,4.0283,26.3062,4.2114,-12.9858,-8.5529,82.2546
14:27:38.434,892.059001,-0.0430,-0.0073,0.9800,-58.7158,1.7090,3.4790,-11.8433,-8.8165,83.6060
14:27:38.534,892.158913,-0.1792,0.1919,0.9087,-1.7700,-29.2969,9.7656,-10.4425,-7.1411,84.3695
14:27:38.634,892.258899,-0.3716,0.0591,1.0747,23.4375,9.0942,8.8501,-11.1127,-6.3721,85.3528
14:27:38.734,892.358867,0.0049,0.4419,0.8877,-20.9351,-7.7515,18.0054,-9.0747,-5.6140,86.3690
14:27:38.834,892.458796,-0.3008,0.4165,0.9194,-2.8687,-24.9023,24.5361,-7.5531,-4.1473,88.2916
14:27:38.934,892.558736,-0.2881,0.3511,1.1226,4.8828,1.4648,30.6396,-7.5806,-2.6971,91.0822
14:27:39.034,892.658704,0.0107,0.4087,1.0581,-7.3853,21.7285,52.5513,-6.1084,-1.3843,94.8779
14:27:39.134,892.758704,-0.4604,0.6528,0.8667,-6.6528,-15.5029,22.1558,-3.7408,0.6042,97.2125
14:27:39.234,892.858588,-0.2734,0.7310,0.9634,-3.6621,-1.2207,5.3711,-3.1256,2.7631,99.0143
14:27:39.334,892.958601,-0.4463,0.5874,0.9043,-21.9116,24.3530,38.8184,-1.5051,4.0759,100.7941
14:27:39.434,893.058566,-0.1440,0.7241,0.8945,-2.5024,-12.5122,64.8193,-0.1648,4.9658,107.4847
14:27:39.534,893.158515,-0.5151,0.4648,1.2407,16.8457,44.6167,-4.5166,1.5106,5.6909,109.6106
14:27:39.634,893.258498,-0.3472,0.8740,0.4180,-24.8413,-1.7700,71.9604,3.9606,6.6412,114.2194
14:27:39.734,893.358450,-0.1030,1.1152,1.4805,-10.9253,22.7051,102.8442,4.6967,8.7671,127.3315
14:27:39.834,893.458399,-0.4224,0.8267,0.7212,-9.7656,4.6387,56.5186,6.5424,7.0807,131.5613
14:27:39.934,893.558355,0.2861,0.7739,1.4893,-11.2915,29.7852,78.7354,8.4924,7.2015,140.5591
14:27:40.034,893.658279,-0.1167,0.5552,0.8071,6.6528,-19.5923,6.9580,10.2667,5.3668,143.5419
14:27:40.134,893.758272,-0.1104,0.4106,0.7290,-9.9487,24.7192,7.9956,11.2885,5.8447,143.9868
14:27:40.234,893.858243,-0.8848,0.7607,1.0708,-2.0142,10.4980,13.0005,12.9913,7.0422,146.3654
14:27:40.334,893.958162,-0.1396,1.0249,0.8984,-25.6958,19.9585,95.7642,12.5134,6.8884,149.3976
14:27:40.433,894.058083,0.0469,0.6284,0.9951,-17.5781,-3.4790,87.7686,13.3813,4.5868,159.7192
14:27:40.533,894.158082,-0.1094,1.1255,0.8604,-17.1509,-3.2959,58.7158,14.5239,2.9718,165.6299
14:27:40.633,894.258002,-0.2070,0.6909,0.9663,-12.9395,-0.6714,75.1953,15.0348,1.0382,171.4197
14:27:40.733,894.358003,-0.1167,0.8584,0.8774,-13.3057,-25.8789,60.8521,16.5070,-0.1978,177.6764
14:27:40.833,894.457920,0.0049,0.9629,1.0059,16.6016,29.2969,56.8237,16.2378,-1.6095,-177.6929
14:27:40.933,894.557840,-0.2544,0.6401,0.8950,-35.5225,-10.3149,29.8462,17.0233,-2.6862,-174.9902
14:27:41.033,894.657798,0.0332,0.6724,1.0474,9.5215,12.7563,48.7671,17.5067,-3.3728,-170.5792
14:27:41.133,894.757775,-0.2485,0.5557,0.9614,-10.0708,3.0518,39.7339,17.8033,-3.6475,-168.2117
14:27:41.233,894.857711,-0.0781,0.6328,0.9629,-10.1318,0.0000,42.6636,18.1494,-4.7845,-164.5422
14:27:41.333,894.957721,-0.0986,0.6489,1.0625,6.2256,-6.2256,44.0674,18.3856,-5.0208,-160.4718
14:27:41.433,895.057618,-0.1118,0.6333,0.8701,-8.7280,-0.4272,44.2505,18.3362,-6.3501,-157.2693
14:27:41.533,895.157610,-0.0903,0.6025,0.9395,-2.8687,7.7515,44.5557,18.4790,-6.7456,-153.0945
14:27:41.633,895.257507,-0.0435,0.7769,0.8574,-11.9629,0.1221,48.6450,18.1329,-7.3279,-149.3701
14:27:41.733,895.357512,-0.0352,0.6851,1.2700,-4.8218,30.2734,18.2495,18.4076,-8.1903,-146.0742
14:27:41.833,895.457425,0.1030,0.4331,0.8389,-16.7236,-13.7939,53.6499,18.1769,-8.5309,-144.7723
14:27:41.933,895.557368,-0.2607,0.5439,1.0083,23.2544,6.5308,0.0610,18.7646,-8.0804,-141.6302
14:27:42.033,895.657290,0.1963,0.3594,0.9990,-4.5166,7.9956,46.4478,18.3087,-8.8275,-137.9663
14:27:42.133,895.757267,-0.1074,0.5400,0.8774,-2.1973,9.7046,28.3203,18.5779,-8.3276,-136.2634
14:27:42.233,895.857241,-0.0566,0.5020,0.9448,-1.0986,-8.1787,20.4468,18.1549,-8.4705,-133.6652
14:27:42.333,895.957169,0.0347,0.4639,0.9941,-1.4648,5.2490,38.8794,17.9407,-8.5529,-130.9515
14:27:42.432,896.057139,-0.0874,0.5127,0.8950,-2.6855,0.5493,26.3672,17.7045,-8.6462,-128.9905
14:27:42.532,896.157096,0.0293,0.4858,0.9932,-1.2817,2.2583,22.7051,17.7649,-8.7286,-126.3702
14:27:42.632,896.256989,0.0078,0.4668,0.9165,-1.7090,-5.0049,33.3862,17.5726,-8.6792,-124.5081
14:27:42.732,896.356961,-0.0669,0.4277,0.8984,-1.4038,1.7700,11.9629,17.3694,-8.4705,-123.0524
14:27:42.832,896.456886,0.0430,0.3853,1.0562,0.9155,7.2021,24.3530,17.2815,-7.9871,-121.1572
14:27:42.932,896.556867,-0.0498,0.3691,0.9727,-1.7090,4.3945,20.2026,16.6992,-7.8662,-119.9762
14:27:43.032,896.656796,-0.1074,0.3296,0.9678,0.5493,12.5122,3.1738,16.3477,-6.8390,-118.9435
14:27:43.132,896.756722,0.0508,0.3540,0.9756,-14.5264,-5.3711,24.4141,16.3202,-6.8170,-117.6746
14:27:43.232,896.856706,-0.0977,0.2485,0.9360,-0.1221,-4.6387,8.4229,15.7819,-6.6412,-116.7792
14:27:43.332,896.956612,-0.0420,0.2124,0.9033,0.2441,-2.8076,6.5308,15.3479,-6.3226,-115.8783
14:27:43.432,897.056603,-0.0615,0.2285,1.0474,4.0283,-0.9155,9.0332,14.8041,-5.3448,-115.3455
14:27:43.532,897.156549,-0.0518,0.0747,1.0454,-12.2070,3.3569,0.1831,13.9362,-5.0372,-115.0763
14:27:43.632,897.256489,-0.0381,0.1416,0.8770,-1.0376,-6.7139,-3.7842,13.6835,-4.0100,-115.5322
14:27:43.732,897.356527,-0.1958,0.1240,0.9258,11.9629,10.1929,1.5259,13.6395,-2.9993,-115.2576
14:27:43.832,897.456401,0.0830,0.0898,1.1787,-14.2822,25.1465,12.2681,13.0078,-3.7958,-115.0598
14:27:43.932,897.556381,-0.0474,0.1045,0.9604,-18.9209,-14.7705,12.8174,13.4363,-3.0377,-114.6753
14:27:44.032,897.656361,-0.2310,0.2451,0.8984,12.5122,-3.1128,1.5869,13.0298,-2.8455,-114.4720
14:27:44.132,897.756307,-0.0024,0.1826,1.0854,-10.5591,15.8691,10.5591,12.0685,-3.0322,-113.6646
14:27:44.232,897.856266,-0.0225,0.2202,1.0752,-14.0991,3.1738,13.3057,11.7883,-2.7026,-113.3899
14:27:44.332,897.956243,-0.1743,0.2397,0.8374,-2.9297,-4.1504,0.1831,11.6345,-1.9061,-112.6813
14:27:44.432,898.056285,-0.0781,0.1670,0.8320,4.0283,-1.6479,-0.3662,10.7666,-1.8622,-111.8573
14:27:44.531,898.156207,-0.0317,0.1533,1.1191,3.2349,24.1699,3.7842,10.7227,-1.4447,-111.4563
14:27:44.631,898.256137,0.1841,0.2139,1.1636,-8.5449,10.0708,14.0991,10.2557,-1.8677,-111.1267
14:27:44.731,898.356119,-0.1284,0.1323,0.9580,-9.5825,-19.4702,6.7139,10.5029,-0.9888,-110.6873
14:27:44.831,898.455951,-0.2031,0.1328,1.0542,4.1504,3.4790,-4.1504,9.5142,-1.1096,-109.9072
14:27:44.931,898.555900,0.1279,0.0620,1.1309,-17.5781,5.9204,7.8125,9.3109,-1.3568,-109.9347
14:27:45.031,898.655845,-0.0742,0.1138,0.9570,-0.2441,-4.6387,3.4180,9.6185,-0.7635,-109.8688
14:27:45.131,898.755774,-0.2583,0.1064,0.9409,10.9253,-2.8687,-3.7842,8.8275,-0.1044,-110.0940
14:27:45.231,898.855712,-0.1650,0.0854,1.0142,2.0752,16.0522,-5.5542,8.6353,0.4395,-110.2863
14:27:45.331,898.955669,-0.0894,0.0562,0.9727,-8.4229,1.2817,-1.4038,8.5254,0.9613,-110.5060
14:27:45.431,899.055626,-0.1919,0.1064,0.9434,-4.3945,-7.5684,2.9297,8.4869,1.8787,-110.7697
14:27:45.531,899.155627,-0.1768,0.0181,0.9941,0.0610,-13.0005,1.4648,8.0090,2.3346,-110.6763
14:27:45.631,899.255535,-0.1279,0.1289,1.0552,0.4883,-1.5869,5.1270,7.7289,2.4939,-110.4840
14:27:45.731,899.355543,-0.2432,0.1016,0.9189,1.3428,3.9673,-0.9155,7.6520,2.6807,-110.5060
14:27:45.831,899.455444,-0.1230,0.0898,1.0044,-0.0610,-10.5591,6.4697,7.4432,3.0048,-110.4730
14:27:45.931,899.555393,-0.2119,-0.0151,0.9863,-1.9531,-19.9585,-3.9062,7.3279,3.6475,-110.4840
14:27:46.031,899.655373,-0.2095,-0.0146,1.0298,8.6060,5.6152,-6.2866,6.8390,3.7628,-110.6982
14:27:46.131,899.755354,0.0586,0.0161,1.0386,-10.0098,-5.5542,-2.4414,6.4050,3.6639,-111.1597
14:27:46.231,899.855250,-0.1807,-0.0161,0.9819,0.9766,-3.4790,-3.7842,6.4215,4.0430,-111.3904
14:27:46.331,899.955189,-0.1191,0.0356,0.9751,9.5215,5.0659,-0.9155,5.8337,3.8123,-111.7419
14:27:46.431,900.055160,0.0249,0.0723,0.9966,-5.9814,-9.5215,0.2441,5.5426,3.8068,-112.0276
14:27:46.531,900.155200,-0.1616,-0.0215,0.9395,-4.7607,2.3804,-1.7700,5.5042,3.9606,-112.1265
14:27:46.630,900.255111,-0.0371,0.0493,0.9131,5.1880,-18.1885,-0.3052,5.1965,3.9386,-112.4615
14:27:46.730,900.355094,-0.0679,0.0127,1.1279,1.8921,-2.1362,-2.6245,4.9219,4.4055,-112.3956
14:27:46.830,900.455010,-0.1646,-0.0073,0.9512,0.3052,0.1831,-3.8452,4.7351,4.1528,-112.6923
14:27:46.930,900.554928,-0.2842,-0.0010,0.8779,13.6108,11.1694,-8.0566,4.6967,4.7736,-113.3624
14:27:47.030,900.654929,-0.1465,0.0317,1.0039,-9.7046,-12.8174,2.2583,4.7131,5.6085,-113.6700
14:27:47.130,900.754852,-0.2056,-0.0049,0.9634,-2.6245,4.1504,-9.0332,4.2902,5.5701,-114.0875
14:27:47.230,900.854792,-0.3198,-0.0439,0.9414,-6.5308,-18.1274,3.2349,4.3066,6.6577,-113.9722
14:27:47.330,900.954751,-0.1299,0.0151,1.0293,21.1182,11.5967,-0.9155,3.3179,5.6415,-114.7192
14:27:47.430,901.054765,-0.1934,0.0317,0.8164,-20.1416,-32.2876,4.4556,4.0100,6.9269,-114.7357
14:27:47.530,901.154691,-0.2632,-0.0171,0.9150,19.7754,6.8970,-1.5259,3.4717,6.5973,-114.9664
14:27:47.630,901.254625,-0.3013,-0.0264,0.9150,12.8784,-14.7705,-5.3101,3.4552,7.5476,-115.8673
14:27:47.730,901.354605,-0.1436,-0.0234,1.2329,5.2490,39.3677,-11.0474,2.7905,8.1189,-116.4880
14:27:47.830,901.454513,-0.1274,0.0229,0.7642,-19.2261,-15.7471,-2.3804,3.1366,7.8278,-117.5043
14:27:47.930,901.554452,-0.2544,0.0039,0.9097,19.0430,-20.3247,-4.3945,2.8235,8.3331,-118.1030
14:27:48.030,901.654454,-0.1284,-0.0630,0.8672,4.5776,-29.9072,-6.1035,2.2577,8.6627,-118.6688
14:27:48.130,901.754396,-0.3667,-0.1855,1.2354,18.3105,44.7388,-31.3110,2.0105,9.5197,-119.5093
14:27:48.230,901.854298,0.0249,-0.0532,1.1602,-5.0659,46.9971,-24.7803,1.4667,8.2672,-120.9595
14:27:48.330,901.954257,-0.0044,-0.0420,1.1211,-31.7993,31.3721,-17.7002,1.0162,8.4265,-122.0087
14:27:48.430,902.054247,-0.1611,-0.0361,0.6597,-20.8740,-51.6968,4.2725,1.5765,8.1134,-123.3215
14:27:48.530,902.154212,-0.3604,-0.3726,1.1143,53.2227,6.2866,-21.6064,0.7086,9.6844,-125.5792
14:27:48.630,902.254129,0.0151,-0.1128,0.6646,-34.9731,-38.6353,-18.5547,-0.4120,8.6627,-126.3098
14:27:48.729,902.354089,-0.4937,-0.0679,0.8560,43.0908,-19.8364,3.8452,0.7800,10.3217,-128.4412
14:27:48.829,902.454041,-0.0479,-0.0684,1.1611,5.7983,52.6733,-19.7144,-1.5216,9.7229,-129.4135
14:27:48.929,902.553969,-0.0161,-0.0244,0.8262,-23.1934,-31.4331,-18.9819,-0.6207,9.3219,-130.1276
14:27:49.029,902.653915,-0.3662,-0.0923,1.0522,14.8315,4.0283,-0.5493,-0.5438,9.6295,-131.3361
14:27:49.129,902.753867,0.0464,-0.0200,1.1455,-2.6855,-8.6060,7.5073,-1.5106,8.5693,-131.5283
14:27:49.229,902.853793,0.0361,-0.0654,1.0391,-5.1270,8.5449,-16.4795,-1.5381,8.0914,-133.1104
14:27:49.329,902.953736,-0.1436,-0.2915,0.7812,9.2773,-34.3628,15.7471,-1.6425,8.1738,-134.6100
14:27:49.429,903.053679,-0.3350,-0.0044,0.9497,22.2168,-5.3101,-38.6963,-2.6917,8.9978,-139.2847
14:27:49.529,903.153696,-0.0068,0.0952,1.2373,0.2441,19.8364,-4.5166,-2.9059,8.9154,-140.2350
14:27:49.629,903.253604,-0.0776,-0.1118,1.0698,-9.0332,37.8418,-7.7515,-3.3014,7.8058,-141.5149
14:27:49.729,903.353579,-0.2104,-0.1035,0.8237,-19.1040,-12.3291,-45.6543,-3.8507,8.4650,-143.5583
14:27:49.829,903.453469,-0.2041,-0.1758,0.9219,19.5312,0.9155,-25.5127,-3.6804,8.8824,-144.8987
14:27:49.929,903.553386,-0.2915,-0.4102,1.0400,19.2871,5.6152,-1.2207,-4.5593,9.8932,-146.5027
14:27:50.029,903.653367,-0.1011,-0.0752,0.9893,12.9395,13.7329,-14.8315,-5.0208,9.1077,-148.4528
14:27:50.129,903.753293,-0.3564,-0.2461,0.9360,7.9956,18.2495,-3.2959,-4.8010,9.8657,-149.5459
14:27:50.229,903.853264,-0.1387,-0.2949,1.0825,-1.8311,-3.8452,-13.3667,-5.4657,9.2065,-150.3918
14:27:50.329,903.953240,-0.2368,-0.2388,1.0039,5.0659,22.3389,-46.3257,-5.4932,8.8275,-153.1549
14:27:50.429,904.053283,-0.1792,-0.1416,0.8721,5.4932,-4.8828,-17.4561,-6.1469,8.3661,-155.8850
14:27:50.528,904.153142,-0.2095,-0.1763,0.9780,4.2725,0.4272,-20.9961,-6.3007,8.5474,-157.8296
14:27:50.628,904.253081,-0.2197,-0.2266,0.9331,12.8174,-2.2583,-17.3950,-6.5698,8.5474,-159.6808
14:27:50.728,904.353036,-0.3003,-0.2715,1.0488,19.8364,28.5645,-70.1294,-7.0697,8.5803,-161.2628
14:27:50.828,904.452946,-0.2124,-0.1060,0.9199,-10.1929,2.3804,-8.3618,-7.1906,8.3386,-161.8011
14:27:50.928,904.552886,0.0225,-0.0684,0.9795,-11.2915,-18.0054,22.5220,-6.9489,8.1958,-162.9437
14:27:51.028,904.652825,-0.0991,-0.0884,1.0288,1.1597,-28.1372,17.8833,-7.0203,8.3276,-165.2893
14:27:51.128,904.752755,-0.2881,-0.2124,1.0527,13.4888,21.8506,-22.7051,-7.0862,9.2230,-167.0526
14:27:51.228,904.852670,-0.1812,-0.0249,0.8804,0.0000,-26.7944,17.8223,-7.0807,8.6737,-167.6404
14:27:51.328,904.952647,-0.1367,-0.2559,1.2534,2.3193,16.4795,-38.4521,-7.5037,9.0308,-169.6619
14:27:51.428,905.052605,-0.2651,-0.0137,0.8672,4.5776,-1.4648,-10.8032,-7.1686,9.1296,-171.5186
14:27:51.528,905.152551,-0.2358,-0.2603,1.3276,11.9629,35.3394,-97.0459,-7.6849,9.0253,-173.4961
14:27:51.628,905.252538,-0.1040,-0.0171,0.6338,-13.3667,-32.1045,15.6860,-6.7621,7.9047,-172.9688
14:27:51.728,905.352497,-0.4990,-0.4443,1.1138,37.9639,11.0474,-30.3955,-7.6575,9.4373,-178.5663
14:27:51.828,905.452387,0.0942,0.1758,0.6240,-11.5356,22.4609,-1.1597,-8.0695,7.4103,-177.2150
14:27:51.928,905.552340,-0.5913,-0.1255,0.5195,-5.1880,-73.7305,139.9536,-5.4657,9.5251,-179.6649
14:27:52.028,905.652270,0.0220,-0.0508,1.1235,17.0898,41.9922,121.3989,-8.4265,7.4213,178.5553
14:27:52.128,905.752215,-0.3462,-0.1099,0.8423,-10.8032,-20.7520,45.5322,-6.7291,8.3276,177.2040
14:27:52.228,905.852153,-0.0537,-0.1782,1.2759,7.3242,43.8843,7.2021,-7.8552,7.5092,176.5448
14:27:52.327,905.952137,-0.2388,-0.0947,0.6509,-16.7236,-29.9072,-22.2168,-7.6959,6.9598,173.3148
14:27:52.427,906.052000,-0.4097,-0.0337,0.9102,28.1372,3.8452,-2.1362,-6.0095,9.7119,171.3483
14:27:52.527,906.151993,-0.3643,-0.0884,0.8628,21.6064,-13.9160,5.4321,-5.3064,10.0031,171.0571
14:27:52.627,906.251907,-0.3013,-0.0142,1.3032,-16.2354,38.1470,-13.4277,-6.4380,9.8712,171.0626
14:27:52.727,906.351892,-0.3716,0.0918,0.5552,-28.5645,-66.4062,15.8081,-4.6747,9.2505,169.9036
14:27:52.827,906.451785,-0.0532,0.1143,1.0347,27.9541,42.7246,3.6621,-4.8724,10.3217,170.1508
14:27:52.927,906.551739,-0.5054,-0.2139,0.9775,7.6904,-4.8218,21.7896,-4.5154,9.7833,170.1562
14:27:53.027,906.651673,-0.0957,0.1318,0.7944,-22.4609,-47.6074,11.5967,-4.0594,8.5583,172.1613
14:27:53.127,906.751681,-0.2271,-0.0425,1.1089,10.0708,12.7563,-7.6904,-4.0979,12.0575,168.7939
14:27:53.227,906.851570,0.0889,0.2158,0.9683,-14.0381,29.7852,30.0903,-4.6143,8.4265,169.8157
14:27:53.327,906.951522,-0.9868,-0.1162,0.7793,13.6108,-21.4844,71.5332,-3.7573,11.5576,168.9203
14:27:53.427,907.051448,-0.6118,0.2725,0.7515,23.6206,-11.5356,-140.1367,-4.2517,10.8545,164.7510
14:27:53.527,907.151431,-0.2354,-0.0757,0.7847,28.9307,-39.9780,28.3813,-6.2073,10.7446,161.7847
14:27:53.627,907.251366,-0.1924,0.0947,0.8818,-0.0610,12.4512,-5.0659,-6.1084,7.5751,158.9612
14:27:53.727,907.351310,-0.5713,-0.0190,0.9751,5.3711,-26.9165,9.3384,-6.1963,8.3716,158.2581
14:27:53.827,907.451223,-0.5020,-0.2295,0.9106,1.9531,-2.8687,-75.8057,-6.2567,9.6790,156.7859
14:27:53.927,907.551167,-0.0005,0.1294,0.8755,0.8545,45.2881,14.3433,-7.2345,11.0577,153.6603
14:27:54.027,907.651122,-0.8071,-0.4507,0.7866,31.2500,9.2773,10.8032,-7.4652,11.3654,153.5999
14:27:54.126,907.751084,-0.6694,-0.4351,0.9600,-15.6250,-8.3008,-37.1704,-7.3883,11.3324,153.8910
14:27:54.226,907.851034,0.0728,-0.0234,1.4185,-16.7236,50.2930,63.4155,-6.8005,11.5521,154.2865
14:27:54.326,907.951033,-0.3916,0.4116,0.5532,-15.5029,-41.3208,-70.2515,-7.0862,9.4647,149.3152
14:27:54.426,908.050937,-0.5098,-0.3438,1.3335,44.0063,-48.1567,-71.7163,-7.8772,15.5017,155.1324
14:27:54.526,908.150912,-0.1885,0.2373,1.0879,-12.6343,24.5972,79.8950,-8.2562,12.3596,151.8420
14:27:54.626,908.250849,-0.1665,0.1025,1.3394,49.8657,-76.3550,-6.7139,-6.0699,11.9366,154.6655
14:27:54.726,908.350852,-0.6953,-0.1284,1.2432,-18.1274,-8.9722,3.7842,-5.0262,12.4585,157.4725
14:27:54.826,908.450760,-0.0400,0.2012,1.1582,15.8081,-43.0908,95.7642,-5.1306,10.6458,157.6044
14:27:54.926,908.550704,-0.1284,0.4365,0.9731,104.1260,-338.1958,-219.3604,0.0604,-2.1753,154.0173
14:27:55.026,908.650638,0.1411,0.3394,1.0156,-25.9399,221.1304,54.6265,12.0630,-16.9794,150.7214
14:27:55.126,908.750578,-0.0288,0.4536,0.8223,-53.4668,-64.6362,-40.4663,13.6011,-10.9204,142.1301
14:27:55.226,908.850560,0.5142,0.4209,1.1333,-25.9399,2.0752,-11.7188,17.4188,-15.1831,132.3083
14:27:55.326,908.950472,0.0957,0.1655,0.9722,-40.4663,-8.8501,-15.2588,14.9744,-12.7167,122.7887
14:27:55.426,909.050487,0.2192,0.2632,1.1299,-5.3101,5.6152,-43.7622,14.0735,-12.0630,114.1260
14:27:55.526,909.150370,-0.0562,0.2773,0.6382,-18.4937,-38.2080,-36.1328,16.6388,-11.5356,102.6343
